strategy,run,build,workload,seed,initial,operations,operation,resident,ms,category,relabelled,attempted_nodes_sum,attempts,expansions,generated,search_steps,rotations,comparisons,inserted_depth,full,sample_flags
baseline,1,timed,timeline,17,1000,10000,496,1423,0.006835938,unavailable,0,0,0,0,0,0,0,0,1,0,1
baseline,1,timed,timeline,17,1000,10000,594,1507,0.008300781,unavailable,0,0,0,0,0,0,0,0,1,0,1
baseline,1,timed,timeline,17,1000,10000,790,1677,0.005859375,unavailable,0,0,0,0,0,0,0,0,1,0,1
baseline,1,timed,timeline,17,1000,10000,1136,1931,0.010742188,unavailable,0,0,0,0,0,0,0,0,1,0,1
baseline,1,timed,timeline,17,1000,10000,1232,2007,0.005615234,unavailable,0,0,0,0,0,0,0,0,1,0,1
baseline,1,timed,timeline,17,1000,10000,1474,2185,0.005859375,unavailable,0,0,0,0,0,0,0,0,2,0,1
baseline,1,timed,timeline,17,1000,10000,1817,2440,0.010742188,unavailable,0,0,0,0,0,0,0,0,1,0,1
baseline,1,timed,timeline,17,1000,10000,1924,2523,0.006835938,unavailable,0,0,0,0,0,0,0,0,1,0,1
baseline,1,timed,timeline,17,1000,10000,2466,2949,0.008789062,unavailable,0,0,0,0,0,0,0,0,1,0,1
baseline,1,timed,timeline,17,1000,10000,2556,3023,0.007080078,unavailable,0,0,0,0,0,0,0,0,1,0,1
baseline,1,timed,timeline,17,1000,10000,3184,3531,0.007568359,unavailable,0,0,0,0,0,0,0,0,1,0,1
baseline,1,timed,timeline,17,1000,10000,3194,3539,0.010498047,unavailable,0,0,0,0,0,0,0,0,1,0,1
baseline,1,timed,timeline,17,1000,10000,3736,3967,0.019287109,unavailable,0,0,0,0,0,0,0,0,1,0,1
baseline,1,timed,timeline,17,1000,10000,4467,4546,0.010498047,unavailable,0,0,0,0,0,0,0,0,1,0,1
baseline,1,timed,timeline,17,1000,10000,4903,4896,0.010986328,unavailable,0,0,0,0,0,0,0,0,2,0,1
baseline,1,timed,timeline,17,1000,10000,5012,4987,0.009277344,unavailable,0,0,0,0,0,0,0,0,2,0,1
baseline,1,timed,timeline,17,1000,10000,5707,5562,0.010986328,unavailable,0,0,0,0,0,0,0,0,2,0,1
baseline,1,timed,timeline,17,1000,10000,5722,5575,0.019042969,unavailable,0,0,0,0,0,0,0,0,2,0,1
baseline,1,timed,timeline,17,1000,10000,6254,6007,0.008544922,unavailable,0,0,0,0,0,0,0,0,2,0,1
baseline,1,timed,timeline,17,1000,10000,6833,6476,0.037353516,unavailable,0,0,0,0,0,0,0,0,2,0,1
baseline,1,timed,timeline,17,1000,10000,6834,6477,0.008544922,unavailable,0,0,0,0,0,0,0,0,2,0,1
baseline,1,timed,timeline,17,1000,10000,6965,6580,0.014892578,unavailable,0,0,0,0,0,0,0,0,2,0,1
baseline,1,timed,timeline,17,1000,10000,7502,7027,0.020019531,unavailable,0,0,0,0,0,0,0,0,2,0,1
baseline,1,timed,timeline,17,1000,10000,7958,7393,0.005615234,unavailable,0,0,0,0,0,0,0,0,2,0,1
baseline,1,timed,timeline,17,1000,10000,8794,8047,0.023681641,unavailable,0,0,0,0,0,0,0,0,2,0,1
baseline,1,diagnostic,timeline,17,1000,10000,422,1365,0.014160156,direct,0,0,0,0,0,12,1,12,1,0,1
baseline,1,diagnostic,timeline,17,1000,10000,733,1622,0.013916016,direct,0,0,0,0,0,12,0,12,1,0,1
baseline,1,diagnostic,timeline,17,1000,10000,830,1705,0.014892578,direct,0,0,0,0,0,12,2,12,1,0,1
baseline,1,diagnostic,timeline,17,1000,10000,1263,2030,0.013427734,direct,0,0,0,0,0,13,1,13,1,0,1
baseline,1,diagnostic,timeline,17,1000,10000,1288,2045,0.012207031,direct,0,0,0,0,0,11,1,11,2,0,1
baseline,1,diagnostic,timeline,17,1000,10000,1742,2385,0.014648438,direct,0,0,0,0,0,13,1,13,1,0,1
baseline,1,diagnostic,timeline,17,1000,10000,1814,2437,0.014892578,direct,0,0,0,0,0,12,0,12,1,0,1
baseline,1,diagnostic,timeline,17,1000,10000,1820,2443,0.013671875,direct,0,0,0,0,0,13,1,13,1,0,1
baseline,1,diagnostic,timeline,17,1000,10000,2335,2844,0.013183594,direct,0,0,0,0,0,13,1,13,1,0,1
baseline,1,diagnostic,timeline,17,1000,10000,2470,2953,0.017333984,direct,0,0,0,0,0,14,1,14,1,0,1
baseline,1,diagnostic,timeline,17,1000,10000,2619,3064,0.026855469,direct,0,0,0,0,0,14,1,14,1,0,1
baseline,1,diagnostic,timeline,17,1000,10000,2851,3252,0.026611328,direct,0,0,0,0,0,14,1,14,1,0,1
baseline,1,diagnostic,timeline,17,1000,10000,3462,3745,0.026855469,direct,0,0,0,0,0,14,1,14,1,0,1
baseline,1,diagnostic,timeline,17,1000,10000,3745,3972,0.026367188,direct,0,0,0,0,0,14,1,14,1,0,1
baseline,1,diagnostic,timeline,17,1000,10000,3873,4068,0.026123047,direct,0,0,0,0,0,14,1,14,1,0,1
baseline,1,diagnostic,timeline,17,1000,10000,4887,4884,0.028076172,direct,0,0,0,0,0,14,1,14,2,0,1
baseline,1,diagnostic,timeline,17,1000,10000,5018,4993,0.012695312,direct,0,0,0,0,0,14,1,14,2,0,1
baseline,1,diagnostic,timeline,17,1000,10000,5154,5107,0.027099609,direct,0,0,0,0,0,14,1,14,2,0,1
baseline,1,diagnostic,timeline,17,1000,10000,5884,5701,0.02734375,direct,0,0,0,0,0,14,1,14,2,0,1
baseline,1,diagnostic,timeline,17,1000,10000,5993,5788,0.041015625,direct,0,0,0,0,0,14,1,14,2,0,1
baseline,1,diagnostic,timeline,17,1000,10000,6886,6517,0.027832031,direct,0,0,0,0,0,15,1,15,2,0,1
baseline,1,diagnostic,timeline,17,1000,10000,7655,7150,0.041748047,direct,0,0,0,0,0,12,0,12,2,0,1
baseline,1,diagnostic,timeline,17,1000,10000,7881,7332,0.040039062,direct,0,0,0,0,0,15,1,15,2,0,1
baseline,1,diagnostic,timeline,17,1000,10000,9355,8512,0.031005859,direct,0,0,0,0,0,15,1,15,3,0,1
baseline,1,diagnostic,timeline,17,1000,10000,9533,8650,0.056396484,direct,0,0,0,0,0,15,1,15,3,0,1
open_dense,1,timed,timeline,17,1000,10000,206,1169,0.009277344,unavailable,0,0,0,0,0,0,0,0,1,0,1
open_dense,1,timed,timeline,17,1000,10000,496,1423,0.0078125,unavailable,0,0,0,0,0,0,0,0,1,0,1
open_dense,1,timed,timeline,17,1000,10000,594,1507,0.011230469,unavailable,0,0,0,0,0,0,0,0,1,0,1
open_dense,1,timed,timeline,17,1000,10000,790,1677,0.008056641,unavailable,0,0,0,0,0,0,0,0,1,0,1
open_dense,1,timed,timeline,17,1000,10000,1136,1931,0.017822266,unavailable,0,0,0,0,0,0,0,0,1,0,1
open_dense,1,timed,timeline,17,1000,10000,1232,2007,0.0078125,unavailable,0,0,0,0,0,0,0,0,1,0,1
open_dense,1,timed,timeline,17,1000,10000,1474,2185,0.008544922,unavailable,0,0,0,0,0,0,0,0,2,0,1
open_dense,1,timed,timeline,17,1000,10000,1817,2440,0.014160156,unavailable,0,0,0,0,0,0,0,0,1,0,1
open_dense,1,timed,timeline,17,1000,10000,1924,2523,0.009033203,unavailable,0,0,0,0,0,0,0,0,1,0,1
open_dense,1,timed,timeline,17,1000,10000,2466,2949,0.012451172,unavailable,0,0,0,0,0,0,0,0,1,0,1
open_dense,1,timed,timeline,17,1000,10000,2556,3023,0.009277344,unavailable,0,0,0,0,0,0,0,0,1,0,1
open_dense,1,timed,timeline,17,1000,10000,3184,3531,0.008789062,unavailable,0,0,0,0,0,0,0,0,1,0,1
open_dense,1,timed,timeline,17,1000,10000,3194,3539,0.013916016,unavailable,0,0,0,0,0,0,0,0,1,0,1
open_dense,1,timed,timeline,17,1000,10000,3736,3967,0.027099609,unavailable,0,0,0,0,0,0,0,0,1,0,1
open_dense,1,timed,timeline,17,1000,10000,3833,4038,0.0078125,unavailable,0,0,0,0,0,0,0,0,1,0,1
open_dense,1,timed,timeline,17,1000,10000,4467,4546,0.014404297,unavailable,0,0,0,0,0,0,0,0,1,0,1
open_dense,1,timed,timeline,17,1000,10000,4903,4896,0.014648438,unavailable,0,0,0,0,0,0,0,0,2,0,1
open_dense,1,timed,timeline,17,1000,10000,5012,4987,0.012451172,unavailable,0,0,0,0,0,0,0,0,2,0,1
open_dense,1,timed,timeline,17,1000,10000,5707,5562,0.014892578,unavailable,0,0,0,0,0,0,0,0,2,0,1
open_dense,1,timed,timeline,17,1000,10000,5722,5575,0.02734375,unavailable,0,0,0,0,0,0,0,0,2,0,1
open_dense,1,timed,timeline,17,1000,10000,6254,6007,0.010986328,unavailable,0,0,0,0,0,0,0,0,2,0,1
open_dense,1,timed,timeline,17,1000,10000,6965,6580,0.031005859,unavailable,0,0,0,0,0,0,0,0,2,0,1
open_dense,1,timed,timeline,17,1000,10000,7269,6826,0.027832031,unavailable,0,0,0,0,0,0,0,0,2,0,1
open_dense,1,timed,timeline,17,1000,10000,7502,7027,0.028076172,unavailable,0,0,0,0,0,0,0,0,2,0,1
open_dense,1,timed,timeline,17,1000,10000,8794,8047,0.032714844,unavailable,0,0,0,0,0,0,0,0,2,0,1
open_dense,1,diagnostic,timeline,17,1000,10000,421,1364,0.013427734,direct,0,0,0,0,0,12,1,12,1,0,1
open_dense,1,diagnostic,timeline,17,1000,10000,734,1623,0.014648438,direct,0,0,0,0,0,13,2,13,1,0,1
open_dense,1,diagnostic,timeline,17,1000,10000,827,1704,0.013916016,direct,0,0,0,0,0,12,1,12,1,0,1
open_dense,1,diagnostic,timeline,17,1000,10000,1264,2031,0.014160156,direct,0,0,0,0,0,13,1,13,1,0,1
open_dense,1,diagnostic,timeline,17,1000,10000,1741,2384,0.014892578,direct,0,0,0,0,0,13,1,13,1,0,1
open_dense,1,diagnostic,timeline,17,1000,10000,1815,2438,0.015869141,direct,0,0,0,0,0,13,1,13,1,0,1
open_dense,1,diagnostic,timeline,17,1000,10000,1820,2443,0.013916016,direct,0,0,0,0,0,13,1,13,1,0,1
open_dense,1,diagnostic,timeline,17,1000,10000,2336,2845,0.013671875,direct,0,0,0,0,0,13,1,13,1,0,1
open_dense,1,diagnostic,timeline,17,1000,10000,2470,2953,0.013916016,direct,0,0,0,0,0,14,1,14,1,0,1
open_dense,1,diagnostic,timeline,17,1000,10000,2618,3063,0.025634766,direct,0,0,0,0,0,14,1,14,1,0,1
open_dense,1,diagnostic,timeline,17,1000,10000,2852,3253,0.026367188,direct,0,0,0,0,0,14,1,14,1,0,1
open_dense,1,diagnostic,timeline,17,1000,10000,3461,3744,0.026123047,direct,0,0,0,0,0,14,1,14,1,0,1
open_dense,1,diagnostic,timeline,17,1000,10000,3745,3972,0.028076172,direct,0,0,0,0,0,14,1,14,1,0,1
open_dense,1,diagnostic,timeline,17,1000,10000,3874,4069,0.027099609,direct,0,0,0,0,0,14,1,14,1,0,1
open_dense,1,diagnostic,timeline,17,1000,10000,4314,4425,0.012451172,direct,0,0,0,0,0,14,1,14,1,0,1
open_dense,1,diagnostic,timeline,17,1000,10000,4890,4885,0.028808594,direct,0,0,0,0,0,14,1,14,2,0,1
open_dense,1,diagnostic,timeline,17,1000,10000,5018,4993,0.012939453,direct,0,0,0,0,0,14,1,14,2,0,1
open_dense,1,diagnostic,timeline,17,1000,10000,5153,5106,0.025878906,direct,0,0,0,0,0,14,1,14,2,0,1
open_dense,1,diagnostic,timeline,17,1000,10000,5887,5702,0.076416016,direct,0,0,0,0,0,14,1,14,2,0,1
open_dense,1,diagnostic,timeline,17,1000,10000,5992,5787,0.043701172,direct,0,0,0,0,0,14,1,14,2,0,1
open_dense,1,diagnostic,timeline,17,1000,10000,6887,6518,0.02734375,direct,0,0,0,0,0,15,1,15,2,0,1
open_dense,1,diagnostic,timeline,17,1000,10000,7654,7149,0.041259766,direct,0,0,0,0,0,15,1,15,2,0,1
open_dense,1,diagnostic,timeline,17,1000,10000,7884,7333,0.0390625,direct,0,0,0,0,0,13,2,13,1,0,1
open_dense,1,diagnostic,timeline,17,1000,10000,9354,8511,0.032470703,direct,0,0,0,0,0,15,1,15,3,0,1
open_dense,1,diagnostic,timeline,17,1000,10000,9533,8650,0.059570312,direct,0,0,0,0,0,15,1,15,3,0,1
baseline,2,timed,timeline,305419896,1000,10000,192,1169,0.007568359,unavailable,0,0,0,0,0,0,0,0,1,0,1
baseline,2,timed,timeline,305419896,1000,10000,514,1423,0.009033203,unavailable,0,0,0,0,0,0,0,0,1,0,1
baseline,2,timed,timeline,305419896,1000,10000,613,1508,0.01171875,unavailable,0,0,0,0,0,0,0,0,1,0,1
baseline,2,timed,timeline,305419896,1000,10000,830,1677,0.007080078,unavailable,0,0,0,0,0,0,0,0,1,0,1
baseline,2,timed,timeline,305419896,1000,10000,1136,1931,0.015869141,unavailable,0,0,0,0,0,0,0,0,1,0,1
baseline,2,timed,timeline,305419896,1000,10000,1237,2006,0.0078125,unavailable,0,0,0,0,0,0,0,0,1,0,1
baseline,2,timed,timeline,305419896,1000,10000,1459,2186,0.008300781,unavailable,0,0,0,0,0,0,0,0,1,0,1
baseline,2,timed,timeline,305419896,1000,10000,1767,2440,0.014648438,unavailable,0,0,0,0,0,0,0,0,1,0,1
baseline,2,timed,timeline,305419896,1000,10000,1881,2524,0.009033203,unavailable,0,0,0,0,0,0,0,0,1,0,1
baseline,2,timed,timeline,305419896,1000,10000,2294,2863,0.006591797,unavailable,0,0,0,0,0,0,0,0,1,0,1
baseline,2,timed,timeline,305419896,1000,10000,2400,2949,0.012207031,unavailable,0,0,0,0,0,0,0,0,1,0,1
baseline,2,timed,timeline,305419896,1000,10000,2488,3021,0.009033203,unavailable,0,0,0,0,0,0,0,0,1,0,1
baseline,2,timed,timeline,305419896,1000,10000,3128,3529,0.009277344,unavailable,0,0,0,0,0,0,0,0,1,0,1
baseline,2,timed,timeline,305419896,1000,10000,3140,3541,0.013916016,unavailable,0,0,0,0,0,0,0,0,1,0,1
baseline,2,timed,timeline,305419896,1000,10000,3666,3967,0.026367188,unavailable,0,0,0,0,0,0,0,0,1,0,1
baseline,2,timed,timeline,305419896,1000,10000,3757,4036,0.008056641,unavailable,0,0,0,0,0,0,0,0,1,0,1
baseline,2,timed,timeline,305419896,1000,10000,3985,4220,0.013427734,unavailable,0,0,0,0,0,0,0,0,1,0,1
baseline,2,timed,timeline,305419896,1000,10000,4835,4898,0.014404297,unavailable,0,0,0,0,0,0,0,0,2,0,1
baseline,2,timed,timeline,305419896,1000,10000,4944,4987,0.026611328,unavailable,0,0,0,0,0,0,0,0,2,0,1
baseline,2,timed,timeline,305419896,1000,10000,5697,5576,0.025634766,unavailable,0,0,0,0,0,0,0,0,2,0,1
baseline,2,timed,timeline,305419896,1000,10000,6226,6007,0.01171875,unavailable,0,0,0,0,0,0,0,0,2,0,1
baseline,2,timed,timeline,305419896,1000,10000,6969,6580,0.014648438,unavailable,0,0,0,0,0,0,0,0,2,0,1
baseline,2,timed,timeline,305419896,1000,10000,7412,6933,0.006835938,unavailable,0,0,0,0,0,0,0,0,2,0,1
baseline,2,timed,timeline,305419896,1000,10000,7518,7027,0.027099609,unavailable,0,0,0,0,0,0,0,0,2,0,1
baseline,2,timed,timeline,305419896,1000,10000,8826,8047,0.030029297,unavailable,0,0,0,0,0,0,0,0,2,0,1
baseline,2,diagnostic,timeline,305419896,1000,10000,436,1365,0.013671875,direct,0,0,0,0,0,12,1,12,1,0,1
baseline,2,diagnostic,timeline,305419896,1000,10000,766,1623,0.014160156,direct,0,0,0,0,0,12,1,12,1,0,1
baseline,2,diagnostic,timeline,305419896,1000,10000,864,1705,0.013427734,direct,0,0,0,0,0,12,1,12,1,0,1
baseline,2,diagnostic,timeline,305419896,1000,10000,1262,2031,0.013671875,direct,0,0,0,0,0,13,1,13,1,0,1
baseline,2,diagnostic,timeline,305419896,1000,10000,1698,2385,0.014404297,direct,0,0,0,0,0,11,0,11,1,0,1
baseline,2,diagnostic,timeline,305419896,1000,10000,1765,2438,0.015380859,direct,0,0,0,0,0,13,1,13,1,0,1
baseline,2,diagnostic,timeline,305419896,1000,10000,1770,2443,0.013671875,direct,0,0,0,0,0,13,1,13,1,0,1
baseline,2,diagnostic,timeline,305419896,1000,10000,2273,2846,0.014160156,direct,0,0,0,0,0,13,1,13,1,0,1
baseline,2,diagnostic,timeline,305419896,1000,10000,2403,2952,0.013916016,direct,0,0,0,0,0,13,1,13,1,0,1
baseline,2,diagnostic,timeline,305419896,1000,10000,2548,3065,0.026367188,direct,0,0,0,0,0,12,0,12,2,0,1
baseline,2,diagnostic,timeline,305419896,1000,10000,2797,3254,0.026123047,direct,0,0,0,0,0,14,1,14,1,0,1
baseline,2,diagnostic,timeline,305419896,1000,10000,3407,3746,0.026367188,direct,0,0,0,0,0,13,1,13,1,0,1
baseline,2,diagnostic,timeline,305419896,1000,10000,3670,3971,0.028320312,direct,0,0,0,0,0,12,0,12,1,0,1
baseline,2,diagnostic,timeline,305419896,1000,10000,3801,4070,0.028808594,direct,0,0,0,0,0,14,1,14,1,0,1
baseline,2,diagnostic,timeline,305419896,1000,10000,4821,4886,0.029785156,direct,0,0,0,0,0,13,1,13,2,0,1
baseline,2,diagnostic,timeline,305419896,1000,10000,4948,4991,0.031005859,direct,0,0,0,0,0,13,0,13,2,0,1
baseline,2,diagnostic,timeline,305419896,1000,10000,5101,5108,0.013671875,direct,0,0,0,0,0,14,1,14,2,0,1
baseline,2,diagnostic,timeline,305419896,1000,10000,5851,5702,0.028808594,direct,0,0,0,0,0,13,0,13,2,0,1
baseline,2,diagnostic,timeline,305419896,1000,10000,5975,5788,0.039794922,direct,0,0,0,0,0,14,1,14,2,0,1
baseline,2,diagnostic,timeline,305419896,1000,10000,6237,6012,0.015380859,direct,0,0,0,0,0,13,0,13,2,0,1
baseline,2,diagnostic,timeline,305419896,1000,10000,6890,6517,0.028076172,direct,0,0,0,0,0,15,1,15,2,0,1
baseline,2,diagnostic,timeline,305419896,1000,10000,7669,7150,0.041259766,direct,0,0,0,0,0,14,1,14,2,0,1
baseline,2,diagnostic,timeline,305419896,1000,10000,7906,7333,0.053955078,direct,0,0,0,0,0,14,1,14,2,0,1
baseline,2,diagnostic,timeline,305419896,1000,10000,9397,8512,0.032226562,direct,0,0,0,0,0,15,1,15,3,0,1
baseline,2,diagnostic,timeline,305419896,1000,10000,9585,8668,0.060546875,direct,0,0,0,0,0,14,0,14,3,0,1
open_dense,2,timed,timeline,305419896,1000,10000,192,1169,0.008789062,unavailable,0,0,0,0,0,0,0,0,1,0,1
open_dense,2,timed,timeline,305419896,1000,10000,514,1423,0.008056641,unavailable,0,0,0,0,0,0,0,0,1,0,1
open_dense,2,timed,timeline,305419896,1000,10000,613,1508,0.018066406,unavailable,0,0,0,0,0,0,0,0,1,0,1
open_dense,2,timed,timeline,305419896,1000,10000,830,1677,0.007568359,unavailable,0,0,0,0,0,0,0,0,1,0,1
open_dense,2,timed,timeline,305419896,1000,10000,1136,1931,0.015625,unavailable,0,0,0,0,0,0,0,0,1,0,1
open_dense,2,timed,timeline,305419896,1000,10000,1459,2186,0.008056641,unavailable,0,0,0,0,0,0,0,0,1,0,1
open_dense,2,timed,timeline,305419896,1000,10000,1767,2440,0.014404297,unavailable,0,0,0,0,0,0,0,0,1,0,1
open_dense,2,timed,timeline,305419896,1000,10000,1881,2524,0.009033203,unavailable,0,0,0,0,0,0,0,0,1,0,1
open_dense,2,timed,timeline,305419896,1000,10000,2400,2949,0.011962891,unavailable,0,0,0,0,0,0,0,0,1,0,1
open_dense,2,timed,timeline,305419896,1000,10000,2488,3021,0.009765625,unavailable,0,0,0,0,0,0,0,0,1,0,1
open_dense,2,timed,timeline,305419896,1000,10000,3128,3529,0.009765625,unavailable,0,0,0,0,0,0,0,0,1,0,1
open_dense,2,timed,timeline,305419896,1000,10000,3140,3541,0.014160156,unavailable,0,0,0,0,0,0,0,0,1,0,1
open_dense,2,timed,timeline,305419896,1000,10000,3666,3967,0.028076172,unavailable,0,0,0,0,0,0,0,0,1,0,1
open_dense,2,timed,timeline,305419896,1000,10000,3757,4036,0.0078125,unavailable,0,0,0,0,0,0,0,0,1,0,1
open_dense,2,timed,timeline,305419896,1000,10000,3985,4220,0.014160156,unavailable,0,0,0,0,0,0,0,0,1,0,1
open_dense,2,timed,timeline,305419896,1000,10000,4835,4898,0.015136719,unavailable,0,0,0,0,0,0,0,0,2,0,1
open_dense,2,timed,timeline,305419896,1000,10000,4944,4987,0.025634766,unavailable,0,0,0,0,0,0,0,0,2,0,1
open_dense,2,timed,timeline,305419896,1000,10000,5541,5460,0.011230469,unavailable,0,0,0,0,0,0,0,0,2,0,1
open_dense,2,timed,timeline,305419896,1000,10000,5678,5561,0.009521484,unavailable,0,0,0,0,0,0,0,0,2,0,1
open_dense,2,timed,timeline,305419896,1000,10000,5697,5576,0.093261719,unavailable,0,0,0,0,0,0,0,0,2,0,1
open_dense,2,timed,timeline,305419896,1000,10000,6226,6007,0.012207031,unavailable,0,0,0,0,0,0,0,0,2,0,1
open_dense,2,timed,timeline,305419896,1000,10000,6969,6580,0.014892578,unavailable,0,0,0,0,0,0,0,0,2,0,1
open_dense,2,timed,timeline,305419896,1000,10000,7412,6933,0.007324219,unavailable,0,0,0,0,0,0,0,0,2,0,1
open_dense,2,timed,timeline,305419896,1000,10000,7518,7027,0.028564453,unavailable,0,0,0,0,0,0,0,0,2,0,1
open_dense,2,timed,timeline,305419896,1000,10000,8826,8047,0.031982422,unavailable,0,0,0,0,0,0,0,0,2,0,1
open_dense,2,diagnostic,timeline,305419896,1000,10000,435,1364,0.013916016,direct,0,0,0,0,0,12,1,12,1,0,1
open_dense,2,diagnostic,timeline,305419896,1000,10000,512,1421,0.016113281,direct,0,0,0,0,0,11,2,11,1,0,1
open_dense,2,diagnostic,timeline,305419896,1000,10000,767,1624,0.013671875,direct,0,0,0,0,0,12,1,12,1,0,1
open_dense,2,diagnostic,timeline,305419896,1000,10000,863,1704,0.013671875,direct,0,0,0,0,0,11,0,11,1,0,1
open_dense,2,diagnostic,timeline,305419896,1000,10000,1265,2032,0.013427734,direct,0,0,0,0,0,13,1,13,1,0,1
open_dense,2,diagnostic,timeline,305419896,1000,10000,1697,2384,0.015136719,direct,0,0,0,0,0,12,1,12,1,0,1
open_dense,2,diagnostic,timeline,305419896,1000,10000,1766,2439,0.013916016,direct,0,0,0,0,0,13,2,13,1,0,1
open_dense,2,diagnostic,timeline,305419896,1000,10000,1770,2443,0.014160156,direct,0,0,0,0,0,13,1,13,1,0,1
open_dense,2,diagnostic,timeline,305419896,1000,10000,2274,2847,0.013916016,direct,0,0,0,0,0,13,1,13,1,0,1
open_dense,2,diagnostic,timeline,305419896,1000,10000,2403,2952,0.013671875,direct,0,0,0,0,0,13,1,13,1,0,1
open_dense,2,diagnostic,timeline,305419896,1000,10000,2545,3064,0.026367188,direct,0,0,0,0,0,13,1,13,1,0,1
open_dense,2,diagnostic,timeline,305419896,1000,10000,2798,3255,0.025878906,direct,0,0,0,0,0,14,1,14,1,0,1
open_dense,2,diagnostic,timeline,305419896,1000,10000,3404,3745,0.026123047,direct,0,0,0,0,0,13,0,13,1,0,1
open_dense,2,diagnostic,timeline,305419896,1000,10000,3670,3971,0.026611328,direct,0,0,0,0,0,12,0,12,1,0,1
open_dense,2,diagnostic,timeline,305419896,1000,10000,3802,4071,0.025878906,direct,0,0,0,0,0,14,1,14,1,0,1
open_dense,2,diagnostic,timeline,305419896,1000,10000,4822,4887,0.029785156,direct,0,0,0,0,0,13,1,13,2,0,1
open_dense,2,diagnostic,timeline,305419896,1000,10000,4948,4991,0.03125,direct,0,0,0,0,0,13,0,13,2,0,1
open_dense,2,diagnostic,timeline,305419896,1000,10000,5100,5107,0.014160156,direct,0,0,0,0,0,13,0,13,2,0,1
open_dense,2,diagnostic,timeline,305419896,1000,10000,5852,5703,0.028076172,direct,0,0,0,0,0,12,0,12,2,0,1
open_dense,2,diagnostic,timeline,305419896,1000,10000,5974,5787,0.039794922,direct,0,0,0,0,0,14,1,14,2,0,1
open_dense,2,diagnostic,timeline,305419896,1000,10000,6891,6518,0.026855469,direct,0,0,0,0,0,15,1,15,2,0,1
open_dense,2,diagnostic,timeline,305419896,1000,10000,7666,7149,0.045166016,direct,0,0,0,0,0,14,1,14,2,0,1
open_dense,2,diagnostic,timeline,305419896,1000,10000,7907,7334,0.039794922,direct,0,0,0,0,0,14,1,14,2,0,1
open_dense,2,diagnostic,timeline,305419896,1000,10000,9396,8511,0.03125,direct,0,0,0,0,0,15,1,15,3,0,1
open_dense,2,diagnostic,timeline,305419896,1000,10000,9585,8668,0.058837891,direct,0,0,0,0,0,14,0,14,3,0,1
baseline,3,timed,priority,17,1000,10000,1291,1137,0.015380859,unavailable,0,0,0,0,0,0,0,0,1,0,1
baseline,3,timed,priority,17,1000,10000,1399,1157,0.016113281,unavailable,0,0,0,0,0,0,0,0,1,0,1
baseline,3,timed,priority,17,1000,10000,1548,1164,0.027832031,unavailable,0,0,0,0,0,0,0,0,1,0,1
baseline,3,timed,priority,17,1000,10000,1784,1193,0.027099609,unavailable,0,0,0,0,0,0,0,0,1,0,1
baseline,3,timed,priority,17,1000,10000,1805,1195,0.015136719,unavailable,0,0,0,0,0,0,0,0,1,0,1
baseline,3,timed,priority,17,1000,10000,1888,1213,0.015136719,unavailable,0,0,0,0,0,0,0,0,1,0,1
baseline,3,timed,priority,17,1000,10000,1905,1215,0.015625,unavailable,0,0,0,0,0,0,0,0,1,0,1
baseline,3,timed,priority,17,1000,10000,2060,1229,0.015136719,unavailable,0,0,0,0,0,0,0,0,1,0,1
baseline,3,timed,priority,17,1000,10000,2233,1250,0.028320312,unavailable,0,0,0,0,0,0,0,0,1,0,1
baseline,3,timed,priority,17,1000,10000,2377,1250,0.016845703,unavailable,0,0,0,0,0,0,0,0,1,0,1
baseline,3,timed,priority,17,1000,10000,2445,1261,0.015625,unavailable,0,0,0,0,0,0,0,0,1,0,1
baseline,3,timed,priority,17,1000,10000,3107,1324,0.015136719,unavailable,0,0,0,0,0,0,0,0,1,0,1
baseline,3,timed,priority,17,1000,10000,4176,1415,0.018066406,unavailable,0,0,0,0,0,0,0,0,1,0,1
baseline,3,timed,priority,17,1000,10000,4442,1402,0.026123047,unavailable,0,0,0,0,0,0,0,0,1,0,1
baseline,3,timed,priority,17,1000,10000,5083,1496,0.036865234,unavailable,0,0,0,0,0,0,0,0,1,0,1
baseline,3,timed,priority,17,1000,10000,5120,1506,0.025878906,unavailable,0,0,0,0,0,0,0,0,1,0,1
baseline,3,timed,priority,17,1000,10000,5395,1535,0.0625,unavailable,0,0,0,0,0,0,0,0,1,0,1
baseline,3,timed,priority,17,1000,10000,5424,1534,0.023681641,unavailable,0,0,0,0,0,0,0,0,1,0,1
baseline,3,timed,priority,17,1000,10000,5484,1546,0.016357422,unavailable,0,0,0,0,0,0,0,0,1,0,1
baseline,3,timed,priority,17,1000,10000,5955,1616,0.035644531,unavailable,0,0,0,0,0,0,0,0,1,0,1
baseline,3,timed,priority,17,1000,10000,6373,1641,0.028564453,unavailable,0,0,0,0,0,0,0,0,1,0,1
baseline,3,timed,priority,17,1000,10000,6748,1678,0.018066406,unavailable,0,0,0,0,0,0,0,0,1,0,1
baseline,3,timed,priority,17,1000,10000,6818,1691,0.075195312,unavailable,0,0,0,0,0,0,0,0,4,0,1
baseline,3,timed,priority,17,1000,10000,6935,1686,0.145019531,unavailable,0,0,0,0,0,0,0,0,2,0,1
baseline,3,timed,priority,17,1000,10000,8660,1855,0.018310547,unavailable,0,0,0,0,0,0,0,0,1,0,1
baseline,3,diagnostic,priority,17,1000,10000,1291,1137,0.016113281,local,32,56,1,2,59,11,1,11,1,0,3
baseline,3,diagnostic,priority,17,1000,10000,1399,1157,0.016113281,local,32,56,1,2,59,12,1,12,1,0,3
baseline,3,diagnostic,priority,17,1000,10000,1548,1164,0.028320312,local,64,120,1,3,124,11,1,11,1,0,3
baseline,3,diagnostic,priority,17,1000,10000,1784,1193,0.028320312,local,64,120,1,3,124,12,1,12,1,0,3
baseline,3,diagnostic,priority,17,1000,10000,1805,1195,0.016113281,local,32,56,1,2,59,10,1,10,1,0,3
baseline,3,diagnostic,priority,17,1000,10000,1888,1213,0.015625,local,32,56,1,2,59,9,0,9,1,0,2
baseline,3,diagnostic,priority,17,1000,10000,1905,1215,0.016113281,local,32,56,1,2,59,11,1,11,1,0,3
baseline,3,diagnostic,priority,17,1000,10000,2060,1229,0.015869141,local,32,56,1,2,59,12,1,12,1,0,3
baseline,3,diagnostic,priority,17,1000,10000,2233,1250,0.030029297,local,64,120,1,3,124,11,1,11,1,0,3
baseline,3,diagnostic,priority,17,1000,10000,2377,1250,0.017333984,local,32,56,1,2,59,11,1,11,1,0,3
baseline,3,diagnostic,priority,17,1000,10000,2441,1263,0.015625,local,32,56,1,2,59,11,1,11,1,0,3
baseline,3,diagnostic,priority,17,1000,10000,2445,1261,0.015869141,local,32,56,1,2,59,11,1,11,1,0,3
baseline,3,diagnostic,priority,17,1000,10000,3107,1324,0.015869141,local,32,56,1,2,59,11,1,11,1,0,3
baseline,3,diagnostic,priority,17,1000,10000,4176,1415,0.020507812,local,32,56,1,2,59,11,1,11,1,0,3
baseline,3,diagnostic,priority,17,1000,10000,4442,1402,0.026123047,local,64,120,1,3,124,10,1,10,1,0,3
baseline,3,diagnostic,priority,17,1000,10000,5083,1496,0.028320312,local,64,120,1,3,124,12,1,12,1,0,3
baseline,3,diagnostic,priority,17,1000,10000,5120,1506,0.031982422,local,64,120,1,3,124,12,1,12,1,0,3
baseline,3,diagnostic,priority,17,1000,10000,5395,1535,0.067138672,local,128,248,1,4,253,11,1,11,1,0,3
baseline,3,diagnostic,priority,17,1000,10000,5424,1534,0.025390625,local,64,120,1,3,124,12,1,12,1,0,3
baseline,3,diagnostic,priority,17,1000,10000,5484,1546,0.017333984,local,32,56,1,2,59,12,1,12,1,0,3
baseline,3,diagnostic,priority,17,1000,10000,5570,1563,0.018798828,direct,0,0,0,0,0,11,1,11,1,0,1
baseline,3,diagnostic,priority,17,1000,10000,6373,1641,0.029541016,local,64,120,1,3,124,11,1,11,1,0,3
baseline,3,diagnostic,priority,17,1000,10000,6748,1678,0.018554688,local,32,56,1,2,59,12,1,12,1,0,3
baseline,3,diagnostic,priority,17,1000,10000,6818,1691,0.082519531,local,128,248,1,4,253,12,1,12,4,0,3
baseline,3,diagnostic,priority,17,1000,10000,6935,1686,0.134277344,large,256,504,1,5,510,12,1,12,2,0,3
baseline,3,diagnostic,priority,17,1000,10000,8660,1855,0.020019531,local,32,56,1,2,59,11,1,11,1,0,3
open_dense,3,timed,priority,17,1000,10000,230,1026,0.130859375,unavailable,0,0,0,0,0,0,0,0,2,0,1
open_dense,3,timed,priority,17,1000,10000,1191,1136,0.032958984,unavailable,0,0,0,0,0,0,0,0,1,0,1
open_dense,3,timed,priority,17,1000,10000,1578,1169,0.009033203,unavailable,0,0,0,0,0,0,0,0,2,0,1
open_dense,3,timed,priority,17,1000,10000,1602,1167,0.015625,unavailable,0,0,0,0,0,0,0,0,1,0,1
open_dense,3,timed,priority,17,1000,10000,3224,1334,0.016845703,unavailable,0,0,0,0,0,0,0,0,1,0,1
open_dense,3,timed,priority,17,1000,10000,3601,1363,0.019042969,unavailable,0,0,0,0,0,0,0,0,2,0,1
open_dense,3,timed,priority,17,1000,10000,4193,1423,0.010253906,unavailable,0,0,0,0,0,0,0,0,6,0,1
open_dense,3,timed,priority,17,1000,10000,4454,1404,0.018798828,unavailable,0,0,0,0,0,0,0,0,1,0,1
open_dense,3,timed,priority,17,1000,10000,4521,1408,0.031738281,unavailable,0,0,0,0,0,0,0,0,2,0,1
open_dense,3,timed,priority,17,1000,10000,4646,1432,0.104980469,unavailable,0,0,0,0,0,0,0,0,1,0,1
open_dense,3,timed,priority,17,1000,10000,5445,1540,0.008300781,unavailable,0,0,0,0,0,0,0,0,2,0,1
open_dense,3,timed,priority,17,1000,10000,5564,1561,0.009033203,unavailable,0,0,0,0,0,0,0,0,2,0,1
open_dense,3,timed,priority,17,1000,10000,6409,1642,0.041748047,unavailable,0,0,0,0,0,0,0,0,1,0,1
open_dense,3,timed,priority,17,1000,10000,6741,1677,0.008056641,unavailable,0,0,0,0,0,0,0,0,2,0,1
open_dense,3,timed,priority,17,1000,10000,7448,1731,0.032470703,unavailable,0,0,0,0,0,0,0,0,2,0,1
open_dense,3,timed,priority,17,1000,10000,7783,1732,0.008056641,unavailable,0,0,0,0,0,0,0,0,1,0,1
open_dense,3,timed,priority,17,1000,10000,8114,1780,0.017333984,unavailable,0,0,0,0,0,0,0,0,2,0,1
open_dense,3,timed,priority,17,1000,10000,8192,1792,0.017333984,unavailable,0,0,0,0,0,0,0,0,2,0,1
open_dense,3,timed,priority,17,1000,10000,8284,1793,0.017089844,unavailable,0,0,0,0,0,0,0,0,2,0,1
open_dense,3,timed,priority,17,1000,10000,8558,1832,0.017822266,unavailable,0,0,0,0,0,0,0,0,1,0,1
open_dense,3,timed,priority,17,1000,10000,9086,1915,0.138671875,unavailable,0,0,0,0,0,0,0,0,1,0,1
open_dense,3,timed,priority,17,1000,10000,9098,1917,0.032958984,unavailable,0,0,0,0,0,0,0,0,2,0,1
open_dense,3,timed,priority,17,1000,10000,9451,1926,0.035888672,unavailable,0,0,0,0,0,0,0,0,1,0,1
open_dense,3,timed,priority,17,1000,10000,9533,1924,0.014892578,unavailable,0,0,0,0,0,0,0,0,1,0,1
open_dense,3,timed,priority,17,1000,10000,9550,1931,0.034912109,unavailable,0,0,0,0,0,0,0,0,2,0,1
open_dense,3,diagnostic,priority,17,1000,10000,230,1026,0.143066406,large,256,504,1,5,510,11,2,11,2,0,3
open_dense,3,diagnostic,priority,17,1000,10000,1191,1136,0.036376953,local,64,120,1,3,124,11,1,11,1,0,3
open_dense,3,diagnostic,priority,17,1000,10000,1602,1167,0.017333984,local,32,56,1,2,59,12,1,12,1,0,3
open_dense,3,diagnostic,priority,17,1000,10000,3028,1316,0.012939453,local,8,8,1,0,9,10,1,10,2,0,3
open_dense,3,diagnostic,priority,17,1000,10000,3224,1334,0.018554688,local,32,56,1,2,59,10,1,10,1,0,3
open_dense,3,diagnostic,priority,17,1000,10000,3488,1360,0.013916016,direct,0,0,0,0,0,11,1,11,3,0,1
open_dense,3,diagnostic,priority,17,1000,10000,3601,1363,0.020996094,local,32,56,1,2,59,11,1,11,2,0,3
open_dense,3,diagnostic,priority,17,1000,10000,3755,1372,0.034423828,direct,0,0,0,0,0,11,1,11,5,0,1
open_dense,3,diagnostic,priority,17,1000,10000,3792,1370,0.017578125,local,8,8,1,0,9,11,1,11,2,0,3
open_dense,3,diagnostic,priority,17,1000,10000,3864,1375,0.020019531,local,8,8,1,0,9,11,1,11,3,0,3
open_dense,3,diagnostic,priority,17,1000,10000,3885,1385,0.013183594,local,8,8,1,0,9,12,1,12,2,0,3
open_dense,3,diagnostic,priority,17,1000,10000,3971,1395,0.011962891,local,8,8,1,0,9,12,1,12,2,0,1
open_dense,3,diagnostic,priority,17,1000,10000,4454,1404,0.022705078,local,32,56,1,2,59,10,1,10,1,0,3
open_dense,3,diagnostic,priority,17,1000,10000,4521,1408,0.038330078,local,64,120,1,3,124,12,1,12,2,0,3
open_dense,3,diagnostic,priority,17,1000,10000,4646,1432,0.135742188,large,256,504,1,5,510,11,1,11,1,0,3
open_dense,3,diagnostic,priority,17,1000,10000,5445,1540,0.008544922,local,16,24,1,1,26,10,1,10,2,0,2
open_dense,3,diagnostic,priority,17,1000,10000,5564,1561,0.009765625,local,16,24,1,1,26,10,1,10,2,0,2
open_dense,3,diagnostic,priority,17,1000,10000,6409,1642,0.043212891,local,64,120,1,3,124,11,1,11,1,0,3
open_dense,3,diagnostic,priority,17,1000,10000,7448,1731,0.038085938,local,64,120,1,3,124,13,1,13,2,0,3
open_dense,3,diagnostic,priority,17,1000,10000,7783,1732,0.008789062,local,16,24,1,1,26,11,1,11,1,0,2
open_dense,3,diagnostic,priority,17,1000,10000,8114,1780,0.020019531,local,32,56,1,2,59,12,1,12,2,0,3
open_dense,3,diagnostic,priority,17,1000,10000,8192,1792,0.019775391,local,32,56,1,2,59,11,0,11,2,0,3
open_dense,3,diagnostic,priority,17,1000,10000,8284,1793,0.023193359,local,32,56,1,2,59,13,1,13,2,0,3
open_dense,3,diagnostic,priority,17,1000,10000,8558,1832,0.021240234,local,32,56,1,2,59,11,1,11,1,0,3
open_dense,3,diagnostic,priority,17,1000,10000,9086,1915,0.147460938,large,256,504,1,5,510,11,1,11,1,0,3
open_dense,3,diagnostic,priority,17,1000,10000,9098,1917,0.037841797,local,64,120,1,3,124,11,1,11,2,0,3
open_dense,3,diagnostic,priority,17,1000,10000,9451,1926,0.041015625,local,64,120,1,3,124,11,1,11,1,0,3
open_dense,3,diagnostic,priority,17,1000,10000,9533,1924,0.016601562,local,32,56,1,2,59,12,1,12,1,0,3
baseline,4,timed,priority,305419896,1000,10000,8,998,0.006835938,unavailable,0,0,0,0,0,0,0,0,4,0,1
baseline,4,timed,priority,305419896,1000,10000,250,1014,0.00390625,unavailable,0,0,0,0,0,0,0,0,3,0,1
baseline,4,timed,priority,305419896,1000,10000,343,1019,0.071289062,unavailable,0,0,0,0,0,0,0,0,1,0,1
baseline,4,timed,priority,305419896,1000,10000,1082,1101,0.005859375,unavailable,0,0,0,0,0,0,0,0,1,0,1
baseline,4,timed,priority,305419896,1000,10000,1229,1105,0.015869141,unavailable,0,0,0,0,0,0,0,0,1,0,1
baseline,4,timed,priority,305419896,1000,10000,1860,1162,0.003417969,unavailable,0,0,0,0,0,0,0,0,3,0,1
baseline,4,timed,priority,305419896,1000,10000,1968,1169,0.006591797,unavailable,0,0,0,0,0,0,0,0,1,0,1
baseline,4,timed,priority,305419896,1000,10000,2126,1189,0.057373047,unavailable,0,0,0,0,0,0,0,0,1,0,1
baseline,4,timed,priority,305419896,1000,10000,2768,1273,0.003417969,unavailable,0,0,0,0,0,0,0,0,1,0,1
baseline,4,timed,priority,305419896,1000,10000,2991,1305,0.014648438,unavailable,0,0,0,0,0,0,0,0,1,0,1
baseline,4,timed,priority,305419896,1000,10000,3855,1377,0.005371094,unavailable,0,0,0,0,0,0,0,0,1,0,1
baseline,4,timed,priority,305419896,1000,10000,4123,1379,0.008056641,unavailable,0,0,0,0,0,0,0,0,1,0,1
baseline,4,timed,priority,305419896,1000,10000,4405,1423,0.004394531,unavailable,0,0,0,0,0,0,0,0,1,0,1
baseline,4,timed,priority,305419896,1000,10000,4813,1490,0.00390625,unavailable,0,0,0,0,0,0,0,0,1,0,1
baseline,4,timed,priority,305419896,1000,10000,5129,1533,0.015380859,unavailable,0,0,0,0,0,0,0,0,1,0,1
baseline,4,timed,priority,305419896,1000,10000,5615,1588,0.019287109,unavailable,0,0,0,0,0,0,0,0,1,0,1
baseline,4,timed,priority,305419896,1000,10000,5974,1624,0.003417969,unavailable,0,0,0,0,0,0,0,0,3,0,1
baseline,4,timed,priority,305419896,1000,10000,6201,1644,0.012451172,unavailable,0,0,0,0,0,0,0,0,1,0,1
baseline,4,timed,priority,305419896,1000,10000,6414,1677,0.008544922,unavailable,0,0,0,0,0,0,0,0,3,0,1
baseline,4,timed,priority,305419896,1000,10000,6885,1737,0.017089844,unavailable,0,0,0,0,0,0,0,0,1,0,1
baseline,4,timed,priority,305419896,1000,10000,7380,1797,0.004150391,unavailable,0,0,0,0,0,0,0,0,2,0,1
baseline,4,timed,priority,305419896,1000,10000,7635,1827,0.003173828,unavailable,0,0,0,0,0,0,0,0,3,0,1
baseline,4,timed,priority,305419896,1000,10000,7847,1854,0.113525391,unavailable,0,0,0,0,0,0,0,0,1,0,1
baseline,4,timed,priority,305419896,1000,10000,8710,1931,0.009277344,unavailable,0,0,0,0,0,0,0,0,1,0,1
baseline,4,timed,priority,305419896,1000,10000,9066,1968,0.008056641,unavailable,0,0,0,0,0,0,0,0,1,0,1
baseline,4,diagnostic,priority,305419896,1000,10000,343,1019,0.083496094,local,128,248,1,4,253,11,1,11,1,0,3
baseline,4,diagnostic,priority,305419896,1000,10000,922,1086,0.0078125,direct,0,0,0,0,0,11,1,11,1,0,1
baseline,4,diagnostic,priority,305419896,1000,10000,1082,1101,0.007568359,local,16,24,1,1,26,10,0,10,1,0,3
baseline,4,diagnostic,priority,305419896,1000,10000,1229,1105,0.017089844,local,32,56,1,2,59,11,1,11,1,0,3
baseline,4,diagnostic,priority,305419896,1000,10000,2126,1189,0.067871094,local,128,248,1,4,253,11,1,11,1,0,3
baseline,4,diagnostic,priority,305419896,1000,10000,2609,1255,0.012451172,direct,0,0,0,0,0,11,1,11,2,0,1
baseline,4,diagnostic,priority,305419896,1000,10000,2991,1305,0.017089844,local,32,56,1,2,59,10,1,10,1,0,3
baseline,4,diagnostic,priority,305419896,1000,10000,4123,1379,0.009033203,local,16,24,1,1,26,12,1,12,1,0,3
baseline,4,diagnostic,priority,305419896,1000,10000,4407,1424,0.010498047,direct,0,0,0,0,0,12,1,12,1,0,1
baseline,4,diagnostic,priority,305419896,1000,10000,4650,1458,0.018310547,local,8,8,1,0,9,11,1,11,3,0,3
baseline,4,diagnostic,priority,305419896,1000,10000,4875,1492,0.037109375,direct,0,0,0,0,0,11,1,11,6,0,1
baseline,4,diagnostic,priority,305419896,1000,10000,4899,1498,0.012695312,local,8,8,1,0,9,11,1,11,3,0,3
baseline,4,diagnostic,priority,305419896,1000,10000,4917,1493,0.0078125,local,8,8,1,0,9,11,1,11,1,0,3
baseline,4,diagnostic,priority,305419896,1000,10000,4980,1508,0.008544922,local,8,8,1,0,9,10,1,10,3,0,3
baseline,4,diagnostic,priority,305419896,1000,10000,5096,1530,0.008789062,local,8,8,1,0,9,11,1,11,3,0,3
baseline,4,diagnostic,priority,305419896,1000,10000,5129,1533,0.042480469,local,32,56,1,2,59,11,1,11,1,0,3
baseline,4,diagnostic,priority,305419896,1000,10000,5615,1588,0.021484375,local,32,56,1,2,59,10,1,10,1,0,3
baseline,4,diagnostic,priority,305419896,1000,10000,5892,1621,0.004638672,local,8,8,1,0,9,11,1,11,3,0,2
baseline,4,diagnostic,priority,305419896,1000,10000,6089,1634,0.006103516,direct,0,0,0,0,0,11,1,11,4,0,1
baseline,4,diagnostic,priority,305419896,1000,10000,6173,1636,0.005126953,local,8,8,1,0,9,11,1,11,1,0,2
baseline,4,diagnostic,priority,305419896,1000,10000,6201,1644,0.017578125,local,16,24,1,1,26,11,1,11,1,0,3
baseline,4,diagnostic,priority,305419896,1000,10000,6265,1654,0.004638672,local,8,8,1,0,9,12,1,12,1,0,2
baseline,4,diagnostic,priority,305419896,1000,10000,6294,1656,0.004638672,local,8,8,1,0,9,11,1,11,1,0,2
baseline,4,diagnostic,priority,305419896,1000,10000,6531,1701,0.006835938,local,8,8,1,0,9,11,1,11,3,0,3
baseline,4,diagnostic,priority,305419896,1000,10000,6625,1711,0.005126953,local,8,8,1,0,9,11,1,11,3,0,2
baseline,4,diagnostic,priority,305419896,1000,10000,6885,1737,0.028076172,local,32,56,1,2,59,11,1,11,1,0,3
baseline,4,diagnostic,priority,305419896,1000,10000,6967,1745,0.005371094,local,8,8,1,0,9,11,1,11,3,0,2
baseline,4,diagnostic,priority,305419896,1000,10000,7070,1764,0.009765625,direct,0,0,0,0,0,12,1,12,1,0,1
baseline,4,diagnostic,priority,305419896,1000,10000,7432,1812,0.018310547,local,8,8,1,0,9,11,0,11,3,0,3
baseline,4,diagnostic,priority,305419896,1000,10000,7847,1854,0.120117188,large,256,504,1,5,510,11,1,11,1,0,3
baseline,4,diagnostic,priority,305419896,1000,10000,9066,1968,0.009033203,local,16,24,1,1,26,12,1,12,1,0,3
open_dense,4,timed,priority,305419896,1000,10000,250,1014,0.004150391,unavailable,0,0,0,0,0,0,0,0,3,0,1
open_dense,4,timed,priority,305419896,1000,10000,343,1019,0.072265625,unavailable,0,0,0,0,0,0,0,0,1,0,1
open_dense,4,timed,priority,305419896,1000,10000,1082,1101,0.005859375,unavailable,0,0,0,0,0,0,0,0,1,0,1
open_dense,4,timed,priority,305419896,1000,10000,1221,1110,0.097167969,unavailable,0,0,0,0,0,0,0,0,4,0,1
open_dense,4,timed,priority,305419896,1000,10000,1229,1105,0.016357422,unavailable,0,0,0,0,0,0,0,0,1,0,1
open_dense,4,timed,priority,305419896,1000,10000,1968,1169,0.009033203,unavailable,0,0,0,0,0,0,0,0,1,0,1
open_dense,4,timed,priority,305419896,1000,10000,2126,1189,0.058105469,unavailable,0,0,0,0,0,0,0,0,1,0,1
open_dense,4,timed,priority,305419896,1000,10000,2991,1305,0.014648438,unavailable,0,0,0,0,0,0,0,0,1,0,1
open_dense,4,timed,priority,305419896,1000,10000,3855,1377,0.009521484,unavailable,0,0,0,0,0,0,0,0,1,0,1
open_dense,4,timed,priority,305419896,1000,10000,4123,1379,0.0078125,unavailable,0,0,0,0,0,0,0,0,1,0,1
open_dense,4,timed,priority,305419896,1000,10000,4405,1423,0.005859375,unavailable,0,0,0,0,0,0,0,0,1,0,1
open_dense,4,timed,priority,305419896,1000,10000,4476,1433,0.011962891,unavailable,0,0,0,0,0,0,0,0,2,0,1
open_dense,4,timed,priority,305419896,1000,10000,4786,1482,0.005859375,unavailable,0,0,0,0,0,0,0,0,5,0,1
open_dense,4,timed,priority,305419896,1000,10000,5129,1533,0.016113281,unavailable,0,0,0,0,0,0,0,0,1,0,1
open_dense,4,timed,priority,305419896,1000,10000,5453,1578,0.032714844,unavailable,0,0,0,0,0,0,0,0,1,0,1
open_dense,4,timed,priority,305419896,1000,10000,5615,1588,0.028076172,unavailable,0,0,0,0,0,0,0,0,1,0,1
open_dense,4,timed,priority,305419896,1000,10000,5989,1626,0.009765625,unavailable,0,0,0,0,0,0,0,0,1,0,1
open_dense,4,timed,priority,305419896,1000,10000,6104,1634,0.0078125,unavailable,0,0,0,0,0,0,0,0,4,0,1
open_dense,4,timed,priority,305419896,1000,10000,6141,1639,0.008789062,unavailable,0,0,0,0,0,0,0,0,5,0,1
open_dense,4,timed,priority,305419896,1000,10000,6201,1644,0.030517578,unavailable,0,0,0,0,0,0,0,0,1,0,1
open_dense,4,timed,priority,305419896,1000,10000,6414,1677,0.007324219,unavailable,0,0,0,0,0,0,0,0,3,0,1
open_dense,4,timed,priority,305419896,1000,10000,6885,1737,0.017333984,unavailable,0,0,0,0,0,0,0,0,1,0,1
open_dense,4,timed,priority,305419896,1000,10000,7847,1854,0.113525391,unavailable,0,0,0,0,0,0,0,0,1,0,1
open_dense,4,timed,priority,305419896,1000,10000,8710,1931,0.008789062,unavailable,0,0,0,0,0,0,0,0,1,0,1
open_dense,4,timed,priority,305419896,1000,10000,9066,1968,0.008300781,unavailable,0,0,0,0,0,0,0,0,1,0,1
open_dense,4,diagnostic,priority,305419896,1000,10000,343,1019,0.093505859,local,128,248,1,4,253,11,1,11,1,0,3
open_dense,4,diagnostic,priority,305419896,1000,10000,822,1074,0.006591797,local,8,8,1,0,9,11,1,11,4,0,3
open_dense,4,diagnostic,priority,305419896,1000,10000,922,1086,0.012695312,direct,0,0,0,0,0,11,1,11,1,0,1
open_dense,4,diagnostic,priority,305419896,1000,10000,1082,1101,0.008056641,local,16,24,1,1,26,10,0,10,1,0,3
open_dense,4,diagnostic,priority,305419896,1000,10000,1229,1105,0.018554688,local,32,56,1,2,59,11,1,11,1,0,3
open_dense,4,diagnostic,priority,305419896,1000,10000,2126,1189,0.072753906,local,128,248,1,4,253,11,1,11,1,0,3
open_dense,4,diagnostic,priority,305419896,1000,10000,2609,1255,0.010009766,direct,0,0,0,0,0,11,1,11,2,0,1
open_dense,4,diagnostic,priority,305419896,1000,10000,2991,1305,0.017822266,local,32,56,1,2,59,10,1,10,1,0,3
open_dense,4,diagnostic,priority,305419896,1000,10000,4007,1386,0.009521484,local,8,8,1,0,9,10,1,10,3,0,3
open_dense,4,diagnostic,priority,305419896,1000,10000,4123,1379,0.013916016,local,16,24,1,1,26,12,1,12,1,0,3
open_dense,4,diagnostic,priority,305419896,1000,10000,4220,1395,0.005615234,local,8,8,1,0,9,11,1,11,3,0,2
open_dense,4,diagnostic,priority,305419896,1000,10000,4356,1411,0.011230469,direct,0,0,0,0,0,12,1,12,1,0,1
open_dense,4,diagnostic,priority,305419896,1000,10000,4407,1424,0.028808594,direct,0,0,0,0,0,12,1,12,1,0,1
open_dense,4,diagnostic,priority,305419896,1000,10000,4650,1458,0.044433594,local,8,8,1,0,9,11,1,11,3,0,3
open_dense,4,diagnostic,priority,305419896,1000,10000,4899,1498,0.005615234,local,8,8,1,0,9,11,1,11,3,0,2
open_dense,4,diagnostic,priority,305419896,1000,10000,5096,1530,0.005615234,local,8,8,1,0,9,11,1,11,3,0,3
open_dense,4,diagnostic,priority,305419896,1000,10000,5129,1533,0.02734375,local,32,56,1,2,59,11,1,11,1,0,3
open_dense,4,diagnostic,priority,305419896,1000,10000,5561,1586,0.005371094,local,8,8,1,0,9,11,1,11,3,0,2
open_dense,4,diagnostic,priority,305419896,1000,10000,5615,1588,0.032958984,local,32,56,1,2,59,10,1,10,1,0,3
open_dense,4,diagnostic,priority,305419896,1000,10000,5892,1621,0.005371094,local,8,8,1,0,9,11,1,11,3,0,2
open_dense,4,diagnostic,priority,305419896,1000,10000,5974,1624,0.005371094,local,8,8,1,0,9,11,1,11,3,0,2
open_dense,4,diagnostic,priority,305419896,1000,10000,6173,1636,0.005615234,local,8,8,1,0,9,11,1,11,1,0,3
open_dense,4,diagnostic,priority,305419896,1000,10000,6201,1644,0.014892578,local,16,24,1,1,26,11,1,11,1,0,3
open_dense,4,diagnostic,priority,305419896,1000,10000,6531,1701,0.006591797,local,8,8,1,0,9,11,1,11,3,0,3
open_dense,4,diagnostic,priority,305419896,1000,10000,6885,1737,0.022460938,local,32,56,1,2,59,11,1,11,1,0,3
open_dense,4,diagnostic,priority,305419896,1000,10000,7070,1764,0.011474609,direct,0,0,0,0,0,12,1,12,1,0,1
open_dense,4,diagnostic,priority,305419896,1000,10000,7312,1793,0.008056641,local,8,8,1,0,9,12,1,12,3,0,3
open_dense,4,diagnostic,priority,305419896,1000,10000,7432,1812,0.020263672,local,8,8,1,0,9,11,0,11,3,0,3
open_dense,4,diagnostic,priority,305419896,1000,10000,7847,1854,0.134521484,large,256,504,1,5,510,11,1,11,1,0,3
open_dense,4,diagnostic,priority,305419896,1000,10000,9066,1968,0.009765625,local,16,24,1,1,26,12,1,12,1,0,3
baseline,5,timed,local,17,1000,10000,143,1000,0.004150391,unavailable,0,0,0,0,0,0,0,0,3,0,1
baseline,5,timed,local,17,1000,10000,1519,1043,0.004638672,unavailable,0,0,0,0,0,0,0,0,1,0,1
baseline,5,timed,local,17,1000,10000,2387,1020,0.00390625,unavailable,0,0,0,0,0,0,0,0,5,0,1
baseline,5,timed,local,17,1000,10000,5394,1064,0.005859375,unavailable,0,0,0,0,0,0,0,0,1,0,1
baseline,5,timed,local,17,1000,10000,6001,1049,0.004394531,unavailable,0,0,0,0,0,0,0,0,1,0,1
baseline,5,timed,local,17,1000,10000,6003,1049,0.00390625,unavailable,0,0,0,0,0,0,0,0,2,0,1
baseline,5,timed,local,17,1000,10000,6006,1050,0.003417969,unavailable,0,0,0,0,0,0,0,0,3,0,1
baseline,5,timed,local,17,1000,10000,6018,1050,0.00390625,unavailable,0,0,0,0,0,0,0,0,4,0,1
baseline,5,timed,local,17,1000,10000,6019,1050,0.004394531,unavailable,0,0,0,0,0,0,0,0,5,0,1
baseline,5,timed,local,17,1000,10000,6056,1044,0.003417969,unavailable,0,0,0,0,0,0,0,0,4,0,1
baseline,5,timed,local,17,1000,10000,6065,1046,0.012451172,unavailable,0,0,0,0,0,0,0,0,1,0,1
baseline,5,timed,local,17,1000,10000,6079,1046,0.003662109,unavailable,0,0,0,0,0,0,0,0,6,0,1
baseline,5,timed,local,17,1000,10000,6104,1047,0.003417969,unavailable,0,0,0,0,0,0,0,0,5,0,1
baseline,5,timed,local,17,1000,10000,6112,1046,0.003417969,unavailable,0,0,0,0,0,0,0,0,2,0,1
baseline,5,timed,local,17,1000,10000,6114,1046,0.003662109,unavailable,0,0,0,0,0,0,0,0,4,0,1
baseline,5,timed,local,17,1000,10000,6115,1046,0.00390625,unavailable,0,0,0,0,0,0,0,0,5,0,1
baseline,5,timed,local,17,1000,10000,6117,1046,0.004882812,unavailable,0,0,0,0,0,0,0,0,4,0,1
baseline,5,timed,local,17,1000,10000,6120,1044,0.021972656,unavailable,0,0,0,0,0,0,0,0,1,0,1
baseline,5,timed,local,17,1000,10000,6123,1044,0.00390625,unavailable,0,0,0,0,0,0,0,0,3,0,1
baseline,5,timed,local,17,1000,10000,6135,1043,0.003417969,unavailable,0,0,0,0,0,0,0,0,6,0,1
baseline,5,timed,local,17,1000,10000,6148,1046,0.003662109,unavailable,0,0,0,0,0,0,0,0,3,0,1
baseline,5,timed,local,17,1000,10000,6151,1047,0.003662109,unavailable,0,0,0,0,0,0,0,0,4,0,1
baseline,5,timed,local,17,1000,10000,6156,1047,0.005615234,unavailable,0,0,0,0,0,0,0,0,6,0,1
baseline,5,timed,local,17,1000,10000,6164,1046,0.003662109,unavailable,0,0,0,0,0,0,0,0,5,0,1
baseline,5,timed,local,17,1000,10000,6369,1043,0.003417969,unavailable,0,0,0,0,0,0,0,0,3,0,1
baseline,5,diagnostic,local,17,1000,10000,225,1007,0.006835938,direct,0,0,0,0,0,10,0,10,2,0,1
baseline,5,diagnostic,local,17,1000,10000,528,1014,0.007080078,direct,0,0,0,0,0,10,0,10,3,0,1
baseline,5,diagnostic,local,17,1000,10000,701,1023,0.005615234,direct,0,0,0,0,0,10,2,10,2,0,1
baseline,5,diagnostic,local,17,1000,10000,1519,1043,0.005859375,local,8,8,1,0,9,10,1,10,1,0,3
baseline,5,diagnostic,local,17,1000,10000,1894,1042,0.004882812,direct,0,0,0,0,0,9,0,9,1,0,1
baseline,5,diagnostic,local,17,1000,10000,2584,1022,0.003173828,local,8,8,1,0,9,10,0,10,1,0,2
baseline,5,diagnostic,local,17,1000,10000,2810,1028,0.00390625,direct,0,0,0,0,0,10,0,10,6,0,1
baseline,5,diagnostic,local,17,1000,10000,3018,1029,0.002929688,local,8,8,1,0,9,10,2,10,1,0,2
baseline,5,diagnostic,local,17,1000,10000,3170,1036,0.003173828,local,8,8,1,0,9,9,0,9,1,0,2
baseline,5,diagnostic,local,17,1000,10000,3567,1045,0.002929688,local,8,8,1,0,9,11,1,11,1,0,2
baseline,5,diagnostic,local,17,1000,10000,3977,1036,0.003173828,local,8,8,1,0,9,9,0,9,1,0,2
baseline,5,diagnostic,local,17,1000,10000,4089,1036,0.002685547,local,8,8,1,0,9,11,1,11,1,0,2
baseline,5,diagnostic,local,17,1000,10000,4236,1043,0.042236328,direct,0,0,0,0,0,10,0,10,3,0,1
baseline,5,diagnostic,local,17,1000,10000,4237,1043,0.004638672,direct,0,0,0,0,0,10,1,10,3,0,1
baseline,5,diagnostic,local,17,1000,10000,4241,1043,0.00390625,direct,0,0,0,0,0,10,1,10,3,0,1
baseline,5,diagnostic,local,17,1000,10000,4247,1043,0.003417969,direct,0,0,0,0,0,11,2,11,3,0,1
baseline,5,diagnostic,local,17,1000,10000,4249,1044,0.003417969,direct,0,0,0,0,0,9,0,9,4,0,1
baseline,5,diagnostic,local,17,1000,10000,4253,1045,0.003417969,direct,0,0,0,0,0,11,1,11,2,0,1
baseline,5,diagnostic,local,17,1000,10000,4257,1047,0.003662109,direct,0,0,0,0,0,11,1,11,3,0,1
baseline,5,diagnostic,local,17,1000,10000,4258,1047,0.003417969,direct,0,0,0,0,0,11,1,11,3,0,1
baseline,5,diagnostic,local,17,1000,10000,4261,1047,0.003417969,direct,0,0,0,0,0,10,0,10,3,0,1
baseline,5,diagnostic,local,17,1000,10000,4272,1049,0.003662109,direct,0,0,0,0,0,10,0,10,5,0,1
baseline,5,diagnostic,local,17,1000,10000,4282,1048,0.004394531,direct,0,0,0,0,0,10,0,10,4,0,1
baseline,5,diagnostic,local,17,1000,10000,4288,1049,0.004150391,direct,0,0,0,0,0,10,0,10,6,0,1
baseline,5,diagnostic,local,17,1000,10000,4291,1050,0.003417969,direct,0,0,0,0,0,11,2,11,3,0,1
baseline,5,diagnostic,local,17,1000,10000,4300,1049,0.00390625,direct,0,0,0,0,0,10,2,10,5,0,1
baseline,5,diagnostic,local,17,1000,10000,4310,1050,0.003662109,direct,0,0,0,0,0,10,0,10,3,0,1
baseline,5,diagnostic,local,17,1000,10000,4910,1060,0.004638672,local,8,8,1,0,9,11,1,11,1,0,3
baseline,5,diagnostic,local,17,1000,10000,4957,1064,0.002685547,local,8,8,1,0,9,10,0,10,1,0,2
baseline,5,diagnostic,local,17,1000,10000,4967,1067,0.003173828,local,8,8,1,0,9,10,0,10,1,0,2
baseline,5,diagnostic,local,17,1000,10000,5394,1064,0.006591797,local,16,24,1,1,26,12,2,12,1,0,3
baseline,5,diagnostic,local,17,1000,10000,5645,1056,0.002929688,local,8,8,1,0,9,12,1,12,1,0,2
baseline,5,diagnostic,local,17,1000,10000,5667,1055,0.005371094,direct,0,0,0,0,0,10,0,10,2,0,1
baseline,5,diagnostic,local,17,1000,10000,5905,1052,0.002685547,local,8,8,1,0,9,10,0,10,1,0,2
baseline,5,diagnostic,local,17,1000,10000,6217,1043,0.002685547,local,8,8,1,0,9,10,2,10,1,0,2
baseline,5,diagnostic,local,17,1000,10000,6339,1041,0.002685547,local,8,8,1,0,9,11,2,11,1,0,2
baseline,5,diagnostic,local,17,1000,10000,6369,1043,0.003662109,local,8,8,1,0,9,11,2,11,3,0,3
baseline,5,diagnostic,local,17,1000,10000,6660,1037,0.002685547,local,8,8,1,0,9,12,1,12,1,0,2
baseline,5,diagnostic,local,17,1000,10000,7238,1034,0.002929688,local,8,8,1,0,9,11,1,11,1,0,2
baseline,5,diagnostic,local,17,1000,10000,8249,1013,0.003173828,local,8,8,1,0,9,11,1,11,1,0,2
baseline,5,diagnostic,local,17,1000,10000,8842,1014,0.002685547,local,8,8,1,0,9,11,1,11,1,0,2
baseline,5,diagnostic,local,17,1000,10000,9012,1012,0.002685547,local,8,8,1,0,9,9,0,9,1,0,2
baseline,5,diagnostic,local,17,1000,10000,9466,1010,0.002685547,local,8,8,1,0,9,11,2,11,1,0,2
baseline,5,diagnostic,local,17,1000,10000,9506,1007,0.002685547,local,8,8,1,0,9,10,0,10,1,0,2
baseline,5,diagnostic,local,17,1000,10000,9689,1015,0.002685547,local,8,8,1,0,9,11,1,11,1,0,2
baseline,5,diagnostic,local,17,1000,10000,9735,1019,0.002441406,local,8,8,1,0,9,11,1,11,1,0,2
open_dense,5,timed,local,17,1000,10000,1,999,0.003173828,unavailable,0,0,0,0,0,0,0,0,2,0,1
open_dense,5,timed,local,17,1000,10000,143,1000,0.006103516,unavailable,0,0,0,0,0,0,0,0,3,0,1
open_dense,5,timed,local,17,1000,10000,1519,1043,0.004882812,unavailable,0,0,0,0,0,0,0,0,1,0,1
open_dense,5,timed,local,17,1000,10000,1947,1042,0.004394531,unavailable,0,0,0,0,0,0,0,0,4,0,1
open_dense,5,timed,local,17,1000,10000,2584,1022,0.002929688,unavailable,0,0,0,0,0,0,0,0,1,0,1
open_dense,5,timed,local,17,1000,10000,3018,1029,0.002929688,unavailable,0,0,0,0,0,0,0,0,1,0,1
open_dense,5,timed,local,17,1000,10000,3170,1036,0.002685547,unavailable,0,0,0,0,0,0,0,0,1,0,1
open_dense,5,timed,local,17,1000,10000,3567,1045,0.002685547,unavailable,0,0,0,0,0,0,0,0,1,0,1
open_dense,5,timed,local,17,1000,10000,3977,1036,0.002685547,unavailable,0,0,0,0,0,0,0,0,1,0,1
open_dense,5,timed,local,17,1000,10000,4089,1036,0.002685547,unavailable,0,0,0,0,0,0,0,0,1,0,1
open_dense,5,timed,local,17,1000,10000,4910,1060,0.002929688,unavailable,0,0,0,0,0,0,0,0,1,0,1
open_dense,5,timed,local,17,1000,10000,4967,1067,0.002685547,unavailable,0,0,0,0,0,0,0,0,1,0,1
open_dense,5,timed,local,17,1000,10000,5103,1064,0.003417969,unavailable,0,0,0,0,0,0,0,0,1,0,1
open_dense,5,timed,local,17,1000,10000,5394,1064,0.006103516,unavailable,0,0,0,0,0,0,0,0,1,0,1
open_dense,5,timed,local,17,1000,10000,5645,1056,0.002929688,unavailable,0,0,0,0,0,0,0,0,1,0,1
open_dense,5,timed,local,17,1000,10000,5933,1050,0.002685547,unavailable,0,0,0,0,0,0,0,0,1,0,1
open_dense,5,timed,local,17,1000,10000,6215,1043,0.005615234,unavailable,0,0,0,0,0,0,0,0,3,0,1
open_dense,5,timed,local,17,1000,10000,6217,1043,0.002685547,unavailable,0,0,0,0,0,0,0,0,1,0,1
open_dense,5,timed,local,17,1000,10000,6253,1042,0.002685547,unavailable,0,0,0,0,0,0,0,0,1,0,1
open_dense,5,timed,local,17,1000,10000,6369,1043,0.003173828,unavailable,0,0,0,0,0,0,0,0,3,0,1
open_dense,5,timed,local,17,1000,10000,7238,1034,0.002685547,unavailable,0,0,0,0,0,0,0,0,1,0,1
open_dense,5,timed,local,17,1000,10000,8159,1015,0.003662109,unavailable,0,0,0,0,0,0,0,0,3,0,1
open_dense,5,timed,local,17,1000,10000,8249,1013,0.002685547,unavailable,0,0,0,0,0,0,0,0,1,0,1
open_dense,5,timed,local,17,1000,10000,9012,1012,0.002441406,unavailable,0,0,0,0,0,0,0,0,1,0,1
open_dense,5,timed,local,17,1000,10000,9369,1009,0.002441406,unavailable,0,0,0,0,0,0,0,0,1,0,1
open_dense,5,diagnostic,local,17,1000,10000,40,998,0.006835938,direct,0,0,0,0,0,10,0,10,2,0,1
open_dense,5,diagnostic,local,17,1000,10000,233,1008,0.008544922,direct,0,0,0,0,0,10,0,10,3,0,1
open_dense,5,diagnostic,local,17,1000,10000,701,1023,0.007568359,direct,0,0,0,0,0,10,2,10,2,0,1
open_dense,5,diagnostic,local,17,1000,10000,1519,1043,0.007324219,local,8,8,1,0,9,10,1,10,1,0,3
open_dense,5,diagnostic,local,17,1000,10000,1895,1042,0.006591797,direct,0,0,0,0,0,11,1,11,3,0,1
open_dense,5,diagnostic,local,17,1000,10000,2584,1022,0.003662109,local,8,8,1,0,9,10,0,10,1,0,2
open_dense,5,diagnostic,local,17,1000,10000,2810,1028,0.004638672,direct,0,0,0,0,0,10,0,10,6,0,1
open_dense,5,diagnostic,local,17,1000,10000,3170,1036,0.002929688,local,8,8,1,0,9,9,0,9,1,0,2
open_dense,5,diagnostic,local,17,1000,10000,3567,1045,0.003173828,local,8,8,1,0,9,11,1,11,1,0,2
open_dense,5,diagnostic,local,17,1000,10000,3977,1036,0.003173828,local,8,8,1,0,9,9,0,9,1,0,2
open_dense,5,diagnostic,local,17,1000,10000,4089,1036,0.002929688,local,8,8,1,0,9,11,1,11,1,0,2
open_dense,5,diagnostic,local,17,1000,10000,4910,1060,0.003173828,local,8,8,1,0,9,11,1,11,1,0,2
open_dense,5,diagnostic,local,17,1000,10000,4967,1067,0.003173828,local,8,8,1,0,9,10,0,10,1,0,2
open_dense,5,diagnostic,local,17,1000,10000,5041,1064,0.01171875,direct,0,0,0,0,0,11,2,11,1,0,1
open_dense,5,diagnostic,local,17,1000,10000,5042,1064,0.007080078,direct,0,0,0,0,0,11,1,11,4,0,1
open_dense,5,diagnostic,local,17,1000,10000,5044,1063,0.004150391,direct,0,0,0,0,0,12,1,12,2,0,1
open_dense,5,diagnostic,local,17,1000,10000,5046,1062,0.004394531,direct,0,0,0,0,0,10,0,10,4,0,1
open_dense,5,diagnostic,local,17,1000,10000,5060,1065,0.00390625,direct,0,0,0,0,0,10,0,10,4,0,1
open_dense,5,diagnostic,local,17,1000,10000,5065,1065,0.00390625,direct,0,0,0,0,0,10,0,10,5,0,1
open_dense,5,diagnostic,local,17,1000,10000,5090,1062,0.004150391,direct,0,0,0,0,0,11,2,11,5,0,1
open_dense,5,diagnostic,local,17,1000,10000,5103,1064,0.015380859,local,8,8,1,0,9,11,1,11,1,0,3
open_dense,5,diagnostic,local,17,1000,10000,5104,1064,0.010742188,local,8,8,1,0,9,9,0,9,1,0,3
open_dense,5,diagnostic,local,17,1000,10000,5165,1063,0.004394531,direct,0,0,0,0,0,11,1,11,6,0,1
open_dense,5,diagnostic,local,17,1000,10000,5186,1067,0.00390625,direct,0,0,0,0,0,10,0,10,5,0,1
open_dense,5,diagnostic,local,17,1000,10000,5217,1070,0.003662109,direct,0,0,0,0,0,11,1,11,4,0,1
open_dense,5,diagnostic,local,17,1000,10000,5238,1070,0.00390625,direct,0,0,0,0,0,11,0,11,6,0,1
open_dense,5,diagnostic,local,17,1000,10000,5280,1070,0.011230469,local,8,8,1,0,9,10,2,10,1,0,3
open_dense,5,diagnostic,local,17,1000,10000,5293,1071,0.00390625,direct,0,0,0,0,0,9,0,9,5,0,1
open_dense,5,diagnostic,local,17,1000,10000,5394,1064,0.007324219,local,16,24,1,1,26,12,2,12,1,0,3
open_dense,5,diagnostic,local,17,1000,10000,5645,1056,0.003417969,local,8,8,1,0,9,12,1,12,1,0,2
open_dense,5,diagnostic,local,17,1000,10000,5905,1052,0.002929688,local,8,8,1,0,9,10,0,10,1,0,2
open_dense,5,diagnostic,local,17,1000,10000,5933,1050,0.002929688,local,8,8,1,0,9,10,0,10,1,0,2
open_dense,5,diagnostic,local,17,1000,10000,5981,1048,0.007080078,direct,0,0,0,0,0,10,0,10,6,0,1
open_dense,5,diagnostic,local,17,1000,10000,6217,1043,0.002929688,local,8,8,1,0,9,10,2,10,1,0,2
open_dense,5,diagnostic,local,17,1000,10000,6339,1041,0.002929688,local,8,8,1,0,9,11,2,11,1,0,2
open_dense,5,diagnostic,local,17,1000,10000,6369,1043,0.003662109,local,8,8,1,0,9,11,2,11,3,0,3
open_dense,5,diagnostic,local,17,1000,10000,7238,1034,0.003173828,local,8,8,1,0,9,11,1,11,1,0,2
open_dense,5,diagnostic,local,17,1000,10000,7822,1010,0.004150391,direct,0,0,0,0,0,11,2,11,2,0,1
open_dense,5,diagnostic,local,17,1000,10000,8249,1013,0.003173828,local,8,8,1,0,9,11,1,11,1,0,2
open_dense,5,diagnostic,local,17,1000,10000,9012,1012,0.002685547,local,8,8,1,0,9,9,0,9,1,0,2
open_dense,5,diagnostic,local,17,1000,10000,9369,1009,0.002685547,local,8,8,1,0,9,10,0,10,1,0,2
open_dense,5,diagnostic,local,17,1000,10000,9466,1010,0.002685547,local,8,8,1,0,9,11,2,11,1,0,2
open_dense,5,diagnostic,local,17,1000,10000,9506,1007,0.002685547,local,8,8,1,0,9,10,0,10,1,0,2
open_dense,5,diagnostic,local,17,1000,10000,9689,1015,0.002685547,local,8,8,1,0,9,11,1,11,1,0,2
baseline,6,timed,local,305419896,1000,10000,72,1003,0.005615234,unavailable,0,0,0,0,0,0,0,0,3,0,1
baseline,6,timed,local,305419896,1000,10000,1723,1011,0.004638672,unavailable,0,0,0,0,0,0,0,0,4,0,1
baseline,6,timed,local,305419896,1000,10000,1822,1013,0.004882812,unavailable,0,0,0,0,0,0,0,0,1,0,1
baseline,6,timed,local,305419896,1000,10000,3341,985,0.004150391,unavailable,0,0,0,0,0,0,0,0,1,0,1
baseline,6,timed,local,305419896,1000,10000,5001,1017,0.008300781,unavailable,0,0,0,0,0,0,0,0,3,0,1
baseline,6,timed,local,305419896,1000,10000,5003,1017,0.004638672,unavailable,0,0,0,0,0,0,0,0,4,0,1
baseline,6,timed,local,305419896,1000,10000,5009,1016,0.003662109,unavailable,0,0,0,0,0,0,0,0,5,0,1
baseline,6,timed,local,305419896,1000,10000,5015,1016,0.004394531,unavailable,0,0,0,0,0,0,0,0,6,0,1
baseline,6,timed,local,305419896,1000,10000,5017,1016,0.00390625,unavailable,0,0,0,0,0,0,0,0,4,0,1
baseline,6,timed,local,305419896,1000,10000,5026,1016,0.004882812,unavailable,0,0,0,0,0,0,0,0,5,0,1
baseline,6,timed,local,305419896,1000,10000,5033,1017,0.003417969,unavailable,0,0,0,0,0,0,0,0,6,0,1
baseline,6,timed,local,305419896,1000,10000,5043,1018,0.00390625,unavailable,0,0,0,0,0,0,0,0,4,0,1
baseline,6,timed,local,305419896,1000,10000,5044,1018,0.003417969,unavailable,0,0,0,0,0,0,0,0,5,0,1
baseline,6,timed,local,305419896,1000,10000,5047,1021,0.00390625,unavailable,0,0,0,0,0,0,0,0,5,0,1
baseline,6,timed,local,305419896,1000,10000,5049,1021,0.004150391,unavailable,0,0,0,0,0,0,0,0,6,0,1
baseline,6,timed,local,305419896,1000,10000,5063,1022,0.00390625,unavailable,0,0,0,0,0,0,0,0,6,0,1
baseline,6,timed,local,305419896,1000,10000,5071,1024,0.003417969,unavailable,0,0,0,0,0,0,0,0,3,0,1
baseline,6,timed,local,305419896,1000,10000,5077,1023,0.004150391,unavailable,0,0,0,0,0,0,0,0,4,0,1
baseline,6,timed,local,305419896,1000,10000,5083,1022,0.004882812,unavailable,0,0,0,0,0,0,0,0,5,0,1
baseline,6,timed,local,305419896,1000,10000,5085,1023,0.003173828,unavailable,0,0,0,0,0,0,0,0,3,0,1
baseline,6,timed,local,305419896,1000,10000,5234,1014,0.003417969,unavailable,0,0,0,0,0,0,0,0,1,0,1
baseline,6,timed,local,305419896,1000,10000,5785,1009,0.003173828,unavailable,0,0,0,0,0,0,0,0,0,0,1
baseline,6,timed,local,305419896,1000,10000,6388,988,0.006591797,unavailable,0,0,0,0,0,0,0,0,2,0,1
baseline,6,timed,local,305419896,1000,10000,8391,974,0.003417969,unavailable,0,0,0,0,0,0,0,0,2,0,1
baseline,6,timed,local,305419896,1000,10000,9604,959,0.005615234,unavailable,0,0,0,0,0,0,0,0,1,0,1
baseline,6,diagnostic,local,305419896,1000,10000,115,1011,0.008056641,direct,0,0,0,0,0,10,0,10,2,0,1
baseline,6,diagnostic,local,305419896,1000,10000,780,1024,0.0078125,direct,0,0,0,0,0,9,0,9,4,0,1
baseline,6,diagnostic,local,305419896,1000,10000,1822,1013,0.005859375,local,8,8,1,0,9,10,0,10,1,0,3
baseline,6,diagnostic,local,305419896,1000,10000,1914,1009,0.002929688,local,8,8,1,0,9,10,1,10,1,0,2
baseline,6,diagnostic,local,305419896,1000,10000,2007,1006,0.002929688,local,8,8,1,0,9,11,2,11,1,0,2
baseline,6,diagnostic,local,305419896,1000,10000,2321,1003,0.002685547,local,8,8,1,0,9,10,0,10,1,0,2
baseline,6,diagnostic,local,305419896,1000,10000,2643,993,0.003173828,local,8,8,1,0,9,10,0,10,1,0,2
baseline,6,diagnostic,local,305419896,1000,10000,2814,988,0.002685547,local,8,8,1,0,9,11,2,11,1,0,2
baseline,6,diagnostic,local,305419896,1000,10000,3918,998,0.002685547,local,8,8,1,0,9,11,2,11,1,0,2
baseline,6,diagnostic,local,305419896,1000,10000,4108,1005,0.002685547,local,8,8,1,0,9,10,0,10,1,0,2
baseline,6,diagnostic,local,305419896,1000,10000,4149,1008,0.002929688,local,8,8,1,0,9,10,2,10,1,0,2
baseline,6,diagnostic,local,305419896,1000,10000,4629,1009,0.003173828,local,8,8,1,0,9,10,1,10,1,0,2
baseline,6,diagnostic,local,305419896,1000,10000,4855,1012,0.009033203,local,8,8,1,0,9,11,1,11,1,0,3
baseline,6,diagnostic,local,305419896,1000,10000,5200,1016,0.023925781,direct,0,0,0,0,0,10,0,10,1,0,1
baseline,6,diagnostic,local,305419896,1000,10000,5631,1012,0.003173828,local,8,8,1,0,9,9,0,9,1,0,2
baseline,6,diagnostic,local,305419896,1000,10000,5785,1009,0.002685547,local,8,8,1,0,9,10,0,10,0,0,2
baseline,6,diagnostic,local,305419896,1000,10000,6234,992,0.002685547,local,8,8,1,0,9,11,1,11,1,0,2
baseline,6,diagnostic,local,305419896,1000,10000,6833,988,0.002685547,local,8,8,1,0,9,9,0,9,1,0,2
baseline,6,diagnostic,local,305419896,1000,10000,7084,987,0.053466797,direct,0,0,0,0,0,10,1,10,3,0,1
baseline,6,diagnostic,local,305419896,1000,10000,7085,987,0.006103516,direct,0,0,0,0,0,10,0,10,2,0,1
baseline,6,diagnostic,local,305419896,1000,10000,7086,987,0.005371094,direct,0,0,0,0,0,11,2,11,3,0,1
baseline,6,diagnostic,local,305419896,1000,10000,7092,985,0.004638672,direct,0,0,0,0,0,11,1,11,6,0,1
baseline,6,diagnostic,local,305419896,1000,10000,7118,985,0.004394531,direct,0,0,0,0,0,10,0,10,4,0,1
baseline,6,diagnostic,local,305419896,1000,10000,7127,982,0.005371094,direct,0,0,0,0,0,11,1,11,4,0,1
baseline,6,diagnostic,local,305419896,1000,10000,7129,981,0.005615234,direct,0,0,0,0,0,10,0,10,6,0,1
baseline,6,diagnostic,local,305419896,1000,10000,7130,981,0.019775391,local,8,8,1,0,9,11,2,11,1,0,3
baseline,6,diagnostic,local,305419896,1000,10000,7131,981,0.005371094,direct,0,0,0,0,0,10,2,10,4,0,1
baseline,6,diagnostic,local,305419896,1000,10000,7146,981,0.005126953,direct,0,0,0,0,0,10,0,10,5,0,1
baseline,6,diagnostic,local,305419896,1000,10000,7161,979,0.005859375,direct,0,0,0,0,0,11,1,11,6,0,1
baseline,6,diagnostic,local,305419896,1000,10000,7162,979,0.004394531,direct,0,0,0,0,0,9,0,9,4,0,1
baseline,6,diagnostic,local,305419896,1000,10000,7166,978,0.004638672,direct,0,0,0,0,0,11,1,11,2,0,1
baseline,6,diagnostic,local,305419896,1000,10000,7183,978,0.004882812,direct,0,0,0,0,0,10,1,10,6,0,1
baseline,6,diagnostic,local,305419896,1000,10000,7193,978,0.004394531,direct,0,0,0,0,0,10,2,10,6,0,1
baseline,6,diagnostic,local,305419896,1000,10000,7230,976,0.004150391,direct,0,0,0,0,0,9,0,9,5,0,1
baseline,6,diagnostic,local,305419896,1000,10000,7234,976,0.013183594,local,8,8,1,0,9,11,1,11,1,0,3
baseline,6,diagnostic,local,305419896,1000,10000,7409,974,0.004394531,direct,0,0,0,0,0,11,2,11,6,0,1
baseline,6,diagnostic,local,305419896,1000,10000,7463,973,0.005615234,local,8,8,1,0,9,10,1,10,1,0,3
baseline,6,diagnostic,local,305419896,1000,10000,7893,975,0.002441406,local,8,8,1,0,9,10,2,10,1,0,2
baseline,6,diagnostic,local,305419896,1000,10000,8087,977,0.002441406,local,8,8,1,0,9,11,2,11,1,0,2
baseline,6,diagnostic,local,305419896,1000,10000,8844,968,0.002441406,local,8,8,1,0,9,11,2,11,1,0,2
baseline,6,diagnostic,local,305419896,1000,10000,9065,960,0.002685547,local,8,8,1,0,9,11,0,11,1,0,2
baseline,6,diagnostic,local,305419896,1000,10000,9216,964,0.002685547,local,8,8,1,0,9,11,1,11,1,0,2
baseline,6,diagnostic,local,305419896,1000,10000,9604,959,0.005615234,local,16,24,1,1,26,10,0,10,1,0,3
baseline,6,diagnostic,local,305419896,1000,10000,9988,967,0.002929688,local,8,8,1,0,9,10,0,10,1,0,2
open_dense,6,timed,local,305419896,1000,10000,72,1003,0.006347656,unavailable,0,0,0,0,0,0,0,0,3,0,1
open_dense,6,timed,local,305419896,1000,10000,321,1012,0.006835938,unavailable,0,0,0,0,0,0,0,0,1,0,1
open_dense,6,timed,local,305419896,1000,10000,1723,1011,0.004394531,unavailable,0,0,0,0,0,0,0,0,4,0,1
open_dense,6,timed,local,305419896,1000,10000,1822,1013,0.005371094,unavailable,0,0,0,0,0,0,0,0,1,0,1
open_dense,6,timed,local,305419896,1000,10000,3277,987,0.097900391,unavailable,0,0,0,0,0,0,0,0,2,0,1
open_dense,6,timed,local,305419896,1000,10000,5001,1017,0.007568359,unavailable,0,0,0,0,0,0,0,0,3,0,1
open_dense,6,timed,local,305419896,1000,10000,5002,1017,0.003173828,unavailable,0,0,0,0,0,0,0,0,3,0,1
open_dense,6,timed,local,305419896,1000,10000,5003,1017,0.004394531,unavailable,0,0,0,0,0,0,0,0,4,0,1
open_dense,6,timed,local,305419896,1000,10000,5009,1016,0.003662109,unavailable,0,0,0,0,0,0,0,0,5,0,1
open_dense,6,timed,local,305419896,1000,10000,5015,1016,0.004150391,unavailable,0,0,0,0,0,0,0,0,6,0,1
open_dense,6,timed,local,305419896,1000,10000,5017,1016,0.004150391,unavailable,0,0,0,0,0,0,0,0,4,0,1
open_dense,6,timed,local,305419896,1000,10000,5026,1016,0.004882812,unavailable,0,0,0,0,0,0,0,0,5,0,1
open_dense,6,timed,local,305419896,1000,10000,5033,1017,0.003662109,unavailable,0,0,0,0,0,0,0,0,6,0,1
open_dense,6,timed,local,305419896,1000,10000,5038,1018,0.003417969,unavailable,0,0,0,0,0,0,0,0,2,0,1
open_dense,6,timed,local,305419896,1000,10000,5043,1018,0.003417969,unavailable,0,0,0,0,0,0,0,0,4,0,1
open_dense,6,timed,local,305419896,1000,10000,5044,1018,0.003417969,unavailable,0,0,0,0,0,0,0,0,5,0,1
open_dense,6,timed,local,305419896,1000,10000,5047,1021,0.004150391,unavailable,0,0,0,0,0,0,0,0,5,0,1
open_dense,6,timed,local,305419896,1000,10000,5049,1021,0.00390625,unavailable,0,0,0,0,0,0,0,0,6,0,1
open_dense,6,timed,local,305419896,1000,10000,5061,1021,0.003417969,unavailable,0,0,0,0,0,0,0,0,3,0,1
open_dense,6,timed,local,305419896,1000,10000,5063,1022,0.004394531,unavailable,0,0,0,0,0,0,0,0,6,0,1
open_dense,6,timed,local,305419896,1000,10000,5083,1022,0.003662109,unavailable,0,0,0,0,0,0,0,0,5,0,1
open_dense,6,timed,local,305419896,1000,10000,5096,1021,0.00390625,unavailable,0,0,0,0,0,0,0,0,6,0,1
open_dense,6,timed,local,305419896,1000,10000,5116,1020,0.003173828,unavailable,0,0,0,0,0,0,0,0,5,0,1
open_dense,6,timed,local,305419896,1000,10000,5234,1014,0.003173828,unavailable,0,0,0,0,0,0,0,0,1,0,1
open_dense,6,timed,local,305419896,1000,10000,9604,959,0.005126953,unavailable,0,0,0,0,0,0,0,0,1,0,1
open_dense,6,diagnostic,local,305419896,1000,10000,132,1012,0.005859375,direct,0,0,0,0,0,10,0,10,2,0,1
open_dense,6,diagnostic,local,305419896,1000,10000,718,1023,0.005615234,direct,0,0,0,0,0,10,0,10,1,0,1
open_dense,6,diagnostic,local,305419896,1000,10000,1822,1013,0.006591797,local,8,8,1,0,9,10,0,10,1,0,3
open_dense,6,diagnostic,local,305419896,1000,10000,1914,1009,0.003173828,local,8,8,1,0,9,10,1,10,1,0,3
open_dense,6,diagnostic,local,305419896,1000,10000,2007,1006,0.003173828,local,8,8,1,0,9,11,2,11,1,0,3
open_dense,6,diagnostic,local,305419896,1000,10000,2321,1003,0.002685547,local,8,8,1,0,9,10,0,10,1,0,3
open_dense,6,diagnostic,local,305419896,1000,10000,2643,993,0.003173828,local,8,8,1,0,9,10,0,10,1,0,3
open_dense,6,diagnostic,local,305419896,1000,10000,2814,988,0.002685547,local,8,8,1,0,9,11,2,11,1,0,3
open_dense,6,diagnostic,local,305419896,1000,10000,2983,989,0.002685547,local,8,8,1,0,9,10,1,10,1,0,3
open_dense,6,diagnostic,local,305419896,1000,10000,3571,983,0.002685547,local,8,8,1,0,9,11,1,11,1,0,3
open_dense,6,diagnostic,local,305419896,1000,10000,3576,983,0.002929688,local,8,8,1,0,9,11,0,11,1,0,3
open_dense,6,diagnostic,local,305419896,1000,10000,3918,998,0.002929688,local,8,8,1,0,9,11,2,11,1,0,3
open_dense,6,diagnostic,local,305419896,1000,10000,4108,1005,0.002685547,local,8,8,1,0,9,10,0,10,1,0,3
open_dense,6,diagnostic,local,305419896,1000,10000,4149,1008,0.003173828,local,8,8,1,0,9,10,2,10,1,0,3
open_dense,6,diagnostic,local,305419896,1000,10000,4629,1009,0.003173828,local,8,8,1,0,9,10,1,10,1,0,3
open_dense,6,diagnostic,local,305419896,1000,10000,4855,1012,0.008056641,local,8,8,1,0,9,11,1,11,1,0,3
open_dense,6,diagnostic,local,305419896,1000,10000,5785,1009,0.002929688,local,8,8,1,0,9,10,0,10,0,0,3
open_dense,6,diagnostic,local,305419896,1000,10000,6234,992,0.002685547,local,8,8,1,0,9,11,1,11,1,0,3
open_dense,6,diagnostic,local,305419896,1000,10000,6625,986,0.002685547,local,8,8,1,0,9,10,0,10,1,0,3
open_dense,6,diagnostic,local,305419896,1000,10000,7234,976,0.002685547,local,8,8,1,0,9,11,1,11,1,0,3
open_dense,6,diagnostic,local,305419896,1000,10000,8087,977,0.002441406,local,8,8,1,0,9,11,2,11,1,0,2
open_dense,6,diagnostic,local,305419896,1000,10000,8844,968,0.002685547,local,8,8,1,0,9,11,2,11,1,0,3
open_dense,6,diagnostic,local,305419896,1000,10000,9150,964,0.002441406,local,8,8,1,0,9,11,2,11,1,0,2
open_dense,6,diagnostic,local,305419896,1000,10000,9216,964,0.002441406,local,8,8,1,0,9,11,1,11,1,0,2
open_dense,6,diagnostic,local,305419896,1000,10000,9604,959,0.005859375,local,16,24,1,1,26,10,0,10,1,0,3
open_dense,6,diagnostic,local,305419896,1000,10000,9659,956,0.002441406,direct,0,0,0,0,0,11,2,11,2,0,1
open_dense,6,diagnostic,local,305419896,1000,10000,9814,963,0.002441406,local,8,8,1,0,9,10,0,10,1,0,3
open_dense,6,diagnostic,local,305419896,1000,10000,9988,967,0.002929688,local,8,8,1,0,9,10,0,10,1,0,3
baseline,7,timed,churn,17,1000,10000,2,999,0.002685547,unavailable,0,0,0,0,0,0,0,0,2,0,1
baseline,7,timed,churn,17,1000,10000,315,997,0.004638672,unavailable,0,0,0,0,0,0,0,0,1,0,1
baseline,7,timed,churn,17,1000,10000,611,1007,0.008056641,unavailable,0,0,0,0,0,0,0,0,1,0,1
baseline,7,timed,churn,17,1000,10000,3552,983,0.004638672,unavailable,0,0,0,0,0,0,0,0,3,0,1
baseline,7,timed,churn,17,1000,10000,6004,952,0.002441406,unavailable,0,0,0,0,0,0,0,0,1,0,1
baseline,7,timed,churn,17,1000,10000,6006,954,0.001708984,unavailable,0,0,0,0,0,0,0,0,1,0,1
baseline,7,timed,churn,17,1000,10000,6007,954,0.002197266,unavailable,0,0,0,0,0,0,0,0,2,0,1
baseline,7,timed,churn,17,1000,10000,6011,956,0.003173828,unavailable,0,0,0,0,0,0,0,0,6,0,1
baseline,7,timed,churn,17,1000,10000,6012,956,0.001708984,unavailable,0,0,0,0,0,0,0,0,2,0,1
baseline,7,timed,churn,17,1000,10000,6013,956,0.001708984,unavailable,0,0,0,0,0,0,0,0,3,0,1
baseline,7,timed,churn,17,1000,10000,6016,957,0.001708984,unavailable,0,0,0,0,0,0,0,0,4,0,1
baseline,7,timed,churn,17,1000,10000,6017,958,0.001464844,unavailable,0,0,0,0,0,0,0,0,2,0,1
baseline,7,timed,churn,17,1000,10000,6019,960,0.001464844,unavailable,0,0,0,0,0,0,0,0,2,0,1
baseline,7,timed,churn,17,1000,10000,6020,960,0.001708984,unavailable,0,0,0,0,0,0,0,0,3,0,1
baseline,7,timed,churn,17,1000,10000,6029,958,0.001464844,unavailable,0,0,0,0,0,0,0,0,3,0,1
baseline,7,timed,churn,17,1000,10000,6034,959,0.001708984,unavailable,0,0,0,0,0,0,0,0,3,0,1
baseline,7,timed,churn,17,1000,10000,6039,959,0.001464844,unavailable,0,0,0,0,0,0,0,0,2,0,1
baseline,7,timed,churn,17,1000,10000,6043,962,0.001953125,unavailable,0,0,0,0,0,0,0,0,4,0,1
baseline,7,timed,churn,17,1000,10000,6617,970,0.001464844,unavailable,0,0,0,0,0,0,0,0,6,0,1
baseline,7,timed,churn,17,1000,10000,7813,986,0.006347656,unavailable,0,0,0,0,0,0,0,0,1,0,1
baseline,7,timed,churn,17,1000,10000,8452,978,0.003173828,unavailable,0,0,0,0,0,0,0,0,1,0,1
baseline,7,timed,churn,17,1000,10000,8480,982,0.002685547,unavailable,0,0,0,0,0,0,0,0,1,0,1
baseline,7,timed,churn,17,1000,10000,8531,986,0.002441406,unavailable,0,0,0,0,0,0,0,0,1,0,1
baseline,7,timed,churn,17,1000,10000,8960,1009,0.003173828,unavailable,0,0,0,0,0,0,0,0,1,0,1
baseline,7,timed,churn,17,1000,10000,9384,1012,0.001220703,unavailable,0,0,0,0,0,0,0,0,6,0,1
baseline,7,diagnostic,churn,17,1000,10000,2,999,0.002685547,direct,0,0,0,0,0,10,0,10,2,0,1
baseline,7,diagnostic,churn,17,1000,10000,347,1007,0.008056641,direct,0,0,0,0,0,10,2,10,2,0,1
baseline,7,diagnostic,churn,17,1000,10000,3147,985,0.004150391,direct,0,0,0,0,0,10,1,10,3,0,1
baseline,7,diagnostic,churn,17,1000,10000,5901,959,0.029296875,direct,0,0,0,0,0,10,2,10,1,0,1
baseline,7,diagnostic,churn,17,1000,10000,5902,960,0.004394531,direct,0,0,0,0,0,9,0,9,1,0,1
baseline,7,diagnostic,churn,17,1000,10000,5903,960,0.002685547,direct,0,0,0,0,0,11,1,11,1,0,1
baseline,7,diagnostic,churn,17,1000,10000,5908,960,0.005126953,direct,0,0,0,0,0,9,0,9,2,0,1
baseline,7,diagnostic,churn,17,1000,10000,5913,962,0.003417969,direct,0,0,0,0,0,9,0,9,3,0,1
baseline,7,diagnostic,churn,17,1000,10000,5923,960,0.003173828,direct,0,0,0,0,0,11,0,11,2,0,1
baseline,7,diagnostic,churn,17,1000,10000,5924,960,0.002685547,direct,0,0,0,0,0,9,0,9,2,0,1
baseline,7,diagnostic,churn,17,1000,10000,5927,961,0.003173828,direct,0,0,0,0,0,10,0,10,2,0,1
baseline,7,diagnostic,churn,17,1000,10000,5934,959,0.003173828,direct,0,0,0,0,0,10,1,10,2,0,1
baseline,7,diagnostic,churn,17,1000,10000,5955,956,0.002685547,direct,0,0,0,0,0,10,2,10,2,0,1
baseline,7,diagnostic,churn,17,1000,10000,5984,955,0.004638672,direct,0,0,0,0,0,10,0,10,4,0,1
baseline,7,diagnostic,churn,17,1000,10000,5988,953,0.00390625,direct,0,0,0,0,0,11,1,11,4,0,1
baseline,7,diagnostic,churn,17,1000,10000,5990,955,0.002685547,direct,0,0,0,0,0,9,0,9,3,0,1
baseline,7,diagnostic,churn,17,1000,10000,5992,955,0.003662109,direct,0,0,0,0,0,10,0,10,3,0,1
baseline,7,diagnostic,churn,17,1000,10000,5993,955,0.002685547,direct,0,0,0,0,0,10,0,10,2,0,1
baseline,7,diagnostic,churn,17,1000,10000,6000,955,0.002441406,direct,0,0,0,0,0,11,2,11,3,0,1
baseline,7,diagnostic,churn,17,1000,10000,7581,990,0.007080078,direct,0,0,0,0,0,11,1,11,3,0,1
baseline,7,diagnostic,churn,17,1000,10000,7813,986,0.007324219,local,8,8,1,0,9,11,2,11,1,0,3
baseline,7,diagnostic,churn,17,1000,10000,8452,978,0.003173828,local,8,8,1,0,9,11,0,11,1,0,3
baseline,7,diagnostic,churn,17,1000,10000,8480,982,0.002685547,local,8,8,1,0,9,10,0,10,1,0,3
baseline,7,diagnostic,churn,17,1000,10000,8531,986,0.002441406,local,8,8,1,0,9,10,2,10,1,0,3
baseline,7,diagnostic,churn,17,1000,10000,8960,1009,0.002441406,local,8,8,1,0,9,10,0,10,1,0,3
open_dense,7,timed,churn,17,1000,10000,315,997,0.005615234,unavailable,0,0,0,0,0,0,0,0,1,0,1
open_dense,7,timed,churn,17,1000,10000,2099,958,0.004150391,unavailable,0,0,0,0,0,0,0,0,2,0,1
open_dense,7,timed,churn,17,1000,10000,2261,954,0.079589844,unavailable,0,0,0,0,0,0,0,0,2,0,1
open_dense,7,timed,churn,17,1000,10000,4911,949,0.00390625,unavailable,0,0,0,0,0,0,0,0,1,0,1
open_dense,7,timed,churn,17,1000,10000,7040,994,0.005126953,unavailable,0,0,0,0,0,0,0,0,1,0,1
open_dense,7,timed,churn,17,1000,10000,7041,994,0.003417969,unavailable,0,0,0,0,0,0,0,0,1,0,1
open_dense,7,timed,churn,17,1000,10000,7042,995,0.00390625,unavailable,0,0,0,0,0,0,0,0,2,0,1
open_dense,7,timed,churn,17,1000,10000,7043,995,0.004150391,unavailable,0,0,0,0,0,0,0,0,2,0,1
open_dense,7,timed,churn,17,1000,10000,7047,994,0.004150391,unavailable,0,0,0,0,0,0,0,0,4,0,1
open_dense,7,timed,churn,17,1000,10000,7048,994,0.003417969,unavailable,0,0,0,0,0,0,0,0,3,0,1
open_dense,7,timed,churn,17,1000,10000,7052,992,0.003173828,unavailable,0,0,0,0,0,0,0,0,2,0,1
open_dense,7,timed,churn,17,1000,10000,7056,994,0.003662109,unavailable,0,0,0,0,0,0,0,0,4,0,1
open_dense,7,timed,churn,17,1000,10000,7059,992,0.003173828,unavailable,0,0,0,0,0,0,0,0,3,0,1
open_dense,7,timed,churn,17,1000,10000,7090,990,0.003662109,unavailable,0,0,0,0,0,0,0,0,3,0,1
open_dense,7,timed,churn,17,1000,10000,7092,991,0.002929688,unavailable,0,0,0,0,0,0,0,0,3,0,1
open_dense,7,timed,churn,17,1000,10000,7110,990,0.003173828,unavailable,0,0,0,0,0,0,0,0,2,0,1
open_dense,7,timed,churn,17,1000,10000,7113,989,0.003662109,unavailable,0,0,0,0,0,0,0,0,4,0,1
open_dense,7,timed,churn,17,1000,10000,7120,990,0.002929688,unavailable,0,0,0,0,0,0,0,0,2,0,1
open_dense,7,timed,churn,17,1000,10000,7127,990,0.003417969,unavailable,0,0,0,0,0,0,0,0,4,0,1
open_dense,7,timed,churn,17,1000,10000,7232,994,0.003417969,unavailable,0,0,0,0,0,0,0,0,5,0,1
open_dense,7,timed,churn,17,1000,10000,7236,995,0.003173828,unavailable,0,0,0,0,0,0,0,0,3,0,1
open_dense,7,timed,churn,17,1000,10000,7249,993,0.002929688,unavailable,0,0,0,0,0,0,0,0,4,0,1
open_dense,7,timed,churn,17,1000,10000,7813,986,0.005371094,unavailable,0,0,0,0,0,0,0,0,1,0,1
open_dense,7,timed,churn,17,1000,10000,8452,978,0.003173828,unavailable,0,0,0,0,0,0,0,0,1,0,1
open_dense,7,timed,churn,17,1000,10000,8960,1009,0.003173828,unavailable,0,0,0,0,0,0,0,0,1,0,1
open_dense,7,diagnostic,churn,17,1000,10000,2,999,0.002929688,direct,0,0,0,0,0,10,0,10,2,0,1
open_dense,7,diagnostic,churn,17,1000,10000,354,1008,0.007080078,direct,0,0,0,0,0,10,0,10,2,0,1
open_dense,7,diagnostic,churn,17,1000,10000,2663,964,0.001464844,direct,0,0,0,0,0,11,1,11,1,0,1
open_dense,7,diagnostic,churn,17,1000,10000,2669,963,0.001464844,direct,0,0,0,0,0,10,1,10,2,0,1
open_dense,7,diagnostic,churn,17,1000,10000,2694,962,0.001464844,direct,0,0,0,0,0,11,2,11,1,0,1
open_dense,7,diagnostic,churn,17,1000,10000,2696,963,0.001708984,direct,0,0,0,0,0,10,2,10,3,0,1
open_dense,7,diagnostic,churn,17,1000,10000,2701,965,0.001464844,direct,0,0,0,0,0,10,2,10,2,0,1
open_dense,7,diagnostic,churn,17,1000,10000,2871,971,0.001464844,direct,0,0,0,0,0,10,0,10,1,0,1
open_dense,7,diagnostic,churn,17,1000,10000,2872,972,0.002685547,direct,0,0,0,0,0,10,0,10,1,0,1
open_dense,7,diagnostic,churn,17,1000,10000,2886,975,0.002929688,direct,0,0,0,0,0,11,1,11,3,0,1
open_dense,7,diagnostic,churn,17,1000,10000,2893,973,0.002197266,direct,0,0,0,0,0,10,0,10,3,0,1
open_dense,7,diagnostic,churn,17,1000,10000,2973,979,0.001464844,direct,0,0,0,0,0,11,2,11,1,0,1
open_dense,7,diagnostic,churn,17,1000,10000,3000,983,0.001708984,direct,0,0,0,0,0,10,0,10,4,0,1
open_dense,7,diagnostic,churn,17,1000,10000,3003,982,0.001464844,direct,0,0,0,0,0,11,1,11,3,0,1
open_dense,7,diagnostic,churn,17,1000,10000,5149,972,0.001464844,direct,0,0,0,0,0,10,0,10,5,0,1
open_dense,7,diagnostic,churn,17,1000,10000,6344,956,0.004150391,direct,0,0,0,0,0,10,0,10,3,0,1
open_dense,7,diagnostic,churn,17,1000,10000,7813,986,0.007324219,local,8,8,1,0,9,11,2,11,1,0,3
open_dense,7,diagnostic,churn,17,1000,10000,8157,981,0.005615234,direct,0,0,0,0,0,10,0,10,2,0,1
open_dense,7,diagnostic,churn,17,1000,10000,8452,978,0.003417969,local,8,8,1,0,9,11,0,11,1,0,3
open_dense,7,diagnostic,churn,17,1000,10000,8480,982,0.002685547,local,8,8,1,0,9,10,0,10,1,0,3
open_dense,7,diagnostic,churn,17,1000,10000,8531,986,0.002685547,local,8,8,1,0,9,10,2,10,1,0,3
open_dense,7,diagnostic,churn,17,1000,10000,8848,1004,0.002929688,direct,0,0,0,0,0,10,1,10,1,0,1
open_dense,7,diagnostic,churn,17,1000,10000,8960,1009,0.002685547,local,8,8,1,0,9,10,0,10,1,0,3
open_dense,7,diagnostic,churn,17,1000,10000,9567,1008,0.001220703,direct,0,0,0,0,0,11,0,11,4,0,1
open_dense,7,diagnostic,churn,17,1000,10000,9833,1007,0.001220703,direct,0,0,0,0,0,12,2,12,5,0,1
baseline,8,timed,churn,305419896,1000,10000,24,1005,0.004882812,unavailable,0,0,0,0,0,0,0,0,2,0,1
baseline,8,timed,churn,305419896,1000,10000,666,1025,0.006103516,unavailable,0,0,0,0,0,0,0,0,1,0,1
baseline,8,timed,churn,305419896,1000,10000,6165,961,0.0234375,unavailable,0,0,0,0,0,0,0,0,1,0,1
baseline,8,timed,churn,305419896,1000,10000,6167,961,0.004150391,unavailable,0,0,0,0,0,0,0,0,1,0,1
baseline,8,timed,churn,305419896,1000,10000,6170,959,0.005371094,unavailable,0,0,0,0,0,0,0,0,2,0,1
baseline,8,timed,churn,305419896,1000,10000,6171,959,0.00390625,unavailable,0,0,0,0,0,0,0,0,5,0,1
baseline,8,timed,churn,305419896,1000,10000,6172,960,0.003173828,unavailable,0,0,0,0,0,0,0,0,5,0,1
baseline,8,timed,churn,305419896,1000,10000,6174,959,0.002929688,unavailable,0,0,0,0,0,0,0,0,1,0,1
baseline,8,timed,churn,305419896,1000,10000,6175,959,0.003417969,unavailable,0,0,0,0,0,0,0,0,2,0,1
baseline,8,timed,churn,305419896,1000,10000,6178,960,0.002929688,unavailable,0,0,0,0,0,0,0,0,2,0,1
baseline,8,timed,churn,305419896,1000,10000,6184,964,0.00390625,unavailable,0,0,0,0,0,0,0,0,3,0,1
baseline,8,timed,churn,305419896,1000,10000,6186,965,0.003417969,unavailable,0,0,0,0,0,0,0,0,4,0,1
baseline,8,timed,churn,305419896,1000,10000,6188,966,0.00390625,unavailable,0,0,0,0,0,0,0,0,4,0,1
baseline,8,timed,churn,305419896,1000,10000,6204,963,0.002929688,unavailable,0,0,0,0,0,0,0,0,2,0,1
baseline,8,timed,churn,305419896,1000,10000,6209,963,0.002929688,unavailable,0,0,0,0,0,0,0,0,3,0,1
baseline,8,timed,churn,305419896,1000,10000,6218,964,0.002929688,unavailable,0,0,0,0,0,0,0,0,3,0,1
baseline,8,timed,churn,305419896,1000,10000,6235,962,0.004150391,unavailable,0,0,0,0,0,0,0,0,5,0,1
baseline,8,timed,churn,305419896,1000,10000,6317,973,0.008056641,unavailable,0,0,0,0,0,0,0,0,1,0,1
baseline,8,timed,churn,305419896,1000,10000,7329,956,0.002685547,unavailable,0,0,0,0,0,0,0,0,1,0,1
baseline,8,timed,churn,305419896,1000,10000,8117,977,0.004882812,unavailable,0,0,0,0,0,0,0,0,1,0,1
baseline,8,timed,churn,305419896,1000,10000,8186,991,0.002685547,unavailable,0,0,0,0,0,0,0,0,1,0,1
baseline,8,timed,churn,305419896,1000,10000,8246,985,0.002685547,unavailable,0,0,0,0,0,0,0,0,1,0,1
baseline,8,timed,churn,305419896,1000,10000,9276,952,0.002685547,unavailable,0,0,0,0,0,0,0,0,1,0,1
baseline,8,timed,churn,305419896,1000,10000,9464,954,0.002685547,unavailable,0,0,0,0,0,0,0,0,1,0,1
baseline,8,timed,churn,305419896,1000,10000,9537,955,0.002929688,unavailable,0,0,0,0,0,0,0,0,1,0,1
baseline,8,diagnostic,churn,305419896,1000,10000,2,999,0.002441406,direct,0,0,0,0,0,10,0,10,2,0,1
baseline,8,diagnostic,churn,305419896,1000,10000,308,1010,0.005859375,direct,0,0,0,0,0,10,1,10,1,0,1
baseline,8,diagnostic,churn,305419896,1000,10000,410,1025,0.005615234,direct,0,0,0,0,0,10,0,10,3,0,1
baseline,8,diagnostic,churn,305419896,1000,10000,598,1026,0.001220703,direct,0,0,0,0,0,11,2,11,4,0,1
baseline,8,diagnostic,churn,305419896,1000,10000,2987,958,0.001220703,direct,0,0,0,0,0,11,1,11,4,0,1
baseline,8,diagnostic,churn,305419896,1000,10000,3955,963,0.001220703,direct,0,0,0,0,0,10,0,10,4,0,1
baseline,8,diagnostic,churn,305419896,1000,10000,4754,984,0.001220703,direct,0,0,0,0,0,11,2,11,5,0,1
baseline,8,diagnostic,churn,305419896,1000,10000,5777,989,0.001220703,direct,0,0,0,0,0,10,1,10,6,0,1
baseline,8,diagnostic,churn,305419896,1000,10000,6317,973,0.004638672,local,8,8,1,0,9,11,2,11,1,0,3
baseline,8,diagnostic,churn,305419896,1000,10000,6469,972,0.001220703,direct,0,0,0,0,0,10,0,10,6,0,1
baseline,8,diagnostic,churn,305419896,1000,10000,6800,978,0.001220703,direct,0,0,0,0,0,11,1,11,6,0,1
baseline,8,diagnostic,churn,305419896,1000,10000,7329,956,0.002929688,local,8,8,1,0,9,10,0,10,1,0,3
baseline,8,diagnostic,churn,305419896,1000,10000,8065,974,0.001464844,direct,0,0,0,0,0,9,0,9,4,0,1
baseline,8,diagnostic,churn,305419896,1000,10000,8186,991,0.004638672,local,8,8,1,0,9,10,1,10,1,0,3
baseline,8,diagnostic,churn,305419896,1000,10000,8246,985,0.002685547,local,8,8,1,0,9,11,0,11,1,0,3
baseline,8,diagnostic,churn,305419896,1000,10000,8327,1001,0.002441406,local,8,8,1,0,9,8,0,8,1,0,3
baseline,8,diagnostic,churn,305419896,1000,10000,8411,1001,0.002441406,local,8,8,1,0,9,10,0,10,1,0,3
baseline,8,diagnostic,churn,305419896,1000,10000,8721,981,0.002441406,local,8,8,1,0,9,10,0,10,1,0,3
baseline,8,diagnostic,churn,305419896,1000,10000,8850,982,0.001220703,direct,0,0,0,0,0,11,2,11,5,0,1
baseline,8,diagnostic,churn,305419896,1000,10000,9276,952,0.002441406,local,8,8,1,0,9,9,0,9,1,0,3
baseline,8,diagnostic,churn,305419896,1000,10000,9363,954,0.002441406,local,8,8,1,0,9,9,0,9,1,0,3
baseline,8,diagnostic,churn,305419896,1000,10000,9464,954,0.002441406,local,8,8,1,0,9,10,0,10,1,0,3
baseline,8,diagnostic,churn,305419896,1000,10000,9537,955,0.002929688,local,8,8,1,0,9,10,0,10,1,0,3
baseline,8,diagnostic,churn,305419896,1000,10000,9695,967,0.000976562,direct,0,0,0,0,0,11,2,11,4,0,1
baseline,8,diagnostic,churn,305419896,1000,10000,9879,964,0.000976562,direct,0,0,0,0,0,10,2,10,5,0,1
open_dense,8,timed,churn,305419896,1000,10000,24,1005,0.004882812,unavailable,0,0,0,0,0,0,0,0,2,0,1
open_dense,8,timed,churn,305419896,1000,10000,2969,958,0.006347656,unavailable,0,0,0,0,0,0,0,0,4,0,1
open_dense,8,timed,churn,305419896,1000,10000,6317,973,0.004638672,unavailable,0,0,0,0,0,0,0,0,1,0,1
open_dense,8,timed,churn,305419896,1000,10000,6437,969,0.023681641,unavailable,0,0,0,0,0,0,0,0,1,0,1
open_dense,8,timed,churn,305419896,1000,10000,6438,969,0.004394531,unavailable,0,0,0,0,0,0,0,0,1,0,1
open_dense,8,timed,churn,305419896,1000,10000,6442,970,0.002685547,unavailable,0,0,0,0,0,0,0,0,1,0,1
open_dense,8,timed,churn,305419896,1000,10000,6443,970,0.004150391,unavailable,0,0,0,0,0,0,0,0,3,0,1
open_dense,8,timed,churn,305419896,1000,10000,6445,970,0.003173828,unavailable,0,0,0,0,0,0,0,0,2,0,1
open_dense,8,timed,churn,305419896,1000,10000,6447,971,0.003173828,unavailable,0,0,0,0,0,0,0,0,2,0,1
open_dense,8,timed,churn,305419896,1000,10000,6448,972,0.003662109,unavailable,0,0,0,0,0,0,0,0,3,0,1
open_dense,8,timed,churn,305419896,1000,10000,6453,972,0.002929688,unavailable,0,0,0,0,0,0,0,0,4,0,1
open_dense,8,timed,churn,305419896,1000,10000,6461,972,0.003662109,unavailable,0,0,0,0,0,0,0,0,3,0,1
open_dense,8,timed,churn,305419896,1000,10000,6462,972,0.002685547,unavailable,0,0,0,0,0,0,0,0,1,0,1
open_dense,8,timed,churn,305419896,1000,10000,6469,972,0.005371094,unavailable,0,0,0,0,0,0,0,0,6,0,1
open_dense,8,timed,churn,305419896,1000,10000,6474,973,0.002685547,unavailable,0,0,0,0,0,0,0,0,2,0,1
open_dense,8,timed,churn,305419896,1000,10000,6479,975,0.002685547,unavailable,0,0,0,0,0,0,0,0,2,0,1
open_dense,8,timed,churn,305419896,1000,10000,6481,974,0.003173828,unavailable,0,0,0,0,0,0,0,0,4,0,1
open_dense,8,timed,churn,305419896,1000,10000,6496,977,0.003173828,unavailable,0,0,0,0,0,0,0,0,5,0,1
open_dense,8,timed,churn,305419896,1000,10000,7329,956,0.003173828,unavailable,0,0,0,0,0,0,0,0,1,0,1
open_dense,8,timed,churn,305419896,1000,10000,8186,991,0.002929688,unavailable,0,0,0,0,0,0,0,0,1,0,1
open_dense,8,timed,churn,305419896,1000,10000,8246,985,0.002685547,unavailable,0,0,0,0,0,0,0,0,1,0,1
open_dense,8,timed,churn,305419896,1000,10000,8439,1005,0.006835938,unavailable,0,0,0,0,0,0,0,0,2,0,1
open_dense,8,timed,churn,305419896,1000,10000,8721,981,0.002685547,unavailable,0,0,0,0,0,0,0,0,1,0,1
open_dense,8,timed,churn,305419896,1000,10000,9464,954,0.002441406,unavailable,0,0,0,0,0,0,0,0,1,0,1
open_dense,8,timed,churn,305419896,1000,10000,9537,955,0.002685547,unavailable,0,0,0,0,0,0,0,0,1,0,1
open_dense,8,diagnostic,churn,305419896,1000,10000,310,1011,0.005615234,direct,0,0,0,0,0,10,0,10,1,0,1
open_dense,8,diagnostic,churn,305419896,1000,10000,410,1025,0.005371094,direct,0,0,0,0,0,10,0,10,3,0,1
open_dense,8,diagnostic,churn,305419896,1000,10000,5100,984,0.021728516,direct,0,0,0,0,0,11,1,11,4,0,1
open_dense,8,diagnostic,churn,305419896,1000,10000,5101,985,0.003173828,direct,0,0,0,0,0,10,0,10,1,0,1
open_dense,8,diagnostic,churn,305419896,1000,10000,5104,988,0.00390625,direct,0,0,0,0,0,10,2,10,3,0,1
open_dense,8,diagnostic,churn,305419896,1000,10000,5105,989,0.002197266,direct,0,0,0,0,0,9,0,9,2,0,1
open_dense,8,diagnostic,churn,305419896,1000,10000,5106,989,0.002197266,direct,0,0,0,0,0,11,2,11,2,0,1
open_dense,8,diagnostic,churn,305419896,1000,10000,5117,991,0.002197266,direct,0,0,0,0,0,10,2,10,3,0,1
open_dense,8,diagnostic,churn,305419896,1000,10000,5172,980,0.002197266,direct,0,0,0,0,0,11,1,11,4,0,1
open_dense,8,diagnostic,churn,305419896,1000,10000,5210,980,0.002685547,direct,0,0,0,0,0,10,0,10,5,0,1
open_dense,8,diagnostic,churn,305419896,1000,10000,5275,983,0.001953125,direct,0,0,0,0,0,11,1,11,3,0,1
open_dense,8,diagnostic,churn,305419896,1000,10000,5276,983,0.001953125,direct,0,0,0,0,0,10,0,10,4,0,1
open_dense,8,diagnostic,churn,305419896,1000,10000,5278,984,0.001953125,direct,0,0,0,0,0,9,0,9,4,0,1
open_dense,8,diagnostic,churn,305419896,1000,10000,6317,973,0.006591797,local,8,8,1,0,9,11,2,11,1,0,3
open_dense,8,diagnostic,churn,305419896,1000,10000,7329,956,0.003417969,local,8,8,1,0,9,10,0,10,1,0,3
open_dense,8,diagnostic,churn,305419896,1000,10000,8186,991,0.003173828,local,8,8,1,0,9,10,1,10,1,0,3
open_dense,8,diagnostic,churn,305419896,1000,10000,8246,985,0.002441406,local,8,8,1,0,9,11,0,11,1,0,3
open_dense,8,diagnostic,churn,305419896,1000,10000,8327,1001,0.002685547,local,8,8,1,0,9,8,0,8,1,0,3
open_dense,8,diagnostic,churn,305419896,1000,10000,8411,1001,0.002685547,local,8,8,1,0,9,10,0,10,1,0,3
open_dense,8,diagnostic,churn,305419896,1000,10000,8721,981,0.002685547,local,8,8,1,0,9,10,0,10,1,0,3
open_dense,8,diagnostic,churn,305419896,1000,10000,9276,952,0.002685547,local,8,8,1,0,9,9,0,9,1,0,3
open_dense,8,diagnostic,churn,305419896,1000,10000,9363,954,0.002685547,local,8,8,1,0,9,9,0,9,1,0,3
open_dense,8,diagnostic,churn,305419896,1000,10000,9464,954,0.002929688,local,8,8,1,0,9,10,0,10,1,0,3
open_dense,8,diagnostic,churn,305419896,1000,10000,9537,955,0.002929688,local,8,8,1,0,9,10,0,10,1,0,3
open_dense,8,diagnostic,churn,305419896,1000,10000,9553,952,0.003662109,direct,0,0,0,0,0,11,1,11,1,0,1
baseline,9,timed,timeline,17,10000,100000,1452,11173,0.039550781,unavailable,0,0,0,0,0,0,0,0,1,0,1
baseline,9,timed,timeline,17,10000,100000,6718,15385,0.039306641,unavailable,0,0,0,0,0,0,0,0,2,0,1
baseline,9,timed,timeline,17,10000,100000,9328,17491,0.040283203,unavailable,0,0,0,0,0,0,0,0,3,0,1
baseline,9,timed,timeline,17,10000,100000,11982,19597,0.049316406,unavailable,0,0,0,0,0,0,0,0,3,0,1
baseline,9,timed,timeline,17,10000,100000,13534,20827,0.045166016,unavailable,0,0,0,0,0,0,0,0,4,0,1
baseline,9,timed,timeline,17,10000,100000,14616,21703,0.043945312,unavailable,0,0,0,0,0,0,0,0,4,0,1
baseline,9,timed,timeline,17,10000,100000,16727,23418,0.049804688,unavailable,0,0,0,0,0,0,0,0,4,0,1
baseline,9,timed,timeline,17,10000,100000,17224,23809,0.051025391,unavailable,0,0,0,0,0,0,0,0,4,0,1
baseline,9,timed,timeline,17,10000,100000,21713,27358,0.055908203,unavailable,0,0,0,0,0,0,0,0,5,0,1
baseline,9,timed,timeline,17,10000,100000,25131,30126,0.049316406,unavailable,0,0,0,0,0,0,0,0,6,0,1
baseline,9,timed,timeline,17,10000,100000,26702,31367,27.303955078,unavailable,0,0,0,0,0,0,0,0,4,0,1
baseline,9,timed,timeline,17,10000,100000,29107,33252,0.039550781,unavailable,0,0,0,0,0,0,0,0,2,0,1
baseline,9,timed,timeline,17,10000,100000,39646,41675,0.039306641,unavailable,0,0,0,0,0,0,0,0,4,0,1
baseline,9,timed,timeline,17,10000,100000,40282,42193,0.100585938,unavailable,0,0,0,0,0,0,0,0,4,0,1
baseline,9,timed,timeline,17,10000,100000,48678,48947,0.0546875,unavailable,0,0,0,0,0,0,0,0,6,0,1
baseline,9,timed,timeline,17,10000,100000,51148,50845,36.780761719,unavailable,0,0,0,0,0,0,0,0,3,0,1
baseline,9,timed,timeline,17,10000,100000,55588,54373,0.055908203,unavailable,0,0,0,0,0,0,0,0,4,0,1
baseline,9,timed,timeline,17,10000,100000,58258,56479,0.055175781,unavailable,0,0,0,0,0,0,0,0,2,0,1
baseline,9,timed,timeline,17,10000,100000,60904,58585,0.052246094,unavailable,0,0,0,0,0,0,0,0,2,0,1
baseline,9,timed,timeline,17,10000,100000,63528,60689,0.057617188,unavailable,0,0,0,0,0,0,0,0,3,0,1
baseline,9,timed,timeline,17,10000,100000,66174,62795,0.057617188,unavailable,0,0,0,0,0,0,0,0,3,0,1
baseline,9,timed,timeline,17,10000,100000,68765,64900,0.057617188,unavailable,0,0,0,0,0,0,0,0,4,0,1
baseline,9,timed,timeline,17,10000,100000,80269,74084,72.614013672,unavailable,0,0,0,0,0,0,0,0,4,0,1
baseline,9,timed,timeline,17,10000,100000,89737,81682,0.040039062,unavailable,0,0,0,0,0,0,0,0,3,0,1
baseline,9,timed,timeline,17,10000,100000,97671,88000,0.062011719,unavailable,0,0,0,0,0,0,0,0,4,0,1
baseline,9,diagnostic,timeline,17,10000,100000,18830,25087,0.141845703,direct,0,0,0,0,0,16,1,16,5,0,1
baseline,9,diagnostic,timeline,17,10000,100000,19174,25355,0.056396484,direct,0,0,0,0,0,15,1,15,5,0,1
baseline,9,diagnostic,timeline,17,10000,100000,20927,26760,0.056152344,direct,0,0,0,0,0,14,0,14,5,0,1
baseline,9,diagnostic,timeline,17,10000,100000,22139,27708,0.052246094,direct,0,0,0,0,0,16,1,16,6,0,1
baseline,9,diagnostic,timeline,17,10000,100000,22698,28137,0.056884766,direct,0,0,0,0,0,16,1,16,6,0,1
baseline,9,diagnostic,timeline,17,10000,100000,23344,28695,0.054443359,direct,0,0,0,0,0,16,1,16,6,0,1
baseline,9,diagnostic,timeline,17,10000,100000,24540,29679,0.053955078,direct,0,0,0,0,0,17,1,17,6,0,1
baseline,9,diagnostic,timeline,17,10000,100000,24772,29853,0.058349609,direct,0,0,0,0,0,17,1,17,6,0,1
baseline,9,diagnostic,timeline,17,10000,100000,25795,30646,0.053466797,direct,0,0,0,0,0,17,1,17,6,0,1
baseline,9,diagnostic,timeline,17,10000,100000,26219,30974,0.057617188,direct,0,0,0,0,0,16,1,16,6,0,1
baseline,9,diagnostic,timeline,17,10000,100000,26702,31367,23.995849609,full,31367,64127,1,12,64140,17,1,17,4,1,7
baseline,9,diagnostic,timeline,17,10000,100000,30606,34465,0.052978516,direct,0,0,0,0,0,17,1,17,2,0,1
baseline,9,diagnostic,timeline,17,10000,100000,37642,40083,0.054199219,direct,0,0,0,0,0,16,0,16,4,0,1
baseline,9,diagnostic,timeline,17,10000,100000,39421,41488,0.059326172,direct,0,0,0,0,0,16,0,16,3,0,1
baseline,9,diagnostic,timeline,17,10000,100000,46377,47108,0.053466797,direct,0,0,0,0,0,18,1,18,5,0,1
baseline,9,diagnostic,timeline,17,10000,100000,46680,47357,0.05078125,direct,0,0,0,0,0,17,1,17,6,0,1
baseline,9,diagnostic,timeline,17,10000,100000,47874,48325,0.060058594,direct,0,0,0,0,0,18,1,18,6,0,1
baseline,9,diagnostic,timeline,17,10000,100000,48138,48513,0.055664062,direct,0,0,0,0,0,17,0,17,6,0,1
baseline,9,diagnostic,timeline,17,10000,100000,49919,49918,0.056396484,direct,0,0,0,0,0,17,1,17,6,0,1
baseline,9,diagnostic,timeline,17,10000,100000,51148,50845,70.676757812,full,50845,116373,1,13,116387,18,2,18,3,1,7
baseline,9,diagnostic,timeline,17,10000,100000,55298,54133,0.053955078,direct,0,0,0,0,0,18,1,18,4,0,1
baseline,9,diagnostic,timeline,17,10000,100000,57081,55538,0.051513672,direct,0,0,0,0,0,16,0,16,4,0,1
baseline,9,diagnostic,timeline,17,10000,100000,77280,71721,0.049316406,direct,0,0,0,0,0,17,0,17,6,0,1
baseline,9,diagnostic,timeline,17,10000,100000,80269,74084,103.075683594,full,74084,205148,1,14,205163,18,2,18,4,1,7
baseline,9,diagnostic,timeline,17,10000,100000,98453,88648,0.105712891,direct,0,0,0,0,0,18,1,18,5,0,1
open_dense,9,timed,timeline,17,10000,100000,29620,33659,6.789306641,unavailable,0,0,0,0,0,0,0,0,5,0,1
open_dense,9,timed,timeline,17,10000,100000,39289,41372,6.371337891,unavailable,0,0,0,0,0,0,0,0,5,0,1
open_dense,9,timed,timeline,17,10000,100000,41611,43260,5.579101562,unavailable,0,0,0,0,0,0,0,0,6,0,1
open_dense,9,timed,timeline,17,10000,100000,41937,43510,5.619384766,unavailable,0,0,0,0,0,0,0,0,6,0,1
open_dense,9,timed,timeline,17,10000,100000,42605,44052,10.5859375,unavailable,0,0,0,0,0,0,0,0,5,0,1
open_dense,9,timed,timeline,17,10000,100000,44348,45449,10.685546875,unavailable,0,0,0,0,0,0,0,0,6,0,1
open_dense,9,timed,timeline,17,10000,100000,44382,45475,10.297119141,unavailable,0,0,0,0,0,0,0,0,6,0,1
open_dense,9,timed,timeline,17,10000,100000,45427,46326,11.101806641,unavailable,0,0,0,0,0,0,0,0,6,0,1
open_dense,9,timed,timeline,17,10000,100000,45887,46706,10.656494141,unavailable,0,0,0,0,0,0,0,0,6,0,1
open_dense,9,timed,timeline,17,10000,100000,46587,47280,10.452148438,unavailable,0,0,0,0,0,0,0,0,6,0,1
open_dense,9,timed,timeline,17,10000,100000,46789,47444,10.729736328,unavailable,0,0,0,0,0,0,0,0,6,0,1
open_dense,9,timed,timeline,17,10000,100000,46970,47603,11.440185547,unavailable,0,0,0,0,0,0,0,0,6,0,1
open_dense,9,timed,timeline,17,10000,100000,47219,47798,10.705810547,unavailable,0,0,0,0,0,0,0,0,6,0,1
open_dense,9,timed,timeline,17,10000,100000,47445,47970,11.035400391,unavailable,0,0,0,0,0,0,0,0,6,0,1
open_dense,9,timed,timeline,17,10000,100000,47556,48065,10.207763672,unavailable,0,0,0,0,0,0,0,0,6,0,1
open_dense,9,timed,timeline,17,10000,100000,47844,48301,5.565917969,unavailable,0,0,0,0,0,0,0,0,6,0,1
open_dense,9,timed,timeline,17,10000,100000,48312,48649,11.336914062,unavailable,0,0,0,0,0,0,0,0,6,0,1
open_dense,9,timed,timeline,17,10000,100000,48468,48769,10.967773438,unavailable,0,0,0,0,0,0,0,0,6,0,1
open_dense,9,timed,timeline,17,10000,100000,48889,49112,21.953857422,unavailable,0,0,0,0,0,0,0,0,3,0,1
open_dense,9,timed,timeline,17,10000,100000,70806,66541,5.741210938,unavailable,0,0,0,0,0,0,0,0,6,0,1
open_dense,9,timed,timeline,17,10000,100000,70940,66647,6.618164062,unavailable,0,0,0,0,0,0,0,0,6,0,1
open_dense,9,timed,timeline,17,10000,100000,71816,67351,11.764160156,unavailable,0,0,0,0,0,0,0,0,5,0,1
open_dense,9,timed,timeline,17,10000,100000,86570,79125,5.770263672,unavailable,0,0,0,0,0,0,0,0,6,0,1
open_dense,9,timed,timeline,17,10000,100000,87924,80225,12.099121094,unavailable,0,0,0,0,0,0,0,0,5,0,1
open_dense,9,timed,timeline,17,10000,100000,99133,89190,6.998779297,unavailable,0,0,0,0,0,0,0,0,6,0,1
open_dense,9,diagnostic,timeline,17,10000,100000,39289,41372,7.016357422,large,8192,16376,1,10,16387,14,0,14,5,0,3
open_dense,9,diagnostic,timeline,17,10000,100000,42605,44052,22.019287109,large,16384,32760,1,11,32772,15,0,15,5,0,3
open_dense,9,diagnostic,timeline,17,10000,100000,43557,44792,7.539794922,large,8192,16376,1,10,16387,17,0,17,6,0,3
open_dense,9,diagnostic,timeline,17,10000,100000,44348,45449,14.244873047,large,16384,32760,1,11,32772,14,2,14,6,0,3
open_dense,9,diagnostic,timeline,17,10000,100000,44382,45475,12.659912109,large,16384,32760,1,11,32772,16,2,16,6,0,3
open_dense,9,diagnostic,timeline,17,10000,100000,45427,46326,13.143066406,large,16384,32760,1,11,32772,16,0,16,6,0,3
open_dense,9,diagnostic,timeline,17,10000,100000,45887,46706,12.520263672,large,16384,32760,1,11,32772,16,0,16,6,0,3
open_dense,9,diagnostic,timeline,17,10000,100000,46587,47280,12.478271484,large,16384,32760,1,11,32772,15,0,15,6,0,3
open_dense,9,diagnostic,timeline,17,10000,100000,46789,47444,11.884277344,large,16384,32760,1,11,32772,17,1,17,6,0,3
open_dense,9,diagnostic,timeline,17,10000,100000,46970,47603,14.896728516,large,16384,32760,1,11,32772,15,0,15,6,0,3
open_dense,9,diagnostic,timeline,17,10000,100000,47219,47798,18.643066406,large,16384,32760,1,11,32772,17,2,17,6,0,3
open_dense,9,diagnostic,timeline,17,10000,100000,47445,47970,14.819335938,large,16384,32760,1,11,32772,17,1,17,6,0,3
open_dense,9,diagnostic,timeline,17,10000,100000,47556,48065,12.404785156,large,16384,32760,1,11,32772,15,0,15,6,0,3
open_dense,9,diagnostic,timeline,17,10000,100000,48312,48649,14.756591797,large,16384,32760,1,11,32772,16,1,16,6,0,3
open_dense,9,diagnostic,timeline,17,10000,100000,48468,48769,13.005859375,large,16384,32760,1,11,32772,16,0,16,6,0,3
open_dense,9,diagnostic,timeline,17,10000,100000,48889,49112,28.557128906,large,32768,65528,1,12,65541,16,0,16,3,0,3
open_dense,9,diagnostic,timeline,17,10000,100000,70806,66541,9.055175781,large,8192,16376,1,10,16387,17,0,17,6,0,3
open_dense,9,diagnostic,timeline,17,10000,100000,70940,66647,10.34375,large,8192,16376,1,10,16387,17,0,17,6,0,3
open_dense,9,diagnostic,timeline,17,10000,100000,71460,67067,8.614257812,large,8192,16376,1,10,16387,17,0,17,6,0,3
open_dense,9,diagnostic,timeline,17,10000,100000,71527,67128,7.014648438,large,8192,16376,1,10,16387,17,2,17,6,0,3
open_dense,9,diagnostic,timeline,17,10000,100000,71816,67351,17.473144531,large,16384,32760,1,11,32772,16,1,16,5,0,3
open_dense,9,diagnostic,timeline,17,10000,100000,86570,79125,23.508056641,large,8192,16376,1,10,16387,18,0,18,6,0,3
open_dense,9,diagnostic,timeline,17,10000,100000,86829,79322,11.602050781,large,8192,16376,1,10,16387,17,0,17,6,0,3
open_dense,9,diagnostic,timeline,17,10000,100000,87924,80225,18.237304688,large,16384,32760,1,11,32772,19,2,19,5,0,3
open_dense,9,diagnostic,timeline,17,10000,100000,99133,89190,9.108154297,large,8192,16376,1,10,16387,17,0,17,6,0,3
baseline,10,timed,timeline,305419896,10000,100000,1790,11459,0.072998047,unavailable,0,0,0,0,0,0,0,0,1,0,1
baseline,10,timed,timeline,305419896,10000,100000,13149,20518,0.046386719,unavailable,0,0,0,0,0,0,0,0,4,0,1
baseline,10,timed,timeline,305419896,10000,100000,19262,25363,0.101074219,unavailable,0,0,0,0,0,0,0,0,5,0,1
baseline,10,timed,timeline,305419896,10000,100000,19906,25883,0.056152344,unavailable,0,0,0,0,0,0,0,0,5,0,1
baseline,10,timed,timeline,305419896,10000,100000,22513,27988,0.051757812,unavailable,0,0,0,0,0,0,0,0,6,0,1
baseline,10,timed,timeline,305419896,10000,100000,24177,29316,0.047851562,unavailable,0,0,0,0,0,0,0,0,6,0,1
baseline,10,timed,timeline,305419896,10000,100000,25133,30094,0.058837891,unavailable,0,0,0,0,0,0,0,0,6,0,1
baseline,10,timed,timeline,305419896,10000,100000,25795,30620,0.058105469,unavailable,0,0,0,0,0,0,0,0,6,0,1
baseline,10,timed,timeline,305419896,10000,100000,26690,31311,23.296630859,unavailable,0,0,0,0,0,0,0,0,3,0,1
baseline,10,timed,timeline,305419896,10000,100000,38347,40558,0.088378906,unavailable,0,0,0,0,0,0,0,0,4,0,1
baseline,10,timed,timeline,305419896,10000,100000,45257,46108,0.053466797,unavailable,0,0,0,0,0,0,0,0,3,0,1
baseline,10,timed,timeline,305419896,10000,100000,45409,46228,0.045654297,unavailable,0,0,0,0,0,0,0,0,5,0,1
baseline,10,timed,timeline,305419896,10000,100000,50266,50109,0.083984375,unavailable,0,0,0,0,0,0,0,0,6,0,1
baseline,10,timed,timeline,305419896,10000,100000,50388,50199,0.051269531,unavailable,0,0,0,0,0,0,0,0,6,0,1
baseline,10,timed,timeline,305419896,10000,100000,50443,50240,0.055664062,unavailable,0,0,0,0,0,0,0,0,6,0,1
baseline,10,timed,timeline,305419896,10000,100000,50461,50256,0.072265625,unavailable,0,0,0,0,0,0,0,0,6,0,1
baseline,10,timed,timeline,305419896,10000,100000,51168,50841,0.08203125,unavailable,0,0,0,0,0,0,0,0,7,0,1
baseline,10,timed,timeline,305419896,10000,100000,51234,50897,0.108398438,unavailable,0,0,0,0,0,0,0,0,6,0,1
baseline,10,timed,timeline,305419896,10000,100000,51290,50939,64.143554688,unavailable,0,0,0,0,0,0,0,0,3,0,1
baseline,10,timed,timeline,305419896,10000,100000,60709,58490,0.045654297,unavailable,0,0,0,0,0,0,0,0,2,0,1
baseline,10,timed,timeline,305419896,10000,100000,63335,60596,0.047851562,unavailable,0,0,0,0,0,0,0,0,3,0,1
baseline,10,timed,timeline,305419896,10000,100000,72181,67666,0.051269531,unavailable,0,0,0,0,0,0,0,0,5,0,1
baseline,10,timed,timeline,305419896,10000,100000,73884,69019,0.045166016,unavailable,0,0,0,0,0,0,0,0,5,0,1
baseline,10,timed,timeline,305419896,10000,100000,80432,74247,81.836425781,unavailable,0,0,0,0,0,0,0,0,4,0,1
baseline,10,timed,timeline,305419896,10000,100000,90942,82609,0.057617188,unavailable,0,0,0,0,0,0,0,0,3,0,1
baseline,10,diagnostic,timeline,305419896,10000,100000,20958,26761,0.0625,direct,0,0,0,0,0,16,1,16,5,0,1
baseline,10,diagnostic,timeline,305419896,10000,100000,22191,27706,0.060058594,direct,0,0,0,0,0,16,0,16,6,0,1
baseline,10,diagnostic,timeline,305419896,10000,100000,22721,28144,0.067382812,direct,0,0,0,0,0,16,0,16,6,0,1
baseline,10,diagnostic,timeline,305419896,10000,100000,22751,28166,0.057861328,direct,0,0,0,0,0,17,1,17,6,0,1
baseline,10,diagnostic,timeline,305419896,10000,100000,24863,29874,0.057861328,direct,0,0,0,0,0,17,1,17,6,0,1
baseline,10,diagnostic,timeline,305419896,10000,100000,26248,30975,0.0625,direct,0,0,0,0,0,17,1,17,6,0,1
baseline,10,diagnostic,timeline,305419896,10000,100000,26690,31311,29.274169922,full,31311,64071,1,12,64084,16,0,16,3,1,7
baseline,10,diagnostic,timeline,305419896,10000,100000,34181,37256,0.084960938,direct,0,0,0,0,0,17,1,17,3,0,1
baseline,10,diagnostic,timeline,305419896,10000,100000,37149,39576,0.099609375,direct,0,0,0,0,0,18,1,18,4,0,1
baseline,10,diagnostic,timeline,305419896,10000,100000,44802,45745,0.065917969,direct,0,0,0,0,0,18,1,18,5,0,1
baseline,10,diagnostic,timeline,305419896,10000,100000,46322,46957,0.071044922,direct,0,0,0,0,0,18,1,18,5,0,1
baseline,10,diagnostic,timeline,305419896,10000,100000,46510,47091,0.111083984,direct,0,0,0,0,0,18,1,18,6,0,1
baseline,10,diagnostic,timeline,305419896,10000,100000,48241,48496,0.10546875,direct,0,0,0,0,0,18,1,18,6,0,1
baseline,10,diagnostic,timeline,305419896,10000,100000,48558,48747,0.241943359,direct,0,0,0,0,0,18,1,18,6,0,1
baseline,10,diagnostic,timeline,305419896,10000,100000,49072,49169,0.114257812,direct,0,0,0,0,0,18,1,18,6,0,1
baseline,10,diagnostic,timeline,305419896,10000,100000,49996,49901,0.179443359,direct,0,0,0,0,0,15,2,15,4,0,1
baseline,10,diagnostic,timeline,305419896,10000,100000,51234,50897,0.061279297,local,64,120,1,3,124,17,0,17,6,0,3
baseline,10,diagnostic,timeline,305419896,10000,100000,51290,50939,60.548583984,full,50939,116467,1,13,116481,18,1,18,3,1,7
baseline,10,diagnostic,timeline,305419896,10000,100000,52977,52276,0.214599609,direct,0,0,0,0,0,17,1,17,4,0,1
baseline,10,diagnostic,timeline,305419896,10000,100000,64392,61447,0.115478516,direct,0,0,0,0,0,18,1,18,3,0,1
baseline,10,diagnostic,timeline,305419896,10000,100000,66291,62958,0.099121094,direct,0,0,0,0,0,18,1,18,3,0,1
baseline,10,diagnostic,timeline,305419896,10000,100000,68047,64336,0.299072266,direct,0,0,0,0,0,18,1,18,4,0,1
baseline,10,diagnostic,timeline,305419896,10000,100000,68238,64495,0.223388672,direct,0,0,0,0,0,16,0,16,2,0,1
baseline,10,diagnostic,timeline,305419896,10000,100000,68702,64871,0.208251953,direct,0,0,0,0,0,18,1,18,4,0,1
baseline,10,diagnostic,timeline,305419896,10000,100000,80432,74247,109.602294922,full,74247,205311,1,14,205326,18,0,18,4,1,7
open_dense,10,timed,timeline,305419896,10000,100000,33011,36322,11.567871094,unavailable,0,0,0,0,0,0,0,0,4,0,1
open_dense,10,timed,timeline,305419896,10000,100000,48700,48853,5.989257812,unavailable,0,0,0,0,0,0,0,0,6,0,1
open_dense,10,timed,timeline,305419896,10000,100000,49538,49517,11.141357422,unavailable,0,0,0,0,0,0,0,0,4,0,1
open_dense,10,timed,timeline,305419896,10000,100000,66558,63161,6.447509766,unavailable,0,0,0,0,0,0,0,0,6,0,1
open_dense,10,timed,timeline,305419896,10000,100000,66730,63295,13.092285156,unavailable,0,0,0,0,0,0,0,0,5,0,1
open_dense,10,timed,timeline,305419896,10000,100000,78277,72544,6.88671875,unavailable,0,0,0,0,0,0,0,0,6,0,1
open_dense,10,timed,timeline,305419896,10000,100000,79067,73194,6.104980469,unavailable,0,0,0,0,0,0,0,0,5,0,1
open_dense,10,timed,timeline,305419896,10000,100000,79275,73364,12.261962891,unavailable,0,0,0,0,0,0,0,0,5,0,1
open_dense,10,timed,timeline,305419896,10000,100000,88895,80966,6.344482422,unavailable,0,0,0,0,0,0,0,0,5,0,1
open_dense,10,timed,timeline,305419896,10000,100000,92560,83883,15.662109375,unavailable,0,0,0,0,0,0,0,0,6,0,1
open_dense,10,timed,timeline,305419896,10000,100000,93540,84659,14.451416016,unavailable,0,0,0,0,0,0,0,0,6,0,1
open_dense,10,timed,timeline,305419896,10000,100000,93591,84702,10.827636719,unavailable,0,0,0,0,0,0,0,0,6,0,1
open_dense,10,timed,timeline,305419896,10000,100000,93890,84937,10.0625,unavailable,0,0,0,0,0,0,0,0,6,0,1
open_dense,10,timed,timeline,305419896,10000,100000,95416,86141,11.367919922,unavailable,0,0,0,0,0,0,0,0,6,0,1
open_dense,10,timed,timeline,305419896,10000,100000,95499,86214,10.726074219,unavailable,0,0,0,0,0,0,0,0,6,0,1
open_dense,10,timed,timeline,305419896,10000,100000,96861,87298,11.005126953,unavailable,0,0,0,0,0,0,0,0,6,0,1
open_dense,10,timed,timeline,305419896,10000,100000,96867,87304,10.526367188,unavailable,0,0,0,0,0,0,0,0,6,0,1
open_dense,10,timed,timeline,305419896,10000,100000,96960,87385,10.935058594,unavailable,0,0,0,0,0,0,0,0,6,0,1
open_dense,10,timed,timeline,305419896,10000,100000,97602,87883,24.156738281,unavailable,0,0,0,0,0,0,0,0,6,0,1
open_dense,10,timed,timeline,305419896,10000,100000,98285,88420,11.751708984,unavailable,0,0,0,0,0,0,0,0,6,0,1
open_dense,10,timed,timeline,305419896,10000,100000,98805,88812,26.044921875,unavailable,0,0,0,0,0,0,0,0,6,0,1
open_dense,10,timed,timeline,305419896,10000,100000,99169,89102,11.9375,unavailable,0,0,0,0,0,0,0,0,6,0,1
open_dense,10,timed,timeline,305419896,10000,100000,99332,89233,11.388183594,unavailable,0,0,0,0,0,0,0,0,6,0,1
open_dense,10,timed,timeline,305419896,10000,100000,99887,89660,23.894775391,unavailable,0,0,0,0,0,0,0,0,6,0,1
open_dense,10,timed,timeline,305419896,10000,100000,99989,89750,11.489257812,unavailable,0,0,0,0,0,0,0,0,6,0,1
open_dense,10,diagnostic,timeline,305419896,10000,100000,33011,36322,14.382568359,large,16384,32760,1,11,32772,16,0,16,4,0,3
open_dense,10,diagnostic,timeline,305419896,10000,100000,49538,49517,13.874511719,large,16384,32760,1,11,32772,16,0,16,4,0,3
open_dense,10,diagnostic,timeline,305419896,10000,100000,66558,63161,14.884521484,large,8192,16376,1,10,16387,16,0,16,6,0,3
open_dense,10,diagnostic,timeline,305419896,10000,100000,66730,63295,27.016357422,large,16384,32760,1,11,32772,17,0,17,5,0,3
open_dense,10,diagnostic,timeline,305419896,10000,100000,78277,72544,8.216308594,large,8192,16376,1,10,16387,17,0,17,6,0,3
open_dense,10,diagnostic,timeline,305419896,10000,100000,79275,73364,13.908203125,large,16384,32760,1,11,32772,16,0,16,5,0,3
open_dense,10,diagnostic,timeline,305419896,10000,100000,88895,80966,7.884765625,large,8192,16376,1,10,16387,18,0,18,5,0,3
open_dense,10,diagnostic,timeline,305419896,10000,100000,91402,82971,10.626708984,large,8192,16376,1,10,16387,16,0,16,6,0,3
open_dense,10,diagnostic,timeline,305419896,10000,100000,92560,83883,17.036621094,large,16384,32760,1,11,32772,17,0,17,6,0,3
open_dense,10,diagnostic,timeline,305419896,10000,100000,93540,84659,13.933349609,large,16384,32760,1,11,32772,18,0,18,6,0,3
open_dense,10,diagnostic,timeline,305419896,10000,100000,93591,84702,12.862792969,large,16384,32760,1,11,32772,19,1,19,6,0,3
open_dense,10,diagnostic,timeline,305419896,10000,100000,93890,84937,13.646728516,large,16384,32760,1,11,32772,18,0,18,6,0,3
open_dense,10,diagnostic,timeline,305419896,10000,100000,95416,86141,16.437988281,large,16384,32760,1,11,32772,18,0,18,6,0,3
open_dense,10,diagnostic,timeline,305419896,10000,100000,95499,86214,14.770507812,large,16384,32760,1,11,32772,18,0,18,6,0,3
open_dense,10,diagnostic,timeline,305419896,10000,100000,96861,87298,17.344726562,large,16384,32760,1,11,32772,17,2,17,6,0,3
open_dense,10,diagnostic,timeline,305419896,10000,100000,96867,87304,14.776123047,large,16384,32760,1,11,32772,17,1,17,6,0,3
open_dense,10,diagnostic,timeline,305419896,10000,100000,96960,87385,15.181152344,large,16384,32760,1,11,32772,17,0,17,6,0,3
open_dense,10,diagnostic,timeline,305419896,10000,100000,97602,87883,33.67578125,large,32768,65528,1,12,65541,17,0,17,6,0,3
open_dense,10,diagnostic,timeline,305419896,10000,100000,98285,88420,15.021972656,large,16384,32760,1,11,32772,18,2,18,6,0,3
open_dense,10,diagnostic,timeline,305419896,10000,100000,98805,88812,31.605224609,large,32768,65528,1,12,65541,16,0,16,6,0,3
open_dense,10,diagnostic,timeline,305419896,10000,100000,99169,89102,16.719726562,large,16384,32760,1,11,32772,16,0,16,6,0,3
open_dense,10,diagnostic,timeline,305419896,10000,100000,99176,89109,7.557617188,large,8192,16376,1,10,16387,18,0,18,6,0,2
open_dense,10,diagnostic,timeline,305419896,10000,100000,99332,89233,20.381591797,large,16384,32760,1,11,32772,18,0,18,6,0,3
open_dense,10,diagnostic,timeline,305419896,10000,100000,99826,89605,8.560058594,large,4096,8184,1,9,8194,19,1,19,6,0,1
open_dense,10,diagnostic,timeline,305419896,10000,100000,99887,89660,36.0390625,large,32768,65528,1,12,65541,17,0,17,6,0,3
open_dense,10,diagnostic,timeline,305419896,10000,100000,99989,89750,15.447265625,large,16384,32760,1,11,32772,16,0,16,6,0,3
baseline,11,timed,timeline,2654435769,10000,100000,1459,11144,0.047363281,unavailable,0,0,0,0,0,0,0,0,1,0,1
baseline,11,timed,timeline,2654435769,10000,100000,1496,11173,0.069580078,unavailable,0,0,0,0,0,0,0,0,1,0,1
baseline,11,timed,timeline,2654435769,10000,100000,4156,13279,0.050537109,unavailable,0,0,0,0,0,0,0,0,2,0,1
baseline,11,timed,timeline,2654435769,10000,100000,6152,14887,0.205810547,unavailable,0,0,0,0,0,0,0,0,2,0,1
baseline,11,timed,timeline,2654435769,10000,100000,6780,15385,0.042236328,unavailable,0,0,0,0,0,0,0,0,2,0,1
baseline,11,timed,timeline,2654435769,10000,100000,9422,17491,0.042724609,unavailable,0,0,0,0,0,0,0,0,3,0,1
baseline,11,timed,timeline,2654435769,10000,100000,14734,21703,0.043212891,unavailable,0,0,0,0,0,0,0,0,4,0,1
baseline,11,timed,timeline,2654435769,10000,100000,16698,23245,0.109619141,unavailable,0,0,0,0,0,0,0,0,4,0,1
baseline,11,timed,timeline,2654435769,10000,100000,17366,23809,0.069580078,unavailable,0,0,0,0,0,0,0,0,5,0,1
baseline,11,timed,timeline,2654435769,10000,100000,19771,25784,0.043701172,unavailable,0,0,0,0,0,0,0,0,5,0,1
baseline,11,timed,timeline,2654435769,10000,100000,25724,30489,0.054443359,unavailable,0,0,0,0,0,0,0,0,6,0,1
baseline,11,timed,timeline,2654435769,10000,100000,26843,31356,21.168701172,unavailable,0,0,0,0,0,0,0,0,4,0,1
baseline,11,timed,timeline,2654435769,10000,100000,27998,32289,0.186523438,unavailable,0,0,0,0,0,0,0,0,2,0,1
baseline,11,timed,timeline,2654435769,10000,100000,42981,44190,0.115722656,unavailable,0,0,0,0,0,0,0,0,5,0,1
baseline,11,timed,timeline,2654435769,10000,100000,43451,44566,0.052978516,unavailable,0,0,0,0,0,0,0,0,5,0,1
baseline,11,timed,timeline,2654435769,10000,100000,48658,48707,0.317871094,unavailable,0,0,0,0,0,0,0,0,4,0,1
baseline,11,timed,timeline,2654435769,10000,100000,49088,49029,0.060058594,unavailable,0,0,0,0,0,0,0,0,6,0,1
baseline,11,timed,timeline,2654435769,10000,100000,50506,50151,0.060791016,unavailable,0,0,0,0,0,0,0,0,6,0,1
baseline,11,timed,timeline,2654435769,10000,100000,51490,50945,46.301025391,unavailable,0,0,0,0,0,0,0,0,3,0,1
baseline,11,timed,timeline,2654435769,10000,100000,55904,54433,0.154785156,unavailable,0,0,0,0,0,0,0,0,4,0,1
baseline,11,timed,timeline,2654435769,10000,100000,62009,59416,0.177978516,unavailable,0,0,0,0,0,0,0,0,3,0,1
baseline,11,timed,timeline,2654435769,10000,100000,67537,63890,0.042480469,unavailable,0,0,0,0,0,0,0,0,4,0,1
baseline,11,timed,timeline,2654435769,10000,100000,73759,68912,0.181640625,unavailable,0,0,0,0,0,0,0,0,5,0,1
baseline,11,timed,timeline,2654435769,10000,100000,80652,74359,101.713867188,unavailable,0,0,0,0,0,0,0,0,3,0,1
baseline,11,timed,timeline,2654435769,10000,100000,96868,87241,0.096435547,unavailable,0,0,0,0,0,0,0,0,4,0,1
baseline,11,diagnostic,timeline,2654435769,10000,100000,6942,15523,0.072021484,direct,0,0,0,0,0,16,1,16,2,0,1
baseline,11,diagnostic,timeline,2654435769,10000,100000,19833,25820,0.108642578,direct,0,0,0,0,0,17,1,17,5,0,1
baseline,11,diagnostic,timeline,2654435769,10000,100000,21032,26761,0.058105469,direct,0,0,0,0,0,17,1,17,5,0,1
baseline,11,diagnostic,timeline,2654435769,10000,100000,21685,27270,0.250488281,direct,0,0,0,0,0,17,1,17,5,0,1
baseline,11,diagnostic,timeline,2654435769,10000,100000,22189,27672,0.055419922,direct,0,0,0,0,0,17,1,17,6,0,1
baseline,11,diagnostic,timeline,2654435769,10000,100000,22755,28118,0.067871094,direct,0,0,0,0,0,17,1,17,6,0,1
baseline,11,diagnostic,timeline,2654435769,10000,100000,23419,28642,0.055175781,direct,0,0,0,0,0,17,1,17,6,0,1
baseline,11,diagnostic,timeline,2654435769,10000,100000,24630,29613,0.055419922,direct,0,0,0,0,0,16,1,16,6,0,1
baseline,11,diagnostic,timeline,2654435769,10000,100000,24919,29842,0.061279297,direct,0,0,0,0,0,16,0,16,6,0,1
baseline,11,diagnostic,timeline,2654435769,10000,100000,25844,30579,0.065917969,direct,0,0,0,0,0,17,1,17,6,0,1
baseline,11,diagnostic,timeline,2654435769,10000,100000,26368,30975,0.059326172,direct,0,0,0,0,0,17,1,17,6,0,1
baseline,11,diagnostic,timeline,2654435769,10000,100000,26843,31356,26.579589844,full,31356,64116,1,12,64129,17,1,17,4,1,7
baseline,11,diagnostic,timeline,2654435769,10000,100000,31926,35421,0.120361328,direct,0,0,0,0,0,16,1,16,2,0,1
baseline,11,diagnostic,timeline,2654435769,10000,100000,35060,37957,0.059082031,direct,0,0,0,0,0,17,1,17,3,0,1
baseline,11,diagnostic,timeline,2654435769,10000,100000,36875,39362,0.058105469,direct,0,0,0,0,0,17,1,17,3,0,1
baseline,11,diagnostic,timeline,2654435769,10000,100000,38631,40764,0.06640625,direct,0,0,0,0,0,17,1,17,4,0,1
baseline,11,diagnostic,timeline,2654435769,10000,100000,38911,40996,0.260986328,direct,0,0,0,0,0,17,1,17,4,0,1
baseline,11,diagnostic,timeline,2654435769,10000,100000,44003,44978,0.063476562,direct,0,0,0,0,0,18,1,18,5,0,1
baseline,11,diagnostic,timeline,2654435769,10000,100000,44959,45728,0.296386719,direct,0,0,0,0,0,18,1,18,5,0,1
baseline,11,diagnostic,timeline,2654435769,10000,100000,48082,48253,0.056640625,direct,0,0,0,0,0,18,1,18,6,0,1
baseline,11,diagnostic,timeline,2654435769,10000,100000,51474,50935,0.033691406,local,32,56,1,2,59,18,2,18,6,0,2
baseline,11,diagnostic,timeline,2654435769,10000,100000,51490,50945,61.160400391,full,50945,116473,1,13,116487,18,1,18,3,1,7
baseline,11,diagnostic,timeline,2654435769,10000,100000,63189,60366,0.162841797,direct,0,0,0,0,0,17,1,17,3,0,1
baseline,11,diagnostic,timeline,2654435769,10000,100000,73802,68949,0.174316406,direct,0,0,0,0,0,18,1,18,5,0,1
baseline,11,diagnostic,timeline,2654435769,10000,100000,80642,74351,0.015625,local,16,24,1,1,26,17,0,17,6,0,2
baseline,11,diagnostic,timeline,2654435769,10000,100000,80652,74359,127.833740234,full,74359,205423,1,14,205438,17,0,17,3,1,7
baseline,11,diagnostic,timeline,2654435769,10000,100000,94064,85005,0.179931641,direct,0,0,0,0,0,19,1,19,4,0,1
open_dense,11,timed,timeline,2654435769,10000,100000,51868,51253,14.159912109,unavailable,0,0,0,0,0,0,0,0,6,0,1
open_dense,11,timed,timeline,2654435769,10000,100000,53829,52768,24.453125,unavailable,0,0,0,0,0,0,0,0,4,0,1
open_dense,11,timed,timeline,2654435769,10000,100000,71208,66853,20.080566406,unavailable,0,0,0,0,0,0,0,0,5,0,1
open_dense,11,timed,timeline,2654435769,10000,100000,92835,84074,20.140625,unavailable,0,0,0,0,0,0,0,0,6,0,1
open_dense,11,timed,timeline,2654435769,10000,100000,93247,84386,14.006347656,unavailable,0,0,0,0,0,0,0,0,6,0,1
open_dense,11,timed,timeline,2654435769,10000,100000,93256,84395,24.193603516,unavailable,0,0,0,0,0,0,0,0,6,0,1
open_dense,11,timed,timeline,2654435769,10000,100000,93891,84874,27.046630859,unavailable,0,0,0,0,0,0,0,0,6,0,1
open_dense,11,timed,timeline,2654435769,10000,100000,94043,84988,12.990966797,unavailable,0,0,0,0,0,0,0,0,6,0,1
open_dense,11,timed,timeline,2654435769,10000,100000,94230,85131,26.797851562,unavailable,0,0,0,0,0,0,0,0,6,0,1
open_dense,11,timed,timeline,2654435769,10000,100000,94998,85743,23.639892578,unavailable,0,0,0,0,0,0,0,0,6,0,1
open_dense,11,timed,timeline,2654435769,10000,100000,95153,85870,24.611816406,unavailable,0,0,0,0,0,0,0,0,6,0,1
open_dense,11,timed,timeline,2654435769,10000,100000,95225,85922,23.380126953,unavailable,0,0,0,0,0,0,0,0,6,0,1
open_dense,11,timed,timeline,2654435769,10000,100000,95511,86158,23.727783203,unavailable,0,0,0,0,0,0,0,0,6,0,1
open_dense,11,timed,timeline,2654435769,10000,100000,97372,87659,26.34375,unavailable,0,0,0,0,0,0,0,0,6,0,1
open_dense,11,timed,timeline,2654435769,10000,100000,97478,87751,29.100585938,unavailable,0,0,0,0,0,0,0,0,6,0,1
open_dense,11,timed,timeline,2654435769,10000,100000,97500,87769,37.582763672,unavailable,0,0,0,0,0,0,0,0,6,0,1
open_dense,11,timed,timeline,2654435769,10000,100000,97762,87969,13.430419922,unavailable,0,0,0,0,0,0,0,0,6,0,1
open_dense,11,timed,timeline,2654435769,10000,100000,98193,88326,24.578613281,unavailable,0,0,0,0,0,0,0,0,6,0,1
open_dense,11,timed,timeline,2654435769,10000,100000,98299,88422,24.318359375,unavailable,0,0,0,0,0,0,0,0,6,0,1
open_dense,11,timed,timeline,2654435769,10000,100000,98410,88515,24.844238281,unavailable,0,0,0,0,0,0,0,0,6,0,1
open_dense,11,timed,timeline,2654435769,10000,100000,98445,88548,25.296386719,unavailable,0,0,0,0,0,0,0,0,6,0,1
open_dense,11,timed,timeline,2654435769,10000,100000,98537,88628,25.737304688,unavailable,0,0,0,0,0,0,0,0,6,0,1
open_dense,11,timed,timeline,2654435769,10000,100000,98691,88764,25.222900391,unavailable,0,0,0,0,0,0,0,0,6,0,1
open_dense,11,timed,timeline,2654435769,10000,100000,98940,88961,13.447753906,unavailable,0,0,0,0,0,0,0,0,6,0,1
open_dense,11,timed,timeline,2654435769,10000,100000,99993,89812,27.453857422,unavailable,0,0,0,0,0,0,0,0,6,0,1
open_dense,11,diagnostic,timeline,2654435769,10000,100000,53147,52234,25.368164062,large,16384,32760,1,11,32772,17,0,17,6,0,3
open_dense,11,diagnostic,timeline,2654435769,10000,100000,53829,52768,31.597167969,large,32768,65528,1,12,65541,17,0,17,4,0,3
open_dense,11,diagnostic,timeline,2654435769,10000,100000,83638,76765,16.857177734,large,16384,32760,1,11,32772,17,0,17,5,0,3
open_dense,11,diagnostic,timeline,2654435769,10000,100000,89902,81743,18.217773438,large,16384,32760,1,11,32772,18,2,18,6,0,3
open_dense,11,diagnostic,timeline,2654435769,10000,100000,93247,84386,24.974121094,large,16384,32760,1,11,32772,16,0,16,6,0,3
open_dense,11,diagnostic,timeline,2654435769,10000,100000,93256,84395,35.38671875,large,32768,65528,1,12,65541,17,0,17,6,0,3
open_dense,11,diagnostic,timeline,2654435769,10000,100000,93891,84874,38.680908203,large,32768,65528,1,12,65541,18,1,18,6,0,3
open_dense,11,diagnostic,timeline,2654435769,10000,100000,94230,85131,33.0234375,large,32768,65528,1,12,65541,18,0,18,6,0,3
open_dense,11,diagnostic,timeline,2654435769,10000,100000,94998,85743,32.449951172,large,32768,65528,1,12,65541,16,0,16,6,0,3
open_dense,11,diagnostic,timeline,2654435769,10000,100000,95153,85870,34.248046875,large,32768,65528,1,12,65541,17,1,17,6,0,3
open_dense,11,diagnostic,timeline,2654435769,10000,100000,95225,85922,32.175292969,large,32768,65528,1,12,65541,16,0,16,6,0,3
open_dense,11,diagnostic,timeline,2654435769,10000,100000,95285,85970,18.993896484,large,16384,32760,1,11,32772,16,0,16,6,0,3
open_dense,11,diagnostic,timeline,2654435769,10000,100000,95511,86158,32.234130859,large,32768,65528,1,12,65541,16,0,16,6,0,3
open_dense,11,diagnostic,timeline,2654435769,10000,100000,95910,86471,18.521240234,large,16384,32760,1,11,32772,16,0,16,6,0,3
open_dense,11,diagnostic,timeline,2654435769,10000,100000,96737,87130,18.095947266,large,16384,32760,1,11,32772,15,0,15,6,0,3
open_dense,11,diagnostic,timeline,2654435769,10000,100000,97372,87659,48.302490234,large,32768,65528,1,12,65541,16,0,16,6,0,3
open_dense,11,diagnostic,timeline,2654435769,10000,100000,97478,87751,35.389404297,large,32768,65528,1,12,65541,16,0,16,6,0,3
open_dense,11,diagnostic,timeline,2654435769,10000,100000,97500,87769,32.060791016,large,32768,65528,1,12,65541,16,0,16,6,0,3
open_dense,11,diagnostic,timeline,2654435769,10000,100000,98193,88326,37.164794922,large,32768,65528,1,12,65541,16,0,16,6,0,3
open_dense,11,diagnostic,timeline,2654435769,10000,100000,98299,88422,35.096191406,large,32768,65528,1,12,65541,17,1,17,6,0,3
open_dense,11,diagnostic,timeline,2654435769,10000,100000,98410,88515,34.540771484,large,32768,65528,1,12,65541,17,2,17,6,0,3
open_dense,11,diagnostic,timeline,2654435769,10000,100000,98445,88548,37.823486328,large,32768,65528,1,12,65541,15,0,15,6,0,3
open_dense,11,diagnostic,timeline,2654435769,10000,100000,98537,88628,37.359619141,large,32768,65528,1,12,65541,16,0,16,6,0,3
open_dense,11,diagnostic,timeline,2654435769,10000,100000,98691,88764,32.616455078,large,32768,65528,1,12,65541,16,0,16,6,0,3
open_dense,11,diagnostic,timeline,2654435769,10000,100000,99993,89812,47.416503906,large,32768,65528,1,12,65541,17,2,17,6,0,3
baseline,12,timed,timeline,826366246,10000,100000,1556,11173,0.067871094,unavailable,0,0,0,0,0,0,0,0,1,0,1
baseline,12,timed,timeline,826366246,10000,100000,2855,12216,0.067138672,unavailable,0,0,0,0,0,0,0,0,1,0,1
baseline,12,timed,timeline,826366246,10000,100000,18153,24546,0.120605469,unavailable,0,0,0,0,0,0,0,0,5,0,1
baseline,12,timed,timeline,826366246,10000,100000,19804,25883,0.057861328,unavailable,0,0,0,0,0,0,0,0,5,0,1
baseline,12,timed,timeline,826366246,10000,100000,22433,27988,0.061279297,unavailable,0,0,0,0,0,0,0,0,6,0,1
baseline,12,timed,timeline,826366246,10000,100000,25029,30094,0.062011719,unavailable,0,0,0,0,0,0,0,0,6,0,1
baseline,12,timed,timeline,826366246,10000,100000,25696,30625,0.058349609,unavailable,0,0,0,0,0,0,0,0,6,0,1
baseline,12,timed,timeline,826366246,10000,100000,26455,31232,0.098632812,unavailable,0,0,0,0,0,0,0,0,6,0,1
baseline,12,timed,timeline,826366246,10000,100000,26522,31285,21.932373047,unavailable,0,0,0,0,0,0,0,0,3,0,1
baseline,12,timed,timeline,826366246,10000,100000,31443,35294,0.066650391,unavailable,0,0,0,0,0,0,0,0,2,0,1
baseline,12,timed,timeline,826366246,10000,100000,41389,43284,0.117431641,unavailable,0,0,0,0,0,0,0,0,4,0,1
baseline,12,timed,timeline,826366246,10000,100000,46297,47238,0.184570312,unavailable,0,0,0,0,0,0,0,0,6,0,1
baseline,12,timed,timeline,826366246,10000,100000,50642,50803,0.185791016,unavailable,0,0,0,0,0,0,0,0,6,0,1
baseline,12,timed,timeline,826366246,10000,100000,50954,51047,41.430664062,unavailable,0,0,0,0,0,0,0,0,4,0,1
baseline,12,timed,timeline,826366246,10000,100000,60289,58520,0.052734375,unavailable,0,0,0,0,0,0,0,0,2,0,1
baseline,12,timed,timeline,826366246,10000,100000,64707,62074,0.169189453,unavailable,0,0,0,0,0,0,0,0,3,0,1
baseline,12,timed,timeline,826366246,10000,100000,70821,66944,0.063232422,unavailable,0,0,0,0,0,0,0,0,5,0,1
baseline,12,timed,timeline,826366246,10000,100000,73423,69048,0.060791016,unavailable,0,0,0,0,0,0,0,0,5,0,1
baseline,12,timed,timeline,826366246,10000,100000,76688,71633,0.075683594,unavailable,0,0,0,0,0,0,0,0,6,0,1
baseline,12,timed,timeline,826366246,10000,100000,78792,73353,0.228027344,unavailable,0,0,0,0,0,0,0,0,6,0,1
baseline,12,timed,timeline,826366246,10000,100000,80001,74360,97.929443359,unavailable,0,0,0,0,0,0,0,0,3,0,1
baseline,12,timed,timeline,826366246,10000,100000,86961,79852,0.076171875,unavailable,0,0,0,0,0,0,0,0,2,0,1
baseline,12,timed,timeline,826366246,10000,100000,87992,80651,0.169433594,unavailable,0,0,0,0,0,0,0,0,2,0,1
baseline,12,timed,timeline,826366246,10000,100000,89201,81616,0.119384766,unavailable,0,0,0,0,0,0,0,0,3,0,1
baseline,12,timed,timeline,826366246,10000,100000,94505,85828,0.052978516,unavailable,0,0,0,0,0,0,0,0,4,0,1
baseline,12,diagnostic,timeline,826366246,10000,100000,1686,11279,0.197753906,direct,0,0,0,0,0,15,1,15,1,0,1
baseline,12,diagnostic,timeline,826366246,10000,100000,15612,22549,0.060791016,direct,0,0,0,0,0,15,0,15,4,0,1
baseline,12,diagnostic,timeline,826366246,10000,100000,15700,22617,0.061279297,direct,0,0,0,0,0,15,2,15,2,0,1
baseline,12,diagnostic,timeline,826366246,10000,100000,16758,23435,0.099609375,direct,0,0,0,0,0,17,1,17,4,0,1
baseline,12,diagnostic,timeline,826366246,10000,100000,17409,23954,0.065185547,direct,0,0,0,0,0,17,1,17,5,0,1
baseline,12,diagnostic,timeline,826366246,10000,100000,18448,24791,0.067138672,direct,0,0,0,0,0,17,1,17,5,0,1
baseline,12,diagnostic,timeline,826366246,10000,100000,18476,24817,0.239501953,direct,0,0,0,0,0,17,1,17,5,0,1
baseline,12,diagnostic,timeline,826366246,10000,100000,19126,25357,0.056640625,direct,0,0,0,0,0,17,1,17,5,0,1
baseline,12,diagnostic,timeline,826366246,10000,100000,26522,31285,24.760986328,full,31285,64045,1,12,64058,17,1,17,3,1,7
baseline,12,diagnostic,timeline,826366246,10000,100000,30896,34839,0.157714844,direct,0,0,0,0,0,17,1,17,2,0,1
baseline,12,diagnostic,timeline,826366246,10000,100000,40234,42379,0.178222656,direct,0,0,0,0,0,17,1,17,4,0,1
baseline,12,diagnostic,timeline,826366246,10000,100000,48020,48631,0.096923828,direct,0,0,0,0,0,18,1,18,6,0,1
baseline,12,diagnostic,timeline,826366246,10000,100000,49593,49920,0.063964844,direct,0,0,0,0,0,17,0,17,6,0,1
baseline,12,diagnostic,timeline,826366246,10000,100000,50923,51024,0.008300781,local,8,8,1,0,9,16,0,16,6,0,2
baseline,12,diagnostic,timeline,826366246,10000,100000,50954,51047,56.102050781,full,51047,116575,1,13,116589,18,2,18,4,1,7
baseline,12,diagnostic,timeline,826366246,10000,100000,67036,63943,0.0703125,direct,0,0,0,0,0,18,1,18,4,0,1
baseline,12,diagnostic,timeline,826366246,10000,100000,67327,64192,0.230957031,direct,0,0,0,0,0,18,1,18,4,0,1
baseline,12,diagnostic,timeline,826366246,10000,100000,68787,65348,0.058105469,direct,0,0,0,0,0,18,1,18,4,0,1
baseline,12,diagnostic,timeline,826366246,10000,100000,71506,67523,0.220458984,direct,0,0,0,0,0,17,0,17,4,0,1
baseline,12,diagnostic,timeline,826366246,10000,100000,75782,70927,0.054443359,direct,0,0,0,0,0,19,1,19,6,0,1
baseline,12,diagnostic,timeline,826366246,10000,100000,77000,71875,0.054443359,direct,0,0,0,0,0,18,1,18,6,0,1
baseline,12,diagnostic,timeline,826366246,10000,100000,77628,72373,0.073242188,direct,0,0,0,0,0,18,1,18,6,0,1
baseline,12,diagnostic,timeline,826366246,10000,100000,78219,72854,0.060058594,direct,0,0,0,0,0,18,0,18,6,0,1
baseline,12,diagnostic,timeline,826366246,10000,100000,79309,73778,0.058837891,direct,0,0,0,0,0,19,1,19,6,0,1
baseline,12,diagnostic,timeline,826366246,10000,100000,80001,74360,130.355957031,full,74360,205424,1,14,205439,19,2,19,3,1,7
baseline,12,diagnostic,timeline,826366246,10000,100000,98422,88967,0.161621094,direct,0,0,0,0,0,19,1,19,5,0,1
open_dense,12,timed,timeline,826366246,10000,100000,72917,68652,25.834228516,unavailable,0,0,0,0,0,0,0,0,6,0,1
open_dense,12,timed,timeline,826366246,10000,100000,73003,68720,27.240966797,unavailable,0,0,0,0,0,0,0,0,6,0,1
open_dense,12,timed,timeline,826366246,10000,100000,74330,69757,39.791748047,unavailable,0,0,0,0,0,0,0,0,6,0,1
open_dense,12,timed,timeline,826366246,10000,100000,74357,69778,27.665283203,unavailable,0,0,0,0,0,0,0,0,6,0,1
open_dense,12,timed,timeline,826366246,10000,100000,74369,69788,26.345703125,unavailable,0,0,0,0,0,0,0,0,6,0,1
open_dense,12,timed,timeline,826366246,10000,100000,74466,69871,30.135009766,unavailable,0,0,0,0,0,0,0,0,6,0,1
open_dense,12,timed,timeline,826366246,10000,100000,74856,70185,33.213867188,unavailable,0,0,0,0,0,0,0,0,6,0,1
open_dense,12,timed,timeline,826366246,10000,100000,75174,70437,40.07421875,unavailable,0,0,0,0,0,0,0,0,6,0,1
open_dense,12,timed,timeline,826366246,10000,100000,75178,70441,27.276611328,unavailable,0,0,0,0,0,0,0,0,6,0,1
open_dense,12,timed,timeline,826366246,10000,100000,76521,71502,31.017333984,unavailable,0,0,0,0,0,0,0,0,6,0,1
open_dense,12,timed,timeline,826366246,10000,100000,77037,71906,27.315429688,unavailable,0,0,0,0,0,0,0,0,6,0,1
open_dense,12,timed,timeline,826366246,10000,100000,77802,72513,27.407470703,unavailable,0,0,0,0,0,0,0,0,6,0,1
open_dense,12,timed,timeline,826366246,10000,100000,78349,72970,26.1484375,unavailable,0,0,0,0,0,0,0,0,6,0,1
open_dense,12,timed,timeline,826366246,10000,100000,78378,72999,25.638916016,unavailable,0,0,0,0,0,0,0,0,6,0,1
open_dense,12,timed,timeline,826366246,10000,100000,78569,73162,26.254882812,unavailable,0,0,0,0,0,0,0,0,6,0,1
open_dense,12,timed,timeline,826366246,10000,100000,79003,73518,27.5625,unavailable,0,0,0,0,0,0,0,0,6,0,1
open_dense,12,timed,timeline,826366246,10000,100000,79628,74041,28.174804688,unavailable,0,0,0,0,0,0,0,0,6,0,1
open_dense,12,timed,timeline,826366246,10000,100000,79725,74120,28.833984375,unavailable,0,0,0,0,0,0,0,0,6,0,1
open_dense,12,timed,timeline,826366246,10000,100000,79961,74326,58.743896484,unavailable,0,0,0,0,0,0,0,0,6,0,1
open_dense,12,timed,timeline,826366246,10000,100000,80040,74391,26.849609375,unavailable,0,0,0,0,0,0,0,0,6,0,1
open_dense,12,timed,timeline,826366246,10000,100000,80649,74864,25.502929688,unavailable,0,0,0,0,0,0,0,0,6,0,1
open_dense,12,timed,timeline,826366246,10000,100000,80845,75014,25.132080078,unavailable,0,0,0,0,0,0,0,0,6,0,1
open_dense,12,timed,timeline,826366246,10000,100000,81443,75478,25.752929688,unavailable,0,0,0,0,0,0,0,0,6,0,1
open_dense,12,timed,timeline,826366246,10000,100000,81676,75671,26.229248047,unavailable,0,0,0,0,0,0,0,0,6,0,1
open_dense,12,timed,timeline,826366246,10000,100000,81777,75744,45.36328125,unavailable,0,0,0,0,0,0,0,0,2,0,1
open_dense,12,diagnostic,timeline,826366246,10000,100000,71720,67693,33.394042969,large,32768,65528,1,12,65541,16,0,16,6,0,3
open_dense,12,diagnostic,timeline,826366246,10000,100000,72917,68652,33.441894531,large,32768,65528,1,12,65541,15,0,15,6,0,3
open_dense,12,diagnostic,timeline,826366246,10000,100000,73003,68720,33.962402344,large,32768,65528,1,12,65541,17,0,17,6,0,3
open_dense,12,diagnostic,timeline,826366246,10000,100000,73337,68986,50.416259766,large,32768,65528,1,12,65541,16,0,16,6,0,3
open_dense,12,diagnostic,timeline,826366246,10000,100000,73494,69109,33.562744141,large,32768,65528,1,12,65541,17,0,17,6,0,3
open_dense,12,diagnostic,timeline,826366246,10000,100000,74330,69757,34.828125,large,32768,65528,1,12,65541,17,0,17,6,0,3
open_dense,12,diagnostic,timeline,826366246,10000,100000,75246,70501,33.473632812,large,32768,65528,1,12,65541,17,1,17,6,0,3
open_dense,12,diagnostic,timeline,826366246,10000,100000,75260,70511,57.513427734,large,32768,65528,1,12,65541,16,0,16,6,0,3
open_dense,12,diagnostic,timeline,826366246,10000,100000,75862,70995,33.446533203,large,32768,65528,1,12,65541,16,0,16,6,0,3
open_dense,12,diagnostic,timeline,826366246,10000,100000,76070,71143,35.215576172,large,32768,65528,1,12,65541,18,0,18,6,0,3
open_dense,12,diagnostic,timeline,826366246,10000,100000,76521,71502,34.325927734,large,32768,65528,1,12,65541,18,0,18,6,0,3
open_dense,12,diagnostic,timeline,826366246,10000,100000,77037,71906,36.974853516,large,32768,65528,1,12,65541,18,0,18,6,0,3
open_dense,12,diagnostic,timeline,826366246,10000,100000,77802,72513,33.712402344,large,32768,65528,1,12,65541,17,0,17,6,0,3
open_dense,12,diagnostic,timeline,826366246,10000,100000,78349,72970,34.387451172,large,32768,65528,1,12,65541,17,2,17,6,0,3
open_dense,12,diagnostic,timeline,826366246,10000,100000,78378,72999,43.655517578,large,32768,65528,1,12,65541,16,0,16,6,0,3
open_dense,12,diagnostic,timeline,826366246,10000,100000,78548,73143,33.195556641,large,32768,65528,1,12,65541,19,2,19,6,0,3
open_dense,12,diagnostic,timeline,826366246,10000,100000,79628,74041,33.293945312,large,32768,65528,1,12,65541,18,0,18,6,0,3
open_dense,12,diagnostic,timeline,826366246,10000,100000,79725,74120,34.209716797,large,32768,65528,1,12,65541,19,2,19,6,0,3
open_dense,12,diagnostic,timeline,826366246,10000,100000,79961,74326,33.192138672,large,32768,65528,1,12,65541,18,1,18,6,0,3
open_dense,12,diagnostic,timeline,826366246,10000,100000,80076,74421,46.732421875,large,32768,65528,1,12,65541,19,2,19,6,0,3
open_dense,12,diagnostic,timeline,826366246,10000,100000,80190,74513,33.490722656,large,32768,65528,1,12,65541,18,0,18,6,0,3
open_dense,12,diagnostic,timeline,826366246,10000,100000,80845,75014,33.013671875,large,32768,65528,1,12,65541,18,0,18,6,0,3
open_dense,12,diagnostic,timeline,826366246,10000,100000,81676,75671,36.425537109,large,32768,65528,1,12,65541,18,0,18,6,0,3
open_dense,12,diagnostic,timeline,826366246,10000,100000,81739,75722,33.250244141,large,32768,65528,1,12,65541,18,0,18,6,0,3
open_dense,12,diagnostic,timeline,826366246,10000,100000,81777,75744,66.538818359,large,65536,131064,1,13,131078,15,0,15,2,0,3
baseline,13,timed,timeline,12648430,10000,100000,9372,17491,0.042480469,unavailable,0,0,0,0,0,0,0,0,3,0,1
baseline,13,timed,timeline,12648430,10000,100000,15330,22221,0.131591797,unavailable,0,0,0,0,0,0,0,0,4,0,1
baseline,13,timed,timeline,12648430,10000,100000,17344,23809,0.060302734,unavailable,0,0,0,0,0,0,0,0,5,0,1
baseline,13,timed,timeline,12648430,10000,100000,22647,27988,0.041992188,unavailable,0,0,0,0,0,0,0,0,6,0,1
baseline,13,timed,timeline,12648430,10000,100000,24178,29219,0.043457031,unavailable,0,0,0,0,0,0,0,0,6,0,1
baseline,13,timed,timeline,12648430,10000,100000,24490,29471,0.04296875,unavailable,0,0,0,0,0,0,0,0,6,0,1
baseline,13,timed,timeline,12648430,10000,100000,25275,30094,0.061767578,unavailable,0,0,0,0,0,0,0,0,2,0,1
baseline,13,timed,timeline,12648430,10000,100000,25790,30509,0.0546875,unavailable,0,0,0,0,0,0,0,0,6,0,1
baseline,13,timed,timeline,12648430,10000,100000,26636,31195,21.282958984,unavailable,0,0,0,0,0,0,0,0,3,0,1
baseline,13,timed,timeline,12648430,10000,100000,38256,40529,0.038085938,unavailable,0,0,0,0,0,0,0,0,4,0,1
baseline,13,timed,timeline,12648430,10000,100000,40163,42012,0.039794922,unavailable,0,0,0,0,0,0,0,0,4,0,1
baseline,13,timed,timeline,12648430,10000,100000,41119,42788,0.060791016,unavailable,0,0,0,0,0,0,0,0,3,0,1
baseline,13,timed,timeline,12648430,10000,100000,48924,48953,0.046142578,unavailable,0,0,0,0,0,0,0,0,6,0,1
baseline,13,timed,timeline,12648430,10000,100000,50279,50000,0.046630859,unavailable,0,0,0,0,0,0,0,0,6,0,1
baseline,13,timed,timeline,12648430,10000,100000,51172,50685,41.784912109,unavailable,0,0,0,0,0,0,0,0,4,0,1
baseline,13,timed,timeline,12648430,10000,100000,62164,59545,0.047119141,unavailable,0,0,0,0,0,0,0,0,3,0,1
baseline,13,timed,timeline,12648430,10000,100000,63099,60292,0.037109375,unavailable,0,0,0,0,0,0,0,0,3,0,1
baseline,13,timed,timeline,12648430,10000,100000,64794,61651,0.052490234,unavailable,0,0,0,0,0,0,0,0,3,0,1
baseline,13,timed,timeline,12648430,10000,100000,67778,63991,0.248535156,unavailable,0,0,0,0,0,0,0,0,4,0,1
baseline,13,timed,timeline,12648430,10000,100000,77021,71356,0.046630859,unavailable,0,0,0,0,0,0,0,0,6,0,1
baseline,13,timed,timeline,12648430,10000,100000,77693,71914,0.043945312,unavailable,0,0,0,0,0,0,0,0,6,0,1
baseline,13,timed,timeline,12648430,10000,100000,79311,73190,0.049316406,unavailable,0,0,0,0,0,0,0,0,6,0,1
baseline,13,timed,timeline,12648430,10000,100000,80333,74022,88.713623047,unavailable,0,0,0,0,0,0,0,0,4,0,1
baseline,13,timed,timeline,12648430,10000,100000,88330,80475,0.041259766,unavailable,0,0,0,0,0,0,0,0,3,0,1
baseline,13,timed,timeline,12648430,10000,100000,90954,82581,0.048095703,unavailable,0,0,0,0,0,0,0,0,3,0,1
baseline,13,diagnostic,timeline,12648430,10000,100000,21110,26761,0.067626953,direct,0,0,0,0,0,17,1,17,5,0,1
baseline,13,diagnostic,timeline,12648430,10000,100000,22867,28166,0.065429688,direct,0,0,0,0,0,17,1,17,6,0,1
baseline,13,diagnostic,timeline,12648430,10000,100000,23416,28591,0.05859375,direct,0,0,0,0,0,17,1,17,6,0,1
baseline,13,diagnostic,timeline,12648430,10000,100000,25071,29940,0.068603516,direct,0,0,0,0,0,17,1,17,6,0,1
baseline,13,diagnostic,timeline,12648430,10000,100000,26375,30974,0.058349609,direct,0,0,0,0,0,17,1,17,6,0,1
baseline,13,diagnostic,timeline,12648430,10000,100000,26636,31195,25.468505859,full,31195,63955,1,12,63968,17,2,17,3,1,7
baseline,13,diagnostic,timeline,12648430,10000,100000,31549,35188,0.055175781,direct,0,0,0,0,0,16,0,16,2,0,1
baseline,13,diagnostic,timeline,12648430,10000,100000,36830,39401,0.055175781,direct,0,0,0,0,0,18,1,18,3,0,1
baseline,13,diagnostic,timeline,12648430,10000,100000,38629,40806,0.056396484,direct,0,0,0,0,0,16,1,16,4,0,1
baseline,13,diagnostic,timeline,12648430,10000,100000,45739,46426,0.059326172,direct,0,0,0,0,0,18,1,18,5,0,1
baseline,13,diagnostic,timeline,12648430,10000,100000,47522,47831,0.059570312,direct,0,0,0,0,0,17,1,17,6,0,1
baseline,13,diagnostic,timeline,12648430,10000,100000,47846,48097,0.065429688,direct,0,0,0,0,0,18,1,18,6,0,1
baseline,13,diagnostic,timeline,12648430,10000,100000,49056,49061,0.056884766,direct,0,0,0,0,0,18,1,18,6,0,1
baseline,13,diagnostic,timeline,12648430,10000,100000,49283,49236,0.064453125,direct,0,0,0,0,0,17,0,17,6,0,1
baseline,13,diagnostic,timeline,12648430,10000,100000,51172,50685,54.251953125,full,50685,116213,1,13,116227,16,0,16,4,1,7
baseline,13,diagnostic,timeline,12648430,10000,100000,72122,67455,0.065917969,direct,0,0,0,0,0,18,1,18,5,0,1
baseline,13,diagnostic,timeline,12648430,10000,100000,74210,69151,0.104248047,direct,0,0,0,0,0,18,1,18,5,0,1
baseline,13,diagnostic,timeline,12648430,10000,100000,75606,70265,0.05859375,direct,0,0,0,0,0,18,1,18,6,0,1
baseline,13,diagnostic,timeline,12648430,10000,100000,75717,70344,0.055419922,direct,0,0,0,0,0,17,0,17,6,0,1
baseline,13,diagnostic,timeline,12648430,10000,100000,76930,71289,0.055419922,direct,0,0,0,0,0,18,1,18,6,0,1
baseline,13,diagnostic,timeline,12648430,10000,100000,79168,73075,0.068603516,direct,0,0,0,0,0,18,1,18,6,0,1
baseline,13,diagnostic,timeline,12648430,10000,100000,80333,74022,121.991699219,full,74022,205086,1,14,205101,17,1,17,4,1,7
baseline,13,diagnostic,timeline,12648430,10000,100000,87871,80106,0.064697266,direct,0,0,0,0,0,18,1,18,2,0,1
baseline,13,diagnostic,timeline,12648430,10000,100000,89577,81494,0.059326172,direct,0,0,0,0,0,16,0,16,3,0,1
baseline,13,diagnostic,timeline,12648430,10000,100000,91360,82899,0.060791016,direct,0,0,0,0,0,18,1,18,3,0,1
open_dense,13,timed,timeline,12648430,10000,100000,30216,34079,5.725830078,unavailable,0,0,0,0,0,0,0,0,5,0,1
open_dense,13,timed,timeline,12648430,10000,100000,39458,41463,5.812744141,unavailable,0,0,0,0,0,0,0,0,6,0,1
open_dense,13,timed,timeline,12648430,10000,100000,39833,41746,11.162353516,unavailable,0,0,0,0,0,0,0,0,5,0,1
open_dense,13,timed,timeline,12648430,10000,100000,40321,42146,10.313232422,unavailable,0,0,0,0,0,0,0,0,6,0,1
open_dense,13,timed,timeline,12648430,10000,100000,40681,42436,10.803222656,unavailable,0,0,0,0,0,0,0,0,6,0,1
open_dense,13,timed,timeline,12648430,10000,100000,41047,42728,10.801269531,unavailable,0,0,0,0,0,0,0,0,6,0,1
open_dense,13,timed,timeline,12648430,10000,100000,41076,42751,6.076660156,unavailable,0,0,0,0,0,0,0,0,6,0,1
open_dense,13,timed,timeline,12648430,10000,100000,41398,42997,5.775878906,unavailable,0,0,0,0,0,0,0,0,6,0,1
open_dense,13,timed,timeline,12648430,10000,100000,41751,43278,13.732177734,unavailable,0,0,0,0,0,0,0,0,6,0,1
open_dense,13,timed,timeline,12648430,10000,100000,42181,43618,5.985839844,unavailable,0,0,0,0,0,0,0,0,6,0,1
open_dense,13,timed,timeline,12648430,10000,100000,42252,43677,11.040039062,unavailable,0,0,0,0,0,0,0,0,6,0,1
open_dense,13,timed,timeline,12648430,10000,100000,43418,44585,10.617919922,unavailable,0,0,0,0,0,0,0,0,6,0,1
open_dense,13,timed,timeline,12648430,10000,100000,43620,44755,10.685791016,unavailable,0,0,0,0,0,0,0,0,6,0,1
open_dense,13,timed,timeline,12648430,10000,100000,43781,44874,10.899169922,unavailable,0,0,0,0,0,0,0,0,6,0,1
open_dense,13,timed,timeline,12648430,10000,100000,44228,45217,10.412109375,unavailable,0,0,0,0,0,0,0,0,6,0,1
open_dense,13,timed,timeline,12648430,10000,100000,44466,45399,10.849121094,unavailable,0,0,0,0,0,0,0,0,6,0,1
open_dense,13,timed,timeline,12648430,10000,100000,44591,45492,10.713623047,unavailable,0,0,0,0,0,0,0,0,6,0,1
open_dense,13,timed,timeline,12648430,10000,100000,44695,45572,20.310546875,unavailable,0,0,0,0,0,0,0,0,3,0,1
open_dense,13,timed,timeline,12648430,10000,100000,66812,63233,5.680664062,unavailable,0,0,0,0,0,0,0,0,6,0,1
open_dense,13,timed,timeline,12648430,10000,100000,67589,63838,11.485839844,unavailable,0,0,0,0,0,0,0,0,4,0,1
open_dense,13,timed,timeline,12648430,10000,100000,82543,75804,7.080322266,unavailable,0,0,0,0,0,0,0,0,5,0,1
open_dense,13,timed,timeline,12648430,10000,100000,94236,85233,7.728759766,unavailable,0,0,0,0,0,0,0,0,6,0,1
open_dense,13,timed,timeline,12648430,10000,100000,96374,86929,6.965576172,unavailable,0,0,0,0,0,0,0,0,6,0,1
open_dense,13,timed,timeline,12648430,10000,100000,98921,88992,5.612548828,unavailable,0,0,0,0,0,0,0,0,6,0,1
open_dense,13,timed,timeline,12648430,10000,100000,99747,89658,26.880126953,unavailable,0,0,0,0,0,0,0,0,5,0,1
open_dense,13,diagnostic,timeline,12648430,10000,100000,30216,34079,9.200195312,large,8192,16376,1,10,16387,13,0,13,5,0,3
open_dense,13,diagnostic,timeline,12648430,10000,100000,39458,41463,7.79296875,large,8192,16376,1,10,16387,16,2,16,6,0,3
open_dense,13,diagnostic,timeline,12648430,10000,100000,39833,41746,14.965820312,large,16384,32760,1,11,32772,17,0,17,5,0,3
open_dense,13,diagnostic,timeline,12648430,10000,100000,39942,41833,6.637695312,large,8192,16376,1,10,16387,16,0,16,6,0,3
open_dense,13,diagnostic,timeline,12648430,10000,100000,39976,41857,6.803955078,large,8192,16376,1,10,16387,17,0,17,6,0,3
open_dense,13,diagnostic,timeline,12648430,10000,100000,40321,42146,12.822265625,large,16384,32760,1,11,32772,16,0,16,6,0,3
open_dense,13,diagnostic,timeline,12648430,10000,100000,40681,42436,12.941894531,large,16384,32760,1,11,32772,16,0,16,6,0,3
open_dense,13,diagnostic,timeline,12648430,10000,100000,41047,42728,12.791015625,large,16384,32760,1,11,32772,17,0,17,6,0,3
open_dense,13,diagnostic,timeline,12648430,10000,100000,41751,43278,14.059570312,large,16384,32760,1,11,32772,17,0,17,6,0,3
open_dense,13,diagnostic,timeline,12648430,10000,100000,42252,43677,13.378417969,large,16384,32760,1,11,32772,16,0,16,6,0,3
open_dense,13,diagnostic,timeline,12648430,10000,100000,43418,44585,13.231201172,large,16384,32760,1,11,32772,16,0,16,6,0,3
open_dense,13,diagnostic,timeline,12648430,10000,100000,43620,44755,13.138183594,large,16384,32760,1,11,32772,16,0,16,6,0,3
open_dense,13,diagnostic,timeline,12648430,10000,100000,43781,44874,13.083007812,large,16384,32760,1,11,32772,16,0,16,6,0,3
open_dense,13,diagnostic,timeline,12648430,10000,100000,43784,44877,6.873535156,large,8192,16376,1,10,16387,14,0,14,6,0,3
open_dense,13,diagnostic,timeline,12648430,10000,100000,44228,45217,13.725341797,large,16384,32760,1,11,32772,17,1,17,6,0,3
open_dense,13,diagnostic,timeline,12648430,10000,100000,44466,45399,13.314453125,large,16384,32760,1,11,32772,16,0,16,6,0,3
open_dense,13,diagnostic,timeline,12648430,10000,100000,44591,45492,14.842773438,large,16384,32760,1,11,32772,16,0,16,6,0,3
open_dense,13,diagnostic,timeline,12648430,10000,100000,44695,45572,42.810791016,large,32768,65528,1,12,65541,16,0,16,3,0,3
open_dense,13,diagnostic,timeline,12648430,10000,100000,66812,63233,7.637207031,large,8192,16376,1,10,16387,17,0,17,6,0,3
open_dense,13,diagnostic,timeline,12648430,10000,100000,67589,63838,15.393798828,large,16384,32760,1,11,32772,17,0,17,4,0,3
open_dense,13,diagnostic,timeline,12648430,10000,100000,82543,75804,7.756835938,large,8192,16376,1,10,16387,19,1,19,5,0,3
open_dense,13,diagnostic,timeline,12648430,10000,100000,94236,85233,9.501464844,large,8192,16376,1,10,16387,17,0,17,6,0,3
open_dense,13,diagnostic,timeline,12648430,10000,100000,96374,86929,8.076171875,large,8192,16376,1,10,16387,18,2,18,6,0,3
open_dense,13,diagnostic,timeline,12648430,10000,100000,98921,88992,6.712890625,large,8192,16376,1,10,16387,18,0,18,6,0,3
open_dense,13,diagnostic,timeline,12648430,10000,100000,99747,89658,34.305908203,large,32768,65528,1,12,65541,18,0,18,5,0,3
baseline,14,timed,priority,17,10000,100000,10429,11001,0.244384766,unavailable,0,0,0,0,0,0,0,0,1,0,1
baseline,14,timed,priority,17,10000,100000,11290,11087,0.1953125,unavailable,0,0,0,0,0,0,0,0,1,0,1
baseline,14,timed,priority,17,10000,100000,22237,12286,0.212402344,unavailable,0,0,0,0,0,0,0,0,1,0,1
baseline,14,timed,priority,17,10000,100000,36307,13923,0.257324219,unavailable,0,0,0,0,0,0,0,0,1,0,1
baseline,14,timed,priority,17,10000,100000,43811,14751,0.207275391,unavailable,0,0,0,0,0,0,0,0,1,0,1
baseline,14,timed,priority,17,10000,100000,54515,15967,10.873046875,unavailable,0,0,0,0,0,0,0,0,3,0,1
baseline,14,timed,priority,17,10000,100000,70041,17581,0.204101562,unavailable,0,0,0,0,0,0,0,0,1,0,1
baseline,14,timed,priority,17,10000,100000,75698,18147,0.411132812,unavailable,0,0,0,0,0,0,0,0,1,0,1
baseline,14,timed,priority,17,10000,100000,76593,18236,0.187255859,unavailable,0,0,0,0,0,0,0,0,1,0,1
baseline,14,timed,priority,17,10000,100000,80142,18617,0.193603516,unavailable,0,0,0,0,0,0,0,0,1,0,1
baseline,14,timed,priority,17,10000,100000,81560,18791,0.191650391,unavailable,0,0,0,0,0,0,0,0,1,0,1
baseline,14,timed,priority,17,10000,100000,82446,18865,0.215576172,unavailable,0,0,0,0,0,0,0,0,1,0,1
baseline,14,timed,priority,17,10000,100000,83583,18994,0.194824219,unavailable,0,0,0,0,0,0,0,0,1,0,1
baseline,14,timed,priority,17,10000,100000,84649,19069,0.199707031,unavailable,0,0,0,0,0,0,0,0,1,0,1
baseline,14,timed,priority,17,10000,100000,85681,19195,0.314453125,unavailable,0,0,0,0,0,0,0,0,1,0,1
baseline,14,timed,priority,17,10000,100000,86980,19298,0.239013672,unavailable,0,0,0,0,0,0,0,0,2,0,1
baseline,14,timed,priority,17,10000,100000,87070,19298,0.196044922,unavailable,0,0,0,0,0,0,0,0,1,0,1
baseline,14,timed,priority,17,10000,100000,88929,19432,0.441894531,unavailable,0,0,0,0,0,0,0,0,1,0,1
baseline,14,timed,priority,17,10000,100000,89260,19454,0.233642578,unavailable,0,0,0,0,0,0,0,0,1,0,1
baseline,14,timed,priority,17,10000,100000,90200,19493,0.194580078,unavailable,0,0,0,0,0,0,0,0,1,0,1
baseline,14,timed,priority,17,10000,100000,90306,19500,0.188720703,unavailable,0,0,0,0,0,0,0,0,1,0,1
baseline,14,timed,priority,17,10000,100000,91035,19613,0.197021484,unavailable,0,0,0,0,0,0,0,0,1,0,1
baseline,14,timed,priority,17,10000,100000,91792,19689,0.192382812,unavailable,0,0,0,0,0,0,0,0,1,0,1
baseline,14,timed,priority,17,10000,100000,94485,19915,0.219238281,unavailable,0,0,0,0,0,0,0,0,1,0,1
baseline,14,timed,priority,17,10000,100000,95671,20071,0.198486328,unavailable,0,0,0,0,0,0,0,0,1,0,1
baseline,14,diagnostic,priority,17,10000,100000,11290,11087,0.215820312,large,512,1016,1,6,1023,14,1,14,1,0,3
baseline,14,diagnostic,priority,17,10000,100000,16327,11655,0.203613281,large,512,1016,1,6,1023,13,1,13,1,0,3
baseline,14,diagnostic,priority,17,10000,100000,22237,12286,0.249023438,large,512,1016,1,6,1023,14,1,14,1,0,3
baseline,14,diagnostic,priority,17,10000,100000,36307,13923,0.316650391,large,512,1016,1,6,1023,13,1,13,1,0,3
baseline,14,diagnostic,priority,17,10000,100000,54515,15967,10.911132812,full,15967,32343,1,11,32355,13,1,13,3,1,7
baseline,14,diagnostic,priority,17,10000,100000,67057,17303,0.963134766,direct,0,0,0,0,0,13,1,13,2,0,1
baseline,14,diagnostic,priority,17,10000,100000,70041,17581,0.202392578,large,512,1016,1,6,1023,14,1,14,1,0,2
baseline,14,diagnostic,priority,17,10000,100000,70459,17582,0.332275391,large,256,504,1,5,510,14,1,14,1,0,1
baseline,14,diagnostic,priority,17,10000,100000,75698,18147,0.406494141,large,1024,2040,1,7,2048,16,1,16,1,0,3
baseline,14,diagnostic,priority,17,10000,100000,76593,18236,0.197998047,large,512,1016,1,6,1023,14,1,14,1,0,2
baseline,14,diagnostic,priority,17,10000,100000,80142,18617,0.417480469,large,512,1016,1,6,1023,15,1,15,1,0,3
baseline,14,diagnostic,priority,17,10000,100000,81560,18791,0.252197266,large,512,1016,1,6,1023,16,1,16,1,0,3
baseline,14,diagnostic,priority,17,10000,100000,82446,18865,0.205810547,large,512,1016,1,6,1023,15,1,15,1,0,3
baseline,14,diagnostic,priority,17,10000,100000,83276,18972,0.206054688,large,512,1016,1,6,1023,14,1,14,1,0,3
baseline,14,diagnostic,priority,17,10000,100000,83583,18994,0.209716797,large,512,1016,1,6,1023,15,1,15,1,0,3
baseline,14,diagnostic,priority,17,10000,100000,84649,19069,0.208496094,large,512,1016,1,6,1023,14,1,14,1,0,3
baseline,14,diagnostic,priority,17,10000,100000,85681,19195,0.216064453,large,512,1016,1,6,1023,14,1,14,1,0,3
baseline,14,diagnostic,priority,17,10000,100000,86980,19298,0.520263672,large,512,1016,1,6,1023,14,1,14,2,0,3
baseline,14,diagnostic,priority,17,10000,100000,87006,19300,0.232177734,large,256,504,1,5,510,16,1,16,1,0,1
baseline,14,diagnostic,priority,17,10000,100000,87070,19298,0.216796875,large,512,1016,1,6,1023,15,1,15,1,0,3
baseline,14,diagnostic,priority,17,10000,100000,88929,19432,0.483154297,large,1024,2040,1,7,2048,15,1,15,1,0,3
baseline,14,diagnostic,priority,17,10000,100000,89260,19454,0.210693359,large,512,1016,1,6,1023,15,1,15,1,0,3
baseline,14,diagnostic,priority,17,10000,100000,90200,19493,0.211669922,large,512,1016,1,6,1023,15,1,15,1,0,3
baseline,14,diagnostic,priority,17,10000,100000,90306,19500,0.203125,large,512,1016,1,6,1023,16,1,16,1,0,2
baseline,14,diagnostic,priority,17,10000,100000,91035,19613,0.212890625,large,512,1016,1,6,1023,15,1,15,1,0,3
baseline,14,diagnostic,priority,17,10000,100000,91792,19689,0.206298828,large,512,1016,1,6,1023,15,1,15,1,0,3
baseline,14,diagnostic,priority,17,10000,100000,94485,19915,0.219726562,large,512,1016,1,6,1023,16,1,16,1,0,3
baseline,14,diagnostic,priority,17,10000,100000,95671,20071,0.214355469,large,512,1016,1,6,1023,16,1,16,1,0,3
open_dense,14,timed,priority,17,10000,100000,106,10009,4.260253906,unavailable,0,0,0,0,0,0,0,0,2,0,1
open_dense,14,timed,priority,17,10000,100000,1669,10142,0.226318359,unavailable,0,0,0,0,0,0,0,0,2,0,1
open_dense,14,timed,priority,17,10000,100000,17293,11751,0.125488281,unavailable,0,0,0,0,0,0,0,0,1,0,1
open_dense,14,timed,priority,17,10000,100000,25177,12671,0.237060547,unavailable,0,0,0,0,0,0,0,0,1,0,1
open_dense,14,timed,priority,17,10000,100000,32441,13443,0.110107422,unavailable,0,0,0,0,0,0,0,0,1,0,1
open_dense,14,timed,priority,17,10000,100000,33457,13580,0.685058594,unavailable,0,0,0,0,0,0,0,0,1,0,1
open_dense,14,timed,priority,17,10000,100000,35358,13821,1.845947266,unavailable,0,0,0,0,0,0,0,0,1,0,1
open_dense,14,timed,priority,17,10000,100000,48562,15343,0.121826172,unavailable,0,0,0,0,0,0,0,0,1,0,1
open_dense,14,timed,priority,17,10000,100000,56151,16144,0.256347656,unavailable,0,0,0,0,0,0,0,0,1,0,1
open_dense,14,timed,priority,17,10000,100000,57860,16336,0.471923828,unavailable,0,0,0,0,0,0,0,0,1,0,1
open_dense,14,timed,priority,17,10000,100000,64940,17076,0.063964844,unavailable,0,0,0,0,0,0,0,0,1,0,1
open_dense,14,timed,priority,17,10000,100000,66784,17248,0.062011719,unavailable,0,0,0,0,0,0,0,0,1,0,1
open_dense,14,timed,priority,17,10000,100000,67385,17338,0.123779297,unavailable,0,0,0,0,0,0,0,0,1,0,1
open_dense,14,timed,priority,17,10000,100000,71552,17663,0.125976562,unavailable,0,0,0,0,0,0,0,0,1,0,1
open_dense,14,timed,priority,17,10000,100000,73390,17878,0.066162109,unavailable,0,0,0,0,0,0,0,0,1,0,1
open_dense,14,timed,priority,17,10000,100000,75544,18137,1.872070312,unavailable,0,0,0,0,0,0,0,0,1,0,1
open_dense,14,timed,priority,17,10000,100000,75973,18179,0.118896484,unavailable,0,0,0,0,0,0,0,0,1,0,1
open_dense,14,timed,priority,17,10000,100000,80700,18702,0.0625,unavailable,0,0,0,0,0,0,0,0,1,0,1
open_dense,14,timed,priority,17,10000,100000,81357,18791,0.204101562,unavailable,0,0,0,0,0,0,0,0,2,0,1
open_dense,14,timed,priority,17,10000,100000,81562,18791,0.113525391,unavailable,0,0,0,0,0,0,0,0,1,0,1
open_dense,14,timed,priority,17,10000,100000,82502,18864,0.062255859,unavailable,0,0,0,0,0,0,0,0,1,0,1
open_dense,14,timed,priority,17,10000,100000,84445,19060,0.062255859,unavailable,0,0,0,0,0,0,0,0,1,0,1
open_dense,14,timed,priority,17,10000,100000,92481,19733,0.07421875,unavailable,0,0,0,0,0,0,0,0,1,0,1
open_dense,14,timed,priority,17,10000,100000,92681,19753,0.201416016,unavailable,0,0,0,0,0,0,0,0,2,0,1
open_dense,14,timed,priority,17,10000,100000,94701,19940,6.105224609,unavailable,0,0,0,0,0,0,0,0,1,0,1
open_dense,14,diagnostic,priority,17,10000,100000,106,10009,6.824951172,large,8192,16376,1,10,16387,15,1,15,2,0,3
open_dense,14,diagnostic,priority,17,10000,100000,15292,11533,0.088378906,direct,0,0,0,0,0,14,1,14,3,0,1
open_dense,14,diagnostic,priority,17,10000,100000,17293,11751,0.149902344,large,256,504,1,5,510,14,1,14,1,0,3
open_dense,14,diagnostic,priority,17,10000,100000,25177,12671,0.281738281,large,512,1016,1,6,1023,15,1,15,1,0,3
open_dense,14,diagnostic,priority,17,10000,100000,31862,13350,0.110351562,direct,0,0,0,0,0,15,1,15,4,0,1
open_dense,14,diagnostic,priority,17,10000,100000,32441,13443,0.128662109,large,256,504,1,5,510,15,1,15,1,0,3
open_dense,14,diagnostic,priority,17,10000,100000,33457,13580,0.626708984,large,1024,2040,1,7,2048,15,1,15,1,0,3
open_dense,14,diagnostic,priority,17,10000,100000,35358,13821,2.281005859,large,4096,8184,1,9,8194,14,1,14,1,0,3
open_dense,14,diagnostic,priority,17,10000,100000,48562,15343,0.137695312,large,256,504,1,5,510,16,1,16,1,0,3
open_dense,14,diagnostic,priority,17,10000,100000,49402,15450,0.077880859,direct,0,0,0,0,0,15,1,15,5,0,1
open_dense,14,diagnostic,priority,17,10000,100000,56151,16144,0.290283203,large,512,1016,1,6,1023,16,1,16,1,0,3
open_dense,14,diagnostic,priority,17,10000,100000,57860,16336,0.554199219,large,1024,2040,1,7,2048,15,1,15,1,0,3
open_dense,14,diagnostic,priority,17,10000,100000,64940,17076,0.078369141,local,128,248,1,4,253,16,1,16,1,0,3
open_dense,14,diagnostic,priority,17,10000,100000,66784,17248,0.073974609,local,128,248,1,4,253,16,1,16,1,0,3
open_dense,14,diagnostic,priority,17,10000,100000,67385,17338,0.144775391,large,256,504,1,5,510,16,1,16,1,0,3
open_dense,14,diagnostic,priority,17,10000,100000,69804,17550,0.041503906,local,64,120,1,3,124,15,1,15,1,0,2
open_dense,14,diagnostic,priority,17,10000,100000,71552,17663,0.155273438,large,256,504,1,5,510,15,1,15,1,0,3
open_dense,14,diagnostic,priority,17,10000,100000,73390,17878,0.080322266,local,128,248,1,4,253,15,1,15,1,0,3
open_dense,14,diagnostic,priority,17,10000,100000,75544,18137,2.394775391,large,4096,8184,1,9,8194,16,1,16,1,0,3
open_dense,14,diagnostic,priority,17,10000,100000,75973,18179,0.135986328,large,256,504,1,5,510,15,1,15,1,0,3
open_dense,14,diagnostic,priority,17,10000,100000,80700,18702,0.074951172,local,128,248,1,4,253,15,1,15,1,0,3
open_dense,14,diagnostic,priority,17,10000,100000,81562,18791,0.133789062,large,256,504,1,5,510,15,1,15,1,0,3
open_dense,14,diagnostic,priority,17,10000,100000,82502,18864,0.072753906,local,128,248,1,4,253,16,1,16,1,0,3
open_dense,14,diagnostic,priority,17,10000,100000,84445,19060,0.069335938,local,128,248,1,4,253,15,1,15,1,0,2
open_dense,14,diagnostic,priority,17,10000,100000,85012,19141,0.071044922,local,128,248,1,4,253,15,1,15,1,0,3
open_dense,14,diagnostic,priority,17,10000,100000,88480,19388,0.069580078,local,128,248,1,4,253,16,1,16,1,0,3
open_dense,14,diagnostic,priority,17,10000,100000,92481,19733,0.069091797,local,128,248,1,4,253,16,1,16,1,0,2
open_dense,14,diagnostic,priority,17,10000,100000,94701,19940,8.133056641,large,16384,32760,1,11,32772,15,1,15,1,0,3
baseline,15,timed,priority,305419896,10000,100000,1572,10172,7.138671875,unavailable,0,0,0,0,0,0,0,0,3,0,1
baseline,15,timed,priority,305419896,10000,100000,9616,11087,0.112060547,unavailable,0,0,0,0,0,0,0,0,1,0,1
baseline,15,timed,priority,305419896,10000,100000,11609,11215,0.215820312,unavailable,0,0,0,0,0,0,0,0,1,0,1
baseline,15,timed,priority,305419896,10000,100000,13131,11390,0.238037109,unavailable,0,0,0,0,0,0,0,0,1,0,1
baseline,15,timed,priority,305419896,10000,100000,14171,11500,0.221923828,unavailable,0,0,0,0,0,0,0,0,1,0,1
baseline,15,timed,priority,305419896,10000,100000,16335,11722,0.2109375,unavailable,0,0,0,0,0,0,0,0,1,0,1
baseline,15,timed,priority,305419896,10000,100000,16441,11736,0.193847656,unavailable,0,0,0,0,0,0,0,0,1,0,1
baseline,15,timed,priority,305419896,10000,100000,17881,11884,0.219482422,unavailable,0,0,0,0,0,0,0,0,1,0,1
baseline,15,timed,priority,305419896,10000,100000,19289,12027,0.209716797,unavailable,0,0,0,0,0,0,0,0,1,0,1
baseline,15,timed,priority,305419896,10000,100000,20840,12186,0.128173828,unavailable,0,0,0,0,0,0,0,0,1,0,1
baseline,15,timed,priority,305419896,10000,100000,22370,12376,0.191650391,unavailable,0,0,0,0,0,0,0,0,1,0,1
baseline,15,timed,priority,305419896,10000,100000,22974,12462,0.241943359,unavailable,0,0,0,0,0,0,0,0,2,0,1
baseline,15,timed,priority,305419896,10000,100000,23778,12568,0.115722656,unavailable,0,0,0,0,0,0,0,0,1,0,1
baseline,15,timed,priority,305419896,10000,100000,25858,12851,0.120361328,unavailable,0,0,0,0,0,0,0,0,1,0,1
baseline,15,timed,priority,305419896,10000,100000,26121,12875,0.198242188,unavailable,0,0,0,0,0,0,0,0,1,0,1
baseline,15,timed,priority,305419896,10000,100000,27764,13008,0.200439453,unavailable,0,0,0,0,0,0,0,0,1,0,1
baseline,15,timed,priority,305419896,10000,100000,33974,13532,0.118164062,unavailable,0,0,0,0,0,0,0,0,1,0,1
baseline,15,timed,priority,305419896,10000,100000,35133,13611,0.125976562,unavailable,0,0,0,0,0,0,0,0,1,0,1
baseline,15,timed,priority,305419896,10000,100000,41686,14287,0.42578125,unavailable,0,0,0,0,0,0,0,0,1,0,1
baseline,15,timed,priority,305419896,10000,100000,41922,14326,0.239501953,unavailable,0,0,0,0,0,0,0,0,1,0,1
baseline,15,timed,priority,305419896,10000,100000,43015,14444,0.187011719,unavailable,0,0,0,0,0,0,0,0,1,0,1
baseline,15,timed,priority,305419896,10000,100000,69949,17022,0.211914062,unavailable,0,0,0,0,0,0,0,0,1,0,1
baseline,15,timed,priority,305419896,10000,100000,73096,17306,0.111572266,unavailable,0,0,0,0,0,0,0,0,1,0,1
baseline,15,timed,priority,305419896,10000,100000,85910,18487,0.126708984,unavailable,0,0,0,0,0,0,0,0,1,0,1
baseline,15,timed,priority,305419896,10000,100000,96004,19589,17.388183594,unavailable,0,0,0,0,0,0,0,0,3,0,1
baseline,15,diagnostic,priority,305419896,10000,100000,1572,10172,8.670410156,full,10172,26548,1,11,26560,14,1,14,3,1,7
baseline,15,diagnostic,priority,305419896,10000,100000,9616,11087,0.120605469,large,256,504,1,5,510,15,1,15,1,0,3
baseline,15,diagnostic,priority,305419896,10000,100000,11609,11215,0.211425781,large,512,1016,1,6,1023,15,1,15,1,0,3
baseline,15,diagnostic,priority,305419896,10000,100000,14171,11500,0.217773438,large,512,1016,1,6,1023,14,1,14,1,0,3
baseline,15,diagnostic,priority,305419896,10000,100000,16335,11722,0.252685547,large,512,1016,1,6,1023,13,1,13,1,0,3
baseline,15,diagnostic,priority,305419896,10000,100000,16441,11736,0.206298828,large,512,1016,1,6,1023,15,1,15,1,0,3
baseline,15,diagnostic,priority,305419896,10000,100000,17881,11884,0.201660156,large,512,1016,1,6,1023,14,1,14,1,0,3
baseline,15,diagnostic,priority,305419896,10000,100000,19289,12027,0.212646484,large,512,1016,1,6,1023,13,1,13,1,0,3
baseline,15,diagnostic,priority,305419896,10000,100000,20840,12186,0.136230469,large,256,504,1,5,510,14,1,14,1,0,3
baseline,15,diagnostic,priority,305419896,10000,100000,22370,12376,0.202148438,large,512,1016,1,6,1023,14,1,14,1,0,3
baseline,15,diagnostic,priority,305419896,10000,100000,22868,12439,0.116210938,large,256,504,1,5,510,14,1,14,1,0,3
baseline,15,diagnostic,priority,305419896,10000,100000,22974,12462,0.264160156,large,512,1016,1,6,1023,14,1,14,2,0,3
baseline,15,diagnostic,priority,305419896,10000,100000,23778,12568,0.131591797,large,256,504,1,5,510,14,1,14,1,0,3
baseline,15,diagnostic,priority,305419896,10000,100000,25858,12851,0.135498047,large,256,504,1,5,510,15,1,15,1,0,3
baseline,15,diagnostic,priority,305419896,10000,100000,26121,12875,0.208007812,large,512,1016,1,6,1023,14,1,14,1,0,3
baseline,15,diagnostic,priority,305419896,10000,100000,27764,13008,0.210449219,large,512,1016,1,6,1023,14,1,14,1,0,3
baseline,15,diagnostic,priority,305419896,10000,100000,33362,13493,0.215820312,direct,0,0,0,0,0,14,1,14,6,0,1
baseline,15,diagnostic,priority,305419896,10000,100000,33910,13524,0.114013672,large,256,504,1,5,510,14,1,14,1,0,2
baseline,15,diagnostic,priority,305419896,10000,100000,33974,13532,0.125244141,large,256,504,1,5,510,15,1,15,1,0,3
baseline,15,diagnostic,priority,305419896,10000,100000,35133,13611,0.131835938,large,256,504,1,5,510,15,1,15,1,0,3
baseline,15,diagnostic,priority,305419896,10000,100000,41686,14287,0.449951172,large,1024,2040,1,7,2048,15,1,15,1,0,3
baseline,15,diagnostic,priority,305419896,10000,100000,43015,14444,0.206054688,large,512,1016,1,6,1023,15,1,15,1,0,3
baseline,15,diagnostic,priority,305419896,10000,100000,43861,14564,0.114257812,large,256,504,1,5,510,15,1,15,1,0,2
baseline,15,diagnostic,priority,305419896,10000,100000,69949,17022,0.219970703,large,512,1016,1,6,1023,14,1,14,1,0,3
baseline,15,diagnostic,priority,305419896,10000,100000,85910,18487,0.15234375,large,256,504,1,5,510,15,1,15,1,0,3
baseline,15,diagnostic,priority,305419896,10000,100000,90524,19048,0.114257812,local,128,248,1,4,253,15,1,15,1,0,1
baseline,15,diagnostic,priority,305419896,10000,100000,96004,19589,35.658935547,full,19589,52349,1,12,52362,15,1,15,3,1,7
open_dense,15,timed,priority,305419896,10000,100000,1572,10172,1.486083984,unavailable,0,0,0,0,0,0,0,0,1,0,1
open_dense,15,timed,priority,305419896,10000,100000,4252,10501,0.051757812,unavailable,0,0,0,0,0,0,0,0,1,0,1
open_dense,15,timed,priority,305419896,10000,100000,4944,10560,0.235107422,unavailable,0,0,0,0,0,0,0,0,1,0,1
open_dense,15,timed,priority,305419896,10000,100000,5236,10592,0.056640625,unavailable,0,0,0,0,0,0,0,0,1,0,1
open_dense,15,timed,priority,305419896,10000,100000,7832,10910,0.057617188,unavailable,0,0,0,0,0,0,0,0,1,0,1
open_dense,15,timed,priority,305419896,10000,100000,8577,10994,0.056396484,unavailable,0,0,0,0,0,0,0,0,1,0,1
open_dense,15,timed,priority,305419896,10000,100000,12926,11391,0.051757812,unavailable,0,0,0,0,0,0,0,0,1,0,1
open_dense,15,timed,priority,305419896,10000,100000,13677,11422,0.131103516,unavailable,0,0,0,0,0,0,0,0,1,0,1
open_dense,15,timed,priority,305419896,10000,100000,13698,11424,0.057617188,unavailable,0,0,0,0,0,0,0,0,1,0,1
open_dense,15,timed,priority,305419896,10000,100000,20333,12132,0.054931641,unavailable,0,0,0,0,0,0,0,0,1,0,1
open_dense,15,timed,priority,305419896,10000,100000,22775,12434,0.058349609,unavailable,0,0,0,0,0,0,0,0,1,0,1
open_dense,15,timed,priority,305419896,10000,100000,27230,12966,0.066162109,unavailable,0,0,0,0,0,0,0,0,1,0,1
open_dense,15,timed,priority,305419896,10000,100000,30229,13218,0.064941406,unavailable,0,0,0,0,0,0,0,0,1,0,1
open_dense,15,timed,priority,305419896,10000,100000,42023,14347,0.052001953,unavailable,0,0,0,0,0,0,0,0,1,0,1
open_dense,15,timed,priority,305419896,10000,100000,44355,14633,0.045166016,unavailable,0,0,0,0,0,0,0,0,2,0,1
open_dense,15,timed,priority,305419896,10000,100000,51102,15242,0.216552734,unavailable,0,0,0,0,0,0,0,0,1,0,1
open_dense,15,timed,priority,305419896,10000,100000,59175,16019,0.180419922,unavailable,0,0,0,0,0,0,0,0,1,0,1
open_dense,15,timed,priority,305419896,10000,100000,60627,16166,0.222900391,unavailable,0,0,0,0,0,0,0,0,4,0,1
open_dense,15,timed,priority,305419896,10000,100000,62423,16291,0.052246094,unavailable,0,0,0,0,0,0,0,0,1,0,1
open_dense,15,timed,priority,305419896,10000,100000,72968,17298,0.116455078,unavailable,0,0,0,0,0,0,0,0,1,0,1
open_dense,15,timed,priority,305419896,10000,100000,72970,17298,0.106445312,unavailable,0,0,0,0,0,0,0,0,1,0,1
open_dense,15,timed,priority,305419896,10000,100000,73494,17359,0.060546875,unavailable,0,0,0,0,0,0,0,0,1,0,1
open_dense,15,timed,priority,305419896,10000,100000,77354,17693,0.256591797,unavailable,0,0,0,0,0,0,0,0,1,0,1
open_dense,15,timed,priority,305419896,10000,100000,87068,18658,0.057861328,unavailable,0,0,0,0,0,0,0,0,1,0,1
open_dense,15,timed,priority,305419896,10000,100000,93218,19331,0.056640625,unavailable,0,0,0,0,0,0,0,0,1,0,1
open_dense,15,diagnostic,priority,305419896,10000,100000,1572,10172,1.785400391,large,4096,8184,1,9,8194,14,1,14,1,0,3
open_dense,15,diagnostic,priority,305419896,10000,100000,4252,10501,0.060791016,local,128,248,1,4,253,15,1,15,1,0,2
open_dense,15,diagnostic,priority,305419896,10000,100000,4944,10560,0.116210938,large,256,504,1,5,510,14,1,14,1,0,3
open_dense,15,diagnostic,priority,305419896,10000,100000,5236,10592,0.063964844,local,128,248,1,4,253,15,1,15,1,0,3
open_dense,15,diagnostic,priority,305419896,10000,100000,7832,10910,0.072998047,local,128,248,1,4,253,14,1,14,1,0,3
open_dense,15,diagnostic,priority,305419896,10000,100000,8577,10994,0.066162109,local,128,248,1,4,253,14,1,14,1,0,3
open_dense,15,diagnostic,priority,305419896,10000,100000,12926,11391,0.060302734,local,128,248,1,4,253,14,1,14,1,0,2
open_dense,15,diagnostic,priority,305419896,10000,100000,13698,11424,0.062255859,local,128,248,1,4,253,14,1,14,1,0,3
open_dense,15,diagnostic,priority,305419896,10000,100000,20333,12132,0.127685547,local,128,248,1,4,253,14,1,14,1,0,3
open_dense,15,diagnostic,priority,305419896,10000,100000,22775,12434,0.080078125,local,128,248,1,4,253,14,1,14,1,0,3
open_dense,15,diagnostic,priority,305419896,10000,100000,26609,12921,0.213867188,direct,0,0,0,0,0,14,1,14,6,0,1
open_dense,15,diagnostic,priority,305419896,10000,100000,27230,12966,0.076904297,local,128,248,1,4,253,15,1,15,1,0,3
open_dense,15,diagnostic,priority,305419896,10000,100000,30229,13218,0.067626953,local,128,248,1,4,253,14,1,14,1,0,3
open_dense,15,diagnostic,priority,305419896,10000,100000,40643,14197,0.245117188,local,8,8,1,0,9,14,1,14,1,0,1
open_dense,15,diagnostic,priority,305419896,10000,100000,44545,14652,0.074707031,direct,0,0,0,0,0,14,1,14,1,0,1
open_dense,15,diagnostic,priority,305419896,10000,100000,44802,14676,0.064697266,local,8,8,1,0,9,15,1,15,3,0,1
open_dense,15,diagnostic,priority,305419896,10000,100000,50526,15197,0.072753906,local,64,120,1,3,124,15,1,15,1,0,3
open_dense,15,diagnostic,priority,305419896,10000,100000,51102,15242,0.256347656,large,512,1016,1,6,1023,14,1,14,1,0,3
open_dense,15,diagnostic,priority,305419896,10000,100000,59331,16056,0.073486328,direct,0,0,0,0,0,15,1,15,1,0,1
open_dense,15,diagnostic,priority,305419896,10000,100000,61131,16207,0.095947266,local,64,120,1,3,124,16,1,16,1,0,3
open_dense,15,diagnostic,priority,305419896,10000,100000,62054,16275,0.049560547,local,64,120,1,3,124,15,1,15,1,0,2
open_dense,15,diagnostic,priority,305419896,10000,100000,62423,16291,0.064453125,local,128,248,1,4,253,15,1,15,1,0,3
open_dense,15,diagnostic,priority,305419896,10000,100000,72968,17298,0.127685547,large,256,504,1,5,510,15,1,15,1,0,3
open_dense,15,diagnostic,priority,305419896,10000,100000,72970,17298,0.117675781,large,256,504,1,5,510,15,1,15,1,0,3
open_dense,15,diagnostic,priority,305419896,10000,100000,73494,17359,0.065673828,local,128,248,1,4,253,16,1,16,1,0,3
open_dense,15,diagnostic,priority,305419896,10000,100000,77701,17707,0.04296875,local,64,120,1,3,124,16,1,16,1,0,2
open_dense,15,diagnostic,priority,305419896,10000,100000,81765,18102,0.208007812,direct,0,0,0,0,0,14,1,14,1,0,1
open_dense,15,diagnostic,priority,305419896,10000,100000,86231,18513,0.048583984,local,64,120,1,3,124,15,1,15,1,0,2
open_dense,15,diagnostic,priority,305419896,10000,100000,87068,18658,0.081054688,local,128,248,1,4,253,15,1,15,1,0,3
open_dense,15,diagnostic,priority,305419896,10000,100000,90280,19021,0.041992188,local,64,120,1,3,124,15,1,15,1,0,2
open_dense,15,diagnostic,priority,305419896,10000,100000,93218,19331,0.078125,local,128,248,1,4,253,15,1,15,1,0,3
baseline,16,timed,priority,2654435769,10000,100000,543,10048,0.2734375,unavailable,0,0,0,0,0,0,0,0,3,0,1
baseline,16,timed,priority,2654435769,10000,100000,7088,10641,0.224365234,unavailable,0,0,0,0,0,0,0,0,1,0,1
baseline,16,timed,priority,2654435769,10000,100000,25936,12352,0.197998047,unavailable,0,0,0,0,0,0,0,0,1,0,1
baseline,16,timed,priority,2654435769,10000,100000,28978,12637,0.228027344,unavailable,0,0,0,0,0,0,0,0,1,0,1
baseline,16,timed,priority,2654435769,10000,100000,29606,12714,0.24609375,unavailable,0,0,0,0,0,0,0,0,1,0,1
baseline,16,timed,priority,2654435769,10000,100000,41400,13956,0.238769531,unavailable,0,0,0,0,0,0,0,0,1,0,1
baseline,16,timed,priority,2654435769,10000,100000,42662,14059,8.37890625,unavailable,0,0,0,0,0,0,0,0,3,0,1
baseline,16,timed,priority,2654435769,10000,100000,52695,15083,0.195800781,unavailable,0,0,0,0,0,0,0,0,1,0,1
baseline,16,timed,priority,2654435769,10000,100000,56510,15435,0.272460938,unavailable,0,0,0,0,0,0,0,0,1,0,1
baseline,16,timed,priority,2654435769,10000,100000,58094,15616,0.221923828,unavailable,0,0,0,0,0,0,0,0,1,0,1
baseline,16,timed,priority,2654435769,10000,100000,58112,15621,0.211425781,unavailable,0,0,0,0,0,0,0,0,1,0,1
baseline,16,timed,priority,2654435769,10000,100000,63253,16059,0.213867188,unavailable,0,0,0,0,0,0,0,0,1,0,1
baseline,16,timed,priority,2654435769,10000,100000,63515,16086,0.200927734,unavailable,0,0,0,0,0,0,0,0,1,0,1
baseline,16,timed,priority,2654435769,10000,100000,65522,16302,0.209472656,unavailable,0,0,0,0,0,0,0,0,1,0,1
baseline,16,timed,priority,2654435769,10000,100000,67508,16503,0.232177734,unavailable,0,0,0,0,0,0,0,0,1,0,1
baseline,16,timed,priority,2654435769,10000,100000,72896,17064,0.277832031,unavailable,0,0,0,0,0,0,0,0,1,0,1
baseline,16,timed,priority,2654435769,10000,100000,73025,17069,0.334716797,unavailable,0,0,0,0,0,0,0,0,1,0,1
baseline,16,timed,priority,2654435769,10000,100000,74237,17190,0.282470703,unavailable,0,0,0,0,0,0,0,0,1,0,1
baseline,16,timed,priority,2654435769,10000,100000,74479,17198,0.196777344,unavailable,0,0,0,0,0,0,0,0,1,0,1
baseline,16,timed,priority,2654435769,10000,100000,75379,17275,0.294433594,unavailable,0,0,0,0,0,0,0,0,1,0,1
baseline,16,timed,priority,2654435769,10000,100000,76419,17422,0.202636719,unavailable,0,0,0,0,0,0,0,0,1,0,1
baseline,16,timed,priority,2654435769,10000,100000,79581,17780,0.25,unavailable,0,0,0,0,0,0,0,0,1,0,1
baseline,16,timed,priority,2654435769,10000,100000,79814,17777,0.282470703,unavailable,0,0,0,0,0,0,0,0,1,0,1
baseline,16,timed,priority,2654435769,10000,100000,92016,19022,0.483154297,unavailable,0,0,0,0,0,0,0,0,1,0,1
baseline,16,timed,priority,2654435769,10000,100000,96073,19393,0.237548828,unavailable,0,0,0,0,0,0,0,0,1,0,1
baseline,16,diagnostic,priority,2654435769,10000,100000,6784,10632,0.335205078,direct,0,0,0,0,0,13,1,13,2,0,1
baseline,16,diagnostic,priority,2654435769,10000,100000,7088,10641,0.223632812,large,512,1016,1,6,1023,14,1,14,1,0,3
baseline,16,diagnostic,priority,2654435769,10000,100000,8601,10753,0.170410156,large,256,504,1,5,510,14,1,14,1,0,2
baseline,16,diagnostic,priority,2654435769,10000,100000,9331,10846,0.215087891,large,512,1016,1,6,1023,14,1,14,1,0,3
baseline,16,diagnostic,priority,2654435769,10000,100000,9345,10847,0.219726562,large,512,1016,1,6,1023,14,1,14,1,0,3
baseline,16,diagnostic,priority,2654435769,10000,100000,13871,11307,0.240966797,local,128,248,1,4,253,15,1,15,1,0,1
baseline,16,diagnostic,priority,2654435769,10000,100000,13876,11307,0.3984375,large,256,504,1,5,510,14,1,14,1,0,3
baseline,16,diagnostic,priority,2654435769,10000,100000,20993,11920,0.214355469,large,512,1016,1,6,1023,14,1,14,1,0,3
baseline,16,diagnostic,priority,2654435769,10000,100000,25936,12352,0.284912109,large,512,1016,1,6,1023,15,1,15,1,0,3
baseline,16,diagnostic,priority,2654435769,10000,100000,28978,12637,0.207763672,large,512,1016,1,6,1023,15,1,15,1,0,2
baseline,16,diagnostic,priority,2654435769,10000,100000,29606,12714,0.284423828,large,512,1016,1,6,1023,15,1,15,1,0,3
baseline,16,diagnostic,priority,2654435769,10000,100000,33072,13086,0.242919922,direct,0,0,0,0,0,15,1,15,1,0,1
baseline,16,diagnostic,priority,2654435769,10000,100000,41400,13956,0.2421875,large,512,1016,1,6,1023,15,1,15,1,0,3
baseline,16,diagnostic,priority,2654435769,10000,100000,42662,14059,10.076416016,full,14059,30435,1,11,30447,15,1,15,3,1,7
baseline,16,diagnostic,priority,2654435769,10000,100000,52695,15083,0.451171875,large,512,1016,1,6,1023,16,1,16,1,0,3
baseline,16,diagnostic,priority,2654435769,10000,100000,56510,15435,0.2421875,large,512,1016,1,6,1023,16,1,16,1,0,3
baseline,16,diagnostic,priority,2654435769,10000,100000,58094,15616,0.21875,large,512,1016,1,6,1023,14,1,14,1,0,3
baseline,16,diagnostic,priority,2654435769,10000,100000,58112,15621,0.216552734,large,512,1016,1,6,1023,15,1,15,1,0,3
baseline,16,diagnostic,priority,2654435769,10000,100000,63253,16059,0.216796875,large,512,1016,1,6,1023,14,1,14,1,0,3
baseline,16,diagnostic,priority,2654435769,10000,100000,63515,16086,0.205078125,large,512,1016,1,6,1023,14,0,14,1,0,2
baseline,16,diagnostic,priority,2654435769,10000,100000,64188,16156,0.226318359,direct,0,0,0,0,0,15,1,15,2,0,1
baseline,16,diagnostic,priority,2654435769,10000,100000,65522,16302,0.213134766,large,512,1016,1,6,1023,14,1,14,1,0,3
baseline,16,diagnostic,priority,2654435769,10000,100000,67508,16503,0.205566406,large,512,1016,1,6,1023,15,1,15,1,0,2
baseline,16,diagnostic,priority,2654435769,10000,100000,73025,17069,0.235839844,large,512,1016,1,6,1023,14,1,14,1,0,3
baseline,16,diagnostic,priority,2654435769,10000,100000,75379,17275,0.223388672,large,512,1016,1,6,1023,15,1,15,1,0,3
baseline,16,diagnostic,priority,2654435769,10000,100000,75558,17288,0.287353516,local,128,248,1,4,253,14,1,14,1,0,1
baseline,16,diagnostic,priority,2654435769,10000,100000,79581,17780,0.211425781,large,512,1016,1,6,1023,15,1,15,1,0,3
baseline,16,diagnostic,priority,2654435769,10000,100000,79814,17777,0.221679688,large,512,1016,1,6,1023,15,1,15,1,0,3
baseline,16,diagnostic,priority,2654435769,10000,100000,80380,17807,0.181884766,large,256,504,1,5,510,15,1,15,1,0,2
baseline,16,diagnostic,priority,2654435769,10000,100000,92016,19022,0.489501953,large,1024,2040,1,7,2048,15,1,15,1,0,3
open_dense,16,timed,priority,2654435769,10000,100000,9416,10855,0.215576172,unavailable,0,0,0,0,0,0,0,0,1,0,1
open_dense,16,timed,priority,2654435769,10000,100000,10277,10945,0.236083984,unavailable,0,0,0,0,0,0,0,0,0,0,1
open_dense,16,timed,priority,2654435769,10000,100000,10845,11017,0.222167969,unavailable,0,0,0,0,0,0,0,0,1,0,1
open_dense,16,timed,priority,2654435769,10000,100000,11458,11078,0.225830078,unavailable,0,0,0,0,0,0,0,0,1,0,1
open_dense,16,timed,priority,2654435769,10000,100000,11861,11109,0.218261719,unavailable,0,0,0,0,0,0,0,0,1,0,1
open_dense,16,timed,priority,2654435769,10000,100000,12317,11150,0.219726562,unavailable,0,0,0,0,0,0,0,0,1,0,1
open_dense,16,timed,priority,2654435769,10000,100000,13804,11306,0.216796875,unavailable,0,0,0,0,0,0,0,0,1,0,1
open_dense,16,timed,priority,2654435769,10000,100000,14167,11336,0.199951172,unavailable,0,0,0,0,0,0,0,0,1,0,1
open_dense,16,timed,priority,2654435769,10000,100000,16360,11610,0.223632812,unavailable,0,0,0,0,0,0,0,0,1,0,1
open_dense,16,timed,priority,2654435769,10000,100000,18282,11720,0.212402344,unavailable,0,0,0,0,0,0,0,0,5,0,1
open_dense,16,timed,priority,2654435769,10000,100000,23663,12194,0.223876953,unavailable,0,0,0,0,0,0,0,0,1,0,1
open_dense,16,timed,priority,2654435769,10000,100000,27934,12525,0.210205078,unavailable,0,0,0,0,0,0,0,0,1,0,1
open_dense,16,timed,priority,2654435769,10000,100000,30933,12838,0.228515625,unavailable,0,0,0,0,0,0,0,0,1,0,1
open_dense,16,timed,priority,2654435769,10000,100000,44671,14254,0.137207031,unavailable,0,0,0,0,0,0,0,0,1,0,1
open_dense,16,timed,priority,2654435769,10000,100000,45133,14305,0.165283203,unavailable,0,0,0,0,0,0,0,0,1,0,1
open_dense,16,timed,priority,2654435769,10000,100000,55866,15385,0.134033203,unavailable,0,0,0,0,0,0,0,0,1,0,1
open_dense,16,timed,priority,2654435769,10000,100000,59197,15705,0.207763672,unavailable,0,0,0,0,0,0,0,0,3,0,1
open_dense,16,timed,priority,2654435769,10000,100000,66968,16479,0.239013672,unavailable,0,0,0,0,0,0,0,0,1,0,1
open_dense,16,timed,priority,2654435769,10000,100000,86607,18503,0.141357422,unavailable,0,0,0,0,0,0,0,0,1,0,1
open_dense,16,timed,priority,2654435769,10000,100000,89531,18781,0.277832031,unavailable,0,0,0,0,0,0,0,0,1,0,1
open_dense,16,timed,priority,2654435769,10000,100000,92377,19064,0.269287109,unavailable,0,0,0,0,0,0,0,0,1,0,1
open_dense,16,timed,priority,2654435769,10000,100000,95085,19279,0.231689453,unavailable,0,0,0,0,0,0,0,0,1,0,1
open_dense,16,timed,priority,2654435769,10000,100000,95413,19307,0.5078125,unavailable,0,0,0,0,0,0,0,0,1,0,1
open_dense,16,timed,priority,2654435769,10000,100000,98267,19654,0.885498047,unavailable,0,0,0,0,0,0,0,0,1,0,1
open_dense,16,timed,priority,2654435769,10000,100000,98462,19662,0.213378906,unavailable,0,0,0,0,0,0,0,0,1,0,1
open_dense,16,diagnostic,priority,2654435769,10000,100000,9416,10855,0.50390625,large,512,1016,1,6,1023,14,1,14,1,0,3
open_dense,16,diagnostic,priority,2654435769,10000,100000,10277,10945,0.271972656,large,512,1016,1,6,1023,13,1,13,0,0,3
open_dense,16,diagnostic,priority,2654435769,10000,100000,10845,11017,0.283935547,large,512,1016,1,6,1023,13,1,13,1,0,3
open_dense,16,diagnostic,priority,2654435769,10000,100000,11458,11078,0.305175781,large,512,1016,1,6,1023,14,1,14,1,0,3
open_dense,16,diagnostic,priority,2654435769,10000,100000,11861,11109,0.254882812,large,512,1016,1,6,1023,14,1,14,1,0,3
open_dense,16,diagnostic,priority,2654435769,10000,100000,12317,11150,0.254394531,large,512,1016,1,6,1023,15,1,15,1,0,3
open_dense,16,diagnostic,priority,2654435769,10000,100000,13804,11306,0.270507812,large,512,1016,1,6,1023,14,1,14,1,0,3
open_dense,16,diagnostic,priority,2654435769,10000,100000,14167,11336,0.235839844,large,512,1016,1,6,1023,14,1,14,1,0,3
open_dense,16,diagnostic,priority,2654435769,10000,100000,23663,12194,0.338378906,large,512,1016,1,6,1023,14,1,14,1,0,3
open_dense,16,diagnostic,priority,2654435769,10000,100000,27934,12525,0.258789062,large,512,1016,1,6,1023,14,1,14,1,0,3
open_dense,16,diagnostic,priority,2654435769,10000,100000,31171,12847,0.252685547,large,256,504,1,5,510,14,1,14,1,0,3
open_dense,16,diagnostic,priority,2654435769,10000,100000,39488,13750,0.217041016,local,128,248,1,4,253,14,1,14,1,0,1
open_dense,16,diagnostic,priority,2654435769,10000,100000,39989,13820,0.396240234,large,256,504,1,5,510,14,1,14,1,0,3
open_dense,16,diagnostic,priority,2654435769,10000,100000,41106,13932,0.338867188,large,256,504,1,5,510,14,1,14,1,0,3
open_dense,16,diagnostic,priority,2654435769,10000,100000,41195,13947,0.414550781,large,256,504,1,5,510,15,1,15,1,0,3
open_dense,16,diagnostic,priority,2654435769,10000,100000,44671,14254,0.254638672,large,256,504,1,5,510,13,1,13,1,0,3
open_dense,16,diagnostic,priority,2654435769,10000,100000,47572,14585,0.234863281,large,256,504,1,5,510,14,1,14,1,0,3
open_dense,16,diagnostic,priority,2654435769,10000,100000,50773,14862,0.179199219,large,256,504,1,5,510,14,1,14,1,0,2
open_dense,16,diagnostic,priority,2654435769,10000,100000,66968,16479,0.271240234,large,512,1016,1,6,1023,15,1,15,1,0,3
open_dense,16,diagnostic,priority,2654435769,10000,100000,77869,17611,0.208007812,large,256,504,1,5,510,16,1,16,1,0,3
open_dense,16,diagnostic,priority,2654435769,10000,100000,89531,18781,0.336914062,large,512,1016,1,6,1023,15,1,15,1,0,3
open_dense,16,diagnostic,priority,2654435769,10000,100000,92377,19064,0.326416016,large,512,1016,1,6,1023,14,1,14,1,0,3
open_dense,16,diagnostic,priority,2654435769,10000,100000,95085,19279,0.330078125,large,512,1016,1,6,1023,15,1,15,1,0,3
open_dense,16,diagnostic,priority,2654435769,10000,100000,95413,19307,0.551513672,large,1024,2040,1,7,2048,15,1,15,1,0,3
open_dense,16,diagnostic,priority,2654435769,10000,100000,98267,19654,1.486083984,large,2048,4088,1,8,4097,15,1,15,1,0,3
open_dense,16,diagnostic,priority,2654435769,10000,100000,98462,19662,0.293457031,large,512,1016,1,6,1023,14,1,14,1,0,3
baseline,17,timed,priority,826366246,10000,100000,5520,10536,0.123535156,unavailable,0,0,0,0,0,0,0,0,1,0,1
baseline,17,timed,priority,826366246,10000,100000,7924,10786,0.562255859,unavailable,0,0,0,0,0,0,0,0,1,0,1
baseline,17,timed,priority,826366246,10000,100000,13169,11321,0.115234375,unavailable,0,0,0,0,0,0,0,0,1,0,1
baseline,17,timed,priority,826366246,10000,100000,13681,11383,0.122314453,unavailable,0,0,0,0,0,0,0,0,1,0,1
baseline,17,timed,priority,826366246,10000,100000,17072,11717,0.232421875,unavailable,0,0,0,0,0,0,0,0,1,0,1
baseline,17,timed,priority,826366246,10000,100000,26289,12644,0.425048828,unavailable,0,0,0,0,0,0,0,0,1,0,1
baseline,17,timed,priority,826366246,10000,100000,27153,12722,0.119873047,unavailable,0,0,0,0,0,0,0,0,1,0,1
baseline,17,timed,priority,826366246,10000,100000,27479,12755,1.117919922,unavailable,0,0,0,0,0,0,0,0,1,0,1
baseline,17,timed,priority,826366246,10000,100000,28356,12810,0.240966797,unavailable,0,0,0,0,0,0,0,0,1,0,1
baseline,17,timed,priority,826366246,10000,100000,31269,13113,0.118896484,unavailable,0,0,0,0,0,0,0,0,1,0,1
baseline,17,timed,priority,826366246,10000,100000,32550,13227,0.209960938,unavailable,0,0,0,0,0,0,0,0,1,0,1
baseline,17,timed,priority,826366246,10000,100000,40705,14052,0.138427734,unavailable,0,0,0,0,0,0,0,0,1,0,1
baseline,17,timed,priority,826366246,10000,100000,47014,14623,0.212890625,unavailable,0,0,0,0,0,0,0,0,1,0,1
baseline,17,timed,priority,826366246,10000,100000,69433,16887,0.248291016,unavailable,0,0,0,0,0,0,0,0,1,0,1
baseline,17,timed,priority,826366246,10000,100000,70007,16952,0.189453125,unavailable,0,0,0,0,0,0,0,0,1,0,1
baseline,17,timed,priority,826366246,10000,100000,70390,17008,0.117431641,unavailable,0,0,0,0,0,0,0,0,1,0,1
baseline,17,timed,priority,826366246,10000,100000,70665,17032,0.293701172,unavailable,0,0,0,0,0,0,0,0,1,0,1
baseline,17,timed,priority,826366246,10000,100000,71656,17146,0.330322266,unavailable,0,0,0,0,0,0,0,0,1,0,1
baseline,17,timed,priority,826366246,10000,100000,75480,17608,0.130859375,unavailable,0,0,0,0,0,0,0,0,1,0,1
baseline,17,timed,priority,826366246,10000,100000,76550,17707,0.349609375,unavailable,0,0,0,0,0,0,0,0,1,0,1
baseline,17,timed,priority,826366246,10000,100000,81590,18204,0.969238281,unavailable,0,0,0,0,0,0,0,0,1,0,1
baseline,17,timed,priority,826366246,10000,100000,84659,18502,0.127685547,unavailable,0,0,0,0,0,0,0,0,1,0,1
baseline,17,timed,priority,826366246,10000,100000,85355,18580,1.737548828,unavailable,0,0,0,0,0,0,0,0,1,0,1
baseline,17,timed,priority,826366246,10000,100000,86145,18666,0.177734375,unavailable,0,0,0,0,0,0,0,0,1,0,1
baseline,17,timed,priority,826366246,10000,100000,97664,19831,0.240722656,unavailable,0,0,0,0,0,0,0,0,1,0,1
baseline,17,diagnostic,priority,826366246,10000,100000,4325,10447,0.192626953,direct,0,0,0,0,0,13,1,13,4,0,1
baseline,17,diagnostic,priority,826366246,10000,100000,7924,10786,0.586181641,large,1024,2040,1,7,2048,14,1,14,1,0,3
baseline,17,diagnostic,priority,826366246,10000,100000,11572,11174,0.090087891,local,128,248,1,4,253,15,1,15,1,0,2
baseline,17,diagnostic,priority,826366246,10000,100000,13169,11321,0.129882812,large,256,504,1,5,510,14,1,14,1,0,3
baseline,17,diagnostic,priority,826366246,10000,100000,17072,11717,0.298095703,large,512,1016,1,6,1023,14,1,14,1,0,3
baseline,17,diagnostic,priority,826366246,10000,100000,18420,11843,0.120361328,large,256,504,1,5,510,14,1,14,1,0,3
baseline,17,diagnostic,priority,826366246,10000,100000,18953,11881,0.171386719,direct,0,0,0,0,0,15,1,15,2,0,1
baseline,17,diagnostic,priority,826366246,10000,100000,26289,12644,0.267578125,large,512,1016,1,6,1023,15,1,15,1,0,3
baseline,17,diagnostic,priority,826366246,10000,100000,27479,12755,0.632568359,large,1024,2040,1,7,2048,14,1,14,1,0,3
baseline,17,diagnostic,priority,826366246,10000,100000,31269,13113,0.129638672,large,256,504,1,5,510,15,1,15,1,0,3
baseline,17,diagnostic,priority,826366246,10000,100000,32550,13227,0.219238281,large,512,1016,1,6,1023,14,1,14,1,0,3
baseline,17,diagnostic,priority,826366246,10000,100000,40705,14052,0.154785156,large,256,504,1,5,510,14,1,14,1,0,3
baseline,17,diagnostic,priority,826366246,10000,100000,47014,14623,0.24609375,large,512,1016,1,6,1023,14,1,14,1,0,3
baseline,17,diagnostic,priority,826366246,10000,100000,60557,16020,0.119384766,large,256,504,1,5,510,16,1,16,1,0,3
baseline,17,diagnostic,priority,826366246,10000,100000,61780,16164,0.090820312,local,128,248,1,4,253,16,1,16,1,0,3
baseline,17,diagnostic,priority,826366246,10000,100000,69433,16887,0.134765625,large,256,504,1,5,510,16,1,16,1,0,3
baseline,17,diagnostic,priority,826366246,10000,100000,70007,16952,0.145263672,large,256,504,1,5,510,16,1,16,1,0,3
baseline,17,diagnostic,priority,826366246,10000,100000,70665,17032,0.25390625,large,512,1016,1,6,1023,15,1,15,1,0,3
baseline,17,diagnostic,priority,826366246,10000,100000,71656,17146,0.248535156,large,512,1016,1,6,1023,14,1,14,1,0,3
baseline,17,diagnostic,priority,826366246,10000,100000,75480,17608,0.110595703,local,128,248,1,4,253,15,1,15,1,0,3
baseline,17,diagnostic,priority,826366246,10000,100000,75955,17659,0.130371094,direct,0,0,0,0,0,16,1,16,1,0,1
baseline,17,diagnostic,priority,826366246,10000,100000,76550,17707,0.317138672,large,512,1016,1,6,1023,15,1,15,1,0,3
baseline,17,diagnostic,priority,826366246,10000,100000,81590,18204,2.417480469,large,2048,4088,1,8,4097,13,1,13,1,0,3
baseline,17,diagnostic,priority,826366246,10000,100000,84659,18502,0.179443359,large,256,504,1,5,510,15,1,15,1,0,3
baseline,17,diagnostic,priority,826366246,10000,100000,85355,18580,2.893554688,large,4096,8184,1,9,8194,14,1,14,1,0,3
baseline,17,diagnostic,priority,826366246,10000,100000,86145,18666,0.166015625,large,256,504,1,5,510,16,1,16,1,0,3
baseline,17,diagnostic,priority,826366246,10000,100000,86997,18734,0.077880859,local,128,248,1,4,253,16,1,16,1,0,2
baseline,17,diagnostic,priority,826366246,10000,100000,87254,18780,0.079345703,local,128,248,1,4,253,15,1,15,1,0,2
open_dense,17,timed,priority,826366246,10000,100000,7286,10733,0.291992188,unavailable,0,0,0,0,0,0,0,0,1,0,1
open_dense,17,timed,priority,826366246,10000,100000,7924,10786,0.483398438,unavailable,0,0,0,0,0,0,0,0,1,0,1
open_dense,17,timed,priority,826366246,10000,100000,8249,10799,0.42578125,unavailable,0,0,0,0,0,0,0,0,1,0,1
open_dense,17,timed,priority,826366246,10000,100000,9776,10963,0.297363281,unavailable,0,0,0,0,0,0,0,0,1,0,1
open_dense,17,timed,priority,826366246,10000,100000,9823,10977,1.484619141,unavailable,0,0,0,0,0,0,0,0,1,0,1
open_dense,17,timed,priority,826366246,10000,100000,10624,11052,0.286621094,unavailable,0,0,0,0,0,0,0,0,1,0,1
open_dense,17,timed,priority,826366246,10000,100000,12734,11287,0.37890625,unavailable,0,0,0,0,0,0,0,0,1,0,1
open_dense,17,timed,priority,826366246,10000,100000,14100,11403,0.449951172,unavailable,0,0,0,0,0,0,0,0,1,0,1
open_dense,17,timed,priority,826366246,10000,100000,26260,12632,0.513427734,unavailable,0,0,0,0,0,0,0,0,1,0,1
open_dense,17,timed,priority,826366246,10000,100000,27479,12755,0.429931641,unavailable,0,0,0,0,0,0,0,0,1,0,1
open_dense,17,timed,priority,826366246,10000,100000,28646,12830,9.696533203,unavailable,0,0,0,0,0,0,0,0,3,0,1
open_dense,17,timed,priority,826366246,10000,100000,39754,13964,0.322753906,unavailable,0,0,0,0,0,0,0,0,1,0,1
open_dense,17,timed,priority,826366246,10000,100000,40155,14000,0.309082031,unavailable,0,0,0,0,0,0,0,0,1,0,1
open_dense,17,timed,priority,826366246,10000,100000,45056,14430,0.259521484,unavailable,0,0,0,0,0,0,0,0,1,0,1
open_dense,17,timed,priority,826366246,10000,100000,45609,14481,0.262451172,unavailable,0,0,0,0,0,0,0,0,1,0,1
open_dense,17,timed,priority,826366246,10000,100000,48162,14736,0.281982422,unavailable,0,0,0,0,0,0,0,0,1,0,1
open_dense,17,timed,priority,826366246,10000,100000,51297,15003,0.344238281,unavailable,0,0,0,0,0,0,0,0,1,0,1
open_dense,17,timed,priority,826366246,10000,100000,58907,15812,0.430908203,unavailable,0,0,0,0,0,0,0,0,1,0,1
open_dense,17,timed,priority,826366246,10000,100000,59174,15845,0.365234375,unavailable,0,0,0,0,0,0,0,0,1,0,1
open_dense,17,timed,priority,826366246,10000,100000,61405,16126,0.277587891,unavailable,0,0,0,0,0,0,0,0,1,0,1
open_dense,17,timed,priority,826366246,10000,100000,64314,16418,0.287841797,unavailable,0,0,0,0,0,0,0,0,1,0,1
open_dense,17,timed,priority,826366246,10000,100000,66134,16585,0.385009766,unavailable,0,0,0,0,0,0,0,0,1,0,1
open_dense,17,timed,priority,826366246,10000,100000,67372,16702,0.340332031,unavailable,0,0,0,0,0,0,0,0,1,0,1
open_dense,17,timed,priority,826366246,10000,100000,80985,18177,0.370849609,unavailable,0,0,0,0,0,0,0,0,1,0,1
open_dense,17,timed,priority,826366246,10000,100000,97297,19799,0.262451172,unavailable,0,0,0,0,0,0,0,0,1,0,1
open_dense,17,diagnostic,priority,826366246,10000,100000,7286,10733,0.291992188,large,512,1016,1,6,1023,14,1,14,1,0,3
open_dense,17,diagnostic,priority,826366246,10000,100000,7924,10786,0.614501953,large,1024,2040,1,7,2048,14,1,14,1,0,3
open_dense,17,diagnostic,priority,826366246,10000,100000,8232,10795,0.294189453,large,512,1016,1,6,1023,15,1,15,1,0,3
open_dense,17,diagnostic,priority,826366246,10000,100000,8249,10799,0.342773438,large,512,1016,1,6,1023,14,1,14,1,0,3
open_dense,17,diagnostic,priority,826366246,10000,100000,8724,10855,0.375,large,512,1016,1,6,1023,14,1,14,1,0,3
open_dense,17,diagnostic,priority,826366246,10000,100000,8927,10886,0.288818359,large,512,1016,1,6,1023,14,1,14,1,0,3
open_dense,17,diagnostic,priority,826366246,10000,100000,9148,10919,0.305419922,large,512,1016,1,6,1023,14,1,14,1,0,3
open_dense,17,diagnostic,priority,826366246,10000,100000,9545,10940,0.292480469,large,512,1016,1,6,1023,14,1,14,1,0,3
open_dense,17,diagnostic,priority,826366246,10000,100000,9776,10963,0.313720703,large,512,1016,1,6,1023,14,1,14,1,0,3
open_dense,17,diagnostic,priority,826366246,10000,100000,9823,10977,1.819580078,large,4096,8184,1,9,8194,15,1,15,1,0,3
open_dense,17,diagnostic,priority,826366246,10000,100000,10624,11052,0.257080078,large,512,1016,1,6,1023,15,1,15,1,0,3
open_dense,17,diagnostic,priority,826366246,10000,100000,14100,11403,0.519042969,large,1024,2040,1,7,2048,14,1,14,1,0,3
open_dense,17,diagnostic,priority,826366246,10000,100000,17072,11717,0.272949219,large,512,1016,1,6,1023,14,1,14,1,0,3
open_dense,17,diagnostic,priority,826366246,10000,100000,20990,12121,0.280273438,large,512,1016,1,6,1023,14,1,14,0,0,3
open_dense,17,diagnostic,priority,826366246,10000,100000,26260,12632,0.541015625,large,1024,2040,1,7,2048,15,1,15,1,0,3
open_dense,17,diagnostic,priority,826366246,10000,100000,26289,12644,0.268798828,large,512,1016,1,6,1023,15,1,15,1,0,3
open_dense,17,diagnostic,priority,826366246,10000,100000,27479,12755,0.515869141,large,1024,2040,1,7,2048,14,1,14,1,0,3
open_dense,17,diagnostic,priority,826366246,10000,100000,28646,12830,9.168457031,full,12830,29206,1,11,29218,14,1,14,3,1,7
open_dense,17,diagnostic,priority,826366246,10000,100000,39754,13964,0.274169922,large,512,1016,1,6,1023,14,1,14,1,0,3
open_dense,17,diagnostic,priority,826366246,10000,100000,40155,14000,0.257324219,large,512,1016,1,6,1023,14,1,14,1,0,3
open_dense,17,diagnostic,priority,826366246,10000,100000,53772,15266,0.252685547,large,512,1016,1,6,1023,14,1,14,1,0,3
open_dense,17,diagnostic,priority,826366246,10000,100000,58907,15812,0.286132812,large,512,1016,1,6,1023,15,1,15,1,0,3
open_dense,17,diagnostic,priority,826366246,10000,100000,61405,16126,0.252685547,large,512,1016,1,6,1023,15,1,15,1,0,3
open_dense,17,diagnostic,priority,826366246,10000,100000,80985,18177,0.305664062,large,512,1016,1,6,1023,14,1,14,1,0,3
open_dense,17,diagnostic,priority,826366246,10000,100000,97297,19799,0.280517578,large,512,1016,1,6,1023,13,1,13,1,0,3
baseline,18,timed,priority,12648430,10000,100000,265,10024,0.118408203,unavailable,0,0,0,0,0,0,0,0,1,0,1
baseline,18,timed,priority,12648430,10000,100000,1019,10085,0.236083984,unavailable,0,0,0,0,0,0,0,0,1,0,1
baseline,18,timed,priority,12648430,10000,100000,6133,10527,0.080810547,unavailable,0,0,0,0,0,0,0,0,1,0,1
baseline,18,timed,priority,12648430,10000,100000,10976,11019,0.114990234,unavailable,0,0,0,0,0,0,0,0,1,0,1
baseline,18,timed,priority,12648430,10000,100000,11288,11060,0.093261719,unavailable,0,0,0,0,0,0,0,0,1,0,1
baseline,18,timed,priority,12648430,10000,100000,12083,11117,0.092041016,unavailable,0,0,0,0,0,0,0,0,1,0,1
baseline,18,timed,priority,12648430,10000,100000,12518,11158,0.502441406,unavailable,0,0,0,0,0,0,0,0,1,0,1
baseline,18,timed,priority,12648430,10000,100000,12809,11179,0.096435547,unavailable,0,0,0,0,0,0,0,0,1,0,1
baseline,18,timed,priority,12648430,10000,100000,13142,11196,0.131835938,unavailable,0,0,0,0,0,0,0,0,1,0,1
baseline,18,timed,priority,12648430,10000,100000,13346,11226,0.250244141,unavailable,0,0,0,0,0,0,0,0,1,0,1
baseline,18,timed,priority,12648430,10000,100000,14050,11296,1.651123047,unavailable,0,0,0,0,0,0,0,0,1,0,1
baseline,18,timed,priority,12648430,10000,100000,16104,11528,0.103027344,unavailable,0,0,0,0,0,0,0,0,1,0,1
baseline,18,timed,priority,12648430,10000,100000,27711,12673,0.126464844,unavailable,0,0,0,0,0,0,0,0,4,0,1
baseline,18,timed,priority,12648430,10000,100000,31269,12999,0.089355469,unavailable,0,0,0,0,0,0,0,0,1,0,1
baseline,18,timed,priority,12648430,10000,100000,31721,13037,0.112548828,unavailable,0,0,0,0,0,0,0,0,1,0,1
baseline,18,timed,priority,12648430,10000,100000,50220,14960,0.134521484,unavailable,0,0,0,0,0,0,0,0,1,0,1
baseline,18,timed,priority,12648430,10000,100000,69030,16903,0.114990234,unavailable,0,0,0,0,0,0,0,0,1,0,1
baseline,18,timed,priority,12648430,10000,100000,71043,17078,0.065429688,unavailable,0,0,0,0,0,0,0,0,1,0,1
baseline,18,timed,priority,12648430,10000,100000,72918,17249,0.065429688,unavailable,0,0,0,0,0,0,0,0,1,0,1
baseline,18,timed,priority,12648430,10000,100000,74224,17339,0.074951172,unavailable,0,0,0,0,0,0,0,0,1,0,1
baseline,18,timed,priority,12648430,10000,100000,76128,17585,0.179931641,unavailable,0,0,0,0,0,0,0,0,4,0,1
baseline,18,timed,priority,12648430,10000,100000,82407,18344,0.104980469,unavailable,0,0,0,0,0,0,0,0,1,0,1
baseline,18,timed,priority,12648430,10000,100000,85027,18542,0.078125,unavailable,0,0,0,0,0,0,0,0,1,0,1
baseline,18,timed,priority,12648430,10000,100000,92765,19417,0.067871094,unavailable,0,0,0,0,0,0,0,0,1,0,1
baseline,18,timed,priority,12648430,10000,100000,94655,19586,0.188720703,unavailable,0,0,0,0,0,0,0,0,1,0,1
baseline,18,diagnostic,priority,12648430,10000,100000,265,10024,0.154541016,large,256,504,1,5,510,13,1,13,1,0,3
baseline,18,diagnostic,priority,12648430,10000,100000,1019,10085,0.325439453,large,512,1016,1,6,1023,15,1,15,1,0,3
baseline,18,diagnostic,priority,12648430,10000,100000,3842,10296,0.066162109,local,128,248,1,4,253,14,1,14,1,0,2
baseline,18,diagnostic,priority,12648430,10000,100000,6429,10563,0.160644531,direct,0,0,0,0,0,13,1,13,2,0,1
baseline,18,diagnostic,priority,12648430,10000,100000,7878,10731,0.069824219,local,128,248,1,4,253,13,1,13,1,0,2
baseline,18,diagnostic,priority,12648430,10000,100000,10976,11019,0.117431641,large,256,504,1,5,510,15,1,15,1,0,3
baseline,18,diagnostic,priority,12648430,10000,100000,11288,11060,0.102783203,large,256,504,1,5,510,14,1,14,1,0,3
baseline,18,diagnostic,priority,12648430,10000,100000,11495,11065,0.063720703,local,128,248,1,4,253,14,1,14,1,0,2
baseline,18,diagnostic,priority,12648430,10000,100000,12083,11117,0.103515625,large,256,504,1,5,510,15,1,15,1,0,3
baseline,18,diagnostic,priority,12648430,10000,100000,12518,11158,0.540283203,large,1024,2040,1,7,2048,14,1,14,1,0,3
baseline,18,diagnostic,priority,12648430,10000,100000,12809,11179,0.104003906,large,256,504,1,5,510,14,1,14,1,0,3
baseline,18,diagnostic,priority,12648430,10000,100000,13142,11196,0.124511719,large,256,504,1,5,510,14,1,14,1,0,3
baseline,18,diagnostic,priority,12648430,10000,100000,13346,11226,0.260009766,large,512,1016,1,6,1023,13,1,13,1,0,3
baseline,18,diagnostic,priority,12648430,10000,100000,14050,11296,1.833496094,large,4096,8184,1,9,8194,15,1,15,1,0,3
baseline,18,diagnostic,priority,12648430,10000,100000,14690,11397,0.063964844,local,128,248,1,4,253,15,1,15,1,0,2
baseline,18,diagnostic,priority,12648430,10000,100000,16104,11528,0.109130859,large,256,504,1,5,510,14,1,14,1,0,3
baseline,18,diagnostic,priority,12648430,10000,100000,20678,11993,0.172363281,direct,0,0,0,0,0,14,1,14,1,0,1
baseline,18,diagnostic,priority,12648430,10000,100000,31721,13037,0.114746094,large,256,504,1,5,510,15,1,15,1,0,3
baseline,18,diagnostic,priority,12648430,10000,100000,50220,14960,0.152099609,large,256,504,1,5,510,14,1,14,1,0,3
baseline,18,diagnostic,priority,12648430,10000,100000,54432,15303,0.073486328,direct,0,0,0,0,0,15,1,15,2,0,1
baseline,18,diagnostic,priority,12648430,10000,100000,65240,16465,0.076904297,local,8,8,1,0,9,15,1,15,3,0,1
baseline,18,diagnostic,priority,12648430,10000,100000,66169,16570,0.123779297,direct,0,0,0,0,0,14,1,14,3,0,1
baseline,18,diagnostic,priority,12648430,10000,100000,69030,16903,0.138916016,large,256,504,1,5,510,14,1,14,1,0,3
baseline,18,diagnostic,priority,12648430,10000,100000,71043,17078,0.069824219,local,128,248,1,4,253,16,1,16,1,0,3
baseline,18,diagnostic,priority,12648430,10000,100000,72918,17249,0.071289062,local,128,248,1,4,253,14,1,14,1,0,3
baseline,18,diagnostic,priority,12648430,10000,100000,77776,17822,0.077392578,local,8,8,1,0,9,15,1,15,4,0,1
baseline,18,diagnostic,priority,12648430,10000,100000,82407,18344,0.127197266,large,256,504,1,5,510,15,1,15,1,0,3
baseline,18,diagnostic,priority,12648430,10000,100000,85027,18542,0.064697266,local,128,248,1,4,253,15,1,15,1,0,2
baseline,18,diagnostic,priority,12648430,10000,100000,92765,19417,0.070068359,local,128,248,1,4,253,15,1,15,1,0,3
baseline,18,diagnostic,priority,12648430,10000,100000,94655,19586,0.211914062,large,512,1016,1,6,1023,15,1,15,1,0,3
baseline,18,diagnostic,priority,12648430,10000,100000,97997,19894,0.068359375,local,128,248,1,4,253,15,1,15,1,0,2
open_dense,18,timed,priority,12648430,10000,100000,265,10024,0.12109375,unavailable,0,0,0,0,0,0,0,0,1,0,1
open_dense,18,timed,priority,12648430,10000,100000,1019,10085,0.231689453,unavailable,0,0,0,0,0,0,0,0,1,0,1
open_dense,18,timed,priority,12648430,10000,100000,3842,10296,0.060546875,unavailable,0,0,0,0,0,0,0,0,1,0,1
open_dense,18,timed,priority,12648430,10000,100000,5176,10431,0.053710938,unavailable,0,0,0,0,0,0,0,0,1,0,1
open_dense,18,timed,priority,12648430,10000,100000,7130,10622,0.134277344,unavailable,0,0,0,0,0,0,0,0,5,0,1
open_dense,18,timed,priority,12648430,10000,100000,7878,10731,0.063232422,unavailable,0,0,0,0,0,0,0,0,1,0,1
open_dense,18,timed,priority,12648430,10000,100000,9384,10853,0.054443359,unavailable,0,0,0,0,0,0,0,0,1,0,1
open_dense,18,timed,priority,12648430,10000,100000,11757,11089,0.051757812,unavailable,0,0,0,0,0,0,0,0,1,0,1
open_dense,18,timed,priority,12648430,10000,100000,12518,11158,0.479736328,unavailable,0,0,0,0,0,0,0,0,1,0,1
open_dense,18,timed,priority,12648430,10000,100000,13142,11196,0.113525391,unavailable,0,0,0,0,0,0,0,0,1,0,1
open_dense,18,timed,priority,12648430,10000,100000,13346,11226,0.243896484,unavailable,0,0,0,0,0,0,0,0,1,0,1
open_dense,18,timed,priority,12648430,10000,100000,13546,11225,0.055664062,unavailable,0,0,0,0,0,0,0,0,1,0,1
open_dense,18,timed,priority,12648430,10000,100000,14050,11296,1.525634766,unavailable,0,0,0,0,0,0,0,0,1,0,1
open_dense,18,timed,priority,12648430,10000,100000,14187,11330,0.053710938,unavailable,0,0,0,0,0,0,0,0,0,0,1
open_dense,18,timed,priority,12648430,10000,100000,14690,11397,0.056152344,unavailable,0,0,0,0,0,0,0,0,1,0,1
open_dense,18,timed,priority,12648430,10000,100000,19439,11875,0.05859375,unavailable,0,0,0,0,0,0,0,0,3,0,1
open_dense,18,timed,priority,12648430,10000,100000,48698,14792,0.047607422,unavailable,0,0,0,0,0,0,0,0,1,0,1
open_dense,18,timed,priority,12648430,10000,100000,50781,15014,0.158935547,unavailable,0,0,0,0,0,0,0,0,1,0,1
open_dense,18,timed,priority,12648430,10000,100000,51786,15095,0.111328125,unavailable,0,0,0,0,0,0,0,0,1,0,1
open_dense,18,timed,priority,12648430,10000,100000,69030,16903,0.127441406,unavailable,0,0,0,0,0,0,0,0,1,0,1
open_dense,18,timed,priority,12648430,10000,100000,71684,17142,0.059570312,unavailable,0,0,0,0,0,0,0,0,1,0,1
open_dense,18,timed,priority,12648430,10000,100000,72195,17190,0.064941406,unavailable,0,0,0,0,0,0,0,0,1,0,1
open_dense,18,timed,priority,12648430,10000,100000,91180,19230,0.09375,unavailable,0,0,0,0,0,0,0,0,1,0,1
open_dense,18,timed,priority,12648430,10000,100000,97630,19849,0.094482422,unavailable,0,0,0,0,0,0,0,0,1,0,1
open_dense,18,timed,priority,12648430,10000,100000,99742,20027,0.130859375,unavailable,0,0,0,0,0,0,0,0,1,0,1
open_dense,18,diagnostic,priority,12648430,10000,100000,265,10024,0.420166016,large,256,504,1,5,510,13,1,13,1,0,3
open_dense,18,diagnostic,priority,12648430,10000,100000,1019,10085,0.279296875,large,512,1016,1,6,1023,15,1,15,1,0,3
open_dense,18,diagnostic,priority,12648430,10000,100000,3842,10296,0.072753906,local,128,248,1,4,253,14,1,14,1,0,3
open_dense,18,diagnostic,priority,12648430,10000,100000,5176,10431,0.064208984,local,128,248,1,4,253,13,1,13,1,0,3
open_dense,18,diagnostic,priority,12648430,10000,100000,7128,10623,0.191650391,direct,0,0,0,0,0,13,1,13,6,0,1
open_dense,18,diagnostic,priority,12648430,10000,100000,7878,10731,0.076416016,local,128,248,1,4,253,13,1,13,1,0,3
open_dense,18,diagnostic,priority,12648430,10000,100000,11757,11089,0.060058594,local,128,248,1,4,253,14,1,14,1,0,2
open_dense,18,diagnostic,priority,12648430,10000,100000,12518,11158,0.572998047,large,1024,2040,1,7,2048,14,1,14,1,0,3
open_dense,18,diagnostic,priority,12648430,10000,100000,13142,11196,0.131835938,large,256,504,1,5,510,14,1,14,1,0,3
open_dense,18,diagnostic,priority,12648430,10000,100000,13346,11226,0.278808594,large,512,1016,1,6,1023,13,1,13,1,0,3
open_dense,18,diagnostic,priority,12648430,10000,100000,13546,11225,0.063720703,local,128,248,1,4,253,13,1,13,1,0,3
open_dense,18,diagnostic,priority,12648430,10000,100000,13591,11235,0.072021484,local,64,120,1,3,124,15,1,15,1,0,3
open_dense,18,diagnostic,priority,12648430,10000,100000,14050,11296,2.012939453,large,4096,8184,1,9,8194,15,1,15,1,0,3
open_dense,18,diagnostic,priority,12648430,10000,100000,14187,11330,0.063476562,local,128,248,1,4,253,15,1,15,0,0,3
open_dense,18,diagnostic,priority,12648430,10000,100000,14690,11397,0.068115234,local,128,248,1,4,253,15,1,15,1,0,3
open_dense,18,diagnostic,priority,12648430,10000,100000,33913,13306,0.266113281,direct,0,0,0,0,0,13,1,13,5,0,1
open_dense,18,diagnostic,priority,12648430,10000,100000,34746,13421,0.094726562,direct,0,0,0,0,0,15,1,15,1,0,1
open_dense,18,diagnostic,priority,12648430,10000,100000,49487,14859,0.173828125,direct,0,0,0,0,0,15,1,15,2,0,1
open_dense,18,diagnostic,priority,12648430,10000,100000,50744,15008,0.044921875,local,64,120,1,3,124,16,1,16,1,0,2
open_dense,18,diagnostic,priority,12648430,10000,100000,50781,15014,0.119873047,large,256,504,1,5,510,14,1,14,1,0,3
open_dense,18,diagnostic,priority,12648430,10000,100000,51786,15095,0.130615234,large,256,504,1,5,510,15,1,15,1,0,3
open_dense,18,diagnostic,priority,12648430,10000,100000,65227,16462,0.157958984,direct,0,0,0,0,0,15,1,15,2,0,1
open_dense,18,diagnostic,priority,12648430,10000,100000,69030,16903,0.177490234,large,256,504,1,5,510,14,1,14,1,0,3
open_dense,18,diagnostic,priority,12648430,10000,100000,69535,16916,0.141845703,direct,0,0,0,0,0,14,1,14,5,0,1
open_dense,18,diagnostic,priority,12648430,10000,100000,71684,17142,0.081298828,local,128,248,1,4,253,15,1,15,1,0,3
open_dense,18,diagnostic,priority,12648430,10000,100000,72195,17190,0.072753906,local,128,248,1,4,253,15,1,15,1,0,3
open_dense,18,diagnostic,priority,12648430,10000,100000,72807,17233,0.0546875,local,64,120,1,3,124,16,1,16,1,0,2
open_dense,18,diagnostic,priority,12648430,10000,100000,75206,17479,0.045166016,local,64,120,1,3,124,15,1,15,1,0,2
open_dense,18,diagnostic,priority,12648430,10000,100000,76860,17682,0.070556641,local,64,120,1,3,124,14,1,14,1,0,3
open_dense,18,diagnostic,priority,12648430,10000,100000,93159,19459,0.045654297,local,64,120,1,3,124,15,1,15,1,0,2
open_dense,18,diagnostic,priority,12648430,10000,100000,99742,20027,0.046386719,local,64,120,1,3,124,15,1,15,1,0,2
baseline,19,timed,local,17,10000,100000,13410,10018,0.065429688,unavailable,0,0,0,0,0,0,0,0,1,0,1
baseline,19,timed,local,17,10000,100000,24376,9984,0.118896484,unavailable,0,0,0,0,0,0,0,0,1,0,1
baseline,19,timed,local,17,10000,100000,24411,9980,0.015869141,unavailable,0,0,0,0,0,0,0,0,1,0,1
baseline,19,timed,local,17,10000,100000,25554,9974,0.020751953,unavailable,0,0,0,0,0,0,0,0,1,0,1
baseline,19,timed,local,17,10000,100000,35021,9947,0.022460938,unavailable,0,0,0,0,0,0,0,0,3,0,1
baseline,19,timed,local,17,10000,100000,35031,9948,0.028076172,unavailable,0,0,0,0,0,0,0,0,1,0,1
baseline,19,timed,local,17,10000,100000,35158,9949,0.017333984,unavailable,0,0,0,0,0,0,0,0,1,0,1
baseline,19,timed,local,17,10000,100000,37796,9915,0.020996094,unavailable,0,0,0,0,0,0,0,0,4,0,1
baseline,19,timed,local,17,10000,100000,38750,9931,0.058105469,unavailable,0,0,0,0,0,0,0,0,1,0,1
baseline,19,timed,local,17,10000,100000,39026,9920,0.019042969,unavailable,0,0,0,0,0,0,0,0,1,0,1
baseline,19,timed,local,17,10000,100000,39100,9926,0.021972656,unavailable,0,0,0,0,0,0,0,0,1,0,1
baseline,19,timed,local,17,10000,100000,39332,9936,0.020996094,unavailable,0,0,0,0,0,0,0,0,1,0,1
baseline,19,timed,local,17,10000,100000,50076,9963,0.019287109,unavailable,0,0,0,0,0,0,0,0,1,0,1
baseline,19,timed,local,17,10000,100000,52730,9953,0.172851562,unavailable,0,0,0,0,0,0,0,0,1,0,1
baseline,19,timed,local,17,10000,100000,59551,9884,0.028076172,unavailable,0,0,0,0,0,0,0,0,2,0,1
baseline,19,timed,local,17,10000,100000,61196,9873,0.020751953,unavailable,0,0,0,0,0,0,0,0,1,0,1
baseline,19,timed,local,17,10000,100000,63644,9860,0.294921875,unavailable,0,0,0,0,0,0,0,0,2,0,1
baseline,19,timed,local,17,10000,100000,74531,9950,0.014648438,unavailable,0,0,0,0,0,0,0,0,2,0,1
baseline,19,timed,local,17,10000,100000,74742,9955,0.239746094,unavailable,0,0,0,0,0,0,0,0,1,0,1
baseline,19,timed,local,17,10000,100000,82259,9965,0.046630859,unavailable,0,0,0,0,0,0,0,0,2,0,1
baseline,19,timed,local,17,10000,100000,89744,9888,0.016845703,unavailable,0,0,0,0,0,0,0,0,1,0,1
baseline,19,timed,local,17,10000,100000,94680,9895,0.026855469,unavailable,0,0,0,0,0,0,0,0,2,0,1
baseline,19,timed,local,17,10000,100000,95002,9895,0.017089844,unavailable,0,0,0,0,0,0,0,0,3,0,1
baseline,19,timed,local,17,10000,100000,97624,9896,0.027099609,unavailable,0,0,0,0,0,0,0,0,5,0,1
baseline,19,timed,local,17,10000,100000,98697,9887,0.256835938,unavailable,0,0,0,0,0,0,0,0,1,0,1
baseline,19,diagnostic,local,17,10000,100000,5891,10050,0.023193359,direct,0,0,0,0,0,14,1,14,4,0,1
baseline,19,diagnostic,local,17,10000,100000,7249,10035,0.027587891,direct,0,0,0,0,0,13,2,13,1,0,1
baseline,19,diagnostic,local,17,10000,100000,8123,10018,0.047607422,direct,0,0,0,0,0,15,2,15,2,0,1
baseline,19,diagnostic,local,17,10000,100000,11359,10025,0.025878906,direct,0,0,0,0,0,12,2,12,1,0,1
baseline,19,diagnostic,local,17,10000,100000,19961,10015,0.029785156,direct,0,0,0,0,0,14,1,14,5,0,1
baseline,19,diagnostic,local,17,10000,100000,27217,9984,0.027832031,direct,0,0,0,0,0,14,2,14,1,0,1
baseline,19,diagnostic,local,17,10000,100000,30035,9974,0.043457031,direct,0,0,0,0,0,13,0,13,1,0,1
baseline,19,diagnostic,local,17,10000,100000,31789,9963,0.020996094,direct,0,0,0,0,0,14,1,14,1,0,1
baseline,19,diagnostic,local,17,10000,100000,33798,9961,0.006347656,local,16,24,1,1,26,14,1,14,1,0,2
baseline,19,diagnostic,local,17,10000,100000,35393,9958,0.005859375,local,16,24,1,1,26,13,0,13,1,0,2
baseline,19,diagnostic,local,17,10000,100000,36960,9928,0.006835938,local,16,24,1,1,26,13,0,13,1,0,2
baseline,19,diagnostic,local,17,10000,100000,39764,9930,0.006103516,local,16,24,1,1,26,13,2,13,1,0,2
baseline,19,diagnostic,local,17,10000,100000,41775,9944,0.033447266,direct,0,0,0,0,0,12,0,12,5,0,1
baseline,19,diagnostic,local,17,10000,100000,45010,9970,0.023681641,direct,0,0,0,0,0,13,0,13,2,0,1
baseline,19,diagnostic,local,17,10000,100000,47477,9957,0.055419922,direct,0,0,0,0,0,13,0,13,4,0,1
baseline,19,diagnostic,local,17,10000,100000,50344,9956,0.019775391,direct,0,0,0,0,0,13,0,13,1,0,1
baseline,19,diagnostic,local,17,10000,100000,51744,9973,0.006347656,local,16,24,1,1,26,14,1,14,1,0,2
baseline,19,diagnostic,local,17,10000,100000,58332,9913,0.013671875,local,32,56,1,2,59,13,0,13,1,0,2
baseline,19,diagnostic,local,17,10000,100000,58845,9905,0.229980469,direct,0,0,0,0,0,14,0,14,1,0,1
baseline,19,diagnostic,local,17,10000,100000,61797,9857,0.006347656,local,16,24,1,1,26,13,2,13,1,0,2
baseline,19,diagnostic,local,17,10000,100000,62659,9854,0.006103516,local,16,24,1,1,26,13,1,13,1,0,2
baseline,19,diagnostic,local,17,10000,100000,65052,9899,0.019775391,local,8,8,1,0,9,14,1,14,1,0,3
baseline,19,diagnostic,local,17,10000,100000,66342,9907,0.128173828,direct,0,0,0,0,0,15,1,15,2,0,1
baseline,19,diagnostic,local,17,10000,100000,66350,9908,0.019287109,direct,0,0,0,0,0,14,0,14,1,0,1
baseline,19,diagnostic,local,17,10000,100000,66435,9909,0.022949219,direct,0,0,0,0,0,14,1,14,4,0,1
baseline,19,diagnostic,local,17,10000,100000,66482,9909,0.015869141,local,16,24,1,1,26,14,0,14,1,0,3
baseline,19,diagnostic,local,17,10000,100000,68368,9898,0.014892578,local,16,24,1,1,26,12,0,12,1,0,3
baseline,19,diagnostic,local,17,10000,100000,68899,9915,0.048339844,direct,0,0,0,0,0,13,1,13,2,0,1
baseline,19,diagnostic,local,17,10000,100000,70628,9942,0.008789062,local,16,24,1,1,26,14,2,14,1,0,2
baseline,19,diagnostic,local,17,10000,100000,71049,9934,0.006835938,local,16,24,1,1,26,13,0,13,1,0,2
baseline,19,diagnostic,local,17,10000,100000,71754,9936,0.016601562,local,8,8,1,0,9,14,0,14,1,0,3
baseline,19,diagnostic,local,17,10000,100000,73306,9959,0.007080078,local,16,24,1,1,26,14,2,14,1,0,2
baseline,19,diagnostic,local,17,10000,100000,76820,9929,0.007324219,local,16,24,1,1,26,14,1,14,1,0,2
baseline,19,diagnostic,local,17,10000,100000,80971,9969,0.009033203,local,16,24,1,1,26,14,1,14,1,0,2
baseline,19,diagnostic,local,17,10000,100000,81943,9963,0.007568359,local,16,24,1,1,26,13,1,13,1,0,2
baseline,19,diagnostic,local,17,10000,100000,81957,9966,0.006103516,local,16,24,1,1,26,14,0,14,1,0,2
baseline,19,diagnostic,local,17,10000,100000,82664,9969,0.076416016,direct,0,0,0,0,0,13,0,13,3,0,1
baseline,19,diagnostic,local,17,10000,100000,84721,9935,0.010009766,local,16,24,1,1,26,13,0,13,1,0,2
baseline,19,diagnostic,local,17,10000,100000,84852,9940,0.007080078,local,16,24,1,1,26,13,0,13,1,0,2
baseline,19,diagnostic,local,17,10000,100000,85885,9922,0.062988281,direct,0,0,0,0,0,14,1,14,5,0,1
baseline,19,diagnostic,local,17,10000,100000,87333,9908,0.328369141,direct,0,0,0,0,0,12,0,12,1,0,1
baseline,19,diagnostic,local,17,10000,100000,88281,9887,0.006103516,local,16,24,1,1,26,13,0,13,1,0,2
baseline,19,diagnostic,local,17,10000,100000,90003,9889,0.007568359,local,16,24,1,1,26,13,0,13,1,0,2
baseline,19,diagnostic,local,17,10000,100000,93782,9892,0.007568359,local,16,24,1,1,26,14,0,14,1,0,2
baseline,19,diagnostic,local,17,10000,100000,93997,9885,0.054931641,local,8,8,1,0,9,14,2,14,1,0,3
open_dense,19,timed,local,17,10000,100000,1022,10040,0.051269531,unavailable,0,0,0,0,0,0,0,0,1,0,1
open_dense,19,timed,local,17,10000,100000,2426,10024,0.019775391,unavailable,0,0,0,0,0,0,0,0,2,0,1
open_dense,19,timed,local,17,10000,100000,5960,10047,0.016113281,unavailable,0,0,0,0,0,0,0,0,3,0,1
open_dense,19,timed,local,17,10000,100000,11648,10017,0.019042969,unavailable,0,0,0,0,0,0,0,0,3,0,1
open_dense,19,timed,local,17,10000,100000,19331,10031,0.043945312,unavailable,0,0,0,0,0,0,0,0,4,0,1
open_dense,19,timed,local,17,10000,100000,24484,9984,0.071289062,unavailable,0,0,0,0,0,0,0,0,1,0,1
open_dense,19,timed,local,17,10000,100000,30035,9974,0.018310547,unavailable,0,0,0,0,0,0,0,0,1,0,1
open_dense,19,timed,local,17,10000,100000,33858,9962,0.020019531,unavailable,0,0,0,0,0,0,0,0,3,0,1
open_dense,19,timed,local,17,10000,100000,39845,9935,0.009765625,unavailable,0,0,0,0,0,0,0,0,2,0,1
open_dense,19,timed,local,17,10000,100000,41487,9937,0.016601562,unavailable,0,0,0,0,0,0,0,0,1,0,1
open_dense,19,timed,local,17,10000,100000,41493,9937,0.017089844,unavailable,0,0,0,0,0,0,0,0,3,0,1
open_dense,19,timed,local,17,10000,100000,41500,9940,0.011230469,unavailable,0,0,0,0,0,0,0,0,4,0,1
open_dense,19,timed,local,17,10000,100000,41510,9939,0.015869141,unavailable,0,0,0,0,0,0,0,0,1,0,1
open_dense,19,timed,local,17,10000,100000,41516,9941,0.013916016,unavailable,0,0,0,0,0,0,0,0,6,0,1
open_dense,19,timed,local,17,10000,100000,42329,9946,0.013916016,unavailable,0,0,0,0,0,0,0,0,5,0,1
open_dense,19,timed,local,17,10000,100000,47653,9956,0.01171875,unavailable,0,0,0,0,0,0,0,0,1,0,1
open_dense,19,timed,local,17,10000,100000,54255,9934,0.034912109,unavailable,0,0,0,0,0,0,0,0,1,0,1
open_dense,19,timed,local,17,10000,100000,58332,9913,0.012695312,unavailable,0,0,0,0,0,0,0,0,1,0,1
open_dense,19,timed,local,17,10000,100000,58797,9905,0.018310547,unavailable,0,0,0,0,0,0,0,0,2,0,1
open_dense,19,timed,local,17,10000,100000,59234,9891,0.278320312,unavailable,0,0,0,0,0,0,0,0,2,0,1
open_dense,19,timed,local,17,10000,100000,66971,9904,0.013427734,unavailable,0,0,0,0,0,0,0,0,2,0,1
open_dense,19,timed,local,17,10000,100000,76882,9933,0.010253906,unavailable,0,0,0,0,0,0,0,0,4,0,1
open_dense,19,timed,local,17,10000,100000,80916,9963,0.016845703,unavailable,0,0,0,0,0,0,0,0,3,0,1
open_dense,19,timed,local,17,10000,100000,84721,9935,0.009521484,unavailable,0,0,0,0,0,0,0,0,1,0,1
open_dense,19,timed,local,17,10000,100000,98706,9888,0.01171875,unavailable,0,0,0,0,0,0,0,0,1,0,1
open_dense,19,diagnostic,local,17,10000,100000,787,10023,0.028076172,direct,0,0,0,0,0,13,0,13,3,0,1
open_dense,19,diagnostic,local,17,10000,100000,1446,10040,0.016845703,direct,0,0,0,0,0,14,0,14,2,0,1
open_dense,19,diagnostic,local,17,10000,100000,4568,10052,0.022216797,direct,0,0,0,0,0,13,0,13,1,0,1
open_dense,19,diagnostic,local,17,10000,100000,5562,10066,0.093017578,direct,0,0,0,0,0,14,1,14,2,0,1
open_dense,19,diagnostic,local,17,10000,100000,5901,10051,0.036621094,direct,0,0,0,0,0,14,2,14,3,0,1
open_dense,19,diagnostic,local,17,10000,100000,6001,10049,0.008544922,local,8,8,1,0,9,15,2,15,1,0,2
open_dense,19,diagnostic,local,17,10000,100000,27478,9983,0.014404297,direct,0,0,0,0,0,13,1,13,6,0,1
open_dense,19,diagnostic,local,17,10000,100000,29463,9969,0.027587891,direct,0,0,0,0,0,14,1,14,2,0,1
open_dense,19,diagnostic,local,17,10000,100000,33798,9961,0.006591797,local,16,24,1,1,26,14,1,14,1,0,2
open_dense,19,diagnostic,local,17,10000,100000,35393,9958,0.006103516,local,16,24,1,1,26,13,0,13,1,0,2
open_dense,19,diagnostic,local,17,10000,100000,36960,9928,0.006835938,local,16,24,1,1,26,13,0,13,1,0,2
open_dense,19,diagnostic,local,17,10000,100000,39764,9930,0.007324219,local,16,24,1,1,26,13,2,13,1,0,2
open_dense,19,diagnostic,local,17,10000,100000,41229,9946,0.023193359,direct,0,0,0,0,0,14,1,14,2,0,1
open_dense,19,diagnostic,local,17,10000,100000,42236,9946,0.015625,direct,0,0,0,0,0,13,1,13,1,0,1
open_dense,19,diagnostic,local,17,10000,100000,51744,9973,0.006103516,local,16,24,1,1,26,14,1,14,1,0,2
open_dense,19,diagnostic,local,17,10000,100000,52239,9962,0.016845703,direct,0,0,0,0,0,14,1,14,4,0,1
open_dense,19,diagnostic,local,17,10000,100000,52419,9953,0.240966797,direct,0,0,0,0,0,13,1,13,1,0,1
open_dense,19,diagnostic,local,17,10000,100000,58332,9913,0.014160156,local,32,56,1,2,59,13,0,13,1,0,3
open_dense,19,diagnostic,local,17,10000,100000,60651,9870,0.024902344,direct,0,0,0,0,0,14,0,14,2,0,1
open_dense,19,diagnostic,local,17,10000,100000,61797,9857,0.006835938,local,16,24,1,1,26,13,2,13,1,0,2
open_dense,19,diagnostic,local,17,10000,100000,62659,9854,0.006347656,local,16,24,1,1,26,13,1,13,1,0,2
open_dense,19,diagnostic,local,17,10000,100000,66482,9909,0.007568359,local,16,24,1,1,26,14,0,14,1,0,2
open_dense,19,diagnostic,local,17,10000,100000,68368,9898,0.007080078,local,16,24,1,1,26,12,0,12,1,0,2
open_dense,19,diagnostic,local,17,10000,100000,70628,9942,0.008300781,local,16,24,1,1,26,14,2,14,1,0,2
open_dense,19,diagnostic,local,17,10000,100000,71049,9934,0.006347656,local,16,24,1,1,26,13,0,13,1,0,2
open_dense,19,diagnostic,local,17,10000,100000,71410,9927,0.011230469,direct,0,0,0,0,0,14,2,14,2,0,1
open_dense,19,diagnostic,local,17,10000,100000,72596,9946,0.01953125,direct,0,0,0,0,0,15,2,15,4,0,1
open_dense,19,diagnostic,local,17,10000,100000,73306,9959,0.007568359,local,16,24,1,1,26,14,2,14,1,0,2
open_dense,19,diagnostic,local,17,10000,100000,74821,9954,0.021240234,direct,0,0,0,0,0,13,0,13,5,0,1
open_dense,19,diagnostic,local,17,10000,100000,75392,9944,0.015380859,direct,0,0,0,0,0,14,2,14,6,0,1
open_dense,19,diagnostic,local,17,10000,100000,76820,9929,0.007080078,local,16,24,1,1,26,14,1,14,1,0,2
open_dense,19,diagnostic,local,17,10000,100000,80971,9969,0.008789062,local,16,24,1,1,26,14,1,14,1,0,2
open_dense,19,diagnostic,local,17,10000,100000,81943,9963,0.011962891,local,16,24,1,1,26,13,1,13,1,0,3
open_dense,19,diagnostic,local,17,10000,100000,81957,9966,0.009033203,local,16,24,1,1,26,14,0,14,1,0,2
open_dense,19,diagnostic,local,17,10000,100000,84721,9935,0.010498047,local,16,24,1,1,26,13,0,13,1,0,2
open_dense,19,diagnostic,local,17,10000,100000,84852,9940,0.0078125,local,16,24,1,1,26,13,0,13,1,0,2
open_dense,19,diagnostic,local,17,10000,100000,88281,9887,0.006591797,local,16,24,1,1,26,13,0,13,1,0,2
open_dense,19,diagnostic,local,17,10000,100000,90003,9889,0.0078125,local,16,24,1,1,26,13,0,13,1,0,2
open_dense,19,diagnostic,local,17,10000,100000,92887,9904,0.026367188,direct,0,0,0,0,0,14,0,14,3,0,1
open_dense,19,diagnostic,local,17,10000,100000,93095,9908,0.011474609,direct,0,0,0,0,0,14,1,14,2,0,1
open_dense,19,diagnostic,local,17,10000,100000,93297,9906,0.010742188,local,8,8,1,0,9,14,1,14,1,0,2
open_dense,19,diagnostic,local,17,10000,100000,93782,9892,0.007324219,local,16,24,1,1,26,14,0,14,1,0,2
open_dense,19,diagnostic,local,17,10000,100000,95396,9903,0.021240234,direct,0,0,0,0,0,14,1,14,2,0,1
open_dense,19,diagnostic,local,17,10000,100000,97522,9894,0.025146484,local,8,8,1,0,9,14,0,14,1,0,3
open_dense,19,diagnostic,local,17,10000,100000,97940,9903,0.019042969,direct,0,0,0,0,0,13,2,13,3,0,1
open_dense,19,diagnostic,local,17,10000,100000,98144,9890,0.237792969,direct,0,0,0,0,0,13,0,13,4,0,1
open_dense,19,diagnostic,local,17,10000,100000,99898,9919,0.01171875,direct,0,0,0,0,0,13,0,13,1,0,1
baseline,20,timed,local,305419896,10000,100000,1031,10017,0.031005859,unavailable,0,0,0,0,0,0,0,0,2,0,1
baseline,20,timed,local,305419896,10000,100000,8791,9973,0.045166016,unavailable,0,0,0,0,0,0,0,0,3,0,1
baseline,20,timed,local,305419896,10000,100000,10622,9976,0.037109375,unavailable,0,0,0,0,0,0,0,0,3,0,1
baseline,20,timed,local,305419896,10000,100000,10952,9977,0.048828125,unavailable,0,0,0,0,0,0,0,0,3,0,1
baseline,20,timed,local,305419896,10000,100000,10989,9978,0.016845703,unavailable,0,0,0,0,0,0,0,0,4,0,1
baseline,20,timed,local,305419896,10000,100000,16027,9965,0.081787109,unavailable,0,0,0,0,0,0,0,0,4,0,1
baseline,20,timed,local,305419896,10000,100000,31448,9900,0.026855469,unavailable,0,0,0,0,0,0,0,0,1,0,1
baseline,20,timed,local,305419896,10000,100000,32162,9901,0.014892578,unavailable,0,0,0,0,0,0,0,0,1,0,1
baseline,20,timed,local,305419896,10000,100000,32873,9913,0.013916016,unavailable,0,0,0,0,0,0,0,0,1,0,1
baseline,20,timed,local,305419896,10000,100000,33030,9920,0.021484375,unavailable,0,0,0,0,0,0,0,0,1,0,1
baseline,20,timed,local,305419896,10000,100000,38571,9919,0.018310547,unavailable,0,0,0,0,0,0,0,0,1,0,1
baseline,20,timed,local,305419896,10000,100000,38899,9926,0.014892578,unavailable,0,0,0,0,0,0,0,0,1,0,1
baseline,20,timed,local,305419896,10000,100000,40113,9909,0.020996094,unavailable,0,0,0,0,0,0,0,0,1,0,1
baseline,20,timed,local,305419896,10000,100000,42170,9921,0.022949219,unavailable,0,0,0,0,0,0,0,0,1,0,1
baseline,20,timed,local,305419896,10000,100000,42192,9923,0.012451172,unavailable,0,0,0,0,0,0,0,0,1,0,1
baseline,20,timed,local,305419896,10000,100000,43513,9916,0.019775391,unavailable,0,0,0,0,0,0,0,0,1,0,1
baseline,20,timed,local,305419896,10000,100000,43957,9917,0.030273438,unavailable,0,0,0,0,0,0,0,0,2,0,1
baseline,20,timed,local,305419896,10000,100000,43994,9917,0.012695312,unavailable,0,0,0,0,0,0,0,0,3,0,1
baseline,20,timed,local,305419896,10000,100000,44019,9917,0.012695312,unavailable,0,0,0,0,0,0,0,0,1,0,1
baseline,20,timed,local,305419896,10000,100000,44027,9918,0.094238281,unavailable,0,0,0,0,0,0,0,0,6,0,1
baseline,20,timed,local,305419896,10000,100000,44220,9914,0.029296875,unavailable,0,0,0,0,0,0,0,0,3,0,1
baseline,20,timed,local,305419896,10000,100000,46763,9907,0.016357422,unavailable,0,0,0,0,0,0,0,0,5,0,1
baseline,20,timed,local,305419896,10000,100000,54043,9916,0.012207031,unavailable,0,0,0,0,0,0,0,0,1,0,1
baseline,20,timed,local,305419896,10000,100000,90983,9807,0.028320312,unavailable,0,0,0,0,0,0,0,0,1,0,1
baseline,20,timed,local,305419896,10000,100000,91119,9808,0.044677734,unavailable,0,0,0,0,0,0,0,0,2,0,1
baseline,20,diagnostic,local,305419896,10000,100000,70,10003,0.034179688,direct,0,0,0,0,0,13,0,13,2,0,1
baseline,20,diagnostic,local,305419896,10000,100000,3834,9990,0.016845703,direct,0,0,0,0,0,13,0,13,1,0,1
baseline,20,diagnostic,local,305419896,10000,100000,3917,9997,0.008544922,direct,0,0,0,0,0,13,1,13,2,0,1
baseline,20,diagnostic,local,305419896,10000,100000,3925,9998,0.010498047,direct,0,0,0,0,0,14,2,14,4,0,1
baseline,20,diagnostic,local,305419896,10000,100000,4178,10009,0.010742188,direct,0,0,0,0,0,13,2,13,2,0,1
baseline,20,diagnostic,local,305419896,10000,100000,6647,9988,0.029052734,direct,0,0,0,0,0,14,0,14,2,0,1
baseline,20,diagnostic,local,305419896,10000,100000,11920,9987,0.007080078,local,8,8,1,0,9,13,0,13,1,0,3
baseline,20,diagnostic,local,305419896,10000,100000,17560,9959,0.006347656,local,8,8,1,0,9,13,0,13,1,0,2
baseline,20,diagnostic,local,305419896,10000,100000,24836,9953,0.004882812,local,8,8,1,0,9,14,1,14,1,0,2
baseline,20,diagnostic,local,305419896,10000,100000,26502,9929,0.004882812,local,8,8,1,0,9,14,1,14,1,0,2
baseline,20,diagnostic,local,305419896,10000,100000,34775,9911,0.094726562,direct,0,0,0,0,0,14,0,14,1,0,1
baseline,20,diagnostic,local,305419896,10000,100000,40045,9912,0.007568359,local,16,24,1,1,26,13,0,13,1,0,3
baseline,20,diagnostic,local,305419896,10000,100000,42889,9911,0.28515625,direct,0,0,0,0,0,13,0,13,1,0,1
baseline,20,diagnostic,local,305419896,10000,100000,45521,9916,0.0078125,local,16,24,1,1,26,14,1,14,1,0,3
baseline,20,diagnostic,local,305419896,10000,100000,48247,9918,0.004638672,local,8,8,1,0,9,13,0,13,4,0,2
baseline,20,diagnostic,local,305419896,10000,100000,50863,9954,0.02734375,direct,0,0,0,0,0,14,1,14,4,0,1
baseline,20,diagnostic,local,305419896,10000,100000,52938,9933,0.004882812,local,8,8,1,0,9,13,0,13,1,0,2
baseline,20,diagnostic,local,305419896,10000,100000,54043,9916,0.011962891,local,32,56,1,2,59,14,0,14,1,0,3
baseline,20,diagnostic,local,305419896,10000,100000,54775,9910,0.006103516,local,16,24,1,1,26,13,1,13,1,0,2
baseline,20,diagnostic,local,305419896,10000,100000,63852,9887,0.006591797,local,16,24,1,1,26,14,1,14,1,0,3
baseline,20,diagnostic,local,305419896,10000,100000,63895,9882,0.006347656,local,16,24,1,1,26,14,0,14,1,0,2
baseline,20,diagnostic,local,305419896,10000,100000,65220,9893,0.009277344,local,16,24,1,1,26,15,0,15,1,0,3
baseline,20,diagnostic,local,305419896,10000,100000,66210,9900,0.004638672,local,8,8,1,0,9,13,0,13,1,0,2
baseline,20,diagnostic,local,305419896,10000,100000,68311,9875,0.016113281,direct,0,0,0,0,0,14,2,14,3,0,1
baseline,20,diagnostic,local,305419896,10000,100000,74984,9852,0.007568359,local,16,24,1,1,26,12,0,12,1,0,3
baseline,20,diagnostic,local,305419896,10000,100000,76637,9830,0.007324219,local,16,24,1,1,26,13,0,13,1,0,3
baseline,20,diagnostic,local,305419896,10000,100000,77539,9828,0.006347656,local,16,24,1,1,26,14,1,14,1,0,2
baseline,20,diagnostic,local,305419896,10000,100000,83214,9848,0.008789062,local,16,24,1,1,26,14,0,14,1,0,3
baseline,20,diagnostic,local,305419896,10000,100000,86606,9815,0.013427734,local,16,24,1,1,26,15,1,15,1,0,3
baseline,20,diagnostic,local,305419896,10000,100000,87692,9808,0.005615234,local,16,24,1,1,26,13,0,13,1,0,2
baseline,20,diagnostic,local,305419896,10000,100000,89686,9828,0.006835938,local,16,24,1,1,26,14,0,14,1,0,3
baseline,20,diagnostic,local,305419896,10000,100000,92024,9778,0.006103516,local,16,24,1,1,26,14,1,14,1,0,2
baseline,20,diagnostic,local,305419896,10000,100000,94390,9798,0.009033203,local,16,24,1,1,26,15,2,15,1,0,3
baseline,20,diagnostic,local,305419896,10000,100000,96786,9801,0.025146484,direct,0,0,0,0,0,15,1,15,3,0,1
baseline,20,diagnostic,local,305419896,10000,100000,98770,9829,0.009033203,local,16,24,1,1,26,15,2,15,1,0,3
baseline,20,diagnostic,local,305419896,10000,100000,99070,9828,0.006835938,local,16,24,1,1,26,15,1,15,1,0,3
open_dense,20,timed,local,305419896,10000,100000,9144,9964,0.014160156,unavailable,0,0,0,0,0,0,0,0,1,0,1
open_dense,20,timed,local,305419896,10000,100000,9187,9965,0.016845703,unavailable,0,0,0,0,0,0,0,0,1,0,1
open_dense,20,timed,local,305419896,10000,100000,9230,9960,0.018310547,unavailable,0,0,0,0,0,0,0,0,4,0,1
open_dense,20,timed,local,305419896,10000,100000,10622,9976,0.007324219,unavailable,0,0,0,0,0,0,0,0,3,0,1
open_dense,20,timed,local,305419896,10000,100000,11920,9987,0.006347656,unavailable,0,0,0,0,0,0,0,0,1,0,1
open_dense,20,timed,local,305419896,10000,100000,15335,9960,0.006347656,unavailable,0,0,0,0,0,0,0,0,5,0,1
open_dense,20,timed,local,305419896,10000,100000,35671,9914,0.010498047,unavailable,0,0,0,0,0,0,0,0,1,0,1
open_dense,20,timed,local,305419896,10000,100000,35703,9912,0.006591797,unavailable,0,0,0,0,0,0,0,0,1,0,1
open_dense,20,timed,local,305419896,10000,100000,40045,9912,0.006835938,unavailable,0,0,0,0,0,0,0,0,1,0,1
open_dense,20,timed,local,305419896,10000,100000,45352,9916,0.006103516,unavailable,0,0,0,0,0,0,0,0,4,0,1
open_dense,20,timed,local,305419896,10000,100000,45521,9916,0.006591797,unavailable,0,0,0,0,0,0,0,0,1,0,1
open_dense,20,timed,local,305419896,10000,100000,48410,9930,0.009521484,unavailable,0,0,0,0,0,0,0,0,5,0,1
open_dense,20,timed,local,305419896,10000,100000,54043,9916,0.011474609,unavailable,0,0,0,0,0,0,0,0,1,0,1
open_dense,20,timed,local,305419896,10000,100000,54775,9910,0.006103516,unavailable,0,0,0,0,0,0,0,0,1,0,1
open_dense,20,timed,local,305419896,10000,100000,61104,9893,0.006347656,unavailable,0,0,0,0,0,0,0,0,2,0,1
open_dense,20,timed,local,305419896,10000,100000,63852,9887,0.006591797,unavailable,0,0,0,0,0,0,0,0,1,0,1
open_dense,20,timed,local,305419896,10000,100000,63895,9882,0.006103516,unavailable,0,0,0,0,0,0,0,0,1,0,1
open_dense,20,timed,local,305419896,10000,100000,65220,9893,0.008544922,unavailable,0,0,0,0,0,0,0,0,1,0,1
open_dense,20,timed,local,305419896,10000,100000,74984,9852,0.007080078,unavailable,0,0,0,0,0,0,0,0,1,0,1
open_dense,20,timed,local,305419896,10000,100000,76637,9830,0.006591797,unavailable,0,0,0,0,0,0,0,0,1,0,1
open_dense,20,timed,local,305419896,10000,100000,83214,9848,0.0078125,unavailable,0,0,0,0,0,0,0,0,1,0,1
open_dense,20,timed,local,305419896,10000,100000,86606,9815,0.009521484,unavailable,0,0,0,0,0,0,0,0,1,0,1
open_dense,20,timed,local,305419896,10000,100000,94390,9798,0.007568359,unavailable,0,0,0,0,0,0,0,0,1,0,1
open_dense,20,timed,local,305419896,10000,100000,98770,9829,0.008544922,unavailable,0,0,0,0,0,0,0,0,1,0,1
open_dense,20,timed,local,305419896,10000,100000,99070,9828,0.006347656,unavailable,0,0,0,0,0,0,0,0,1,0,1
open_dense,20,diagnostic,local,305419896,10000,100000,6648,9988,0.038818359,direct,0,0,0,0,0,13,0,13,3,0,1
open_dense,20,diagnostic,local,305419896,10000,100000,8465,9977,0.039794922,direct,0,0,0,0,0,14,2,14,4,0,1
open_dense,20,diagnostic,local,305419896,10000,100000,8485,9978,0.120117188,direct,0,0,0,0,0,15,1,15,2,0,1
open_dense,20,diagnostic,local,305419896,10000,100000,11072,9980,0.031738281,direct,0,0,0,0,0,13,0,13,3,0,1
open_dense,20,diagnostic,local,305419896,10000,100000,11920,9987,0.045898438,local,8,8,1,0,9,13,0,13,1,0,3
open_dense,20,diagnostic,local,305419896,10000,100000,15585,9961,0.005615234,local,8,8,1,0,9,13,0,13,1,0,2
open_dense,20,diagnostic,local,305419896,10000,100000,19543,9951,0.052978516,direct,0,0,0,0,0,13,1,13,1,0,1
open_dense,20,diagnostic,local,305419896,10000,100000,24836,9953,0.019775391,local,8,8,1,0,9,14,1,14,1,0,3
open_dense,20,diagnostic,local,305419896,10000,100000,28159,9919,0.006347656,local,8,8,1,0,9,14,0,14,1,0,2
open_dense,20,diagnostic,local,305419896,10000,100000,30431,9909,0.009765625,local,8,8,1,0,9,14,0,14,1,0,3
open_dense,20,diagnostic,local,305419896,10000,100000,30597,9906,0.006591797,local,8,8,1,0,9,13,0,13,1,0,2
open_dense,20,diagnostic,local,305419896,10000,100000,33421,9910,0.0234375,direct,0,0,0,0,0,14,1,14,2,0,1
open_dense,20,diagnostic,local,305419896,10000,100000,40045,9912,0.0078125,local,16,24,1,1,26,13,0,13,1,0,2
open_dense,20,diagnostic,local,305419896,10000,100000,41464,9906,0.034667969,direct,0,0,0,0,0,15,0,15,2,0,1
open_dense,20,diagnostic,local,305419896,10000,100000,45521,9916,0.0078125,local,16,24,1,1,26,14,1,14,1,0,3
open_dense,20,diagnostic,local,305419896,10000,100000,53487,9919,0.026123047,direct,0,0,0,0,0,14,2,14,1,0,1
open_dense,20,diagnostic,local,305419896,10000,100000,54043,9916,0.013671875,local,32,56,1,2,59,14,0,14,1,0,3
open_dense,20,diagnostic,local,305419896,10000,100000,54296,9913,0.011962891,direct,0,0,0,0,0,12,0,12,1,0,1
open_dense,20,diagnostic,local,305419896,10000,100000,54775,9910,0.0078125,local,16,24,1,1,26,13,1,13,1,0,3
open_dense,20,diagnostic,local,305419896,10000,100000,58004,9918,0.278808594,direct,0,0,0,0,0,13,2,13,3,0,1
open_dense,20,diagnostic,local,305419896,10000,100000,63852,9887,0.007324219,local,16,24,1,1,26,14,1,14,1,0,2
open_dense,20,diagnostic,local,305419896,10000,100000,63874,9884,0.005371094,local,8,8,1,0,9,14,0,14,1,0,2
open_dense,20,diagnostic,local,305419896,10000,100000,63895,9882,0.006835938,local,16,24,1,1,26,14,0,14,1,0,2
open_dense,20,diagnostic,local,305419896,10000,100000,65220,9893,0.010009766,local,16,24,1,1,26,15,0,15,1,0,3
open_dense,20,diagnostic,local,305419896,10000,100000,74984,9852,0.008056641,local,16,24,1,1,26,12,0,12,1,0,3
open_dense,20,diagnostic,local,305419896,10000,100000,76637,9830,0.007324219,local,16,24,1,1,26,13,0,13,1,0,2
open_dense,20,diagnostic,local,305419896,10000,100000,77065,9818,0.020507812,direct,0,0,0,0,0,12,1,12,3,0,1
open_dense,20,diagnostic,local,305419896,10000,100000,77539,9828,0.007080078,local,16,24,1,1,26,14,1,14,1,0,2
open_dense,20,diagnostic,local,305419896,10000,100000,79884,9835,0.015869141,direct,0,0,0,0,0,13,0,13,2,0,1
open_dense,20,diagnostic,local,305419896,10000,100000,83214,9848,0.009277344,local,16,24,1,1,26,14,0,14,1,0,3
open_dense,20,diagnostic,local,305419896,10000,100000,86606,9815,0.010253906,local,16,24,1,1,26,15,1,15,1,0,3
open_dense,20,diagnostic,local,305419896,10000,100000,87692,9808,0.006103516,local,16,24,1,1,26,13,0,13,1,0,2
open_dense,20,diagnostic,local,305419896,10000,100000,89686,9828,0.006835938,local,16,24,1,1,26,14,0,14,1,0,2
open_dense,20,diagnostic,local,305419896,10000,100000,92024,9778,0.006103516,local,16,24,1,1,26,14,1,14,1,0,2
open_dense,20,diagnostic,local,305419896,10000,100000,94390,9798,0.008544922,local,16,24,1,1,26,15,2,15,1,0,3
open_dense,20,diagnostic,local,305419896,10000,100000,98770,9829,0.009277344,local,16,24,1,1,26,15,2,15,1,0,3
open_dense,20,diagnostic,local,305419896,10000,100000,99070,9828,0.0078125,local,16,24,1,1,26,15,1,15,1,0,3
baseline,21,timed,local,2654435769,10000,100000,2241,10011,0.016601562,unavailable,0,0,0,0,0,0,0,0,1,0,1
baseline,21,timed,local,2654435769,10000,100000,9847,10068,0.017333984,unavailable,0,0,0,0,0,0,0,0,1,0,1
baseline,21,timed,local,2654435769,10000,100000,9848,10068,0.006591797,unavailable,0,0,0,0,0,0,0,0,3,0,1
baseline,21,timed,local,2654435769,10000,100000,9899,10068,0.015625,unavailable,0,0,0,0,0,0,0,0,1,0,1
baseline,21,timed,local,2654435769,10000,100000,10552,10063,0.007568359,unavailable,0,0,0,0,0,0,0,0,2,0,1
baseline,21,timed,local,2654435769,10000,100000,21879,10053,0.023925781,unavailable,0,0,0,0,0,0,0,0,2,0,1
baseline,21,timed,local,2654435769,10000,100000,26891,10092,0.007568359,unavailable,0,0,0,0,0,0,0,0,1,0,1
baseline,21,timed,local,2654435769,10000,100000,37585,10090,0.017578125,unavailable,0,0,0,0,0,0,0,0,1,0,1
baseline,21,timed,local,2654435769,10000,100000,37760,10092,0.211669922,unavailable,0,0,0,0,0,0,0,0,3,0,1
baseline,21,timed,local,2654435769,10000,100000,37784,10092,0.006591797,unavailable,0,0,0,0,0,0,0,0,1,0,1
baseline,21,timed,local,2654435769,10000,100000,46581,10028,0.03125,unavailable,0,0,0,0,0,0,0,0,1,0,1
baseline,21,timed,local,2654435769,10000,100000,49757,10044,0.0078125,unavailable,0,0,0,0,0,0,0,0,1,0,1
baseline,21,timed,local,2654435769,10000,100000,56297,9997,0.022705078,unavailable,0,0,0,0,0,0,0,0,4,0,1
baseline,21,timed,local,2654435769,10000,100000,61697,10015,0.007080078,unavailable,0,0,0,0,0,0,0,0,1,0,1
baseline,21,timed,local,2654435769,10000,100000,61987,10018,0.017333984,unavailable,0,0,0,0,0,0,0,0,3,0,1
baseline,21,timed,local,2654435769,10000,100000,62164,10007,0.205078125,unavailable,0,0,0,0,0,0,0,0,2,0,1
baseline,21,timed,local,2654435769,10000,100000,70049,9943,0.022216797,unavailable,0,0,0,0,0,0,0,0,1,0,1
baseline,21,timed,local,2654435769,10000,100000,70097,9940,0.0078125,unavailable,0,0,0,0,0,0,0,0,1,0,1
baseline,21,timed,local,2654435769,10000,100000,75985,9928,0.007568359,unavailable,0,0,0,0,0,0,0,0,1,0,1
baseline,21,timed,local,2654435769,10000,100000,82128,9958,0.006835938,unavailable,0,0,0,0,0,0,0,0,1,0,1
baseline,21,timed,local,2654435769,10000,100000,82583,9953,0.018066406,unavailable,0,0,0,0,0,0,0,0,1,0,1
baseline,21,timed,local,2654435769,10000,100000,83069,9969,0.012695312,unavailable,0,0,0,0,0,0,0,0,1,0,1
baseline,21,timed,local,2654435769,10000,100000,85744,10006,0.007568359,unavailable,0,0,0,0,0,0,0,0,1,0,1
baseline,21,timed,local,2654435769,10000,100000,90405,10019,0.010498047,unavailable,0,0,0,0,0,0,0,0,1,0,1
baseline,21,timed,local,2654435769,10000,100000,94631,9999,0.021972656,unavailable,0,0,0,0,0,0,0,0,2,0,1
baseline,21,diagnostic,local,2654435769,10000,100000,194,10002,0.009277344,direct,0,0,0,0,0,14,2,14,2,0,1
baseline,21,diagnostic,local,2654435769,10000,100000,6090,10038,0.025878906,direct,0,0,0,0,0,12,0,12,3,0,1
baseline,21,diagnostic,local,2654435769,10000,100000,11360,10058,0.008789062,local,8,8,1,0,9,14,1,14,1,0,3
baseline,21,diagnostic,local,2654435769,10000,100000,13775,10068,0.045898438,direct,0,0,0,0,0,12,0,12,2,0,1
baseline,21,diagnostic,local,2654435769,10000,100000,20149,10064,0.044677734,direct,0,0,0,0,0,13,0,13,1,0,1
baseline,21,diagnostic,local,2654435769,10000,100000,26891,10092,0.006347656,local,16,24,1,1,26,14,2,14,1,0,2
baseline,21,diagnostic,local,2654435769,10000,100000,34167,10101,0.006591797,local,16,24,1,1,26,14,1,14,1,0,2
baseline,21,diagnostic,local,2654435769,10000,100000,37302,10095,0.005859375,local,16,24,1,1,26,13,0,13,1,0,2
baseline,21,diagnostic,local,2654435769,10000,100000,37394,10093,0.272216797,direct,0,0,0,0,0,12,0,12,1,0,1
baseline,21,diagnostic,local,2654435769,10000,100000,37784,10092,0.007568359,local,16,24,1,1,26,14,0,14,1,0,3
baseline,21,diagnostic,local,2654435769,10000,100000,41792,10051,0.006835938,local,16,24,1,1,26,14,0,14,1,0,2
baseline,21,diagnostic,local,2654435769,10000,100000,43571,10020,0.012451172,direct,0,0,0,0,0,16,2,16,2,0,1
baseline,21,diagnostic,local,2654435769,10000,100000,46755,10019,0.010253906,direct,0,0,0,0,0,15,0,15,2,0,1
baseline,21,diagnostic,local,2654435769,10000,100000,49757,10044,0.008544922,local,16,24,1,1,26,14,0,14,1,0,3
baseline,21,diagnostic,local,2654435769,10000,100000,50244,10036,0.006347656,local,16,24,1,1,26,14,1,14,1,0,2
baseline,21,diagnostic,local,2654435769,10000,100000,56904,10007,0.020263672,direct,0,0,0,0,0,12,0,12,1,0,1
baseline,21,diagnostic,local,2654435769,10000,100000,59467,10033,0.017333984,direct,0,0,0,0,0,11,0,11,3,0,1
baseline,21,diagnostic,local,2654435769,10000,100000,61488,10020,0.006347656,local,16,24,1,1,26,13,0,13,1,0,2
baseline,21,diagnostic,local,2654435769,10000,100000,61697,10015,0.007324219,local,16,24,1,1,26,15,2,15,1,0,2
baseline,21,diagnostic,local,2654435769,10000,100000,63871,9986,0.005615234,local,16,24,1,1,26,14,2,14,1,0,2
baseline,21,diagnostic,local,2654435769,10000,100000,70097,9940,0.008789062,local,16,24,1,1,26,14,2,14,1,0,3
baseline,21,diagnostic,local,2654435769,10000,100000,73754,9932,0.005859375,local,16,24,1,1,26,15,0,15,1,0,2
baseline,21,diagnostic,local,2654435769,10000,100000,75985,9928,0.007324219,local,16,24,1,1,26,15,1,15,1,0,3
baseline,21,diagnostic,local,2654435769,10000,100000,78412,9936,0.009521484,local,8,8,1,0,9,12,0,12,1,0,3
baseline,21,diagnostic,local,2654435769,10000,100000,82128,9958,0.006591797,local,16,24,1,1,26,15,2,15,1,0,2
baseline,21,diagnostic,local,2654435769,10000,100000,83069,9969,0.014160156,local,32,56,1,2,59,12,0,12,1,0,3
baseline,21,diagnostic,local,2654435769,10000,100000,83915,9988,0.006103516,local,16,24,1,1,26,13,0,13,1,0,2
baseline,21,diagnostic,local,2654435769,10000,100000,85744,10006,0.0078125,local,16,24,1,1,26,13,0,13,1,0,3
baseline,21,diagnostic,local,2654435769,10000,100000,88150,10005,0.008300781,direct,0,0,0,0,0,15,2,15,2,0,1
baseline,21,diagnostic,local,2654435769,10000,100000,88501,9998,0.010253906,local,8,8,1,0,9,12,0,12,1,0,3
baseline,21,diagnostic,local,2654435769,10000,100000,88586,9991,0.008056641,direct,0,0,0,0,0,14,1,14,3,0,1
baseline,21,diagnostic,local,2654435769,10000,100000,88674,9990,0.008300781,direct,0,0,0,0,0,13,0,13,1,0,1
baseline,21,diagnostic,local,2654435769,10000,100000,88790,9994,0.01171875,direct,0,0,0,0,0,14,1,14,2,0,1
baseline,21,diagnostic,local,2654435769,10000,100000,90405,10019,0.0078125,local,16,24,1,1,26,15,0,15,1,0,3
baseline,21,diagnostic,local,2654435769,10000,100000,92013,10025,0.013671875,direct,0,0,0,0,0,14,0,14,2,0,1
baseline,21,diagnostic,local,2654435769,10000,100000,93409,10014,0.006591797,local,16,24,1,1,26,15,2,15,1,0,2
baseline,21,diagnostic,local,2654435769,10000,100000,95545,9992,0.006835938,local,16,24,1,1,26,16,2,16,1,0,2
baseline,21,diagnostic,local,2654435769,10000,100000,95880,9994,0.005615234,local,16,24,1,1,26,12,0,12,1,0,2
baseline,21,diagnostic,local,2654435769,10000,100000,99316,10008,0.007568359,local,16,24,1,1,26,13,0,13,1,0,3
open_dense,21,timed,local,2654435769,10000,100000,2325,10010,0.028076172,unavailable,0,0,0,0,0,0,0,0,2,0,1
open_dense,21,timed,local,2654435769,10000,100000,9635,10064,0.0078125,unavailable,0,0,0,0,0,0,0,0,1,0,1
open_dense,21,timed,local,2654435769,10000,100000,20002,10068,0.008789062,unavailable,0,0,0,0,0,0,0,0,3,0,1
open_dense,21,timed,local,2654435769,10000,100000,21909,10050,0.039550781,unavailable,0,0,0,0,0,0,0,0,1,0,1
open_dense,21,timed,local,2654435769,10000,100000,23789,10075,0.321289062,unavailable,0,0,0,0,0,0,0,0,5,0,1
open_dense,21,timed,local,2654435769,10000,100000,31176,10116,0.043457031,unavailable,0,0,0,0,0,0,0,0,4,0,1
open_dense,21,timed,local,2654435769,10000,100000,48407,10028,0.255371094,unavailable,0,0,0,0,0,0,0,0,2,0,1
open_dense,21,timed,local,2654435769,10000,100000,49757,10044,0.007568359,unavailable,0,0,0,0,0,0,0,0,1,0,1
open_dense,21,timed,local,2654435769,10000,100000,61697,10015,0.007080078,unavailable,0,0,0,0,0,0,0,0,1,0,1
open_dense,21,timed,local,2654435769,10000,100000,67896,9982,0.018798828,unavailable,0,0,0,0,0,0,0,0,4,0,1
open_dense,21,timed,local,2654435769,10000,100000,68931,9974,0.022216797,unavailable,0,0,0,0,0,0,0,0,5,0,1
open_dense,21,timed,local,2654435769,10000,100000,69020,9966,0.009521484,unavailable,0,0,0,0,0,0,0,0,1,0,1
open_dense,21,timed,local,2654435769,10000,100000,70097,9940,0.0078125,unavailable,0,0,0,0,0,0,0,0,1,0,1
open_dense,21,timed,local,2654435769,10000,100000,71118,9938,0.016113281,unavailable,0,0,0,0,0,0,0,0,6,0,1
open_dense,21,timed,local,2654435769,10000,100000,71295,9933,0.260498047,unavailable,0,0,0,0,0,0,0,0,6,0,1
open_dense,21,timed,local,2654435769,10000,100000,75985,9928,0.0078125,unavailable,0,0,0,0,0,0,0,0,1,0,1
open_dense,21,timed,local,2654435769,10000,100000,79831,9939,0.019775391,unavailable,0,0,0,0,0,0,0,0,1,0,1
open_dense,21,timed,local,2654435769,10000,100000,82128,9958,0.008789062,unavailable,0,0,0,0,0,0,0,0,1,0,1
open_dense,21,timed,local,2654435769,10000,100000,83069,9969,0.012939453,unavailable,0,0,0,0,0,0,0,0,1,0,1
open_dense,21,timed,local,2654435769,10000,100000,85744,10006,0.007568359,unavailable,0,0,0,0,0,0,0,0,1,0,1
open_dense,21,timed,local,2654435769,10000,100000,92040,10024,0.007080078,unavailable,0,0,0,0,0,0,0,0,1,0,1
open_dense,21,timed,local,2654435769,10000,100000,93150,10000,0.019775391,unavailable,0,0,0,0,0,0,0,0,1,0,1
open_dense,21,timed,local,2654435769,10000,100000,93151,10000,0.0078125,unavailable,0,0,0,0,0,0,0,0,2,0,1
open_dense,21,timed,local,2654435769,10000,100000,93409,10014,0.008300781,unavailable,0,0,0,0,0,0,0,0,1,0,1
open_dense,21,timed,local,2654435769,10000,100000,93824,10003,0.011230469,unavailable,0,0,0,0,0,0,0,0,1,0,1
open_dense,21,diagnostic,local,2654435769,10000,100000,760,9996,0.033691406,direct,0,0,0,0,0,14,0,14,2,0,1
open_dense,21,diagnostic,local,2654435769,10000,100000,1696,10000,0.057861328,direct,0,0,0,0,0,13,0,13,2,0,1
open_dense,21,diagnostic,local,2654435769,10000,100000,6092,10038,0.053466797,direct,0,0,0,0,0,13,0,13,3,0,1
open_dense,21,diagnostic,local,2654435769,10000,100000,7876,10058,0.059814453,direct,0,0,0,0,0,14,0,14,2,0,1
open_dense,21,diagnostic,local,2654435769,10000,100000,7880,10058,0.027099609,direct,0,0,0,0,0,13,1,13,3,0,1
open_dense,21,diagnostic,local,2654435769,10000,100000,8513,10064,0.007324219,local,8,8,1,0,9,14,1,14,1,0,2
open_dense,21,diagnostic,local,2654435769,10000,100000,8663,10064,0.061767578,direct,0,0,0,0,0,14,0,14,3,0,1
open_dense,21,diagnostic,local,2654435769,10000,100000,8817,10060,0.212890625,direct,0,0,0,0,0,13,0,13,1,0,1
open_dense,21,diagnostic,local,2654435769,10000,100000,13292,10047,0.058837891,direct,0,0,0,0,0,15,1,15,3,0,1
open_dense,21,diagnostic,local,2654435769,10000,100000,16833,10081,0.059570312,direct,0,0,0,0,0,13,0,13,4,0,1
open_dense,21,diagnostic,local,2654435769,10000,100000,19995,10068,0.065429688,direct,0,0,0,0,0,13,0,13,3,0,1
open_dense,21,diagnostic,local,2654435769,10000,100000,21741,10061,0.064453125,direct,0,0,0,0,0,14,2,14,3,0,1
open_dense,21,diagnostic,local,2654435769,10000,100000,22457,10054,0.05078125,direct,0,0,0,0,0,13,0,13,1,0,1
open_dense,21,diagnostic,local,2654435769,10000,100000,22676,10057,0.020263672,direct,0,0,0,0,0,13,0,13,1,0,1
open_dense,21,diagnostic,local,2654435769,10000,100000,24984,10094,0.065185547,direct,0,0,0,0,0,14,0,14,1,0,1
open_dense,21,diagnostic,local,2654435769,10000,100000,25911,10089,0.020019531,direct,0,0,0,0,0,13,0,13,1,0,1
open_dense,21,diagnostic,local,2654435769,10000,100000,26891,10092,0.006835938,local,16,24,1,1,26,14,2,14,1,0,2
open_dense,21,diagnostic,local,2654435769,10000,100000,28427,10107,0.064697266,direct,0,0,0,0,0,12,0,12,1,0,1
open_dense,21,diagnostic,local,2654435769,10000,100000,29121,10122,0.054199219,direct,0,0,0,0,0,13,0,13,3,0,1
open_dense,21,diagnostic,local,2654435769,10000,100000,29328,10121,0.026367188,direct,0,0,0,0,0,12,0,12,1,0,1
open_dense,21,diagnostic,local,2654435769,10000,100000,29859,10116,0.024414062,direct,0,0,0,0,0,14,1,14,3,0,1
open_dense,21,diagnostic,local,2654435769,10000,100000,30686,10119,0.026367188,direct,0,0,0,0,0,14,2,14,1,0,1
open_dense,21,diagnostic,local,2654435769,10000,100000,32998,10095,0.065429688,direct,0,0,0,0,0,13,1,13,4,0,1
open_dense,21,diagnostic,local,2654435769,10000,100000,34167,10101,0.006835938,local,16,24,1,1,26,14,1,14,1,0,2
open_dense,21,diagnostic,local,2654435769,10000,100000,36025,10109,0.065429688,direct,0,0,0,0,0,12,0,12,2,0,1
open_dense,21,diagnostic,local,2654435769,10000,100000,36705,10103,0.05078125,direct,0,0,0,0,0,14,2,14,1,0,1
open_dense,21,diagnostic,local,2654435769,10000,100000,36910,10092,0.016601562,local,8,8,1,0,9,14,0,14,1,0,2
open_dense,21,diagnostic,local,2654435769,10000,100000,36923,10091,0.020507812,direct,0,0,0,0,0,15,1,15,2,0,1
open_dense,21,diagnostic,local,2654435769,10000,100000,37111,10094,0.016357422,local,8,8,1,0,9,15,0,15,1,0,2
open_dense,21,diagnostic,local,2654435769,10000,100000,37302,10095,0.006835938,local,16,24,1,1,26,13,0,13,1,0,2
open_dense,21,diagnostic,local,2654435769,10000,100000,37535,10097,0.042480469,direct,0,0,0,0,0,13,0,13,1,0,1
open_dense,21,diagnostic,local,2654435769,10000,100000,37784,10092,0.010742188,local,16,24,1,1,26,14,0,14,1,0,2
open_dense,21,diagnostic,local,2654435769,10000,100000,41792,10051,0.007324219,local,16,24,1,1,26,14,0,14,1,0,2
open_dense,21,diagnostic,local,2654435769,10000,100000,49757,10044,0.008789062,local,16,24,1,1,26,14,0,14,1,0,2
open_dense,21,diagnostic,local,2654435769,10000,100000,50244,10036,0.006835938,local,16,24,1,1,26,14,1,14,1,0,2
open_dense,21,diagnostic,local,2654435769,10000,100000,61488,10020,0.006835938,local,16,24,1,1,26,13,0,13,1,0,2
open_dense,21,diagnostic,local,2654435769,10000,100000,61697,10015,0.007324219,local,16,24,1,1,26,15,2,15,1,0,2
open_dense,21,diagnostic,local,2654435769,10000,100000,63871,9986,0.005859375,local,16,24,1,1,26,14,2,14,1,0,2
open_dense,21,diagnostic,local,2654435769,10000,100000,70097,9940,0.009033203,local,16,24,1,1,26,14,2,14,1,0,2
open_dense,21,diagnostic,local,2654435769,10000,100000,73754,9932,0.005859375,local,16,24,1,1,26,15,0,15,1,0,2
open_dense,21,diagnostic,local,2654435769,10000,100000,75985,9928,0.008056641,local,16,24,1,1,26,15,1,15,1,0,2
open_dense,21,diagnostic,local,2654435769,10000,100000,82128,9958,0.007324219,local,16,24,1,1,26,15,2,15,1,0,2
open_dense,21,diagnostic,local,2654435769,10000,100000,83069,9969,0.014160156,local,32,56,1,2,59,12,0,12,1,0,2
open_dense,21,diagnostic,local,2654435769,10000,100000,83915,9988,0.006347656,local,16,24,1,1,26,13,0,13,1,0,2
open_dense,21,diagnostic,local,2654435769,10000,100000,85744,10006,0.008300781,local,16,24,1,1,26,13,0,13,1,0,2
open_dense,21,diagnostic,local,2654435769,10000,100000,90405,10019,0.0078125,local,16,24,1,1,26,15,0,15,1,0,2
open_dense,21,diagnostic,local,2654435769,10000,100000,93409,10014,0.007080078,local,16,24,1,1,26,15,2,15,1,0,2
open_dense,21,diagnostic,local,2654435769,10000,100000,95545,9992,0.007568359,local,16,24,1,1,26,16,2,16,1,0,2
open_dense,21,diagnostic,local,2654435769,10000,100000,95880,9994,0.005859375,local,16,24,1,1,26,12,0,12,1,0,2
open_dense,21,diagnostic,local,2654435769,10000,100000,99316,10008,0.0078125,local,16,24,1,1,26,13,0,13,1,0,2
baseline,22,timed,local,826366246,10000,100000,9717,10029,0.060058594,unavailable,0,0,0,0,0,0,0,0,1,0,1
baseline,22,timed,local,826366246,10000,100000,11649,10020,0.058105469,unavailable,0,0,0,0,0,0,0,0,1,0,1
baseline,22,timed,local,826366246,10000,100000,15553,10050,0.057861328,unavailable,0,0,0,0,0,0,0,0,2,0,1
baseline,22,timed,local,826366246,10000,100000,21051,10095,0.089111328,unavailable,0,0,0,0,0,0,0,0,3,0,1
baseline,22,timed,local,826366246,10000,100000,24628,10108,0.064941406,unavailable,0,0,0,0,0,0,0,0,3,0,1
baseline,22,timed,local,826366246,10000,100000,28060,10104,0.064453125,unavailable,0,0,0,0,0,0,0,0,1,0,1
baseline,22,timed,local,826366246,10000,100000,28770,10099,0.050292969,unavailable,0,0,0,0,0,0,0,0,1,0,1
baseline,22,timed,local,826366246,10000,100000,28997,10097,0.046386719,unavailable,0,0,0,0,0,0,0,0,5,0,1
baseline,22,timed,local,826366246,10000,100000,30721,10078,0.050537109,unavailable,0,0,0,0,0,0,0,0,1,0,1
baseline,22,timed,local,826366246,10000,100000,33121,10064,0.065673828,unavailable,0,0,0,0,0,0,0,0,2,0,1
baseline,22,timed,local,826366246,10000,100000,36399,10056,0.06640625,unavailable,0,0,0,0,0,0,0,0,3,0,1
baseline,22,timed,local,826366246,10000,100000,37331,10040,0.048095703,unavailable,0,0,0,0,0,0,0,0,3,0,1
baseline,22,timed,local,826366246,10000,100000,39731,10051,0.065673828,unavailable,0,0,0,0,0,0,0,0,2,0,1
baseline,22,timed,local,826366246,10000,100000,42073,10016,0.050537109,unavailable,0,0,0,0,0,0,0,0,2,0,1
baseline,22,timed,local,826366246,10000,100000,45320,10044,0.070800781,unavailable,0,0,0,0,0,0,0,0,3,0,1
baseline,22,timed,local,826366246,10000,100000,47540,10061,0.066650391,unavailable,0,0,0,0,0,0,0,0,3,0,1
baseline,22,timed,local,826366246,10000,100000,52272,10045,0.058837891,unavailable,0,0,0,0,0,0,0,0,2,0,1
baseline,22,timed,local,826366246,10000,100000,59407,10073,0.253417969,unavailable,0,0,0,0,0,0,0,0,3,0,1
baseline,22,timed,local,826366246,10000,100000,60641,10060,0.045410156,unavailable,0,0,0,0,0,0,0,0,1,0,1
baseline,22,timed,local,826366246,10000,100000,66599,10016,0.046386719,unavailable,0,0,0,0,0,0,0,0,1,0,1
baseline,22,timed,local,826366246,10000,100000,84562,10008,0.059326172,unavailable,0,0,0,0,0,0,0,0,2,0,1
baseline,22,timed,local,826366246,10000,100000,87732,9955,0.05859375,unavailable,0,0,0,0,0,0,0,0,1,0,1
baseline,22,timed,local,826366246,10000,100000,92794,9927,0.058105469,unavailable,0,0,0,0,0,0,0,0,1,0,1
baseline,22,timed,local,826366246,10000,100000,96047,9987,0.057373047,unavailable,0,0,0,0,0,0,0,0,1,0,1
baseline,22,timed,local,826366246,10000,100000,99454,9956,0.058105469,unavailable,0,0,0,0,0,0,0,0,5,0,1
baseline,22,diagnostic,local,826366246,10000,100000,27742,10109,0.006347656,local,16,24,1,1,26,13,2,13,1,0,2
baseline,22,diagnostic,local,826366246,10000,100000,28748,10099,0.119140625,direct,0,0,0,0,0,13,0,13,2,0,1
baseline,22,diagnostic,local,826366246,10000,100000,35428,10071,0.065673828,direct,0,0,0,0,0,14,0,14,4,0,1
baseline,22,diagnostic,local,826366246,10000,100000,38546,10047,0.065185547,direct,0,0,0,0,0,13,0,13,3,0,1
baseline,22,diagnostic,local,826366246,10000,100000,39240,10051,0.05078125,direct,0,0,0,0,0,14,1,14,2,0,1
baseline,22,diagnostic,local,826366246,10000,100000,40235,10058,0.066650391,direct,0,0,0,0,0,12,0,12,3,0,1
baseline,22,diagnostic,local,826366246,10000,100000,43815,10021,0.006835938,local,16,24,1,1,26,13,0,13,1,0,2
baseline,22,diagnostic,local,826366246,10000,100000,46624,10041,0.007080078,local,16,24,1,1,26,13,0,13,1,0,2
baseline,22,diagnostic,local,826366246,10000,100000,46802,10048,0.065673828,direct,0,0,0,0,0,14,0,14,1,0,1
baseline,22,diagnostic,local,826366246,10000,100000,49773,10045,0.069091797,direct,0,0,0,0,0,14,1,14,2,0,1
baseline,22,diagnostic,local,826366246,10000,100000,51663,10048,0.051025391,direct,0,0,0,0,0,12,0,12,1,0,1
baseline,22,diagnostic,local,826366246,10000,100000,54087,10066,0.007324219,local,16,24,1,1,26,14,1,14,1,0,2
baseline,22,diagnostic,local,826366246,10000,100000,54177,10071,0.065917969,direct,0,0,0,0,0,13,0,13,4,0,1
baseline,22,diagnostic,local,826366246,10000,100000,54853,10063,0.05078125,direct,0,0,0,0,0,13,0,13,1,0,1
baseline,22,diagnostic,local,826366246,10000,100000,56867,10065,0.006347656,local,16,24,1,1,26,14,2,14,1,0,2
baseline,22,diagnostic,local,826366246,10000,100000,57284,10075,0.066162109,direct,0,0,0,0,0,12,0,12,2,0,1
baseline,22,diagnostic,local,826366246,10000,100000,57977,10069,0.05078125,direct,0,0,0,0,0,14,1,14,4,0,1
baseline,22,diagnostic,local,826366246,10000,100000,60655,10060,0.006591797,local,16,24,1,1,26,14,0,14,1,0,2
baseline,22,diagnostic,local,826366246,10000,100000,62019,10048,0.065429688,direct,0,0,0,0,0,14,0,14,1,0,1
baseline,22,diagnostic,local,826366246,10000,100000,62492,10048,0.006835938,local,16,24,1,1,26,15,2,15,1,0,2
baseline,22,diagnostic,local,826366246,10000,100000,62695,10057,0.051269531,direct,0,0,0,0,0,15,2,15,3,0,1
baseline,22,diagnostic,local,826366246,10000,100000,62980,10067,0.0078125,local,16,24,1,1,26,14,0,14,1,0,2
baseline,22,diagnostic,local,826366246,10000,100000,65418,10056,0.065429688,direct,0,0,0,0,0,13,0,13,1,0,1
baseline,22,diagnostic,local,826366246,10000,100000,69078,10050,0.051025391,direct,0,0,0,0,0,13,0,13,2,0,1
baseline,22,diagnostic,local,826366246,10000,100000,69756,10048,0.130615234,direct,0,0,0,0,0,13,0,13,3,0,1
baseline,22,diagnostic,local,826366246,10000,100000,70483,10027,0.051025391,direct,0,0,0,0,0,13,0,13,3,0,1
baseline,22,diagnostic,local,826366246,10000,100000,70630,10029,0.009033203,local,16,24,1,1,26,15,2,15,1,0,2
baseline,22,diagnostic,local,826366246,10000,100000,72598,10023,0.005859375,local,16,24,1,1,26,15,2,15,1,0,2
baseline,22,diagnostic,local,826366246,10000,100000,72694,10021,0.008300781,local,16,24,1,1,26,14,0,14,1,0,2
baseline,22,diagnostic,local,826366246,10000,100000,72908,10023,0.008056641,local,16,24,1,1,26,14,0,14,1,0,2
baseline,22,diagnostic,local,826366246,10000,100000,73105,10017,0.0078125,local,16,24,1,1,26,14,1,14,1,0,2
baseline,22,diagnostic,local,826366246,10000,100000,75636,10018,0.007568359,local,16,24,1,1,26,13,0,13,1,0,2
baseline,22,diagnostic,local,826366246,10000,100000,75771,10020,0.009277344,local,16,24,1,1,26,15,2,15,1,0,2
baseline,22,diagnostic,local,826366246,10000,100000,78475,10027,0.007568359,local,16,24,1,1,26,13,0,13,1,0,2
baseline,22,diagnostic,local,826366246,10000,100000,79023,10035,0.007324219,local,16,24,1,1,26,13,1,13,1,0,2
baseline,22,diagnostic,local,826366246,10000,100000,80232,10044,0.007080078,local,16,24,1,1,26,13,0,13,1,0,2
baseline,22,diagnostic,local,826366246,10000,100000,80886,10042,0.065429688,direct,0,0,0,0,0,14,2,14,2,0,1
baseline,22,diagnostic,local,826366246,10000,100000,81553,10043,0.357177734,direct,0,0,0,0,0,14,2,14,3,0,1
baseline,22,diagnostic,local,826366246,10000,100000,82234,10024,0.0078125,local,16,24,1,1,26,14,0,14,1,0,2
baseline,22,diagnostic,local,826366246,10000,100000,83103,10028,0.007080078,local,16,24,1,1,26,14,2,14,1,0,2
baseline,22,diagnostic,local,826366246,10000,100000,83978,10010,0.065917969,direct,0,0,0,0,0,14,2,14,5,0,1
baseline,22,diagnostic,local,826366246,10000,100000,86671,9958,0.007324219,local,16,24,1,1,26,13,0,13,1,0,2
baseline,22,diagnostic,local,826366246,10000,100000,87026,9964,0.064941406,direct,0,0,0,0,0,13,1,13,3,0,1
baseline,22,diagnostic,local,826366246,10000,100000,92285,9922,0.051025391,direct,0,0,0,0,0,15,1,15,5,0,1
baseline,22,diagnostic,local,826366246,10000,100000,94289,9959,0.006591797,local,16,24,1,1,26,13,2,13,1,0,2
baseline,22,diagnostic,local,826366246,10000,100000,95128,9966,0.052734375,local,8,8,1,0,9,13,0,13,1,0,1
baseline,22,diagnostic,local,826366246,10000,100000,97379,9982,0.006103516,local,16,24,1,1,26,14,1,14,1,0,2
baseline,22,diagnostic,local,826366246,10000,100000,97684,9985,0.064941406,direct,0,0,0,0,0,14,0,14,4,0,1
baseline,22,diagnostic,local,826366246,10000,100000,98908,9955,0.005859375,local,16,24,1,1,26,14,1,14,1,0,2
baseline,22,diagnostic,local,826366246,10000,100000,99710,9953,0.007568359,local,16,24,1,1,26,13,2,13,1,0,2
open_dense,22,timed,local,826366246,10000,100000,676,10005,0.037597656,unavailable,0,0,0,0,0,0,0,0,2,0,1
open_dense,22,timed,local,826366246,10000,100000,5326,10025,0.036621094,unavailable,0,0,0,0,0,0,0,0,2,0,1
open_dense,22,timed,local,826366246,10000,100000,9539,10029,0.036865234,unavailable,0,0,0,0,0,0,0,0,2,0,1
open_dense,22,timed,local,826366246,10000,100000,10236,10024,0.008544922,unavailable,0,0,0,0,0,0,0,0,3,0,1
open_dense,22,timed,local,826366246,10000,100000,11929,10023,0.046875,unavailable,0,0,0,0,0,0,0,0,3,0,1
open_dense,22,timed,local,826366246,10000,100000,15799,10062,0.041748047,unavailable,0,0,0,0,0,0,0,0,3,0,1
open_dense,22,timed,local,826366246,10000,100000,21373,10083,0.041015625,unavailable,0,0,0,0,0,0,0,0,6,0,1
open_dense,22,timed,local,826366246,10000,100000,28418,10107,0.046630859,unavailable,0,0,0,0,0,0,0,0,1,0,1
open_dense,22,timed,local,826366246,10000,100000,30231,10086,0.043701172,unavailable,0,0,0,0,0,0,0,0,1,0,1
open_dense,22,timed,local,826366246,10000,100000,42448,10011,0.042480469,unavailable,0,0,0,0,0,0,0,0,5,0,1
open_dense,22,timed,local,826366246,10000,100000,45860,10036,0.041015625,unavailable,0,0,0,0,0,0,0,0,2,0,1
open_dense,22,timed,local,826366246,10000,100000,49333,10050,0.041015625,unavailable,0,0,0,0,0,0,0,0,3,0,1
open_dense,22,timed,local,826366246,10000,100000,51066,10063,0.041503906,unavailable,0,0,0,0,0,0,0,0,3,0,1
open_dense,22,timed,local,826366246,10000,100000,54524,10063,0.040527344,unavailable,0,0,0,0,0,0,0,0,3,0,1
open_dense,22,timed,local,826366246,10000,100000,62980,10067,0.008056641,unavailable,0,0,0,0,0,0,0,0,1,0,1
open_dense,22,timed,local,826366246,10000,100000,63066,10063,0.040527344,unavailable,0,0,0,0,0,0,0,0,1,0,1
open_dense,22,timed,local,826366246,10000,100000,66365,10024,0.041015625,unavailable,0,0,0,0,0,0,0,0,1,0,1
open_dense,22,timed,local,826366246,10000,100000,69871,10046,0.040527344,unavailable,0,0,0,0,0,0,0,0,1,0,1
open_dense,22,timed,local,826366246,10000,100000,70630,10029,0.008056641,unavailable,0,0,0,0,0,0,0,0,1,0,1
open_dense,22,timed,local,826366246,10000,100000,72694,10021,0.008056641,unavailable,0,0,0,0,0,0,0,0,1,0,1
open_dense,22,timed,local,826366246,10000,100000,75771,10020,0.008300781,unavailable,0,0,0,0,0,0,0,0,1,0,1
open_dense,22,timed,local,826366246,10000,100000,83525,10027,0.040771484,unavailable,0,0,0,0,0,0,0,0,1,0,1
open_dense,22,timed,local,826366246,10000,100000,86837,9965,0.041015625,unavailable,0,0,0,0,0,0,0,0,2,0,1
open_dense,22,timed,local,826366246,10000,100000,95397,9966,0.040771484,unavailable,0,0,0,0,0,0,0,0,3,0,1
open_dense,22,timed,local,826366246,10000,100000,99710,9953,0.007568359,unavailable,0,0,0,0,0,0,0,0,1,0,1
open_dense,22,diagnostic,local,826366246,10000,100000,1,9999,0.01171875,direct,0,0,0,0,0,13,0,13,2,0,1
open_dense,22,diagnostic,local,826366246,10000,100000,6159,10018,0.028808594,direct,0,0,0,0,0,14,0,14,3,0,1
open_dense,22,diagnostic,local,826366246,10000,100000,10331,10020,0.010253906,local,8,8,1,0,9,14,2,14,1,0,1
open_dense,22,diagnostic,local,826366246,10000,100000,11238,10015,0.027832031,direct,0,0,0,0,0,12,0,12,1,0,1
open_dense,22,diagnostic,local,826366246,10000,100000,21009,10097,0.034667969,direct,0,0,0,0,0,13,0,13,4,0,1
open_dense,22,diagnostic,local,826366246,10000,100000,27742,10109,0.006835938,local,16,24,1,1,26,13,2,13,1,0,2
open_dense,22,diagnostic,local,826366246,10000,100000,33046,10068,0.024169922,direct,0,0,0,0,0,14,1,14,5,0,1
open_dense,22,diagnostic,local,826366246,10000,100000,37072,10042,0.012207031,direct,0,0,0,0,0,13,0,13,1,0,1
open_dense,22,diagnostic,local,826366246,10000,100000,37149,10042,0.011230469,direct,0,0,0,0,0,14,2,14,4,0,1
open_dense,22,diagnostic,local,826366246,10000,100000,37199,10043,0.012207031,direct,0,0,0,0,0,13,0,13,1,0,1
open_dense,22,diagnostic,local,826366246,10000,100000,37600,10040,0.204833984,direct,0,0,0,0,0,14,0,14,4,0,1
open_dense,22,diagnostic,local,826366246,10000,100000,43815,10021,0.008544922,local,16,24,1,1,26,13,0,13,1,0,2
open_dense,22,diagnostic,local,826366246,10000,100000,45572,10037,0.013916016,local,8,8,1,0,9,14,2,14,1,0,1
open_dense,22,diagnostic,local,826366246,10000,100000,46583,10044,0.016113281,local,8,8,1,0,9,13,0,13,1,0,1
open_dense,22,diagnostic,local,826366246,10000,100000,46624,10041,0.014648438,local,16,24,1,1,26,13,0,13,1,0,3
open_dense,22,diagnostic,local,826366246,10000,100000,52155,10041,0.076904297,direct,0,0,0,0,0,13,2,13,1,0,1
open_dense,22,diagnostic,local,826366246,10000,100000,54087,10066,0.008544922,local,16,24,1,1,26,14,1,14,1,0,2
open_dense,22,diagnostic,local,826366246,10000,100000,55125,10072,0.037109375,direct,0,0,0,0,0,12,0,12,2,0,1
open_dense,22,diagnostic,local,826366246,10000,100000,56018,10072,0.210693359,direct,0,0,0,0,0,14,0,14,5,0,1
open_dense,22,diagnostic,local,826366246,10000,100000,60655,10060,0.0078125,local,16,24,1,1,26,14,0,14,1,0,2
open_dense,22,diagnostic,local,826366246,10000,100000,62492,10048,0.007324219,local,16,24,1,1,26,15,2,15,1,0,2
open_dense,22,diagnostic,local,826366246,10000,100000,62980,10067,0.008789062,local,16,24,1,1,26,14,0,14,1,0,2
open_dense,22,diagnostic,local,826366246,10000,100000,63431,10052,0.035888672,direct,0,0,0,0,0,14,1,14,3,0,1
open_dense,22,diagnostic,local,826366246,10000,100000,70630,10029,0.009765625,local,16,24,1,1,26,15,2,15,1,0,2
open_dense,22,diagnostic,local,826366246,10000,100000,72598,10023,0.006347656,local,16,24,1,1,26,15,2,15,1,0,2
open_dense,22,diagnostic,local,826366246,10000,100000,72694,10021,0.008789062,local,16,24,1,1,26,14,0,14,1,0,2
open_dense,22,diagnostic,local,826366246,10000,100000,72908,10023,0.008300781,local,16,24,1,1,26,14,0,14,1,0,2
open_dense,22,diagnostic,local,826366246,10000,100000,73105,10017,0.008300781,local,16,24,1,1,26,14,1,14,1,0,2
open_dense,22,diagnostic,local,826366246,10000,100000,74078,10003,0.01953125,direct,0,0,0,0,0,14,2,14,2,0,1
open_dense,22,diagnostic,local,826366246,10000,100000,74163,10006,0.017822266,local,8,8,1,0,9,14,1,14,1,0,1
open_dense,22,diagnostic,local,826366246,10000,100000,74200,10006,0.015380859,local,8,8,1,0,9,13,0,13,1,0,1
open_dense,22,diagnostic,local,826366246,10000,100000,74909,10020,0.010253906,local,8,8,1,0,9,13,0,13,1,0,1
open_dense,22,diagnostic,local,826366246,10000,100000,75636,10018,0.008789062,local,16,24,1,1,26,13,0,13,1,0,2
open_dense,22,diagnostic,local,826366246,10000,100000,75771,10020,0.010009766,local,16,24,1,1,26,15,2,15,1,0,2
open_dense,22,diagnostic,local,826366246,10000,100000,76622,10004,0.01953125,direct,0,0,0,0,0,13,0,13,4,0,1
open_dense,22,diagnostic,local,826366246,10000,100000,76783,9993,0.302246094,direct,0,0,0,0,0,14,0,14,1,0,1
open_dense,22,diagnostic,local,826366246,10000,100000,78475,10027,0.0078125,local,16,24,1,1,26,13,0,13,1,0,2
open_dense,22,diagnostic,local,826366246,10000,100000,79023,10035,0.007324219,local,16,24,1,1,26,13,1,13,1,0,2
open_dense,22,diagnostic,local,826366246,10000,100000,80232,10044,0.007080078,local,16,24,1,1,26,13,0,13,1,0,2
open_dense,22,diagnostic,local,826366246,10000,100000,82234,10024,0.008300781,local,16,24,1,1,26,14,0,14,1,0,2
open_dense,22,diagnostic,local,826366246,10000,100000,83103,10028,0.007568359,local,16,24,1,1,26,14,2,14,1,0,2
open_dense,22,diagnostic,local,826366246,10000,100000,86671,9958,0.007568359,local,16,24,1,1,26,13,0,13,1,0,2
open_dense,22,diagnostic,local,826366246,10000,100000,94289,9959,0.007080078,local,16,24,1,1,26,13,2,13,1,0,2
open_dense,22,diagnostic,local,826366246,10000,100000,95636,9972,0.006591797,local,16,24,1,1,26,14,2,14,1,0,2
open_dense,22,diagnostic,local,826366246,10000,100000,96248,9988,0.036865234,direct,0,0,0,0,0,13,0,13,4,0,1
open_dense,22,diagnostic,local,826366246,10000,100000,97379,9982,0.006835938,local,16,24,1,1,26,14,1,14,1,0,2
open_dense,22,diagnostic,local,826366246,10000,100000,98908,9955,0.006103516,local,16,24,1,1,26,14,1,14,1,0,2
open_dense,22,diagnostic,local,826366246,10000,100000,99055,9962,0.017578125,direct,0,0,0,0,0,14,0,14,1,0,1
open_dense,22,diagnostic,local,826366246,10000,100000,99710,9953,0.008056641,local,16,24,1,1,26,13,2,13,1,0,2
baseline,23,timed,local,12648430,10000,100000,2600,10003,0.057617188,unavailable,0,0,0,0,0,0,0,0,2,0,1
baseline,23,timed,local,12648430,10000,100000,6791,9988,0.0625,unavailable,0,0,0,0,0,0,0,0,1,0,1
baseline,23,timed,local,12648430,10000,100000,7688,9960,0.045654297,unavailable,0,0,0,0,0,0,0,0,3,0,1
baseline,23,timed,local,12648430,10000,100000,9588,9931,0.194824219,unavailable,0,0,0,0,0,0,0,0,2,0,1
baseline,23,timed,local,12648430,10000,100000,10152,9925,0.041992188,unavailable,0,0,0,0,0,0,0,0,2,0,1
baseline,23,timed,local,12648430,10000,100000,13825,9906,0.044921875,unavailable,0,0,0,0,0,0,0,0,1,0,1
baseline,23,timed,local,12648430,10000,100000,14090,9915,0.041259766,unavailable,0,0,0,0,0,0,0,0,1,0,1
baseline,23,timed,local,12648430,10000,100000,17808,9919,0.045166016,unavailable,0,0,0,0,0,0,0,0,1,0,1
baseline,23,timed,local,12648430,10000,100000,22375,9981,0.058105469,unavailable,0,0,0,0,0,0,0,0,4,0,1
baseline,23,timed,local,12648430,10000,100000,23144,9995,0.045166016,unavailable,0,0,0,0,0,0,0,0,1,0,1
baseline,23,timed,local,12648430,10000,100000,26750,9973,0.045166016,unavailable,0,0,0,0,0,0,0,0,2,0,1
baseline,23,timed,local,12648430,10000,100000,26983,9975,0.041015625,unavailable,0,0,0,0,0,0,0,0,1,0,1
baseline,23,timed,local,12648430,10000,100000,29410,9958,0.058349609,unavailable,0,0,0,0,0,0,0,0,4,0,1
baseline,23,timed,local,12648430,10000,100000,31195,9949,0.064697266,unavailable,0,0,0,0,0,0,0,0,3,0,1
baseline,23,timed,local,12648430,10000,100000,31945,9963,0.054443359,unavailable,0,0,0,0,0,0,0,0,1,0,1
baseline,23,timed,local,12648430,10000,100000,35226,9982,0.05078125,unavailable,0,0,0,0,0,0,0,0,1,0,1
baseline,23,timed,local,12648430,10000,100000,37914,9972,0.063720703,unavailable,0,0,0,0,0,0,0,0,1,0,1
baseline,23,timed,local,12648430,10000,100000,38630,9976,0.050537109,unavailable,0,0,0,0,0,0,0,0,2,0,1
baseline,23,timed,local,12648430,10000,100000,38854,9962,0.048339844,unavailable,0,0,0,0,0,0,0,0,1,0,1
baseline,23,timed,local,12648430,10000,100000,42805,9956,0.069335938,unavailable,0,0,0,0,0,0,0,0,1,0,1
baseline,23,timed,local,12648430,10000,100000,43474,9947,0.050292969,unavailable,0,0,0,0,0,0,0,0,1,0,1
baseline,23,timed,local,12648430,10000,100000,46209,9935,0.065185547,unavailable,0,0,0,0,0,0,0,0,4,0,1
baseline,23,timed,local,12648430,10000,100000,60743,9918,0.049560547,unavailable,0,0,0,0,0,0,0,0,6,0,1
baseline,23,timed,local,12648430,10000,100000,94474,9789,0.051025391,unavailable,0,0,0,0,0,0,0,0,1,0,1
baseline,23,timed,local,12648430,10000,100000,97766,9832,0.050537109,unavailable,0,0,0,0,0,0,0,0,1,0,1
baseline,23,diagnostic,local,12648430,10000,100000,1462,9988,0.051513672,direct,0,0,0,0,0,13,0,13,2,0,1
baseline,23,diagnostic,local,12648430,10000,100000,4566,9997,0.008789062,direct,0,0,0,0,0,12,0,12,2,0,1
baseline,23,diagnostic,local,12648430,10000,100000,4834,9984,0.013671875,direct,0,0,0,0,0,14,1,14,5,0,1
baseline,23,diagnostic,local,12648430,10000,100000,5308,10000,0.01953125,direct,0,0,0,0,0,14,0,14,2,0,1
baseline,23,diagnostic,local,12648430,10000,100000,5535,9993,0.013427734,direct,0,0,0,0,0,14,0,14,2,0,1
baseline,23,diagnostic,local,12648430,10000,100000,5653,9995,0.029785156,direct,0,0,0,0,0,12,0,12,2,0,1
baseline,23,diagnostic,local,12648430,10000,100000,6020,9998,0.019287109,direct,0,0,0,0,0,14,0,14,3,0,1
baseline,23,diagnostic,local,12648430,10000,100000,6507,9989,0.0078125,local,8,8,1,0,9,13,0,13,1,0,2
baseline,23,diagnostic,local,12648430,10000,100000,6841,9984,0.036865234,direct,0,0,0,0,0,13,0,13,3,0,1
baseline,23,diagnostic,local,12648430,10000,100000,7182,9985,0.198730469,direct,0,0,0,0,0,14,0,14,1,0,1
baseline,23,diagnostic,local,12648430,10000,100000,17217,9910,0.030517578,direct,0,0,0,0,0,14,0,14,2,0,1
baseline,23,diagnostic,local,12648430,10000,100000,24488,10020,0.006835938,local,16,24,1,1,26,14,2,14,1,0,2
baseline,23,diagnostic,local,12648430,10000,100000,27404,9978,0.041015625,direct,0,0,0,0,0,14,2,14,4,0,1
baseline,23,diagnostic,local,12648430,10000,100000,29554,9953,0.013183594,local,32,56,1,2,59,14,2,14,1,0,3
baseline,23,diagnostic,local,12648430,10000,100000,29744,9951,0.024658203,direct,0,0,0,0,0,13,0,13,1,0,1
baseline,23,diagnostic,local,12648430,10000,100000,32351,9971,0.025634766,direct,0,0,0,0,0,14,0,14,1,0,1
baseline,23,diagnostic,local,12648430,10000,100000,33470,9978,0.006835938,local,16,24,1,1,26,13,2,13,1,0,2
baseline,23,diagnostic,local,12648430,10000,100000,34864,9978,0.005859375,local,16,24,1,1,26,14,0,14,1,0,2
baseline,23,diagnostic,local,12648430,10000,100000,38813,9964,0.005615234,local,8,8,1,0,9,13,0,13,1,0,2
baseline,23,diagnostic,local,12648430,10000,100000,38854,9962,0.004394531,local,8,8,1,0,9,14,0,14,1,0,2
baseline,23,diagnostic,local,12648430,10000,100000,38884,9960,0.008056641,local,8,8,1,0,9,14,1,14,1,0,2
baseline,23,diagnostic,local,12648430,10000,100000,40276,9955,0.006347656,local,8,8,1,0,9,13,1,13,1,0,2
baseline,23,diagnostic,local,12648430,10000,100000,43367,9945,0.006835938,local,16,24,1,1,26,13,0,13,1,0,2
baseline,23,diagnostic,local,12648430,10000,100000,52387,9922,0.022705078,direct,0,0,0,0,0,14,2,14,1,0,1
baseline,23,diagnostic,local,12648430,10000,100000,53105,9908,0.004394531,local,8,8,1,0,9,13,0,13,4,0,2
baseline,23,diagnostic,local,12648430,10000,100000,53754,9904,0.006103516,local,16,24,1,1,26,14,2,14,1,0,2
baseline,23,diagnostic,local,12648430,10000,100000,55126,9919,0.004638672,local,8,8,1,0,9,13,1,13,4,0,2
baseline,23,diagnostic,local,12648430,10000,100000,56418,9905,0.006347656,local,16,24,1,1,26,13,0,13,1,0,2
baseline,23,diagnostic,local,12648430,10000,100000,57547,9890,0.007568359,local,16,24,1,1,26,15,2,15,1,0,2
baseline,23,diagnostic,local,12648430,10000,100000,57656,9895,0.017822266,direct,0,0,0,0,0,13,0,13,1,0,1
baseline,23,diagnostic,local,12648430,10000,100000,67520,9941,0.006103516,local,16,24,1,1,26,12,0,12,1,0,2
baseline,23,diagnostic,local,12648430,10000,100000,68131,9938,0.004394531,local,8,8,1,0,9,13,1,13,1,0,2
baseline,23,diagnostic,local,12648430,10000,100000,68890,9957,0.004394531,local,8,8,1,0,9,13,1,13,1,0,2
baseline,23,diagnostic,local,12648430,10000,100000,70293,9930,0.041503906,direct,0,0,0,0,0,13,0,13,1,0,1
baseline,23,diagnostic,local,12648430,10000,100000,73834,9914,0.0078125,local,16,24,1,1,26,12,0,12,1,0,2
baseline,23,diagnostic,local,12648430,10000,100000,75116,9913,0.007080078,local,16,24,1,1,26,14,1,14,1,0,2
baseline,23,diagnostic,local,12648430,10000,100000,78526,9885,0.03125,direct,0,0,0,0,0,13,1,13,3,0,1
baseline,23,diagnostic,local,12648430,10000,100000,79596,9866,0.019775391,direct,0,0,0,0,0,13,0,13,6,0,1
baseline,23,diagnostic,local,12648430,10000,100000,79747,9867,0.191894531,direct,0,0,0,0,0,14,1,14,2,0,1
baseline,23,diagnostic,local,12648430,10000,100000,80551,9876,0.007568359,local,8,8,1,0,9,14,0,14,1,0,2
baseline,23,diagnostic,local,12648430,10000,100000,82955,9913,0.005859375,local,16,24,1,1,26,14,0,14,1,0,2
baseline,23,diagnostic,local,12648430,10000,100000,85800,9846,0.006835938,local,16,24,1,1,26,14,1,14,1,0,2
baseline,23,diagnostic,local,12648430,10000,100000,86859,9844,0.027832031,direct,0,0,0,0,0,14,0,14,3,0,1
baseline,23,diagnostic,local,12648430,10000,100000,87591,9862,0.043701172,direct,0,0,0,0,0,13,1,13,1,0,1
baseline,23,diagnostic,local,12648430,10000,100000,89253,9831,0.010253906,direct,0,0,0,0,0,15,1,15,1,0,1
baseline,23,diagnostic,local,12648430,10000,100000,91861,9799,0.05078125,direct,0,0,0,0,0,14,2,14,3,0,1
baseline,23,diagnostic,local,12648430,10000,100000,94421,9784,0.004150391,local,8,8,1,0,9,15,0,15,4,0,2
baseline,23,diagnostic,local,12648430,10000,100000,98649,9838,0.030273438,direct,0,0,0,0,0,13,2,13,1,0,1
baseline,23,diagnostic,local,12648430,10000,100000,99282,9845,0.005859375,local,16,24,1,1,26,15,1,15,1,0,2
open_dense,23,timed,local,12648430,10000,100000,17948,9922,0.095458984,unavailable,0,0,0,0,0,0,0,0,1,0,1
open_dense,23,timed,local,12648430,10000,100000,21286,9958,0.230224609,unavailable,0,0,0,0,0,0,0,0,6,0,1
open_dense,23,timed,local,12648430,10000,100000,22811,9991,0.067626953,unavailable,0,0,0,0,0,0,0,0,5,0,1
open_dense,23,timed,local,12648430,10000,100000,26362,9992,0.058105469,unavailable,0,0,0,0,0,0,0,0,4,0,1
open_dense,23,timed,local,12648430,10000,100000,29786,9947,0.058105469,unavailable,0,0,0,0,0,0,0,0,4,0,1
open_dense,23,timed,local,12648430,10000,100000,32388,9967,0.045410156,unavailable,0,0,0,0,0,0,0,0,2,0,1
open_dense,23,timed,local,12648430,10000,100000,32626,9960,0.043701172,unavailable,0,0,0,0,0,0,0,0,1,0,1
open_dense,23,timed,local,12648430,10000,100000,35076,9974,0.059326172,unavailable,0,0,0,0,0,0,0,0,3,0,1
open_dense,23,timed,local,12648430,10000,100000,41098,9969,0.090820312,unavailable,0,0,0,0,0,0,0,0,1,0,1
open_dense,23,timed,local,12648430,10000,100000,43379,9947,0.064453125,unavailable,0,0,0,0,0,0,0,0,1,0,1
open_dense,23,timed,local,12648430,10000,100000,46555,9923,0.064697266,unavailable,0,0,0,0,0,0,0,0,1,0,1
open_dense,23,timed,local,12648430,10000,100000,51710,9913,0.061279297,unavailable,0,0,0,0,0,0,0,0,5,0,1
open_dense,23,timed,local,12648430,10000,100000,54621,9922,0.051025391,unavailable,0,0,0,0,0,0,0,0,1,0,1
open_dense,23,timed,local,12648430,10000,100000,57334,9890,0.064941406,unavailable,0,0,0,0,0,0,0,0,2,0,1
open_dense,23,timed,local,12648430,10000,100000,58067,9907,0.052490234,unavailable,0,0,0,0,0,0,0,0,1,0,1
open_dense,23,timed,local,12648430,10000,100000,82580,9914,0.05078125,unavailable,0,0,0,0,0,0,0,0,5,0,1
open_dense,23,timed,local,12648430,10000,100000,86887,9842,0.098144531,unavailable,0,0,0,0,0,0,0,0,2,0,1
open_dense,23,timed,local,12648430,10000,100000,88350,9842,0.068115234,unavailable,0,0,0,0,0,0,0,0,3,0,1
open_dense,23,timed,local,12648430,10000,100000,89047,9836,0.050537109,unavailable,0,0,0,0,0,0,0,0,2,0,1
open_dense,23,timed,local,12648430,10000,100000,90379,9824,0.052734375,unavailable,0,0,0,0,0,0,0,0,1,0,1
open_dense,23,timed,local,12648430,10000,100000,93037,9792,0.063476562,unavailable,0,0,0,0,0,0,0,0,1,0,1
open_dense,23,timed,local,12648430,10000,100000,93734,9805,0.051025391,unavailable,0,0,0,0,0,0,0,0,3,0,1
open_dense,23,timed,local,12648430,10000,100000,93954,9812,0.046386719,unavailable,0,0,0,0,0,0,0,0,5,0,1
open_dense,23,timed,local,12648430,10000,100000,96301,9797,0.064697266,unavailable,0,0,0,0,0,0,0,0,2,0,1
open_dense,23,timed,local,12648430,10000,100000,97007,9824,0.050537109,unavailable,0,0,0,0,0,0,0,0,3,0,1
open_dense,23,diagnostic,local,12648430,10000,100000,6507,9989,0.006347656,local,8,8,1,0,9,13,0,13,1,0,2
open_dense,23,diagnostic,local,12648430,10000,100000,7588,9971,0.106933594,direct,0,0,0,0,0,14,2,14,2,0,1
open_dense,23,diagnostic,local,12648430,10000,100000,11320,9930,0.004394531,local,8,8,1,0,9,15,2,15,1,0,2
open_dense,23,diagnostic,local,12648430,10000,100000,12482,9918,0.062255859,direct,0,0,0,0,0,12,0,12,2,0,1
open_dense,23,diagnostic,local,12648430,10000,100000,16048,9925,0.081787109,direct,0,0,0,0,0,13,0,13,2,0,1
open_dense,23,diagnostic,local,12648430,10000,100000,18633,9936,0.178710938,direct,0,0,0,0,0,14,2,14,3,0,1
open_dense,23,diagnostic,local,12648430,10000,100000,19292,9938,0.05859375,direct,0,0,0,0,0,13,2,13,1,0,1
open_dense,23,diagnostic,local,12648430,10000,100000,24488,10020,0.006347656,local,16,24,1,1,26,14,2,14,1,0,2
open_dense,23,diagnostic,local,12648430,10000,100000,27573,9972,0.072509766,direct,0,0,0,0,0,14,1,14,1,0,1
open_dense,23,diagnostic,local,12648430,10000,100000,28465,9969,0.055419922,direct,0,0,0,0,0,12,0,12,1,0,1
open_dense,23,diagnostic,local,12648430,10000,100000,29554,9953,0.012451172,local,32,56,1,2,59,14,2,14,1,0,2
open_dense,23,diagnostic,local,12648430,10000,100000,32246,9974,0.064941406,direct,0,0,0,0,0,14,2,14,5,0,1
open_dense,23,diagnostic,local,12648430,10000,100000,33470,9978,0.007080078,local,16,24,1,1,26,13,2,13,1,0,2
open_dense,23,diagnostic,local,12648430,10000,100000,34864,9978,0.006103516,local,16,24,1,1,26,14,0,14,1,0,2
open_dense,23,diagnostic,local,12648430,10000,100000,36332,9976,0.004882812,local,8,8,1,0,9,14,1,14,4,0,2
open_dense,23,diagnostic,local,12648430,10000,100000,38558,9971,0.065429688,direct,0,0,0,0,0,14,0,14,1,0,1
open_dense,23,diagnostic,local,12648430,10000,100000,40139,9956,0.064453125,direct,0,0,0,0,0,14,1,14,2,0,1
open_dense,23,diagnostic,local,12648430,10000,100000,43236,9947,0.063964844,direct,0,0,0,0,0,14,2,14,1,0,1
open_dense,23,diagnostic,local,12648430,10000,100000,43367,9945,0.006835938,local,16,24,1,1,26,13,0,13,1,0,2
open_dense,23,diagnostic,local,12648430,10000,100000,47726,9899,0.004394531,local,8,8,1,0,9,14,2,14,1,0,2
open_dense,23,diagnostic,local,12648430,10000,100000,51220,9910,0.112060547,direct,0,0,0,0,0,13,0,13,1,0,1
open_dense,23,diagnostic,local,12648430,10000,100000,51871,9914,0.065673828,direct,0,0,0,0,0,15,1,15,5,0,1
open_dense,23,diagnostic,local,12648430,10000,100000,52058,9914,0.308105469,direct,0,0,0,0,0,12,0,12,1,0,1
open_dense,23,diagnostic,local,12648430,10000,100000,53105,9908,0.004394531,local,8,8,1,0,9,13,0,13,4,0,2
open_dense,23,diagnostic,local,12648430,10000,100000,53754,9904,0.006347656,local,16,24,1,1,26,14,2,14,1,0,2
open_dense,23,diagnostic,local,12648430,10000,100000,54378,9919,0.064941406,direct,0,0,0,0,0,13,0,13,4,0,1
open_dense,23,diagnostic,local,12648430,10000,100000,55126,9919,0.004394531,local,8,8,1,0,9,13,1,13,4,0,2
open_dense,23,diagnostic,local,12648430,10000,100000,56418,9905,0.006347656,local,16,24,1,1,26,13,0,13,1,0,2
open_dense,23,diagnostic,local,12648430,10000,100000,57547,9890,0.008056641,local,16,24,1,1,26,15,2,15,1,0,2
open_dense,23,diagnostic,local,12648430,10000,100000,57914,9897,0.051269531,direct,0,0,0,0,0,12,0,12,3,0,1
open_dense,23,diagnostic,local,12648430,10000,100000,67520,9941,0.006347656,local,16,24,1,1,26,12,0,12,1,0,2
open_dense,23,diagnostic,local,12648430,10000,100000,67966,9936,0.065673828,direct,0,0,0,0,0,13,0,13,1,0,1
open_dense,23,diagnostic,local,12648430,10000,100000,68823,9961,0.054931641,direct,0,0,0,0,0,14,0,14,6,0,1
open_dense,23,diagnostic,local,12648430,10000,100000,72564,9931,0.063720703,direct,0,0,0,0,0,13,0,13,1,0,1
open_dense,23,diagnostic,local,12648430,10000,100000,73226,9933,0.052246094,direct,0,0,0,0,0,14,0,14,2,0,1
open_dense,23,diagnostic,local,12648430,10000,100000,73834,9914,0.007568359,local,16,24,1,1,26,12,0,12,1,0,2
open_dense,23,diagnostic,local,12648430,10000,100000,73962,9921,0.234863281,direct,0,0,0,0,0,12,0,12,1,0,1
open_dense,23,diagnostic,local,12648430,10000,100000,75116,9913,0.007568359,local,16,24,1,1,26,14,1,14,1,0,2
open_dense,23,diagnostic,local,12648430,10000,100000,75379,9908,0.004882812,local,8,8,1,0,9,12,1,12,1,0,2
open_dense,23,diagnostic,local,12648430,10000,100000,78689,9886,0.063232422,direct,0,0,0,0,0,15,2,15,1,0,1
open_dense,23,diagnostic,local,12648430,10000,100000,82955,9913,0.006103516,local,16,24,1,1,26,14,0,14,1,0,2
open_dense,23,diagnostic,local,12648430,10000,100000,83177,9905,0.006347656,local,8,8,1,0,9,14,2,14,1,0,2
open_dense,23,diagnostic,local,12648430,10000,100000,84510,9885,0.243408203,direct,0,0,0,0,0,14,2,14,3,0,1
open_dense,23,diagnostic,local,12648430,10000,100000,85800,9846,0.007324219,local,16,24,1,1,26,14,1,14,1,0,2
open_dense,23,diagnostic,local,12648430,10000,100000,86894,9845,0.053710938,direct,0,0,0,0,0,13,0,13,1,0,1
open_dense,23,diagnostic,local,12648430,10000,100000,87345,9849,0.004394531,local,8,8,1,0,9,14,1,14,1,0,2
open_dense,23,diagnostic,local,12648430,10000,100000,89394,9814,0.064453125,direct,0,0,0,0,0,13,0,13,1,0,1
open_dense,23,diagnostic,local,12648430,10000,100000,91794,9804,0.049804688,local,8,8,1,0,9,13,0,13,1,0,2
open_dense,23,diagnostic,local,12648430,10000,100000,94421,9784,0.004638672,local,8,8,1,0,9,15,0,15,4,0,2
open_dense,23,diagnostic,local,12648430,10000,100000,99282,9845,0.005615234,local,16,24,1,1,26,15,1,15,1,0,2
baseline,24,timed,churn,17,10000,100000,13479,9998,0.043212891,unavailable,0,0,0,0,0,0,0,0,1,0,1
baseline,24,timed,churn,17,10000,100000,18684,10056,0.041748047,unavailable,0,0,0,0,0,0,0,0,2,0,1
baseline,24,timed,churn,17,10000,100000,21259,10024,0.040039062,unavailable,0,0,0,0,0,0,0,0,3,0,1
baseline,24,timed,churn,17,10000,100000,25918,10025,0.049560547,unavailable,0,0,0,0,0,0,0,0,1,0,1
baseline,24,timed,churn,17,10000,100000,30066,10035,0.008300781,unavailable,0,0,0,0,0,0,0,0,1,0,1
baseline,24,timed,churn,17,10000,100000,33145,10028,0.040527344,unavailable,0,0,0,0,0,0,0,0,1,0,1
baseline,24,timed,churn,17,10000,100000,36832,10101,0.004882812,unavailable,0,0,0,0,0,0,0,0,3,0,1
baseline,24,timed,churn,17,10000,100000,37879,10091,0.006347656,unavailable,0,0,0,0,0,0,0,0,1,0,1
baseline,24,timed,churn,17,10000,100000,37894,10093,0.046386719,unavailable,0,0,0,0,0,0,0,0,2,0,1
baseline,24,timed,churn,17,10000,100000,40500,10050,0.005126953,unavailable,0,0,0,0,0,0,0,0,6,0,1
baseline,24,timed,churn,17,10000,100000,41329,10058,0.004882812,unavailable,0,0,0,0,0,0,0,0,1,0,1
baseline,24,timed,churn,17,10000,100000,44918,10046,0.042480469,unavailable,0,0,0,0,0,0,0,0,2,0,1
baseline,24,timed,churn,17,10000,100000,48700,10030,0.096435547,unavailable,0,0,0,0,0,0,0,0,1,0,1
baseline,24,timed,churn,17,10000,100000,49282,10039,0.037353516,unavailable,0,0,0,0,0,0,0,0,1,0,1
baseline,24,timed,churn,17,10000,100000,57592,9931,0.004882812,unavailable,0,0,0,0,0,0,0,0,2,0,1
baseline,24,timed,churn,17,10000,100000,57648,9923,0.005126953,unavailable,0,0,0,0,0,0,0,0,3,0,1
baseline,24,timed,churn,17,10000,100000,58637,9927,0.111816406,unavailable,0,0,0,0,0,0,0,0,2,0,1
baseline,24,timed,churn,17,10000,100000,67514,10003,0.040283203,unavailable,0,0,0,0,0,0,0,0,2,0,1
baseline,24,timed,churn,17,10000,100000,70055,9976,0.004638672,unavailable,0,0,0,0,0,0,0,0,2,0,1
baseline,24,timed,churn,17,10000,100000,71389,9950,0.005615234,unavailable,0,0,0,0,0,0,0,0,1,0,1
baseline,24,timed,churn,17,10000,100000,86457,9960,0.005371094,unavailable,0,0,0,0,0,0,0,0,2,0,1
baseline,24,timed,churn,17,10000,100000,87168,9956,0.011230469,unavailable,0,0,0,0,0,0,0,0,1,0,1
baseline,24,timed,churn,17,10000,100000,87193,9957,0.012451172,unavailable,0,0,0,0,0,0,0,0,1,0,1
baseline,24,timed,churn,17,10000,100000,89770,9996,0.004394531,unavailable,0,0,0,0,0,0,0,0,1,0,1
baseline,24,timed,churn,17,10000,100000,95465,10025,0.037109375,unavailable,0,0,0,0,0,0,0,0,1,0,1
baseline,24,diagnostic,churn,17,10000,100000,972,9998,0.054931641,direct,0,0,0,0,0,14,1,14,1,0,1
baseline,24,diagnostic,churn,17,10000,100000,1120,9996,0.058105469,direct,0,0,0,0,0,14,1,14,1,0,1
baseline,24,diagnostic,churn,17,10000,100000,2572,9966,0.031982422,direct,0,0,0,0,0,13,1,13,2,0,1
baseline,24,diagnostic,churn,17,10000,100000,5311,9918,0.045166016,direct,0,0,0,0,0,12,0,12,3,0,1
baseline,24,diagnostic,churn,17,10000,100000,17376,10026,0.057861328,direct,0,0,0,0,0,12,0,12,1,0,1
baseline,24,diagnostic,churn,17,10000,100000,18434,10036,0.049316406,direct,0,0,0,0,0,14,2,14,4,0,1
baseline,24,diagnostic,churn,17,10000,100000,21302,10030,0.041992188,direct,0,0,0,0,0,14,2,14,3,0,1
baseline,24,diagnostic,churn,17,10000,100000,25771,10012,0.045166016,direct,0,0,0,0,0,14,0,14,2,0,1
baseline,24,diagnostic,churn,17,10000,100000,29390,10015,0.057373047,direct,0,0,0,0,0,13,2,13,2,0,1
baseline,24,diagnostic,churn,17,10000,100000,33160,10028,0.046142578,direct,0,0,0,0,0,14,2,14,5,0,1
baseline,24,diagnostic,churn,17,10000,100000,33535,10019,0.148193359,direct,0,0,0,0,0,14,0,14,3,0,1
baseline,24,diagnostic,churn,17,10000,100000,37251,10087,0.044677734,direct,0,0,0,0,0,14,0,14,2,0,1
baseline,24,diagnostic,churn,17,10000,100000,37879,10091,0.008789062,local,8,8,1,0,9,13,0,13,1,0,2
baseline,24,diagnostic,churn,17,10000,100000,38259,10092,0.003662109,local,8,8,1,0,9,14,1,14,1,0,2
baseline,24,diagnostic,churn,17,10000,100000,39854,10071,0.003417969,local,8,8,1,0,9,14,2,14,1,0,2
baseline,24,diagnostic,churn,17,10000,100000,40215,10052,0.042236328,direct,0,0,0,0,0,14,1,14,3,0,1
baseline,24,diagnostic,churn,17,10000,100000,41748,10059,0.003417969,local,8,8,1,0,9,14,1,14,1,0,2
baseline,24,diagnostic,churn,17,10000,100000,46851,10074,0.003417969,local,8,8,1,0,9,14,0,14,1,0,2
baseline,24,diagnostic,churn,17,10000,100000,47712,10051,0.05859375,direct,0,0,0,0,0,13,0,13,3,0,1
baseline,24,diagnostic,churn,17,10000,100000,48657,10026,0.045166016,direct,0,0,0,0,0,14,0,14,1,0,1
baseline,24,diagnostic,churn,17,10000,100000,48946,10049,0.041259766,direct,0,0,0,0,0,14,2,14,4,0,1
baseline,24,diagnostic,churn,17,10000,100000,50862,10039,0.050048828,direct,0,0,0,0,0,13,1,13,1,0,1
baseline,24,diagnostic,churn,17,10000,100000,53341,10012,0.005371094,local,8,8,1,0,9,13,0,13,1,0,2
baseline,24,diagnostic,churn,17,10000,100000,56229,9934,0.004638672,local,8,8,1,0,9,14,2,14,1,0,2
baseline,24,diagnostic,churn,17,10000,100000,57521,9928,0.00390625,local,8,8,1,0,9,15,1,15,1,0,2
baseline,24,diagnostic,churn,17,10000,100000,58141,9917,0.003417969,local,8,8,1,0,9,15,2,15,1,0,2
baseline,24,diagnostic,churn,17,10000,100000,60229,9930,0.041259766,direct,0,0,0,0,0,14,0,14,3,0,1
baseline,24,diagnostic,churn,17,10000,100000,68526,10006,0.041259766,direct,0,0,0,0,0,14,0,14,2,0,1
baseline,24,diagnostic,churn,17,10000,100000,68603,10004,0.003417969,local,8,8,1,0,9,13,0,13,1,0,2
baseline,24,diagnostic,churn,17,10000,100000,68696,10005,0.041015625,direct,0,0,0,0,0,15,1,15,1,0,1
baseline,24,diagnostic,churn,17,10000,100000,71149,9958,0.003173828,local,8,8,1,0,9,13,0,13,1,0,2
baseline,24,diagnostic,churn,17,10000,100000,73134,9956,0.003417969,local,8,8,1,0,9,13,0,13,1,0,2
baseline,24,diagnostic,churn,17,10000,100000,74855,9950,0.003417969,local,8,8,1,0,9,15,1,15,1,0,2
baseline,24,diagnostic,churn,17,10000,100000,74969,9943,0.040527344,direct,0,0,0,0,0,14,1,14,3,0,1
baseline,24,diagnostic,churn,17,10000,100000,78118,9983,0.003173828,local,8,8,1,0,9,13,0,13,1,0,2
baseline,24,diagnostic,churn,17,10000,100000,79277,9945,0.039794922,direct,0,0,0,0,0,14,1,14,1,0,1
baseline,24,diagnostic,churn,17,10000,100000,80825,9929,0.003173828,local,8,8,1,0,9,15,2,15,1,0,2
baseline,24,diagnostic,churn,17,10000,100000,81908,9953,0.004638672,local,8,8,1,0,9,13,1,13,1,0,2
baseline,24,diagnostic,churn,17,10000,100000,83937,9996,0.003173828,local,8,8,1,0,9,14,2,14,1,0,2
baseline,24,diagnostic,churn,17,10000,100000,85491,9949,0.003173828,local,8,8,1,0,9,15,1,15,1,0,2
baseline,24,diagnostic,churn,17,10000,100000,88273,9990,0.003173828,local,8,8,1,0,9,14,2,14,1,0,2
baseline,24,diagnostic,churn,17,10000,100000,89311,9980,0.003173828,local,8,8,1,0,9,14,1,14,1,0,2
baseline,24,diagnostic,churn,17,10000,100000,89683,9994,0.040039062,direct,0,0,0,0,0,13,0,13,2,0,1
baseline,24,diagnostic,churn,17,10000,100000,89932,9993,0.003173828,local,8,8,1,0,9,16,1,16,1,0,2
baseline,24,diagnostic,churn,17,10000,100000,90713,9978,0.003417969,local,8,8,1,0,9,13,2,13,1,0,2
baseline,24,diagnostic,churn,17,10000,100000,91959,9966,0.040283203,direct,0,0,0,0,0,15,1,15,2,0,1
baseline,24,diagnostic,churn,17,10000,100000,94742,10000,0.003662109,local,8,8,1,0,9,14,0,14,1,0,2
baseline,24,diagnostic,churn,17,10000,100000,96124,10023,0.044921875,direct,0,0,0,0,0,15,1,15,2,0,1
baseline,24,diagnostic,churn,17,10000,100000,97045,10036,0.003173828,local,8,8,1,0,9,13,1,13,1,0,2
baseline,24,diagnostic,churn,17,10000,100000,99136,10080,0.003173828,local,8,8,1,0,9,14,0,14,1,0,2
open_dense,24,timed,churn,17,10000,100000,1587,9989,0.004638672,unavailable,0,0,0,0,0,0,0,0,2,0,1
open_dense,24,timed,churn,17,10000,100000,3719,9976,0.007568359,unavailable,0,0,0,0,0,0,0,0,2,0,1
open_dense,24,timed,churn,17,10000,100000,10725,9973,0.004638672,unavailable,0,0,0,0,0,0,0,0,5,0,1
open_dense,24,timed,churn,17,10000,100000,14479,9986,0.005859375,unavailable,0,0,0,0,0,0,0,0,1,0,1
open_dense,24,timed,churn,17,10000,100000,14480,9986,0.006835938,unavailable,0,0,0,0,0,0,0,0,3,0,1
open_dense,24,timed,churn,17,10000,100000,16091,10005,0.006103516,unavailable,0,0,0,0,0,0,0,0,1,0,1
open_dense,24,timed,churn,17,10000,100000,16853,10001,0.058837891,unavailable,0,0,0,0,0,0,0,0,1,0,1
open_dense,24,timed,churn,17,10000,100000,19709,10048,0.026611328,unavailable,0,0,0,0,0,0,0,0,2,0,1
open_dense,24,timed,churn,17,10000,100000,23799,10057,0.011230469,unavailable,0,0,0,0,0,0,0,0,5,0,1
open_dense,24,timed,churn,17,10000,100000,30066,10035,0.021484375,unavailable,0,0,0,0,0,0,0,0,1,0,1
open_dense,24,timed,churn,17,10000,100000,30700,10028,0.007324219,unavailable,0,0,0,0,0,0,0,0,4,0,1
open_dense,24,timed,churn,17,10000,100000,34011,10025,0.265380859,unavailable,0,0,0,0,0,0,0,0,1,0,1
open_dense,24,timed,churn,17,10000,100000,37879,10091,0.007080078,unavailable,0,0,0,0,0,0,0,0,1,0,1
open_dense,24,timed,churn,17,10000,100000,46540,10068,0.048583984,unavailable,0,0,0,0,0,0,0,0,2,0,1
open_dense,24,timed,churn,17,10000,100000,46778,10072,0.040039062,unavailable,0,0,0,0,0,0,0,0,5,0,1
open_dense,24,timed,churn,17,10000,100000,51325,10027,0.017333984,unavailable,0,0,0,0,0,0,0,0,2,0,1
open_dense,24,timed,churn,17,10000,100000,60002,9931,0.008300781,unavailable,0,0,0,0,0,0,0,0,2,0,1
open_dense,24,timed,churn,17,10000,100000,60003,9931,0.004638672,unavailable,0,0,0,0,0,0,0,0,1,0,1
open_dense,24,timed,churn,17,10000,100000,60005,9931,0.005615234,unavailable,0,0,0,0,0,0,0,0,4,0,1
open_dense,24,timed,churn,17,10000,100000,60114,9931,0.177246094,unavailable,0,0,0,0,0,0,0,0,1,0,1
open_dense,24,timed,churn,17,10000,100000,60135,9928,0.004638672,unavailable,0,0,0,0,0,0,0,0,2,0,1
open_dense,24,timed,churn,17,10000,100000,61045,9979,0.007568359,unavailable,0,0,0,0,0,0,0,0,4,0,1
open_dense,24,timed,churn,17,10000,100000,76369,9955,0.037841797,unavailable,0,0,0,0,0,0,0,0,1,0,1
open_dense,24,timed,churn,17,10000,100000,79810,9942,0.004394531,unavailable,0,0,0,0,0,0,0,0,3,0,1
open_dense,24,timed,churn,17,10000,100000,91794,9967,0.004394531,unavailable,0,0,0,0,0,0,0,0,4,0,1
open_dense,24,diagnostic,churn,17,10000,100000,1111,9997,0.007324219,direct,0,0,0,0,0,13,0,13,1,0,1
open_dense,24,diagnostic,churn,17,10000,100000,1116,9995,0.005859375,direct,0,0,0,0,0,13,0,13,2,0,1
open_dense,24,diagnostic,churn,17,10000,100000,10001,9959,0.006835938,direct,0,0,0,0,0,14,1,14,1,0,1
open_dense,24,diagnostic,churn,17,10000,100000,10007,9959,0.005615234,direct,0,0,0,0,0,14,2,14,2,0,1
open_dense,24,diagnostic,churn,17,10000,100000,10012,9960,0.004638672,direct,0,0,0,0,0,14,0,14,2,0,1
open_dense,24,diagnostic,churn,17,10000,100000,10148,9971,0.034423828,direct,0,0,0,0,0,14,0,14,2,0,1
open_dense,24,diagnostic,churn,17,10000,100000,10151,9970,0.005371094,direct,0,0,0,0,0,12,0,12,1,0,1
open_dense,24,diagnostic,churn,17,10000,100000,10155,9968,0.006835938,direct,0,0,0,0,0,15,2,15,3,0,1
open_dense,24,diagnostic,churn,17,10000,100000,12686,10008,0.016357422,direct,0,0,0,0,0,14,2,14,3,0,1
open_dense,24,diagnostic,churn,17,10000,100000,15971,10010,0.02734375,direct,0,0,0,0,0,14,2,14,3,0,1
open_dense,24,diagnostic,churn,17,10000,100000,24026,10035,0.005371094,direct,0,0,0,0,0,14,1,14,2,0,1
open_dense,24,diagnostic,churn,17,10000,100000,25889,10022,0.004394531,direct,0,0,0,0,0,14,1,14,1,0,1
open_dense,24,diagnostic,churn,17,10000,100000,37879,10091,0.008056641,local,8,8,1,0,9,13,0,13,1,0,3
open_dense,24,diagnostic,churn,17,10000,100000,38259,10092,0.003417969,local,8,8,1,0,9,14,1,14,1,0,2
open_dense,24,diagnostic,churn,17,10000,100000,39854,10071,0.003417969,local,8,8,1,0,9,14,2,14,1,0,2
open_dense,24,diagnostic,churn,17,10000,100000,41748,10059,0.003417969,local,8,8,1,0,9,14,1,14,1,0,2
open_dense,24,diagnostic,churn,17,10000,100000,44714,10054,0.019042969,direct,0,0,0,0,0,15,1,15,1,0,1
open_dense,24,diagnostic,churn,17,10000,100000,45006,10047,0.270507812,direct,0,0,0,0,0,13,0,13,3,0,1
open_dense,24,diagnostic,churn,17,10000,100000,46851,10074,0.003662109,local,8,8,1,0,9,14,0,14,1,0,2
open_dense,24,diagnostic,churn,17,10000,100000,53341,10012,0.003417969,local,8,8,1,0,9,13,0,13,1,0,2
open_dense,24,diagnostic,churn,17,10000,100000,55845,9934,0.023681641,direct,0,0,0,0,0,14,2,14,3,0,1
open_dense,24,diagnostic,churn,17,10000,100000,57521,9928,0.003662109,local,8,8,1,0,9,15,1,15,1,0,2
open_dense,24,diagnostic,churn,17,10000,100000,60427,9946,0.004638672,direct,0,0,0,0,0,13,1,13,1,0,1
open_dense,24,diagnostic,churn,17,10000,100000,61025,9972,0.00390625,local,8,8,1,0,9,14,0,14,1,0,2
open_dense,24,diagnostic,churn,17,10000,100000,68047,10003,0.004882812,direct,0,0,0,0,0,14,0,14,4,0,1
open_dense,24,diagnostic,churn,17,10000,100000,68603,10004,0.003173828,local,8,8,1,0,9,13,0,13,1,0,2
open_dense,24,diagnostic,churn,17,10000,100000,70008,9981,0.003173828,local,8,8,1,0,9,13,0,13,1,0,2
open_dense,24,diagnostic,churn,17,10000,100000,70030,9977,0.003173828,local,8,8,1,0,9,13,0,13,1,0,2
open_dense,24,diagnostic,churn,17,10000,100000,71149,9958,0.003173828,local,8,8,1,0,9,13,0,13,1,0,2
open_dense,24,diagnostic,churn,17,10000,100000,73134,9956,0.003173828,local,8,8,1,0,9,13,0,13,1,0,2
open_dense,24,diagnostic,churn,17,10000,100000,73633,9960,0.021484375,direct,0,0,0,0,0,15,1,15,1,0,1
open_dense,24,diagnostic,churn,17,10000,100000,74855,9950,0.003173828,local,8,8,1,0,9,15,1,15,1,0,2
open_dense,24,diagnostic,churn,17,10000,100000,75533,9939,0.232910156,direct,0,0,0,0,0,14,1,14,2,0,1
open_dense,24,diagnostic,churn,17,10000,100000,80825,9929,0.003173828,local,8,8,1,0,9,15,2,15,1,0,2
open_dense,24,diagnostic,churn,17,10000,100000,81908,9953,0.003662109,local,8,8,1,0,9,13,1,13,1,0,2
open_dense,24,diagnostic,churn,17,10000,100000,82744,9966,0.003173828,local,8,8,1,0,9,15,2,15,1,0,2
open_dense,24,diagnostic,churn,17,10000,100000,83382,9984,0.004882812,direct,0,0,0,0,0,13,0,13,6,0,1
open_dense,24,diagnostic,churn,17,10000,100000,85280,9966,0.004394531,direct,0,0,0,0,0,15,1,15,2,0,1
open_dense,24,diagnostic,churn,17,10000,100000,85491,9949,0.003173828,local,8,8,1,0,9,15,1,15,1,0,2
open_dense,24,diagnostic,churn,17,10000,100000,86474,9960,0.00390625,local,8,8,1,0,9,13,0,13,1,0,2
open_dense,24,diagnostic,churn,17,10000,100000,88273,9990,0.003173828,local,8,8,1,0,9,14,2,14,1,0,2
open_dense,24,diagnostic,churn,17,10000,100000,89311,9980,0.003173828,local,8,8,1,0,9,14,1,14,1,0,2
open_dense,24,diagnostic,churn,17,10000,100000,89932,9993,0.003173828,local,8,8,1,0,9,16,1,16,1,0,2
open_dense,24,diagnostic,churn,17,10000,100000,90713,9978,0.003173828,local,8,8,1,0,9,13,2,13,1,0,2
open_dense,24,diagnostic,churn,17,10000,100000,92590,9946,0.003173828,local,8,8,1,0,9,13,1,13,1,0,2
open_dense,24,diagnostic,churn,17,10000,100000,94752,10003,0.005859375,direct,0,0,0,0,0,13,0,13,1,0,1
open_dense,24,diagnostic,churn,17,10000,100000,95086,10017,0.004150391,direct,0,0,0,0,0,14,0,14,3,0,1
open_dense,24,diagnostic,churn,17,10000,100000,99120,10081,0.009521484,direct,0,0,0,0,0,14,0,14,1,0,1
open_dense,24,diagnostic,churn,17,10000,100000,99136,10080,0.003173828,local,8,8,1,0,9,14,0,14,1,0,2
baseline,25,timed,churn,305419896,10000,100000,13304,9999,0.052734375,unavailable,0,0,0,0,0,0,0,0,3,0,1
baseline,25,timed,churn,305419896,10000,100000,13577,10003,0.051025391,unavailable,0,0,0,0,0,0,0,0,1,0,1
baseline,25,timed,churn,305419896,10000,100000,17160,9979,0.05859375,unavailable,0,0,0,0,0,0,0,0,2,0,1
baseline,25,timed,churn,305419896,10000,100000,18244,10002,0.288818359,unavailable,0,0,0,0,0,0,0,0,2,0,1
baseline,25,timed,churn,305419896,10000,100000,24329,9986,0.065917969,unavailable,0,0,0,0,0,0,0,0,3,0,1
baseline,25,timed,churn,305419896,10000,100000,28164,9932,0.059814453,unavailable,0,0,0,0,0,0,0,0,2,0,1
baseline,25,timed,churn,305419896,10000,100000,30279,9921,0.122802734,unavailable,0,0,0,0,0,0,0,0,1,0,1
baseline,25,timed,churn,305419896,10000,100000,30459,9921,0.057617188,unavailable,0,0,0,0,0,0,0,0,1,0,1
baseline,25,timed,churn,305419896,10000,100000,33039,9941,0.073486328,unavailable,0,0,0,0,0,0,0,0,2,0,1
baseline,25,timed,churn,305419896,10000,100000,33323,9939,0.081298828,unavailable,0,0,0,0,0,0,0,0,4,0,1
baseline,25,timed,churn,305419896,10000,100000,33406,9945,0.062988281,unavailable,0,0,0,0,0,0,0,0,1,0,1
baseline,25,timed,churn,305419896,10000,100000,33911,9939,0.336914062,unavailable,0,0,0,0,0,0,0,0,3,0,1
baseline,25,timed,churn,305419896,10000,100000,33995,9940,0.061279297,unavailable,0,0,0,0,0,0,0,0,1,0,1
baseline,25,timed,churn,305419896,10000,100000,34606,9958,0.083007812,unavailable,0,0,0,0,0,0,0,0,1,0,1
baseline,25,timed,churn,305419896,10000,100000,36630,9944,0.072021484,unavailable,0,0,0,0,0,0,0,0,1,0,1
baseline,25,timed,churn,305419896,10000,100000,55393,9954,0.059814453,unavailable,0,0,0,0,0,0,0,0,1,0,1
baseline,25,timed,churn,305419896,10000,100000,68036,9965,0.057617188,unavailable,0,0,0,0,0,0,0,0,1,0,1
baseline,25,timed,churn,305419896,10000,100000,68972,9960,0.216064453,unavailable,0,0,0,0,0,0,0,0,2,0,1
baseline,25,timed,churn,305419896,10000,100000,74486,9964,0.061035156,unavailable,0,0,0,0,0,0,0,0,1,0,1
baseline,25,timed,churn,305419896,10000,100000,78593,10018,0.060058594,unavailable,0,0,0,0,0,0,0,0,5,0,1
baseline,25,timed,churn,305419896,10000,100000,80925,10073,0.058349609,unavailable,0,0,0,0,0,0,0,0,1,0,1
baseline,25,timed,churn,305419896,10000,100000,84830,10125,0.060302734,unavailable,0,0,0,0,0,0,0,0,3,0,1
baseline,25,timed,churn,305419896,10000,100000,87992,10097,0.099365234,unavailable,0,0,0,0,0,0,0,0,1,0,1
baseline,25,timed,churn,305419896,10000,100000,88334,10092,0.059814453,unavailable,0,0,0,0,0,0,0,0,1,0,1
baseline,25,timed,churn,305419896,10000,100000,98256,10076,0.197998047,unavailable,0,0,0,0,0,0,0,0,2,0,1
baseline,25,diagnostic,churn,305419896,10000,100000,2039,9958,0.052978516,direct,0,0,0,0,0,14,1,14,2,0,1
baseline,25,diagnostic,churn,305419896,10000,100000,10624,9913,0.178222656,direct,0,0,0,0,0,14,1,14,1,0,1
baseline,25,diagnostic,churn,305419896,10000,100000,11605,9913,0.057373047,direct,0,0,0,0,0,13,0,13,2,0,1
baseline,25,diagnostic,churn,305419896,10000,100000,20191,9959,0.051269531,direct,0,0,0,0,0,14,0,14,2,0,1
baseline,25,diagnostic,churn,305419896,10000,100000,20485,9948,0.048095703,direct,0,0,0,0,0,13,1,13,2,0,1
baseline,25,diagnostic,churn,305419896,10000,100000,23886,9964,0.063476562,direct,0,0,0,0,0,12,0,12,2,0,1
baseline,25,diagnostic,churn,305419896,10000,100000,24837,9994,0.051269531,direct,0,0,0,0,0,13,2,13,2,0,1
baseline,25,diagnostic,churn,305419896,10000,100000,30279,9921,0.009277344,local,8,8,1,0,9,14,2,14,1,0,2
baseline,25,diagnostic,churn,305419896,10000,100000,33076,9947,0.005126953,local,8,8,1,0,9,14,2,14,1,0,2
baseline,25,diagnostic,churn,305419896,10000,100000,35967,9943,0.049072266,direct,0,0,0,0,0,14,1,14,1,0,1
baseline,25,diagnostic,churn,305419896,10000,100000,42496,9983,0.047607422,direct,0,0,0,0,0,12,0,12,1,0,1
baseline,25,diagnostic,churn,305419896,10000,100000,43568,9958,0.00390625,local,8,8,1,0,9,14,1,14,1,0,2
baseline,25,diagnostic,churn,305419896,10000,100000,46254,9962,0.050292969,direct,0,0,0,0,0,14,2,14,1,0,1
baseline,25,diagnostic,churn,305419896,10000,100000,51392,10005,0.003662109,local,8,8,1,0,9,13,1,13,1,0,2
baseline,25,diagnostic,churn,305419896,10000,100000,52090,10012,0.003417969,local,8,8,1,0,9,14,0,14,1,0,2
baseline,25,diagnostic,churn,305419896,10000,100000,55945,9957,0.064453125,direct,0,0,0,0,0,15,1,15,1,0,1
baseline,25,diagnostic,churn,305419896,10000,100000,59176,9943,0.238525391,direct,0,0,0,0,0,13,0,13,5,0,1
baseline,25,diagnostic,churn,305419896,10000,100000,59368,9966,0.003662109,local,8,8,1,0,9,15,1,15,1,0,2
baseline,25,diagnostic,churn,305419896,10000,100000,61707,9951,0.003662109,local,8,8,1,0,9,13,2,13,1,0,2
baseline,25,diagnostic,churn,305419896,10000,100000,62014,9958,0.00390625,local,8,8,1,0,9,12,0,12,1,0,2
baseline,25,diagnostic,churn,305419896,10000,100000,63000,9932,0.054443359,direct,0,0,0,0,0,14,0,14,5,0,1
baseline,25,diagnostic,churn,305419896,10000,100000,64179,9947,0.003662109,local,8,8,1,0,9,15,2,15,1,0,2
baseline,25,diagnostic,churn,305419896,10000,100000,67672,9955,0.048095703,direct,0,0,0,0,0,15,1,15,5,0,1
baseline,25,diagnostic,churn,305419896,10000,100000,71654,9962,0.272216797,direct,0,0,0,0,0,14,0,14,2,0,1
baseline,25,diagnostic,churn,305419896,10000,100000,73264,9974,0.051025391,direct,0,0,0,0,0,13,0,13,4,0,1
baseline,25,diagnostic,churn,305419896,10000,100000,76243,9975,0.064697266,direct,0,0,0,0,0,13,0,13,1,0,1
baseline,25,diagnostic,churn,305419896,10000,100000,76900,10001,0.003417969,local,8,8,1,0,9,15,1,15,1,0,2
baseline,25,diagnostic,churn,305419896,10000,100000,77136,10005,0.051269531,direct,0,0,0,0,0,14,1,14,2,0,1
baseline,25,diagnostic,churn,305419896,10000,100000,77816,10000,0.004394531,local,8,8,1,0,9,14,0,14,1,0,2
baseline,25,diagnostic,churn,305419896,10000,100000,80244,10047,0.004150391,local,8,8,1,0,9,13,0,13,1,0,2
baseline,25,diagnostic,churn,305419896,10000,100000,80680,10071,0.003417969,local,8,8,1,0,9,14,1,14,1,0,2
baseline,25,diagnostic,churn,305419896,10000,100000,83203,10101,0.077880859,direct,0,0,0,0,0,15,2,15,2,0,1
baseline,25,diagnostic,churn,305419896,10000,100000,83483,10105,0.003173828,local,8,8,1,0,9,14,2,14,1,0,2
baseline,25,diagnostic,churn,305419896,10000,100000,85077,10124,0.003173828,local,8,8,1,0,9,12,0,12,1,0,2
baseline,25,diagnostic,churn,305419896,10000,100000,85780,10126,0.003173828,local,8,8,1,0,9,14,1,14,1,0,2
baseline,25,diagnostic,churn,305419896,10000,100000,86358,10101,0.064453125,direct,0,0,0,0,0,13,0,13,1,0,1
baseline,25,diagnostic,churn,305419896,10000,100000,87474,10115,0.077392578,direct,0,0,0,0,0,14,2,14,2,0,1
baseline,25,diagnostic,churn,305419896,10000,100000,89079,10089,0.003173828,local,8,8,1,0,9,14,2,14,1,0,2
baseline,25,diagnostic,churn,305419896,10000,100000,90030,10104,0.003173828,local,8,8,1,0,9,13,0,13,1,0,2
baseline,25,diagnostic,churn,305419896,10000,100000,90296,10115,0.035400391,local,8,8,1,0,9,13,0,13,1,0,2
baseline,25,diagnostic,churn,305419896,10000,100000,90774,10146,0.003662109,local,8,8,1,0,9,14,1,14,1,0,2
baseline,25,diagnostic,churn,305419896,10000,100000,92120,10114,0.066894531,direct,0,0,0,0,0,13,0,13,1,0,1
baseline,25,diagnostic,churn,305419896,10000,100000,92601,10117,0.003417969,local,8,8,1,0,9,14,0,14,1,0,2
baseline,25,diagnostic,churn,305419896,10000,100000,92963,10142,0.052734375,direct,0,0,0,0,0,12,0,12,4,0,1
baseline,25,diagnostic,churn,305419896,10000,100000,94656,10131,0.003173828,local,8,8,1,0,9,11,0,11,1,0,2
baseline,25,diagnostic,churn,305419896,10000,100000,94938,10127,0.003173828,local,8,8,1,0,9,13,0,13,1,0,2
baseline,25,diagnostic,churn,305419896,10000,100000,96037,10108,0.003173828,local,8,8,1,0,9,14,2,14,1,0,2
baseline,25,diagnostic,churn,305419896,10000,100000,96270,10110,0.06640625,direct,0,0,0,0,0,12,0,12,1,0,1
baseline,25,diagnostic,churn,305419896,10000,100000,97148,10049,0.050292969,direct,0,0,0,0,0,12,0,12,1,0,1
baseline,25,diagnostic,churn,305419896,10000,100000,98388,10072,0.00390625,local,8,8,1,0,9,13,1,13,1,0,2
open_dense,25,timed,churn,305419896,10000,100000,5024,9958,0.040771484,unavailable,0,0,0,0,0,0,0,0,2,0,1
open_dense,25,timed,churn,305419896,10000,100000,15486,9996,0.061523438,unavailable,0,0,0,0,0,0,0,0,1,0,1
open_dense,25,timed,churn,305419896,10000,100000,21163,9945,0.031738281,unavailable,0,0,0,0,0,0,0,0,3,0,1
open_dense,25,timed,churn,305419896,10000,100000,31765,9927,0.06640625,unavailable,0,0,0,0,0,0,0,0,1,0,1
open_dense,25,timed,churn,305419896,10000,100000,33044,9942,0.045654297,unavailable,0,0,0,0,0,0,0,0,1,0,1
open_dense,25,timed,churn,305419896,10000,100000,36506,9957,0.069824219,unavailable,0,0,0,0,0,0,0,0,4,0,1
open_dense,25,timed,churn,305419896,10000,100000,37433,9972,0.051025391,unavailable,0,0,0,0,0,0,0,0,4,0,1
open_dense,25,timed,churn,305419896,10000,100000,43440,9951,0.293457031,unavailable,0,0,0,0,0,0,0,0,2,0,1
open_dense,25,timed,churn,305419896,10000,100000,44142,9951,0.050292969,unavailable,0,0,0,0,0,0,0,0,2,0,1
open_dense,25,timed,churn,305419896,10000,100000,47643,9977,0.064697266,unavailable,0,0,0,0,0,0,0,0,1,0,1
open_dense,25,timed,churn,305419896,10000,100000,48619,9979,0.052490234,unavailable,0,0,0,0,0,0,0,0,4,0,1
open_dense,25,timed,churn,305419896,10000,100000,48904,9993,0.045654297,unavailable,0,0,0,0,0,0,0,0,3,0,1
open_dense,25,timed,churn,305419896,10000,100000,50056,10031,0.065185547,unavailable,0,0,0,0,0,0,0,0,1,0,1
open_dense,25,timed,churn,305419896,10000,100000,51217,9987,0.046386719,unavailable,0,0,0,0,0,0,0,0,1,0,1
open_dense,25,timed,churn,305419896,10000,100000,54392,9980,0.063232422,unavailable,0,0,0,0,0,0,0,0,1,0,1
open_dense,25,timed,churn,305419896,10000,100000,55332,9957,0.050537109,unavailable,0,0,0,0,0,0,0,0,4,0,1
open_dense,25,timed,churn,305419896,10000,100000,58997,9936,0.064453125,unavailable,0,0,0,0,0,0,0,0,1,0,1
open_dense,25,timed,churn,305419896,10000,100000,59937,9962,0.05078125,unavailable,0,0,0,0,0,0,0,0,5,0,1
open_dense,25,timed,churn,305419896,10000,100000,62140,9956,0.050537109,unavailable,0,0,0,0,0,0,0,0,3,0,1
open_dense,25,timed,churn,305419896,10000,100000,62437,9933,0.045898438,unavailable,0,0,0,0,0,0,0,0,1,0,1
open_dense,25,timed,churn,305419896,10000,100000,66553,9926,0.050537109,unavailable,0,0,0,0,0,0,0,0,2,0,1
open_dense,25,timed,churn,305419896,10000,100000,73214,9979,0.05078125,unavailable,0,0,0,0,0,0,0,0,3,0,1
open_dense,25,timed,churn,305419896,10000,100000,77848,10000,0.029052734,unavailable,0,0,0,0,0,0,0,0,1,0,1
open_dense,25,timed,churn,305419896,10000,100000,83891,10096,0.050292969,unavailable,0,0,0,0,0,0,0,0,1,0,1
open_dense,25,timed,churn,305419896,10000,100000,88035,10101,0.199951172,unavailable,0,0,0,0,0,0,0,0,2,0,1
open_dense,25,diagnostic,churn,305419896,10000,100000,15899,9998,0.024902344,direct,0,0,0,0,0,13,0,13,2,0,1
open_dense,25,diagnostic,churn,305419896,10000,100000,16285,9995,0.052978516,direct,0,0,0,0,0,13,0,13,1,0,1
open_dense,25,diagnostic,churn,305419896,10000,100000,16286,9995,0.012939453,direct,0,0,0,0,0,15,2,15,2,0,1
open_dense,25,diagnostic,churn,305419896,10000,100000,30279,9921,0.007568359,local,8,8,1,0,9,14,2,14,1,0,2
open_dense,25,diagnostic,churn,305419896,10000,100000,31135,9931,0.039794922,direct,0,0,0,0,0,14,2,14,4,0,1
open_dense,25,diagnostic,churn,305419896,10000,100000,33076,9947,0.006347656,local,8,8,1,0,9,14,2,14,1,0,2
open_dense,25,diagnostic,churn,305419896,10000,100000,40088,9959,0.015380859,direct,0,0,0,0,0,14,0,14,1,0,1
open_dense,25,diagnostic,churn,305419896,10000,100000,40307,9969,0.0078125,direct,0,0,0,0,0,12,0,12,2,0,1
open_dense,25,diagnostic,churn,305419896,10000,100000,40431,9968,0.0078125,direct,0,0,0,0,0,14,2,14,2,0,1
open_dense,25,diagnostic,churn,305419896,10000,100000,40550,9966,0.0078125,direct,0,0,0,0,0,12,0,12,1,0,1
open_dense,25,diagnostic,churn,305419896,10000,100000,40793,9952,0.0078125,direct,0,0,0,0,0,13,0,13,1,0,1
open_dense,25,diagnostic,churn,305419896,10000,100000,41071,9946,0.01171875,direct,0,0,0,0,0,15,1,15,1,0,1
open_dense,25,diagnostic,churn,305419896,10000,100000,49146,10005,0.004638672,local,8,8,1,0,9,13,0,13,1,0,2
open_dense,25,diagnostic,churn,305419896,10000,100000,50507,10013,0.008300781,direct,0,0,0,0,0,12,0,12,4,0,1
open_dense,25,diagnostic,churn,305419896,10000,100000,50521,10014,0.014160156,direct,0,0,0,0,0,13,0,13,1,0,1
open_dense,25,diagnostic,churn,305419896,10000,100000,50536,10013,0.011230469,direct,0,0,0,0,0,15,1,15,1,0,1
open_dense,25,diagnostic,churn,305419896,10000,100000,51052,9988,0.215820312,direct,0,0,0,0,0,13,2,13,1,0,1
open_dense,25,diagnostic,churn,305419896,10000,100000,51392,10005,0.00390625,local,8,8,1,0,9,13,1,13,1,0,2
open_dense,25,diagnostic,churn,305419896,10000,100000,59863,9954,0.004638672,local,8,8,1,0,9,14,0,14,1,0,2
open_dense,25,diagnostic,churn,305419896,10000,100000,61496,9946,0.0078125,direct,0,0,0,0,0,15,2,15,2,0,1
open_dense,25,diagnostic,churn,305419896,10000,100000,61707,9951,0.007568359,local,8,8,1,0,9,13,2,13,1,0,2
open_dense,25,diagnostic,churn,305419896,10000,100000,62014,9958,0.010742188,local,8,8,1,0,9,12,0,12,1,0,3
open_dense,25,diagnostic,churn,305419896,10000,100000,62183,9957,0.006591797,local,8,8,1,0,9,12,0,12,1,0,2
open_dense,25,diagnostic,churn,305419896,10000,100000,63526,9930,0.022705078,direct,0,0,0,0,0,13,0,13,1,0,1
open_dense,25,diagnostic,churn,305419896,10000,100000,63617,9930,0.012939453,direct,0,0,0,0,0,14,0,14,1,0,1
open_dense,25,diagnostic,churn,305419896,10000,100000,63889,9929,0.086669922,direct,0,0,0,0,0,11,0,11,2,0,1
open_dense,25,diagnostic,churn,305419896,10000,100000,64179,9947,0.012695312,local,8,8,1,0,9,15,2,15,1,0,3
open_dense,25,diagnostic,churn,305419896,10000,100000,65043,9952,0.005371094,local,8,8,1,0,9,14,1,14,1,0,2
open_dense,25,diagnostic,churn,305419896,10000,100000,67711,9956,0.008789062,direct,0,0,0,0,0,14,0,14,1,0,1
open_dense,25,diagnostic,churn,305419896,10000,100000,68502,9967,0.005859375,local,8,8,1,0,9,13,1,13,1,0,2
open_dense,25,diagnostic,churn,305419896,10000,100000,68520,9970,0.003662109,local,8,8,1,0,9,13,0,13,1,0,2
open_dense,25,diagnostic,churn,305419896,10000,100000,68549,9971,0.00390625,local,8,8,1,0,9,14,0,14,1,0,2
open_dense,25,diagnostic,churn,305419896,10000,100000,69142,9971,0.004150391,local,8,8,1,0,9,13,0,13,1,0,2
open_dense,25,diagnostic,churn,305419896,10000,100000,71059,9949,0.020996094,direct,0,0,0,0,0,14,0,14,3,0,1
open_dense,25,diagnostic,churn,305419896,10000,100000,71075,9950,0.008789062,direct,0,0,0,0,0,15,1,15,1,0,1
open_dense,25,diagnostic,churn,305419896,10000,100000,76900,10001,0.003662109,local,8,8,1,0,9,15,1,15,1,0,2
open_dense,25,diagnostic,churn,305419896,10000,100000,80244,10047,0.004150391,local,8,8,1,0,9,13,0,13,1,0,2
open_dense,25,diagnostic,churn,305419896,10000,100000,85077,10124,0.003417969,local,8,8,1,0,9,12,0,12,1,0,2
open_dense,25,diagnostic,churn,305419896,10000,100000,85780,10126,0.003417969,local,8,8,1,0,9,14,1,14,1,0,2
open_dense,25,diagnostic,churn,305419896,10000,100000,87423,10112,0.003662109,local,8,8,1,0,9,14,0,14,1,0,2
open_dense,25,diagnostic,churn,305419896,10000,100000,88638,10099,0.027099609,direct,0,0,0,0,0,12,0,12,4,0,1
open_dense,25,diagnostic,churn,305419896,10000,100000,89801,10103,0.178710938,local,8,8,1,0,9,14,1,14,1,0,3
open_dense,25,diagnostic,churn,305419896,10000,100000,90030,10104,0.003417969,local,8,8,1,0,9,13,0,13,1,0,2
open_dense,25,diagnostic,churn,305419896,10000,100000,90774,10146,0.003662109,local,8,8,1,0,9,14,1,14,1,0,2
open_dense,25,diagnostic,churn,305419896,10000,100000,94656,10131,0.003417969,local,8,8,1,0,9,11,0,11,1,0,2
open_dense,25,diagnostic,churn,305419896,10000,100000,94938,10127,0.003417969,local,8,8,1,0,9,13,0,13,1,0,2
open_dense,25,diagnostic,churn,305419896,10000,100000,97597,10087,0.005371094,local,8,8,1,0,9,14,2,14,1,0,2
baseline,26,timed,churn,2654435769,10000,100000,853,9997,0.008789062,unavailable,0,0,0,0,0,0,0,0,2,0,1
baseline,26,timed,churn,2654435769,10000,100000,2682,10005,0.007324219,unavailable,0,0,0,0,0,0,0,0,2,0,1
baseline,26,timed,churn,2654435769,10000,100000,14398,9950,0.01171875,unavailable,0,0,0,0,0,0,0,0,1,0,1
baseline,26,timed,churn,2654435769,10000,100000,14401,9948,0.007568359,unavailable,0,0,0,0,0,0,0,0,2,0,1
baseline,26,timed,churn,2654435769,10000,100000,14404,9948,0.006591797,unavailable,0,0,0,0,0,0,0,0,3,0,1
baseline,26,timed,churn,2654435769,10000,100000,14500,9937,0.006347656,unavailable,0,0,0,0,0,0,0,0,2,0,1
baseline,26,timed,churn,2654435769,10000,100000,14507,9938,0.005615234,unavailable,0,0,0,0,0,0,0,0,4,0,1
baseline,26,timed,churn,2654435769,10000,100000,14515,9938,0.005615234,unavailable,0,0,0,0,0,0,0,0,4,0,1
baseline,26,timed,churn,2654435769,10000,100000,15502,9897,0.016113281,unavailable,0,0,0,0,0,0,0,0,1,0,1
baseline,26,timed,churn,2654435769,10000,100000,31129,9953,0.008789062,unavailable,0,0,0,0,0,0,0,0,1,0,1
baseline,26,timed,churn,2654435769,10000,100000,39600,9977,0.0078125,unavailable,0,0,0,0,0,0,0,0,1,0,1
baseline,26,timed,churn,2654435769,10000,100000,39892,9973,0.014648438,unavailable,0,0,0,0,0,0,0,0,1,0,1
baseline,26,timed,churn,2654435769,10000,100000,39955,9973,0.026855469,unavailable,0,0,0,0,0,0,0,0,3,0,1
baseline,26,timed,churn,2654435769,10000,100000,39956,9974,0.008544922,unavailable,0,0,0,0,0,0,0,0,3,0,1
baseline,26,timed,churn,2654435769,10000,100000,39958,9973,0.005615234,unavailable,0,0,0,0,0,0,0,0,2,0,1
baseline,26,timed,churn,2654435769,10000,100000,46569,9938,0.012939453,unavailable,0,0,0,0,0,0,0,0,3,0,1
baseline,26,timed,churn,2654435769,10000,100000,46688,9931,0.011230469,unavailable,0,0,0,0,0,0,0,0,1,0,1
baseline,26,timed,churn,2654435769,10000,100000,47550,9929,0.0078125,unavailable,0,0,0,0,0,0,0,0,2,0,1
baseline,26,timed,churn,2654435769,10000,100000,64696,10035,0.020507812,unavailable,0,0,0,0,0,0,0,0,1,0,1
baseline,26,timed,churn,2654435769,10000,100000,66286,10079,0.216796875,unavailable,0,0,0,0,0,0,0,0,1,0,1
baseline,26,timed,churn,2654435769,10000,100000,77041,10040,0.022705078,unavailable,0,0,0,0,0,0,0,0,1,0,1
baseline,26,timed,churn,2654435769,10000,100000,91609,10034,0.020263672,unavailable,0,0,0,0,0,0,0,0,6,0,1
baseline,26,timed,churn,2654435769,10000,100000,96009,10076,0.015380859,unavailable,0,0,0,0,0,0,0,0,2,0,1
baseline,26,timed,churn,2654435769,10000,100000,97175,10062,0.016113281,unavailable,0,0,0,0,0,0,0,0,4,0,1
baseline,26,timed,churn,2654435769,10000,100000,97402,10063,0.218505859,unavailable,0,0,0,0,0,0,0,0,2,0,1
baseline,26,diagnostic,churn,2654435769,10000,100000,1795,10005,0.016357422,direct,0,0,0,0,0,13,0,13,2,0,1
baseline,26,diagnostic,churn,2654435769,10000,100000,1839,10003,0.010986328,direct,0,0,0,0,0,13,0,13,2,0,1
baseline,26,diagnostic,churn,2654435769,10000,100000,19024,9862,0.037109375,direct,0,0,0,0,0,15,1,15,1,0,1
baseline,26,diagnostic,churn,2654435769,10000,100000,27739,9873,0.018798828,direct,0,0,0,0,0,14,1,14,2,0,1
baseline,26,diagnostic,churn,2654435769,10000,100000,33306,9994,0.022949219,direct,0,0,0,0,0,15,1,15,3,0,1
baseline,26,diagnostic,churn,2654435769,10000,100000,33959,9979,0.258056641,direct,0,0,0,0,0,14,1,14,1,0,1
baseline,26,diagnostic,churn,2654435769,10000,100000,39600,9977,0.008056641,local,8,8,1,0,9,15,2,15,1,0,2
baseline,26,diagnostic,churn,2654435769,10000,100000,40899,9963,0.042724609,direct,0,0,0,0,0,13,2,13,1,0,1
baseline,26,diagnostic,churn,2654435769,10000,100000,43874,9965,0.026611328,direct,0,0,0,0,0,14,0,14,2,0,1
baseline,26,diagnostic,churn,2654435769,10000,100000,44715,9924,0.005371094,local,8,8,1,0,9,15,2,15,1,0,2
baseline,26,diagnostic,churn,2654435769,10000,100000,45250,9935,0.003417969,local,8,8,1,0,9,14,0,14,1,0,2
baseline,26,diagnostic,churn,2654435769,10000,100000,50598,9935,0.003173828,local,8,8,1,0,9,15,1,15,1,0,2
baseline,26,diagnostic,churn,2654435769,10000,100000,51353,9933,0.00390625,local,8,8,1,0,9,14,1,14,1,0,2
baseline,26,diagnostic,churn,2654435769,10000,100000,54774,9998,0.003173828,local,8,8,1,0,9,14,0,14,1,0,2
baseline,26,diagnostic,churn,2654435769,10000,100000,57869,9996,0.003173828,local,8,8,1,0,9,14,0,14,1,0,2
baseline,26,diagnostic,churn,2654435769,10000,100000,62269,10000,0.018066406,direct,0,0,0,0,0,14,0,14,1,0,1
baseline,26,diagnostic,churn,2654435769,10000,100000,63653,10019,0.017578125,direct,0,0,0,0,0,14,2,14,3,0,1
baseline,26,diagnostic,churn,2654435769,10000,100000,63833,10014,0.003417969,local,8,8,1,0,9,14,2,14,1,0,2
baseline,26,diagnostic,churn,2654435769,10000,100000,63874,10021,0.241943359,direct,0,0,0,0,0,14,2,14,5,0,1
baseline,26,diagnostic,churn,2654435769,10000,100000,65281,10055,0.003173828,local,8,8,1,0,9,14,0,14,1,0,2
baseline,26,diagnostic,churn,2654435769,10000,100000,65563,10061,0.003417969,local,8,8,1,0,9,14,2,14,1,0,2
baseline,26,diagnostic,churn,2654435769,10000,100000,65997,10070,0.003173828,local,8,8,1,0,9,14,1,14,1,0,2
baseline,26,diagnostic,churn,2654435769,10000,100000,70412,10071,0.003417969,local,8,8,1,0,9,14,2,14,1,0,2
baseline,26,diagnostic,churn,2654435769,10000,100000,70664,10075,0.003173828,local,8,8,1,0,9,14,0,14,1,0,2
baseline,26,diagnostic,churn,2654435769,10000,100000,75111,10103,0.003417969,local,8,8,1,0,9,14,2,14,1,0,2
baseline,26,diagnostic,churn,2654435769,10000,100000,78323,10034,0.017333984,direct,0,0,0,0,0,14,1,14,3,0,1
baseline,26,diagnostic,churn,2654435769,10000,100000,78382,10033,0.01171875,direct,0,0,0,0,0,13,0,13,3,0,1
baseline,26,diagnostic,churn,2654435769,10000,100000,78520,10025,0.009277344,direct,0,0,0,0,0,14,0,14,6,0,1
baseline,26,diagnostic,churn,2654435769,10000,100000,78574,10026,0.008789062,direct,0,0,0,0,0,15,2,15,4,0,1
baseline,26,diagnostic,churn,2654435769,10000,100000,78978,10011,0.008544922,direct,0,0,0,0,0,12,0,12,1,0,1
baseline,26,diagnostic,churn,2654435769,10000,100000,79026,10001,0.011962891,direct,0,0,0,0,0,14,1,14,2,0,1
baseline,26,diagnostic,churn,2654435769,10000,100000,80235,10008,0.003173828,local,8,8,1,0,9,14,0,14,1,0,2
baseline,26,diagnostic,churn,2654435769,10000,100000,80496,10007,0.003173828,local,8,8,1,0,9,15,1,15,1,0,2
baseline,26,diagnostic,churn,2654435769,10000,100000,80901,9995,0.003173828,local,8,8,1,0,9,13,0,13,1,0,2
baseline,26,diagnostic,churn,2654435769,10000,100000,85426,10001,0.009033203,direct,0,0,0,0,0,14,2,14,3,0,1
baseline,26,diagnostic,churn,2654435769,10000,100000,85999,10009,0.011230469,direct,0,0,0,0,0,13,0,13,2,0,1
baseline,26,diagnostic,churn,2654435769,10000,100000,86220,10000,0.008544922,direct,0,0,0,0,0,14,1,14,3,0,1
baseline,26,diagnostic,churn,2654435769,10000,100000,86748,10027,0.009277344,direct,0,0,0,0,0,14,2,14,2,0,1
baseline,26,diagnostic,churn,2654435769,10000,100000,87328,10022,0.009521484,direct,0,0,0,0,0,14,0,14,5,0,1
baseline,26,diagnostic,churn,2654435769,10000,100000,88755,10008,0.009277344,direct,0,0,0,0,0,13,1,13,2,0,1
baseline,26,diagnostic,churn,2654435769,10000,100000,89530,9984,0.003173828,local,8,8,1,0,9,14,2,14,1,0,2
baseline,26,diagnostic,churn,2654435769,10000,100000,90361,10024,0.003662109,local,8,8,1,0,9,14,2,14,1,0,2
baseline,26,diagnostic,churn,2654435769,10000,100000,90993,10038,0.004394531,local,8,8,1,0,9,15,1,15,1,0,2
baseline,26,diagnostic,churn,2654435769,10000,100000,91686,10023,0.015625,direct,0,0,0,0,0,14,1,14,3,0,1
baseline,26,diagnostic,churn,2654435769,10000,100000,91882,10035,0.253662109,direct,0,0,0,0,0,12,0,12,5,0,1
baseline,26,diagnostic,churn,2654435769,10000,100000,93399,10070,0.003417969,local,8,8,1,0,9,13,0,13,1,0,2
baseline,26,diagnostic,churn,2654435769,10000,100000,95455,10065,0.003173828,local,8,8,1,0,9,13,0,13,1,0,2
baseline,26,diagnostic,churn,2654435769,10000,100000,95880,10074,0.003173828,local,8,8,1,0,9,13,0,13,1,0,2
baseline,26,diagnostic,churn,2654435769,10000,100000,97171,10062,0.003173828,local,8,8,1,0,9,12,0,12,1,0,2
baseline,26,diagnostic,churn,2654435769,10000,100000,98714,10125,0.007324219,local,8,8,1,0,9,13,0,13,1,0,2
open_dense,26,timed,churn,2654435769,10000,100000,1369,10028,0.022949219,unavailable,0,0,0,0,0,0,0,0,2,0,1
open_dense,26,timed,churn,2654435769,10000,100000,6699,10032,0.016113281,unavailable,0,0,0,0,0,0,0,0,2,0,1
open_dense,26,timed,churn,2654435769,10000,100000,6741,10027,0.016113281,unavailable,0,0,0,0,0,0,0,0,4,0,1
open_dense,26,timed,churn,2654435769,10000,100000,30458,9921,0.020996094,unavailable,0,0,0,0,0,0,0,0,3,0,1
open_dense,26,timed,churn,2654435769,10000,100000,31129,9953,0.008789062,unavailable,0,0,0,0,0,0,0,0,1,0,1
open_dense,26,timed,churn,2654435769,10000,100000,40550,9956,0.011962891,unavailable,0,0,0,0,0,0,0,0,3,0,1
open_dense,26,timed,churn,2654435769,10000,100000,55257,9948,0.048828125,unavailable,0,0,0,0,0,0,0,0,1,0,1
open_dense,26,timed,churn,2654435769,10000,100000,55258,9949,0.010009766,unavailable,0,0,0,0,0,0,0,0,2,0,1
open_dense,26,timed,churn,2654435769,10000,100000,56662,9964,0.008789062,unavailable,0,0,0,0,0,0,0,0,1,0,1
open_dense,26,timed,churn,2654435769,10000,100000,58953,9985,0.009277344,unavailable,0,0,0,0,0,0,0,0,1,0,1
open_dense,26,timed,churn,2654435769,10000,100000,60613,10006,0.010986328,unavailable,0,0,0,0,0,0,0,0,1,0,1
open_dense,26,timed,churn,2654435769,10000,100000,70307,10064,0.020507812,unavailable,0,0,0,0,0,0,0,0,1,0,1
open_dense,26,timed,churn,2654435769,10000,100000,83805,10017,0.017089844,unavailable,0,0,0,0,0,0,0,0,1,0,1
open_dense,26,timed,churn,2654435769,10000,100000,87743,10018,0.010742188,unavailable,0,0,0,0,0,0,0,0,2,0,1
open_dense,26,timed,churn,2654435769,10000,100000,87747,10017,0.033691406,unavailable,0,0,0,0,0,0,0,0,3,0,1
open_dense,26,timed,churn,2654435769,10000,100000,88775,10009,0.055908203,unavailable,0,0,0,0,0,0,0,0,4,0,1
open_dense,26,timed,churn,2654435769,10000,100000,89025,10019,0.053955078,unavailable,0,0,0,0,0,0,0,0,2,0,1
open_dense,26,timed,churn,2654435769,10000,100000,90857,10027,0.051269531,unavailable,0,0,0,0,0,0,0,0,1,0,1
open_dense,26,timed,churn,2654435769,10000,100000,91099,10035,0.037109375,unavailable,0,0,0,0,0,0,0,0,1,0,1
open_dense,26,timed,churn,2654435769,10000,100000,93836,10069,0.072021484,unavailable,0,0,0,0,0,0,0,0,2,0,1
open_dense,26,timed,churn,2654435769,10000,100000,94829,10052,0.015380859,unavailable,0,0,0,0,0,0,0,0,2,0,1
open_dense,26,timed,churn,2654435769,10000,100000,95516,10062,0.009765625,unavailable,0,0,0,0,0,0,0,0,1,0,1
open_dense,26,timed,churn,2654435769,10000,100000,95569,10067,0.008544922,unavailable,0,0,0,0,0,0,0,0,2,0,1
open_dense,26,timed,churn,2654435769,10000,100000,97404,10064,0.011474609,unavailable,0,0,0,0,0,0,0,0,2,0,1
open_dense,26,timed,churn,2654435769,10000,100000,98760,10124,0.013183594,unavailable,0,0,0,0,0,0,0,0,3,0,1
open_dense,26,diagnostic,churn,2654435769,10000,100000,16472,9883,0.004150391,direct,0,0,0,0,0,15,2,15,2,0,1
open_dense,26,diagnostic,churn,2654435769,10000,100000,19025,9863,0.027099609,direct,0,0,0,0,0,15,2,15,5,0,1
open_dense,26,diagnostic,churn,2654435769,10000,100000,30136,9935,0.00390625,direct,0,0,0,0,0,13,0,13,1,0,1
open_dense,26,diagnostic,churn,2654435769,10000,100000,30672,9930,0.010498047,direct,0,0,0,0,0,12,0,12,2,0,1
open_dense,26,diagnostic,churn,2654435769,10000,100000,39600,9977,0.008789062,local,8,8,1,0,9,15,2,15,1,0,3
open_dense,26,diagnostic,churn,2654435769,10000,100000,44715,9924,0.004150391,local,8,8,1,0,9,15,2,15,1,0,3
open_dense,26,diagnostic,churn,2654435769,10000,100000,47457,9920,0.010253906,local,8,8,1,0,9,15,2,15,1,0,3
open_dense,26,diagnostic,churn,2654435769,10000,100000,49620,9932,0.004394531,direct,0,0,0,0,0,13,0,13,1,0,1
open_dense,26,diagnostic,churn,2654435769,10000,100000,50598,9935,0.004150391,local,8,8,1,0,9,15,1,15,1,0,3
open_dense,26,diagnostic,churn,2654435769,10000,100000,51353,9933,0.003662109,local,8,8,1,0,9,14,1,14,1,0,2
open_dense,26,diagnostic,churn,2654435769,10000,100000,55755,9962,0.00390625,direct,0,0,0,0,0,14,1,14,4,0,1
open_dense,26,diagnostic,churn,2654435769,10000,100000,57869,9996,0.003417969,local,8,8,1,0,9,14,0,14,1,0,2
open_dense,26,diagnostic,churn,2654435769,10000,100000,60445,10006,0.004394531,direct,0,0,0,0,0,14,0,14,3,0,1
open_dense,26,diagnostic,churn,2654435769,10000,100000,60640,10014,0.006835938,direct,0,0,0,0,0,15,2,15,1,0,1
open_dense,26,diagnostic,churn,2654435769,10000,100000,63833,10014,0.003417969,local,8,8,1,0,9,14,2,14,1,0,2
open_dense,26,diagnostic,churn,2654435769,10000,100000,64067,10029,0.00390625,direct,0,0,0,0,0,13,0,13,5,0,1
open_dense,26,diagnostic,churn,2654435769,10000,100000,65563,10061,0.003417969,local,8,8,1,0,9,14,2,14,1,0,2
open_dense,26,diagnostic,churn,2654435769,10000,100000,65972,10069,0.004394531,direct,0,0,0,0,0,14,1,14,3,0,1
open_dense,26,diagnostic,churn,2654435769,10000,100000,68173,10054,0.00390625,direct,0,0,0,0,0,13,0,13,1,0,1
open_dense,26,diagnostic,churn,2654435769,10000,100000,70814,10075,0.003173828,local,8,8,1,0,9,13,0,13,1,0,2
open_dense,26,diagnostic,churn,2654435769,10000,100000,74098,10093,0.00390625,direct,0,0,0,0,0,14,1,14,2,0,1
open_dense,26,diagnostic,churn,2654435769,10000,100000,75111,10103,0.003173828,local,8,8,1,0,9,14,2,14,1,0,2
open_dense,26,diagnostic,churn,2654435769,10000,100000,75684,10093,0.004638672,local,8,8,1,0,9,15,1,15,1,0,3
open_dense,26,diagnostic,churn,2654435769,10000,100000,76232,10080,0.004150391,direct,0,0,0,0,0,13,0,13,1,0,1
open_dense,26,diagnostic,churn,2654435769,10000,100000,77988,10030,0.005371094,direct,0,0,0,0,0,13,0,13,1,0,1
open_dense,26,diagnostic,churn,2654435769,10000,100000,78876,10012,0.004882812,local,8,8,1,0,9,13,1,13,1,0,3
open_dense,26,diagnostic,churn,2654435769,10000,100000,80235,10008,0.003173828,local,8,8,1,0,9,14,0,14,1,0,2
open_dense,26,diagnostic,churn,2654435769,10000,100000,80496,10007,0.004638672,local,8,8,1,0,9,15,1,15,1,0,3
open_dense,26,diagnostic,churn,2654435769,10000,100000,80901,9995,0.003417969,local,8,8,1,0,9,13,0,13,1,0,2
open_dense,26,diagnostic,churn,2654435769,10000,100000,83447,10008,0.003173828,local,8,8,1,0,9,15,2,15,1,0,2
open_dense,26,diagnostic,churn,2654435769,10000,100000,85501,10018,0.003173828,local,8,8,1,0,9,13,1,13,1,0,2
open_dense,26,diagnostic,churn,2654435769,10000,100000,86722,10028,0.003173828,local,8,8,1,0,9,14,0,14,1,0,2
open_dense,26,diagnostic,churn,2654435769,10000,100000,89530,9984,0.003417969,local,8,8,1,0,9,14,2,14,1,0,2
open_dense,26,diagnostic,churn,2654435769,10000,100000,90361,10024,0.003662109,local,8,8,1,0,9,14,2,14,1,0,2
open_dense,26,diagnostic,churn,2654435769,10000,100000,90993,10038,0.003417969,local,8,8,1,0,9,15,1,15,1,0,2
open_dense,26,diagnostic,churn,2654435769,10000,100000,92721,10048,0.004150391,direct,0,0,0,0,0,13,0,13,1,0,1
open_dense,26,diagnostic,churn,2654435769,10000,100000,94877,10051,0.004150391,direct,0,0,0,0,0,13,0,13,1,0,1
open_dense,26,diagnostic,churn,2654435769,10000,100000,95455,10065,0.003417969,local,8,8,1,0,9,13,0,13,1,0,2
open_dense,26,diagnostic,churn,2654435769,10000,100000,97033,10072,0.003173828,local,8,8,1,0,9,14,0,14,1,0,2
open_dense,26,diagnostic,churn,2654435769,10000,100000,98714,10125,0.004882812,local,8,8,1,0,9,13,0,13,1,0,3
open_dense,26,diagnostic,churn,2654435769,10000,100000,98841,10117,0.006347656,direct,0,0,0,0,0,13,0,13,1,0,1
open_dense,26,diagnostic,churn,2654435769,10000,100000,99480,10111,0.003417969,local,8,8,1,0,9,14,2,14,1,0,2
baseline,27,timed,churn,826366246,10000,100000,3138,10069,0.059082031,unavailable,0,0,0,0,0,0,0,0,2,0,1
baseline,27,timed,churn,826366246,10000,100000,16921,9946,0.05859375,unavailable,0,0,0,0,0,0,0,0,3,0,1
baseline,27,timed,churn,826366246,10000,100000,24580,9962,0.058837891,unavailable,0,0,0,0,0,0,0,0,1,0,1
baseline,27,timed,churn,826366246,10000,100000,31134,9928,0.1640625,unavailable,0,0,0,0,0,0,0,0,2,0,1
baseline,27,timed,churn,826366246,10000,100000,31847,9929,0.05859375,unavailable,0,0,0,0,0,0,0,0,3,0,1
baseline,27,timed,churn,826366246,10000,100000,32893,9901,0.045410156,unavailable,0,0,0,0,0,0,0,0,3,0,1
baseline,27,timed,churn,826366246,10000,100000,43720,9926,0.068115234,unavailable,0,0,0,0,0,0,0,0,6,0,1
baseline,27,timed,churn,826366246,10000,100000,44636,9959,0.051513672,unavailable,0,0,0,0,0,0,0,0,3,0,1
baseline,27,timed,churn,826366246,10000,100000,47943,9973,0.064453125,unavailable,0,0,0,0,0,0,0,0,1,0,1
baseline,27,timed,churn,826366246,10000,100000,48911,9966,0.051025391,unavailable,0,0,0,0,0,0,0,0,4,0,1
baseline,27,timed,churn,826366246,10000,100000,51191,9902,0.051025391,unavailable,0,0,0,0,0,0,0,0,2,0,1
baseline,27,timed,churn,826366246,10000,100000,51506,9891,0.046875,unavailable,0,0,0,0,0,0,0,0,2,0,1
baseline,27,timed,churn,826366246,10000,100000,61843,9903,0.068115234,unavailable,0,0,0,0,0,0,0,0,1,0,1
baseline,27,timed,churn,826366246,10000,100000,62472,9921,0.050292969,unavailable,0,0,0,0,0,0,0,0,2,0,1
baseline,27,timed,churn,826366246,10000,100000,65790,9978,0.068115234,unavailable,0,0,0,0,0,0,0,0,4,0,1
baseline,27,timed,churn,826366246,10000,100000,66657,9974,0.309570312,unavailable,0,0,0,0,0,0,0,0,1,0,1
baseline,27,timed,churn,826366246,10000,100000,72232,9979,0.064453125,unavailable,0,0,0,0,0,0,0,0,1,0,1
baseline,27,timed,churn,826366246,10000,100000,76563,9940,0.307373047,unavailable,0,0,0,0,0,0,0,0,3,0,1
baseline,27,timed,churn,826366246,10000,100000,77193,9934,0.050292969,unavailable,0,0,0,0,0,0,0,0,2,0,1
baseline,27,timed,churn,826366246,10000,100000,82944,9979,0.066162109,unavailable,0,0,0,0,0,0,0,0,2,0,1
baseline,27,timed,churn,826366246,10000,100000,87377,10012,0.065673828,unavailable,0,0,0,0,0,0,0,0,3,0,1
baseline,27,timed,churn,826366246,10000,100000,88307,10017,0.050537109,unavailable,0,0,0,0,0,0,0,0,3,0,1
baseline,27,timed,churn,826366246,10000,100000,90276,10042,0.051025391,unavailable,0,0,0,0,0,0,0,0,4,0,1
baseline,27,timed,churn,826366246,10000,100000,90565,10047,0.046386719,unavailable,0,0,0,0,0,0,0,0,1,0,1
baseline,27,timed,churn,826366246,10000,100000,94401,10017,0.290283203,unavailable,0,0,0,0,0,0,0,0,6,0,1
baseline,27,diagnostic,churn,826366246,10000,100000,2161,10049,0.029541016,direct,0,0,0,0,0,14,0,14,2,0,1
baseline,27,diagnostic,churn,826366246,10000,100000,3426,10072,0.007568359,direct,0,0,0,0,0,14,0,14,1,0,1
baseline,27,diagnostic,churn,826366246,10000,100000,8171,10010,0.009033203,direct,0,0,0,0,0,14,1,14,3,0,1
baseline,27,diagnostic,churn,826366246,10000,100000,14293,9998,0.007568359,direct,0,0,0,0,0,15,1,15,1,0,1
baseline,27,diagnostic,churn,826366246,10000,100000,15795,9969,0.024902344,direct,0,0,0,0,0,13,0,13,3,0,1
baseline,27,diagnostic,churn,826366246,10000,100000,16659,9949,0.05078125,direct,0,0,0,0,0,15,1,15,3,0,1
baseline,27,diagnostic,churn,826366246,10000,100000,27524,9974,0.006591797,local,8,8,1,0,9,14,1,14,1,0,3
baseline,27,diagnostic,churn,826366246,10000,100000,32115,9920,0.00390625,local,8,8,1,0,9,14,1,14,1,0,2
baseline,27,diagnostic,churn,826366246,10000,100000,32258,9909,0.007324219,direct,0,0,0,0,0,14,0,14,1,0,1
baseline,27,diagnostic,churn,826366246,10000,100000,33160,9906,0.00390625,local,8,8,1,0,9,14,2,14,1,0,2
baseline,27,diagnostic,churn,826366246,10000,100000,35839,9925,0.008544922,direct,0,0,0,0,0,14,1,14,2,0,1
baseline,27,diagnostic,churn,826366246,10000,100000,47673,9967,0.0078125,direct,0,0,0,0,0,14,0,14,1,0,1
baseline,27,diagnostic,churn,826366246,10000,100000,47675,9967,0.008789062,direct,0,0,0,0,0,14,1,14,4,0,1
baseline,27,diagnostic,churn,826366246,10000,100000,48941,9958,0.009277344,direct,0,0,0,0,0,14,2,14,3,0,1
baseline,27,diagnostic,churn,826366246,10000,100000,50069,9950,0.277832031,direct,0,0,0,0,0,14,2,14,3,0,1
baseline,27,diagnostic,churn,826366246,10000,100000,50701,9942,0.00390625,local,8,8,1,0,9,15,2,15,1,0,2
baseline,27,diagnostic,churn,826366246,10000,100000,51533,9891,0.003417969,local,8,8,1,0,9,14,0,14,1,0,2
baseline,27,diagnostic,churn,826366246,10000,100000,60182,9917,0.017578125,direct,0,0,0,0,0,14,0,14,6,0,1
baseline,27,diagnostic,churn,826366246,10000,100000,60184,9918,0.007568359,direct,0,0,0,0,0,13,2,13,2,0,1
baseline,27,diagnostic,churn,826366246,10000,100000,60597,9926,0.004150391,local,8,8,1,0,9,13,2,13,1,0,2
baseline,27,diagnostic,churn,826366246,10000,100000,61606,9915,0.060302734,direct,0,0,0,0,0,13,0,13,1,0,1
baseline,27,diagnostic,churn,826366246,10000,100000,61607,9916,0.0078125,direct,0,0,0,0,0,13,0,13,2,0,1
baseline,27,diagnostic,churn,826366246,10000,100000,62184,9898,0.004150391,local,8,8,1,0,9,14,2,14,1,0,2
baseline,27,diagnostic,churn,826366246,10000,100000,63293,9947,0.003417969,local,8,8,1,0,9,14,0,14,1,0,2
baseline,27,diagnostic,churn,826366246,10000,100000,70074,10001,0.003417969,local,8,8,1,0,9,14,1,14,1,0,2
baseline,27,diagnostic,churn,826366246,10000,100000,72623,9957,0.004150391,local,8,8,1,0,9,14,2,14,1,0,2
baseline,27,diagnostic,churn,826366246,10000,100000,75433,9951,0.013916016,direct,0,0,0,0,0,14,2,14,3,0,1
baseline,27,diagnostic,churn,826366246,10000,100000,75770,9943,0.009765625,local,8,8,1,0,9,15,2,15,1,0,3
baseline,27,diagnostic,churn,826366246,10000,100000,76696,9922,0.007324219,direct,0,0,0,0,0,12,0,12,1,0,1
baseline,27,diagnostic,churn,826366246,10000,100000,76834,9935,0.003417969,local,8,8,1,0,9,13,0,13,1,0,2
baseline,27,diagnostic,churn,826366246,10000,100000,78731,9955,0.029052734,direct,0,0,0,0,0,14,2,14,2,0,1
baseline,27,diagnostic,churn,826366246,10000,100000,79795,9961,0.003417969,local,8,8,1,0,9,13,0,13,1,0,2
baseline,27,diagnostic,churn,826366246,10000,100000,81293,9978,0.003417969,local,8,8,1,0,9,14,0,14,1,0,2
baseline,27,diagnostic,churn,826366246,10000,100000,81640,9977,0.003417969,local,8,8,1,0,9,14,1,14,1,0,2
baseline,27,diagnostic,churn,826366246,10000,100000,86444,10009,0.006347656,local,8,8,1,0,9,12,0,12,1,0,2
baseline,27,diagnostic,churn,826366246,10000,100000,86498,10005,0.004394531,local,8,8,1,0,9,14,1,14,1,0,2
baseline,27,diagnostic,churn,826366246,10000,100000,86648,9991,0.005615234,local,8,8,1,0,9,14,0,14,1,0,2
baseline,27,diagnostic,churn,826366246,10000,100000,87313,9997,0.006347656,local,8,8,1,0,9,13,0,13,1,0,3
baseline,27,diagnostic,churn,826366246,10000,100000,91666,10027,0.00390625,local,8,8,1,0,9,14,0,14,1,0,2
baseline,27,diagnostic,churn,826366246,10000,100000,92073,10043,0.006835938,local,16,24,1,1,26,14,0,14,1,0,3
baseline,27,diagnostic,churn,826366246,10000,100000,92156,10043,0.007324219,local,8,8,1,0,9,13,0,13,1,0,3
baseline,27,diagnostic,churn,826366246,10000,100000,94632,10014,0.003173828,local,8,8,1,0,9,12,0,12,1,0,2
baseline,27,diagnostic,churn,826366246,10000,100000,95813,10022,0.003417969,local,8,8,1,0,9,14,1,14,1,0,2
baseline,27,diagnostic,churn,826366246,10000,100000,97322,10032,0.01171875,direct,0,0,0,0,0,14,0,14,2,0,1
baseline,27,diagnostic,churn,826366246,10000,100000,99839,10071,0.003173828,local,8,8,1,0,9,13,0,13,1,0,2
open_dense,27,timed,churn,826366246,10000,100000,4994,10110,0.017578125,unavailable,0,0,0,0,0,0,0,0,2,0,1
open_dense,27,timed,churn,826366246,10000,100000,6090,10092,0.03125,unavailable,0,0,0,0,0,0,0,0,1,0,1
open_dense,27,timed,churn,826366246,10000,100000,21188,9931,0.027587891,unavailable,0,0,0,0,0,0,0,0,1,0,1
open_dense,27,timed,churn,826366246,10000,100000,21575,9942,0.012695312,unavailable,0,0,0,0,0,0,0,0,2,0,1
open_dense,27,timed,churn,826366246,10000,100000,21882,9935,0.008789062,unavailable,0,0,0,0,0,0,0,0,1,0,1
open_dense,27,timed,churn,826366246,10000,100000,24164,9956,0.025634766,unavailable,0,0,0,0,0,0,0,0,2,0,1
open_dense,27,timed,churn,826366246,10000,100000,27524,9974,0.008300781,unavailable,0,0,0,0,0,0,0,0,1,0,1
open_dense,27,timed,churn,826366246,10000,100000,30746,9924,0.009033203,unavailable,0,0,0,0,0,0,0,0,4,0,1
open_dense,27,timed,churn,826366246,10000,100000,30993,9931,0.014892578,unavailable,0,0,0,0,0,0,0,0,2,0,1
open_dense,27,timed,churn,826366246,10000,100000,31113,9930,0.008544922,unavailable,0,0,0,0,0,0,0,0,2,0,1
open_dense,27,timed,churn,826366246,10000,100000,31636,9939,0.0078125,unavailable,0,0,0,0,0,0,0,0,2,0,1
open_dense,27,timed,churn,826366246,10000,100000,37922,9951,0.027099609,unavailable,0,0,0,0,0,0,0,0,1,0,1
open_dense,27,timed,churn,826366246,10000,100000,39348,9951,0.014892578,unavailable,0,0,0,0,0,0,0,0,2,0,1
open_dense,27,timed,churn,826366246,10000,100000,41439,9912,0.048828125,unavailable,0,0,0,0,0,0,0,0,1,0,1
open_dense,27,timed,churn,826366246,10000,100000,41450,9916,0.008300781,unavailable,0,0,0,0,0,0,0,0,1,0,1
open_dense,27,timed,churn,826366246,10000,100000,41597,9931,0.012207031,unavailable,0,0,0,0,0,0,0,0,1,0,1
open_dense,27,timed,churn,826366246,10000,100000,52362,9877,0.115478516,unavailable,0,0,0,0,0,0,0,0,1,0,1
open_dense,27,timed,churn,826366246,10000,100000,53602,9875,0.012695312,unavailable,0,0,0,0,0,0,0,0,1,0,1
open_dense,27,timed,churn,826366246,10000,100000,62039,9904,0.008789062,unavailable,0,0,0,0,0,0,0,0,1,0,1
open_dense,27,timed,churn,826366246,10000,100000,66754,9979,0.058349609,unavailable,0,0,0,0,0,0,0,0,4,0,1
open_dense,27,timed,churn,826366246,10000,100000,70543,9979,0.186279297,unavailable,0,0,0,0,0,0,0,0,1,0,1
open_dense,27,timed,churn,826366246,10000,100000,81179,9973,0.034179688,unavailable,0,0,0,0,0,0,0,0,2,0,1
open_dense,27,timed,churn,826366246,10000,100000,92073,10043,0.009033203,unavailable,0,0,0,0,0,0,0,0,1,0,1
open_dense,27,timed,churn,826366246,10000,100000,97415,10028,0.036865234,unavailable,0,0,0,0,0,0,0,0,3,0,1
open_dense,27,timed,churn,826366246,10000,100000,99799,10063,0.008544922,unavailable,0,0,0,0,0,0,0,0,2,0,1
open_dense,27,diagnostic,churn,826366246,10000,100000,8123,10003,0.006103516,direct,0,0,0,0,0,13,1,13,3,0,1
open_dense,27,diagnostic,churn,826366246,10000,100000,8187,10012,0.013183594,direct,0,0,0,0,0,14,2,14,2,0,1
open_dense,27,diagnostic,churn,826366246,10000,100000,8189,10012,0.005615234,direct,0,0,0,0,0,14,0,14,2,0,1
open_dense,27,diagnostic,churn,826366246,10000,100000,8193,10010,0.005615234,direct,0,0,0,0,0,14,2,14,3,0,1
open_dense,27,diagnostic,churn,826366246,10000,100000,8401,10004,0.005859375,direct,0,0,0,0,0,14,2,14,3,0,1
open_dense,27,diagnostic,churn,826366246,10000,100000,15296,9998,0.114990234,direct,0,0,0,0,0,15,1,15,2,0,1
open_dense,27,diagnostic,churn,826366246,10000,100000,16660,9950,0.031982422,direct,0,0,0,0,0,12,0,12,1,0,1
open_dense,27,diagnostic,churn,826366246,10000,100000,17014,9947,0.013671875,direct,0,0,0,0,0,13,2,13,2,0,1
open_dense,27,diagnostic,churn,826366246,10000,100000,21002,9917,0.030273438,direct,0,0,0,0,0,13,0,13,2,0,1
open_dense,27,diagnostic,churn,826366246,10000,100000,22564,9931,0.021484375,direct,0,0,0,0,0,13,0,13,3,0,1
open_dense,27,diagnostic,churn,826366246,10000,100000,27524,9974,0.006835938,local,8,8,1,0,9,14,1,14,1,0,3
open_dense,27,diagnostic,churn,826366246,10000,100000,32115,9920,0.010009766,local,8,8,1,0,9,14,1,14,1,0,3
open_dense,27,diagnostic,churn,826366246,10000,100000,32349,9918,0.006347656,direct,0,0,0,0,0,14,0,14,1,0,1
open_dense,27,diagnostic,churn,826366246,10000,100000,33160,9906,0.003662109,local,8,8,1,0,9,14,2,14,1,0,2
open_dense,27,diagnostic,churn,826366246,10000,100000,35534,9918,0.024169922,direct,0,0,0,0,0,13,0,13,2,0,1
open_dense,27,diagnostic,churn,826366246,10000,100000,35751,9916,0.171386719,direct,0,0,0,0,0,15,1,15,1,0,1
open_dense,27,diagnostic,churn,826366246,10000,100000,36686,9939,0.003417969,local,8,8,1,0,9,14,0,14,1,0,2
open_dense,27,diagnostic,churn,826366246,10000,100000,46745,9957,0.090332031,direct,0,0,0,0,0,15,2,15,1,0,1
open_dense,27,diagnostic,churn,826366246,10000,100000,50701,9942,0.003417969,local,8,8,1,0,9,15,2,15,1,0,2
open_dense,27,diagnostic,churn,826366246,10000,100000,55079,9869,0.003417969,local,8,8,1,0,9,14,2,14,1,0,2
open_dense,27,diagnostic,churn,826366246,10000,100000,63293,9947,0.003417969,local,8,8,1,0,9,14,0,14,1,0,2
open_dense,27,diagnostic,churn,826366246,10000,100000,65775,9973,0.017822266,direct,0,0,0,0,0,14,0,14,2,0,1
open_dense,27,diagnostic,churn,826366246,10000,100000,67194,9994,0.225097656,direct,0,0,0,0,0,13,0,13,1,0,1
open_dense,27,diagnostic,churn,826366246,10000,100000,70074,10001,0.003417969,local,8,8,1,0,9,14,1,14,1,0,2
open_dense,27,diagnostic,churn,826366246,10000,100000,75770,9943,0.003417969,local,8,8,1,0,9,15,2,15,1,0,2
open_dense,27,diagnostic,churn,826366246,10000,100000,75816,9944,0.014892578,direct,0,0,0,0,0,14,1,14,2,0,1
open_dense,27,diagnostic,churn,826366246,10000,100000,76092,9951,0.014404297,direct,0,0,0,0,0,14,0,14,2,0,1
open_dense,27,diagnostic,churn,826366246,10000,100000,76834,9935,0.003417969,local,8,8,1,0,9,13,0,13,1,0,2
open_dense,27,diagnostic,churn,826366246,10000,100000,77400,9951,0.026855469,direct,0,0,0,0,0,13,0,13,1,0,1
open_dense,27,diagnostic,churn,826366246,10000,100000,79795,9961,0.003417969,local,8,8,1,0,9,13,0,13,1,0,2
open_dense,27,diagnostic,churn,826366246,10000,100000,80126,9946,0.010253906,direct,0,0,0,0,0,14,0,14,1,0,1
open_dense,27,diagnostic,churn,826366246,10000,100000,81640,9977,0.003417969,local,8,8,1,0,9,14,1,14,1,0,2
open_dense,27,diagnostic,churn,826366246,10000,100000,86444,10009,0.003662109,local,8,8,1,0,9,12,0,12,1,0,2
open_dense,27,diagnostic,churn,826366246,10000,100000,86498,10005,0.003417969,local,8,8,1,0,9,14,1,14,1,0,2
open_dense,27,diagnostic,churn,826366246,10000,100000,88293,10017,0.003173828,local,8,8,1,0,9,14,2,14,1,0,2
open_dense,27,diagnostic,churn,826366246,10000,100000,89614,10046,0.003173828,local,8,8,1,0,9,12,0,12,1,0,2
open_dense,27,diagnostic,churn,826366246,10000,100000,89621,10050,0.003173828,local,8,8,1,0,9,14,1,14,1,0,2
open_dense,27,diagnostic,churn,826366246,10000,100000,91666,10027,0.00390625,local,8,8,1,0,9,14,0,14,1,0,2
open_dense,27,diagnostic,churn,826366246,10000,100000,92073,10043,0.008300781,local,16,24,1,1,26,14,0,14,1,0,3
open_dense,27,diagnostic,churn,826366246,10000,100000,92156,10043,0.004150391,local,8,8,1,0,9,13,0,13,1,0,2
open_dense,27,diagnostic,churn,826366246,10000,100000,95269,10023,0.030029297,direct,0,0,0,0,0,12,0,12,4,0,1
open_dense,27,diagnostic,churn,826366246,10000,100000,95488,10016,0.228759766,direct,0,0,0,0,0,14,0,14,2,0,1
open_dense,27,diagnostic,churn,826366246,10000,100000,95813,10022,0.003173828,local,8,8,1,0,9,14,1,14,1,0,2
open_dense,27,diagnostic,churn,826366246,10000,100000,97243,10034,0.003417969,local,8,8,1,0,9,14,0,14,1,0,2
open_dense,27,diagnostic,churn,826366246,10000,100000,97575,10035,0.003173828,local,8,8,1,0,9,13,2,13,1,0,2
open_dense,27,diagnostic,churn,826366246,10000,100000,99124,10064,0.003173828,local,8,8,1,0,9,14,1,14,1,0,2
open_dense,27,diagnostic,churn,826366246,10000,100000,99839,10071,0.003173828,local,8,8,1,0,9,13,0,13,1,0,2
baseline,28,timed,churn,12648430,10000,100000,1863,9990,0.006591797,unavailable,0,0,0,0,0,0,0,0,2,0,1
baseline,28,timed,churn,12648430,10000,100000,2192,10010,0.025390625,unavailable,0,0,0,0,0,0,0,0,2,0,1
baseline,28,timed,churn,12648430,10000,100000,2193,10011,0.005615234,unavailable,0,0,0,0,0,0,0,0,1,0,1
baseline,28,timed,churn,12648430,10000,100000,2194,10012,0.005859375,unavailable,0,0,0,0,0,0,0,0,2,0,1
baseline,28,timed,churn,12648430,10000,100000,4108,9956,0.005371094,unavailable,0,0,0,0,0,0,0,0,2,0,1
baseline,28,timed,churn,12648430,10000,100000,20344,9930,0.007324219,unavailable,0,0,0,0,0,0,0,0,1,0,1
baseline,28,timed,churn,12648430,10000,100000,23938,9883,0.005371094,unavailable,0,0,0,0,0,0,0,0,5,0,1
baseline,28,timed,churn,12648430,10000,100000,29396,9921,0.00390625,unavailable,0,0,0,0,0,0,0,0,1,0,1
baseline,28,timed,churn,12648430,10000,100000,31955,9992,0.008300781,unavailable,0,0,0,0,0,0,0,0,3,0,1
baseline,28,timed,churn,12648430,10000,100000,39537,9994,0.007324219,unavailable,0,0,0,0,0,0,0,0,3,0,1
baseline,28,timed,churn,12648430,10000,100000,49327,10124,0.00390625,unavailable,0,0,0,0,0,0,0,0,1,0,1
baseline,28,timed,churn,12648430,10000,100000,57989,10159,0.00390625,unavailable,0,0,0,0,0,0,0,0,4,0,1
baseline,28,timed,churn,12648430,10000,100000,60250,10147,0.00390625,unavailable,0,0,0,0,0,0,0,0,1,0,1
baseline,28,timed,churn,12648430,10000,100000,63205,10185,0.004882812,unavailable,0,0,0,0,0,0,0,0,2,0,1
baseline,28,timed,churn,12648430,10000,100000,64238,10159,0.00390625,unavailable,0,0,0,0,0,0,0,0,1,0,1
baseline,28,timed,churn,12648430,10000,100000,68796,10200,0.004150391,unavailable,0,0,0,0,0,0,0,0,5,0,1
baseline,28,timed,churn,12648430,10000,100000,85944,10142,0.006347656,unavailable,0,0,0,0,0,0,0,0,2,0,1
baseline,28,timed,churn,12648430,10000,100000,86130,10150,0.005859375,unavailable,0,0,0,0,0,0,0,0,1,0,1
baseline,28,timed,churn,12648430,10000,100000,86186,10147,0.004150391,unavailable,0,0,0,0,0,0,0,0,2,0,1
baseline,28,timed,churn,12648430,10000,100000,88050,10146,0.00390625,unavailable,0,0,0,0,0,0,0,0,2,0,1
baseline,28,timed,churn,12648430,10000,100000,90495,10179,0.00390625,unavailable,0,0,0,0,0,0,0,0,3,0,1
baseline,28,timed,churn,12648430,10000,100000,91062,10168,0.004150391,unavailable,0,0,0,0,0,0,0,0,3,0,1
baseline,28,timed,churn,12648430,10000,100000,92415,10150,0.005615234,unavailable,0,0,0,0,0,0,0,0,2,0,1
baseline,28,timed,churn,12648430,10000,100000,94652,10141,0.00390625,unavailable,0,0,0,0,0,0,0,0,3,0,1
baseline,28,timed,churn,12648430,10000,100000,96600,10123,0.004150391,unavailable,0,0,0,0,0,0,0,0,5,0,1
baseline,28,diagnostic,churn,12648430,10000,100000,293,10025,0.011962891,direct,0,0,0,0,0,14,0,14,2,0,1
baseline,28,diagnostic,churn,12648430,10000,100000,355,10009,0.005371094,direct,0,0,0,0,0,15,1,15,2,0,1
baseline,28,diagnostic,churn,12648430,10000,100000,1879,9989,0.005615234,direct,0,0,0,0,0,14,0,14,2,0,1
baseline,28,diagnostic,churn,12648430,10000,100000,10037,9953,0.005859375,direct,0,0,0,0,0,15,1,15,4,0,1
baseline,28,diagnostic,churn,12648430,10000,100000,16557,9978,0.029785156,direct,0,0,0,0,0,13,1,13,3,0,1
baseline,28,diagnostic,churn,12648430,10000,100000,20344,9930,0.006835938,local,8,8,1,0,9,14,1,14,1,0,3
baseline,28,diagnostic,churn,12648430,10000,100000,29396,9921,0.004150391,local,8,8,1,0,9,14,1,14,1,0,2
baseline,28,diagnostic,churn,12648430,10000,100000,36078,9969,0.004150391,local,8,8,1,0,9,15,1,15,1,0,2
baseline,28,diagnostic,churn,12648430,10000,100000,42451,10027,0.004150391,local,8,8,1,0,9,14,1,14,1,0,2
baseline,28,diagnostic,churn,12648430,10000,100000,60621,10174,0.00390625,local,8,8,1,0,9,15,1,15,1,0,2
baseline,28,diagnostic,churn,12648430,10000,100000,61468,10227,0.019042969,local,8,8,1,0,9,14,0,14,1,0,3
baseline,28,diagnostic,churn,12648430,10000,100000,61479,10224,0.005859375,direct,0,0,0,0,0,13,2,13,4,0,1
baseline,28,diagnostic,churn,12648430,10000,100000,61538,10228,0.005859375,local,8,8,1,0,9,12,0,12,1,0,3
baseline,28,diagnostic,churn,12648430,10000,100000,61564,10233,0.006103516,local,8,8,1,0,9,13,0,13,1,0,3
baseline,28,diagnostic,churn,12648430,10000,100000,64953,10160,0.00390625,local,8,8,1,0,9,14,1,14,1,0,2
baseline,28,diagnostic,churn,12648430,10000,100000,68712,10202,0.00390625,local,8,8,1,0,9,14,0,14,1,0,2
baseline,28,diagnostic,churn,12648430,10000,100000,80533,10103,0.003662109,local,8,8,1,0,9,13,2,13,1,0,2
baseline,28,diagnostic,churn,12648430,10000,100000,82854,10115,1.047363281,direct,0,0,0,0,0,13,0,13,1,0,1
baseline,28,diagnostic,churn,12648430,10000,100000,82855,10116,0.013671875,direct,0,0,0,0,0,14,2,14,5,0,1
baseline,28,diagnostic,churn,12648430,10000,100000,82857,10115,0.005371094,direct,0,0,0,0,0,15,1,15,1,0,1
baseline,28,diagnostic,churn,12648430,10000,100000,82864,10117,0.005859375,direct,0,0,0,0,0,14,2,14,5,0,1
baseline,28,diagnostic,churn,12648430,10000,100000,83062,10123,0.005859375,direct,0,0,0,0,0,14,2,14,6,0,1
baseline,28,diagnostic,churn,12648430,10000,100000,83201,10114,0.004638672,local,8,8,1,0,9,14,2,14,1,0,2
baseline,28,diagnostic,churn,12648430,10000,100000,83482,10134,0.010009766,direct,0,0,0,0,0,15,1,15,1,0,1
baseline,28,diagnostic,churn,12648430,10000,100000,84724,10128,0.007080078,direct,0,0,0,0,0,14,0,14,3,0,1
baseline,28,diagnostic,churn,12648430,10000,100000,84874,10146,0.009033203,local,8,8,1,0,9,14,0,14,1,0,3
baseline,28,diagnostic,churn,12648430,10000,100000,84898,10153,0.006591797,direct,0,0,0,0,0,13,0,13,1,0,1
baseline,28,diagnostic,churn,12648430,10000,100000,85034,10136,0.006347656,local,8,8,1,0,9,13,0,13,1,0,3
baseline,28,diagnostic,churn,12648430,10000,100000,85077,10136,0.0078125,local,8,8,1,0,9,14,0,14,1,0,3
baseline,28,diagnostic,churn,12648430,10000,100000,85099,10137,0.005371094,local,8,8,1,0,9,14,0,14,1,0,3
baseline,28,diagnostic,churn,12648430,10000,100000,85153,10140,0.007080078,direct,0,0,0,0,0,14,2,14,2,0,1
baseline,28,diagnostic,churn,12648430,10000,100000,85591,10139,0.003662109,local,8,8,1,0,9,14,1,14,1,0,2
baseline,28,diagnostic,churn,12648430,10000,100000,86130,10150,0.003662109,local,8,8,1,0,9,14,0,14,1,0,2
baseline,28,diagnostic,churn,12648430,10000,100000,86208,10151,0.00390625,local,8,8,1,0,9,13,0,13,1,0,2
baseline,28,diagnostic,churn,12648430,10000,100000,86376,10150,0.004394531,local,8,8,1,0,9,14,1,14,1,0,2
baseline,28,diagnostic,churn,12648430,10000,100000,86405,10147,0.004882812,local,8,8,1,0,9,14,2,14,1,0,2
baseline,28,diagnostic,churn,12648430,10000,100000,87356,10174,0.005859375,direct,0,0,0,0,0,14,2,14,3,0,1
baseline,28,diagnostic,churn,12648430,10000,100000,87585,10174,0.004150391,local,8,8,1,0,9,14,2,14,1,0,2
baseline,28,diagnostic,churn,12648430,10000,100000,88960,10141,0.007324219,local,8,8,1,0,9,13,2,13,1,0,3
baseline,28,diagnostic,churn,12648430,10000,100000,90004,10188,0.00390625,local,8,8,1,0,9,13,0,13,1,0,2
baseline,28,diagnostic,churn,12648430,10000,100000,91062,10168,0.004638672,local,8,8,1,0,9,14,2,14,3,0,2
open_dense,28,timed,churn,12648430,10000,100000,1156,10007,0.009277344,unavailable,0,0,0,0,0,0,0,0,2,0,1
open_dense,28,timed,churn,12648430,10000,100000,1206,10005,0.004150391,unavailable,0,0,0,0,0,0,0,0,2,0,1
open_dense,28,timed,churn,12648430,10000,100000,1209,10008,0.004150391,unavailable,0,0,0,0,0,0,0,0,2,0,1
open_dense,28,timed,churn,12648430,10000,100000,1276,10002,0.004638672,unavailable,0,0,0,0,0,0,0,0,3,0,1
open_dense,28,timed,churn,12648430,10000,100000,1856,9992,0.005371094,unavailable,0,0,0,0,0,0,0,0,1,0,1
open_dense,28,timed,churn,12648430,10000,100000,10599,9927,0.004638672,unavailable,0,0,0,0,0,0,0,0,2,0,1
open_dense,28,timed,churn,12648430,10000,100000,17723,9939,0.004150391,unavailable,0,0,0,0,0,0,0,0,2,0,1
open_dense,28,timed,churn,12648430,10000,100000,20344,9930,0.006103516,unavailable,0,0,0,0,0,0,0,0,1,0,1
open_dense,28,timed,churn,12648430,10000,100000,22328,9915,0.004150391,unavailable,0,0,0,0,0,0,0,0,1,0,1
open_dense,28,timed,churn,12648430,10000,100000,23938,9883,0.006835938,unavailable,0,0,0,0,0,0,0,0,5,0,1
open_dense,28,timed,churn,12648430,10000,100000,29063,9940,0.004150391,unavailable,0,0,0,0,0,0,0,0,2,0,1
open_dense,28,timed,churn,12648430,10000,100000,29267,9941,0.006103516,unavailable,0,0,0,0,0,0,0,0,2,0,1
open_dense,28,timed,churn,12648430,10000,100000,29295,9934,0.013671875,unavailable,0,0,0,0,0,0,0,0,1,0,1
open_dense,28,timed,churn,12648430,10000,100000,31955,9992,0.009033203,unavailable,0,0,0,0,0,0,0,0,3,0,1
open_dense,28,timed,churn,12648430,10000,100000,33191,9980,0.004150391,unavailable,0,0,0,0,0,0,0,0,2,0,1
open_dense,28,timed,churn,12648430,10000,100000,45673,10138,0.004882812,unavailable,0,0,0,0,0,0,0,0,1,0,1
open_dense,28,timed,churn,12648430,10000,100000,60310,10156,0.007080078,unavailable,0,0,0,0,0,0,0,0,2,0,1
open_dense,28,timed,churn,12648430,10000,100000,60321,10156,0.012451172,unavailable,0,0,0,0,0,0,0,0,1,0,1
open_dense,28,timed,churn,12648430,10000,100000,60671,10182,0.004150391,unavailable,0,0,0,0,0,0,0,0,1,0,1
open_dense,28,timed,churn,12648430,10000,100000,73595,10190,0.004150391,unavailable,0,0,0,0,0,0,0,0,3,0,1
open_dense,28,timed,churn,12648430,10000,100000,74397,10168,0.004394531,unavailable,0,0,0,0,0,0,0,0,1,0,1
open_dense,28,timed,churn,12648430,10000,100000,75784,10118,0.006347656,unavailable,0,0,0,0,0,0,0,0,3,0,1
open_dense,28,timed,churn,12648430,10000,100000,80365,10121,0.004394531,unavailable,0,0,0,0,0,0,0,0,4,0,1
open_dense,28,timed,churn,12648430,10000,100000,91062,10168,0.004150391,unavailable,0,0,0,0,0,0,0,0,3,0,1
open_dense,28,timed,churn,12648430,10000,100000,91422,10173,0.008300781,unavailable,0,0,0,0,0,0,0,0,3,0,1
open_dense,28,diagnostic,churn,12648430,10000,100000,1325,10005,0.02734375,direct,0,0,0,0,0,13,0,13,1,0,1
open_dense,28,diagnostic,churn,12648430,10000,100000,1327,10005,0.010009766,direct,0,0,0,0,0,14,0,14,2,0,1
open_dense,28,diagnostic,churn,12648430,10000,100000,1329,10005,0.005371094,direct,0,0,0,0,0,15,2,15,3,0,1
open_dense,28,diagnostic,churn,12648430,10000,100000,1357,10008,0.004394531,direct,0,0,0,0,0,14,1,14,2,0,1
open_dense,28,diagnostic,churn,12648430,10000,100000,2917,10013,0.007080078,direct,0,0,0,0,0,13,0,13,1,0,1
open_dense,28,diagnostic,churn,12648430,10000,100000,12129,9941,0.004150391,direct,0,0,0,0,0,14,0,14,2,0,1
open_dense,28,diagnostic,churn,12648430,10000,100000,16881,9968,0.031005859,direct,0,0,0,0,0,13,0,13,1,0,1
open_dense,28,diagnostic,churn,12648430,10000,100000,17412,9949,0.004394531,direct,0,0,0,0,0,14,1,14,1,0,1
open_dense,28,diagnostic,churn,12648430,10000,100000,20344,9930,0.007324219,local,8,8,1,0,9,14,1,14,1,0,3
open_dense,28,diagnostic,churn,12648430,10000,100000,26724,9947,0.004638672,direct,0,0,0,0,0,13,0,13,5,0,1
open_dense,28,diagnostic,churn,12648430,10000,100000,29181,9946,0.004882812,direct,0,0,0,0,0,14,2,14,2,0,1
open_dense,28,diagnostic,churn,12648430,10000,100000,29396,9921,0.004150391,local,8,8,1,0,9,14,1,14,1,0,3
open_dense,28,diagnostic,churn,12648430,10000,100000,30973,9930,0.00390625,local,8,8,1,0,9,14,2,14,1,0,2
open_dense,28,diagnostic,churn,12648430,10000,100000,34685,9959,0.003417969,local,8,8,1,0,9,13,2,13,1,0,2
open_dense,28,diagnostic,churn,12648430,10000,100000,35834,9971,0.004150391,direct,0,0,0,0,0,12,0,12,2,0,1
open_dense,28,diagnostic,churn,12648430,10000,100000,36078,9969,0.00390625,local,8,8,1,0,9,15,1,15,1,0,2
open_dense,28,diagnostic,churn,12648430,10000,100000,42451,10027,0.004150391,local,8,8,1,0,9,14,1,14,1,0,3
open_dense,28,diagnostic,churn,12648430,10000,100000,45112,10109,0.004150391,direct,0,0,0,0,0,13,0,13,2,0,1
open_dense,28,diagnostic,churn,12648430,10000,100000,47624,10135,0.003662109,local,8,8,1,0,9,14,0,14,1,0,2
open_dense,28,diagnostic,churn,12648430,10000,100000,52665,10106,0.003417969,local,8,8,1,0,9,13,0,13,1,0,2
open_dense,28,diagnostic,churn,12648430,10000,100000,55161,10087,0.003417969,local,8,8,1,0,9,14,1,14,1,0,2
open_dense,28,diagnostic,churn,12648430,10000,100000,57498,10150,0.004394531,direct,0,0,0,0,0,14,1,14,4,0,1
open_dense,28,diagnostic,churn,12648430,10000,100000,60621,10174,0.00390625,local,8,8,1,0,9,15,1,15,1,0,2
open_dense,28,diagnostic,churn,12648430,10000,100000,61397,10226,0.004150391,direct,0,0,0,0,0,12,0,12,1,0,1
open_dense,28,diagnostic,churn,12648430,10000,100000,64953,10160,0.00390625,local,8,8,1,0,9,14,1,14,1,0,3
open_dense,28,diagnostic,churn,12648430,10000,100000,65175,10164,0.003417969,local,8,8,1,0,9,14,1,14,1,0,2
open_dense,28,diagnostic,churn,12648430,10000,100000,68712,10202,0.004150391,local,8,8,1,0,9,14,0,14,1,0,3
open_dense,28,diagnostic,churn,12648430,10000,100000,74858,10145,0.004394531,direct,0,0,0,0,0,14,0,14,3,0,1
open_dense,28,diagnostic,churn,12648430,10000,100000,76940,10097,0.003662109,local,8,8,1,0,9,15,2,15,1,0,2
open_dense,28,diagnostic,churn,12648430,10000,100000,81408,10117,0.003417969,local,8,8,1,0,9,13,0,13,1,0,2
open_dense,28,diagnostic,churn,12648430,10000,100000,84874,10146,0.003173828,local,8,8,1,0,9,14,0,14,1,0,2
open_dense,28,diagnostic,churn,12648430,10000,100000,85190,10140,0.004150391,direct,0,0,0,0,0,13,1,13,3,0,1
open_dense,28,diagnostic,churn,12648430,10000,100000,85591,10139,0.003173828,local,8,8,1,0,9,14,1,14,1,0,2
open_dense,28,diagnostic,churn,12648430,10000,100000,87585,10174,0.00390625,local,8,8,1,0,9,14,2,14,1,0,3
open_dense,28,diagnostic,churn,12648430,10000,100000,88960,10141,0.003417969,local,8,8,1,0,9,13,2,13,1,0,2
open_dense,28,diagnostic,churn,12648430,10000,100000,91062,10168,0.004638672,local,8,8,1,0,9,14,2,14,3,0,3
open_dense,28,diagnostic,churn,12648430,10000,100000,91099,10173,0.003173828,local,8,8,1,0,9,13,2,13,1,0,2
open_dense,28,diagnostic,churn,12648430,10000,100000,92627,10157,0.003662109,local,8,8,1,0,9,14,2,14,1,0,2
open_dense,28,diagnostic,churn,12648430,10000,100000,93003,10157,0.003417969,local,8,8,1,0,9,14,0,14,1,0,2
open_dense,28,diagnostic,churn,12648430,10000,100000,93670,10162,0.003173828,local,8,8,1,0,9,14,0,14,1,0,2
open_dense,28,diagnostic,churn,12648430,10000,100000,95341,10124,0.00390625,direct,0,0,0,0,0,14,2,14,2,0,1
open_dense,28,diagnostic,churn,12648430,10000,100000,96497,10135,0.003417969,local,8,8,1,0,9,14,1,14,1,0,2
open_dense,28,diagnostic,churn,12648430,10000,100000,98937,10126,0.004394531,direct,0,0,0,0,0,13,0,13,5,0,1
baseline,29,timed,timeline,17,100000,100000,7378,105925,0.048095703,unavailable,0,0,0,0,0,0,0,0,5,0,1
baseline,29,timed,timeline,17,100000,100000,8787,107040,0.094726562,unavailable,0,0,0,0,0,0,0,0,5,0,1
baseline,29,timed,timeline,17,100000,100000,13783,111020,115.803466797,unavailable,0,0,0,0,0,0,0,0,4,0,1
baseline,29,timed,timeline,17,100000,100000,24274,119455,0.042724609,unavailable,0,0,0,0,0,0,0,0,3,0,1
baseline,29,timed,timeline,17,100000,100000,26960,121561,0.039306641,unavailable,0,0,0,0,0,0,0,0,4,0,1
baseline,29,timed,timeline,17,100000,100000,32224,125773,0.047363281,unavailable,0,0,0,0,0,0,0,0,5,0,1
baseline,29,timed,timeline,17,100000,100000,34868,127879,0.037109375,unavailable,0,0,0,0,0,0,0,0,5,0,1
baseline,29,timed,timeline,17,100000,100000,37516,129985,0.043457031,unavailable,0,0,0,0,0,0,0,0,6,0,1
baseline,29,timed,timeline,17,100000,100000,39851,131844,188.684082031,unavailable,0,0,0,0,0,0,0,0,4,0,1
baseline,29,timed,timeline,17,100000,100000,46412,137137,0.111816406,unavailable,0,0,0,0,0,0,0,0,2,0,1
baseline,29,timed,timeline,17,100000,100000,46490,137195,0.084472656,unavailable,0,0,0,0,0,0,0,0,2,0,1
baseline,29,timed,timeline,17,100000,100000,47927,138362,0.074951172,unavailable,0,0,0,0,0,0,0,0,3,0,1
baseline,29,timed,timeline,17,100000,100000,54746,143699,0.102539062,unavailable,0,0,0,0,0,0,0,0,4,0,1
baseline,29,timed,timeline,17,100000,100000,57406,145805,0.085693359,unavailable,0,0,0,0,0,0,0,0,5,0,1
baseline,29,timed,timeline,17,100000,100000,60050,147911,0.050048828,unavailable,0,0,0,0,0,0,0,0,5,0,1
baseline,29,timed,timeline,17,100000,100000,62714,150017,0.044921875,unavailable,0,0,0,0,0,0,0,0,6,0,1
baseline,29,timed,timeline,17,100000,100000,64721,151620,0.03515625,unavailable,0,0,0,0,0,0,0,0,6,0,1
baseline,29,timed,timeline,17,100000,100000,65344,152123,0.039306641,unavailable,0,0,0,0,0,0,0,0,6,0,1
baseline,29,timed,timeline,17,100000,100000,65621,152358,188.350097656,unavailable,0,0,0,0,0,0,0,0,3,0,1
baseline,29,timed,timeline,17,100000,100000,79341,163332,0.104736328,unavailable,0,0,0,0,0,0,0,0,4,0,1
baseline,29,timed,timeline,17,100000,100000,86282,168897,0.037597656,unavailable,0,0,0,0,0,0,0,0,5,0,1
baseline,29,timed,timeline,17,100000,100000,88663,170846,0.034179688,unavailable,0,0,0,0,0,0,0,0,6,0,1
baseline,29,timed,timeline,17,100000,100000,90291,172130,0.041992188,unavailable,0,0,0,0,0,0,0,0,6,0,1
baseline,29,timed,timeline,17,100000,100000,91176,172865,0.054931641,unavailable,0,0,0,0,0,0,0,0,6,0,1
baseline,29,timed,timeline,17,100000,100000,91178,172867,218.851074219,unavailable,0,0,0,0,0,0,0,0,4,0,1
baseline,29,diagnostic,timeline,17,100000,100000,4362,103465,0.045654297,direct,0,0,0,0,0,18,1,18,4,0,1
baseline,29,diagnostic,timeline,17,100000,100000,5088,104049,0.041748047,direct,0,0,0,0,0,17,0,17,5,0,1
baseline,29,diagnostic,timeline,17,100000,100000,6427,105148,0.046142578,direct,0,0,0,0,0,17,1,17,5,0,1
baseline,29,diagnostic,timeline,17,100000,100000,8549,106864,0.040283203,direct,0,0,0,0,0,17,0,17,5,0,1
baseline,29,diagnostic,timeline,17,100000,100000,13783,111020,101.346923828,full,111020,242084,1,14,242099,17,1,17,4,1,7
baseline,29,diagnostic,timeline,17,100000,100000,26075,120864,0.043212891,direct,0,0,0,0,0,18,1,18,4,0,1
baseline,29,diagnostic,timeline,17,100000,100000,27858,122269,0.042724609,direct,0,0,0,0,0,18,1,18,4,0,1
baseline,29,diagnostic,timeline,17,100000,100000,29637,123674,0.055908203,direct,0,0,0,0,0,17,0,17,4,0,1
baseline,29,diagnostic,timeline,17,100000,100000,31366,125079,0.043212891,direct,0,0,0,0,0,18,1,18,5,0,1
baseline,29,diagnostic,timeline,17,100000,100000,33153,126484,0.041992188,direct,0,0,0,0,0,17,0,17,5,0,1
baseline,29,diagnostic,timeline,17,100000,100000,34880,127889,0.040527344,direct,0,0,0,0,0,18,1,18,5,0,1
baseline,29,diagnostic,timeline,17,100000,100000,35293,128216,0.036376953,direct,0,0,0,0,0,19,1,19,6,0,1
baseline,29,diagnostic,timeline,17,100000,100000,35682,128519,0.105712891,direct,0,0,0,0,0,18,1,18,6,0,1
baseline,29,diagnostic,timeline,17,100000,100000,36507,129164,0.053466797,direct,0,0,0,0,0,19,1,19,6,0,1
baseline,29,diagnostic,timeline,17,100000,100000,36661,129294,0.060791016,direct,0,0,0,0,0,19,1,19,6,0,1
baseline,29,diagnostic,timeline,17,100000,100000,37711,130142,0.064453125,direct,0,0,0,0,0,19,1,19,6,0,1
baseline,29,diagnostic,timeline,17,100000,100000,38438,130699,0.059814453,direct,0,0,0,0,0,18,1,18,6,0,1
baseline,29,diagnostic,timeline,17,100000,100000,38941,131098,0.0546875,direct,0,0,0,0,0,19,1,19,6,0,1
baseline,29,diagnostic,timeline,17,100000,100000,39851,131844,236.516845703,full,131844,393980,1,15,393996,19,2,19,4,1,7
baseline,29,diagnostic,timeline,17,100000,100000,49807,139828,0.103271484,direct,0,0,0,0,0,19,1,19,3,0,1
baseline,29,diagnostic,timeline,17,100000,100000,60549,148296,0.038818359,direct,0,0,0,0,0,19,1,19,5,0,1
baseline,29,diagnostic,timeline,17,100000,100000,63616,150749,0.046630859,direct,0,0,0,0,0,18,0,18,6,0,1
baseline,29,diagnostic,timeline,17,100000,100000,65621,152358,242.460693359,full,152358,414494,1,15,414510,19,2,19,3,1,7
baseline,29,diagnostic,timeline,17,100000,100000,91176,172865,0.061523438,local,64,120,1,3,124,18,0,18,6,0,3
baseline,29,diagnostic,timeline,17,100000,100000,91178,172867,286.875488281,full,172867,435003,1,15,435019,18,0,18,4,1,7
open_dense,29,timed,timeline,17,100000,100000,52337,141790,28.592041016,unavailable,0,0,0,0,0,0,0,0,5,0,1
open_dense,29,timed,timeline,17,100000,100000,58356,146557,23.328613281,unavailable,0,0,0,0,0,0,0,0,6,0,1
open_dense,29,timed,timeline,17,100000,100000,61232,148845,25.959716797,unavailable,0,0,0,0,0,0,0,0,6,0,1
open_dense,29,timed,timeline,17,100000,100000,63838,150925,29.140869141,unavailable,0,0,0,0,0,0,0,0,6,0,1
open_dense,29,timed,timeline,17,100000,100000,63857,150938,35.823974609,unavailable,0,0,0,0,0,0,0,0,6,0,1
open_dense,29,timed,timeline,17,100000,100000,64643,151562,24.375732422,unavailable,0,0,0,0,0,0,0,0,6,0,1
open_dense,29,timed,timeline,17,100000,100000,65268,152059,23.154541016,unavailable,0,0,0,0,0,0,0,0,6,0,1
open_dense,29,timed,timeline,17,100000,100000,66151,152772,27.447753906,unavailable,0,0,0,0,0,0,0,0,6,0,1
open_dense,29,timed,timeline,17,100000,100000,68244,154469,16.022460938,unavailable,0,0,0,0,0,0,0,0,6,0,1
open_dense,29,timed,timeline,17,100000,100000,69358,155369,26.416503906,unavailable,0,0,0,0,0,0,0,0,6,0,1
open_dense,29,timed,timeline,17,100000,100000,69606,155563,23.561279297,unavailable,0,0,0,0,0,0,0,0,6,0,1
open_dense,29,timed,timeline,17,100000,100000,69632,155585,23.236572266,unavailable,0,0,0,0,0,0,0,0,6,0,1
open_dense,29,timed,timeline,17,100000,100000,69787,155716,47.930664062,unavailable,0,0,0,0,0,0,0,0,5,0,1
open_dense,29,timed,timeline,17,100000,100000,88249,170494,24.691162109,unavailable,0,0,0,0,0,0,0,0,6,0,1
open_dense,29,timed,timeline,17,100000,100000,91262,172935,15.5546875,unavailable,0,0,0,0,0,0,0,0,6,0,1
open_dense,29,timed,timeline,17,100000,100000,91767,173332,18.612548828,unavailable,0,0,0,0,0,0,0,0,6,0,1
open_dense,29,timed,timeline,17,100000,100000,95017,175878,29.256347656,unavailable,0,0,0,0,0,0,0,0,6,0,1
open_dense,29,timed,timeline,17,100000,100000,95065,175918,24.552734375,unavailable,0,0,0,0,0,0,0,0,6,0,1
open_dense,29,timed,timeline,17,100000,100000,95290,176101,21.895751953,unavailable,0,0,0,0,0,0,0,0,6,0,1
open_dense,29,timed,timeline,17,100000,100000,95396,176169,22.794189453,unavailable,0,0,0,0,0,0,0,0,6,0,1
open_dense,29,timed,timeline,17,100000,100000,95449,176216,23.833496094,unavailable,0,0,0,0,0,0,0,0,6,0,1
open_dense,29,timed,timeline,17,100000,100000,97901,178192,22.881103516,unavailable,0,0,0,0,0,0,0,0,6,0,1
open_dense,29,timed,timeline,17,100000,100000,97925,178214,23.168212891,unavailable,0,0,0,0,0,0,0,0,6,0,1
open_dense,29,timed,timeline,17,100000,100000,98130,178377,22.469482422,unavailable,0,0,0,0,0,0,0,0,6,0,1
open_dense,29,timed,timeline,17,100000,100000,99133,179190,23.573242188,unavailable,0,0,0,0,0,0,0,0,6,0,1
open_dense,29,diagnostic,timeline,17,100000,100000,52337,141790,53.958984375,large,32768,65528,1,12,65541,18,0,18,5,0,3
open_dense,29,diagnostic,timeline,17,100000,100000,58356,146557,35.955322266,large,32768,65528,1,12,65541,17,0,17,6,0,3
open_dense,29,diagnostic,timeline,17,100000,100000,61232,148845,34.060791016,large,32768,65528,1,12,65541,17,2,17,6,0,3
open_dense,29,diagnostic,timeline,17,100000,100000,63838,150925,36.458984375,large,32768,65528,1,12,65541,16,0,16,6,0,3
open_dense,29,diagnostic,timeline,17,100000,100000,63857,150938,32.780761719,large,32768,65528,1,12,65541,17,0,17,6,0,3
open_dense,29,diagnostic,timeline,17,100000,100000,64643,151562,31.153076172,large,32768,65528,1,12,65541,18,2,18,6,0,3
open_dense,29,diagnostic,timeline,17,100000,100000,65268,152059,29.072753906,large,32768,65528,1,12,65541,17,0,17,6,0,3
open_dense,29,diagnostic,timeline,17,100000,100000,66151,152772,30.687011719,large,32768,65528,1,12,65541,17,0,17,6,0,3
open_dense,29,diagnostic,timeline,17,100000,100000,69358,155369,34.791503906,large,32768,65528,1,12,65541,18,0,18,6,0,3
open_dense,29,diagnostic,timeline,17,100000,100000,69606,155563,51.009765625,large,32768,65528,1,12,65541,17,0,17,6,0,3
open_dense,29,diagnostic,timeline,17,100000,100000,69632,155585,34.691650391,large,32768,65528,1,12,65541,17,0,17,6,0,3
open_dense,29,diagnostic,timeline,17,100000,100000,69787,155716,74.317626953,large,65536,131064,1,13,131078,18,2,18,5,0,3
open_dense,29,diagnostic,timeline,17,100000,100000,88249,170494,31.886474609,large,32768,65528,1,12,65541,17,1,17,6,0,3
open_dense,29,diagnostic,timeline,17,100000,100000,95017,175878,34.661865234,large,32768,65528,1,12,65541,18,0,18,6,0,3
open_dense,29,diagnostic,timeline,17,100000,100000,95065,175918,30.537841797,large,32768,65528,1,12,65541,18,0,18,6,0,3
open_dense,29,diagnostic,timeline,17,100000,100000,95290,176101,30.024902344,large,32768,65528,1,12,65541,17,0,17,6,0,3
open_dense,29,diagnostic,timeline,17,100000,100000,95396,176169,33.614257812,large,32768,65528,1,12,65541,18,1,18,6,0,3
open_dense,29,diagnostic,timeline,17,100000,100000,95449,176216,50.950195312,large,32768,65528,1,12,65541,18,0,18,6,0,3
open_dense,29,diagnostic,timeline,17,100000,100000,95528,176275,33.382324219,large,16384,32760,1,11,32772,16,0,16,6,0,3
open_dense,29,diagnostic,timeline,17,100000,100000,97690,178017,31.505126953,large,16384,32760,1,11,32772,19,1,19,6,0,3
open_dense,29,diagnostic,timeline,17,100000,100000,97901,178192,64.068847656,large,32768,65528,1,12,65541,18,0,18,6,0,3
open_dense,29,diagnostic,timeline,17,100000,100000,97925,178214,66.948974609,large,32768,65528,1,12,65541,17,0,17,6,0,3
open_dense,29,diagnostic,timeline,17,100000,100000,98130,178377,63.180175781,large,32768,65528,1,12,65541,17,0,17,6,0,3
open_dense,29,diagnostic,timeline,17,100000,100000,98300,178521,26.918212891,large,16384,32760,1,11,32772,18,0,18,6,0,3
open_dense,29,diagnostic,timeline,17,100000,100000,99133,179190,67.603027344,large,32768,65528,1,12,65541,18,2,18,6,0,3
baseline,30,timed,priority,17,100000,100000,16347,101892,0.523681641,unavailable,0,0,0,0,0,0,0,0,1,0,1
baseline,30,timed,priority,17,100000,100000,29721,103307,0.909667969,unavailable,0,0,0,0,0,0,0,0,1,0,1
baseline,30,timed,priority,17,100000,100000,42713,104579,0.554443359,unavailable,0,0,0,0,0,0,0,0,1,0,1
baseline,30,timed,priority,17,100000,100000,43862,104694,0.517578125,unavailable,0,0,0,0,0,0,0,0,1,0,1
baseline,30,timed,priority,17,100000,100000,47918,105168,0.877685547,unavailable,0,0,0,0,0,0,0,0,1,0,1
baseline,30,timed,priority,17,100000,100000,50390,105400,0.962158203,unavailable,0,0,0,0,0,0,0,0,1,0,1
baseline,30,timed,priority,17,100000,100000,55078,105778,1.983642578,unavailable,0,0,0,0,0,0,0,0,1,0,1
baseline,30,timed,priority,17,100000,100000,56479,105858,1.015869141,unavailable,0,0,0,0,0,0,0,0,1,0,1
baseline,30,timed,priority,17,100000,100000,57349,105974,0.968994141,unavailable,0,0,0,0,0,0,0,0,1,0,1
baseline,30,timed,priority,17,100000,100000,66597,106922,1.100830078,unavailable,0,0,0,0,0,0,0,0,1,0,1
baseline,30,timed,priority,17,100000,100000,68786,107173,1.106445312,unavailable,0,0,0,0,0,0,0,0,1,0,1
baseline,30,timed,priority,17,100000,100000,69949,107276,2.406982422,unavailable,0,0,0,0,0,0,0,0,1,0,1
baseline,30,timed,priority,17,100000,100000,70969,107408,2.038330078,unavailable,0,0,0,0,0,0,0,0,1,0,1
baseline,30,timed,priority,17,100000,100000,71056,107417,1.083007812,unavailable,0,0,0,0,0,0,0,0,1,0,1
baseline,30,timed,priority,17,100000,100000,71640,107440,1.878662109,unavailable,0,0,0,0,0,0,0,0,1,0,1
baseline,30,timed,priority,17,100000,100000,72819,107513,1.78125,unavailable,0,0,0,0,0,0,0,0,1,0,1
baseline,30,timed,priority,17,100000,100000,74891,107753,1.064208984,unavailable,0,0,0,0,0,0,0,0,1,0,1
baseline,30,timed,priority,17,100000,100000,76126,107859,0.611572266,unavailable,0,0,0,0,0,0,0,0,1,0,1
baseline,30,timed,priority,17,100000,100000,77985,108025,1.111328125,unavailable,0,0,0,0,0,0,0,0,1,0,1
baseline,30,timed,priority,17,100000,100000,82960,108499,2.344482422,unavailable,0,0,0,0,0,0,0,0,1,0,1
baseline,30,timed,priority,17,100000,100000,83632,108524,1.069580078,unavailable,0,0,0,0,0,0,0,0,1,0,1
baseline,30,timed,priority,17,100000,100000,83872,108557,1.080566406,unavailable,0,0,0,0,0,0,0,0,1,0,1
baseline,30,timed,priority,17,100000,100000,96568,109872,0.576416016,unavailable,0,0,0,0,0,0,0,0,1,0,1
baseline,30,timed,priority,17,100000,100000,96642,109878,2.156005859,unavailable,0,0,0,0,0,0,0,0,1,0,1
baseline,30,timed,priority,17,100000,100000,99299,110107,1.91796875,unavailable,0,0,0,0,0,0,0,0,1,0,1
baseline,30,diagnostic,priority,17,100000,100000,29721,103307,1.266113281,large,2048,4088,1,8,4097,17,1,17,1,0,3
baseline,30,diagnostic,priority,17,100000,100000,42713,104579,0.865234375,large,1024,2040,1,7,2048,18,1,18,1,0,3
baseline,30,diagnostic,priority,17,100000,100000,47918,105168,1.498535156,large,2048,4088,1,8,4097,18,1,18,1,0,3
baseline,30,diagnostic,priority,17,100000,100000,50390,105400,3.449707031,large,2048,4088,1,8,4097,18,1,18,1,0,3
baseline,30,diagnostic,priority,17,100000,100000,50704,105411,0.826416016,large,512,1016,1,6,1023,17,1,17,1,0,1
baseline,30,diagnostic,priority,17,100000,100000,51436,105516,1.8125,large,1024,2040,1,7,2048,18,1,18,1,0,3
baseline,30,diagnostic,priority,17,100000,100000,55078,105778,7.771484375,large,4096,8184,1,9,8194,17,1,17,1,0,3
baseline,30,diagnostic,priority,17,100000,100000,56408,105847,1.140625,large,1024,2040,1,7,2048,17,1,17,1,0,3
baseline,30,diagnostic,priority,17,100000,100000,56479,105858,2.859863281,large,2048,4088,1,8,4097,17,1,17,1,0,3
baseline,30,diagnostic,priority,17,100000,100000,57349,105974,2.40625,large,2048,4088,1,8,4097,18,1,18,1,0,3
baseline,30,diagnostic,priority,17,100000,100000,58166,106053,0.775390625,large,1024,2040,1,7,2048,18,1,18,1,0,2
baseline,30,diagnostic,priority,17,100000,100000,66597,106922,1.544433594,large,2048,4088,1,8,4097,17,1,17,1,0,3
baseline,30,diagnostic,priority,17,100000,100000,68786,107173,1.419433594,large,2048,4088,1,8,4097,17,1,17,1,0,3
baseline,30,diagnostic,priority,17,100000,100000,69949,107276,3.346435547,large,4096,8184,1,9,8194,18,1,18,1,0,3
baseline,30,diagnostic,priority,17,100000,100000,70969,107408,2.674072266,large,4096,8184,1,9,8194,18,1,18,1,0,3
baseline,30,diagnostic,priority,17,100000,100000,71056,107417,1.281982422,large,2048,4088,1,8,4097,17,1,17,1,0,3
baseline,30,diagnostic,priority,17,100000,100000,71640,107440,2.337646484,large,4096,8184,1,9,8194,17,1,17,1,0,3
baseline,30,diagnostic,priority,17,100000,100000,72819,107513,2.2265625,large,4096,8184,1,9,8194,17,1,17,1,0,3
baseline,30,diagnostic,priority,17,100000,100000,74891,107753,1.282226562,large,2048,4088,1,8,4097,18,1,18,1,0,3
baseline,30,diagnostic,priority,17,100000,100000,77985,108025,1.430664062,large,2048,4088,1,8,4097,18,1,18,1,0,3
baseline,30,diagnostic,priority,17,100000,100000,82960,108499,4.048583984,large,4096,8184,1,9,8194,18,1,18,1,0,3
baseline,30,diagnostic,priority,17,100000,100000,83632,108524,1.657714844,large,2048,4088,1,8,4097,18,1,18,1,0,3
baseline,30,diagnostic,priority,17,100000,100000,83872,108557,1.597167969,large,2048,4088,1,8,4097,18,1,18,1,0,3
baseline,30,diagnostic,priority,17,100000,100000,91001,109326,0.839599609,large,1024,2040,1,7,2048,18,1,18,1,0,3
baseline,30,diagnostic,priority,17,100000,100000,96642,109878,3.074707031,large,4096,8184,1,9,8194,18,1,18,1,0,3
baseline,30,diagnostic,priority,17,100000,100000,99299,110107,2.571289062,large,4096,8184,1,9,8194,18,1,18,1,0,3
open_dense,30,timed,priority,17,100000,100000,38730,104111,0.302734375,unavailable,0,0,0,0,0,0,0,0,1,0,1
open_dense,30,timed,priority,17,100000,100000,39053,104158,1.044921875,unavailable,0,0,0,0,0,0,0,0,1,0,1
open_dense,30,timed,priority,17,100000,100000,41132,104427,1.143554688,unavailable,0,0,0,0,0,0,0,0,1,0,1
open_dense,30,timed,priority,17,100000,100000,41282,104433,0.566162109,unavailable,0,0,0,0,0,0,0,0,1,0,1
open_dense,30,timed,priority,17,100000,100000,45370,104828,0.402587891,unavailable,0,0,0,0,0,0,0,0,1,0,1
open_dense,30,timed,priority,17,100000,100000,49748,105346,0.584228516,unavailable,0,0,0,0,0,0,0,0,1,0,1
open_dense,30,timed,priority,17,100000,100000,51730,105536,0.475830078,unavailable,0,0,0,0,0,0,0,0,1,0,1
open_dense,30,timed,priority,17,100000,100000,52756,105636,0.518798828,unavailable,0,0,0,0,0,0,0,0,1,0,1
open_dense,30,timed,priority,17,100000,100000,60574,106266,0.906738281,unavailable,0,0,0,0,0,0,0,0,1,0,1
open_dense,30,timed,priority,17,100000,100000,64012,106700,0.90234375,unavailable,0,0,0,0,0,0,0,0,1,0,1
open_dense,30,timed,priority,17,100000,100000,67342,106997,0.913574219,unavailable,0,0,0,0,0,0,0,0,1,0,1
open_dense,30,timed,priority,17,100000,100000,67911,107092,0.479736328,unavailable,0,0,0,0,0,0,0,0,1,0,1
open_dense,30,timed,priority,17,100000,100000,68342,107143,0.536132812,unavailable,0,0,0,0,0,0,0,0,1,0,1
open_dense,30,timed,priority,17,100000,100000,73082,107534,0.323974609,unavailable,0,0,0,0,0,0,0,0,1,0,1
open_dense,30,timed,priority,17,100000,100000,76177,107868,2.393798828,unavailable,0,0,0,0,0,0,0,0,1,0,1
open_dense,30,timed,priority,17,100000,100000,78091,108042,0.519775391,unavailable,0,0,0,0,0,0,0,0,1,0,1
open_dense,30,timed,priority,17,100000,100000,78683,108103,2.822021484,unavailable,0,0,0,0,0,0,0,0,1,0,1
open_dense,30,timed,priority,17,100000,100000,82008,108388,1.075439453,unavailable,0,0,0,0,0,0,0,0,1,0,1
open_dense,30,timed,priority,17,100000,100000,85801,108779,1.119140625,unavailable,0,0,0,0,0,0,0,0,1,0,1
open_dense,30,timed,priority,17,100000,100000,87431,108929,0.483398438,unavailable,0,0,0,0,0,0,0,0,1,0,1
open_dense,30,timed,priority,17,100000,100000,90080,109222,1.861328125,unavailable,0,0,0,0,0,0,0,0,1,0,1
open_dense,30,timed,priority,17,100000,100000,90650,109294,0.961425781,unavailable,0,0,0,0,0,0,0,0,1,0,1
open_dense,30,timed,priority,17,100000,100000,94799,109674,0.519042969,unavailable,0,0,0,0,0,0,0,0,1,0,1
open_dense,30,timed,priority,17,100000,100000,97080,109945,1.078369141,unavailable,0,0,0,0,0,0,0,0,1,0,1
open_dense,30,timed,priority,17,100000,100000,99957,110175,0.488037109,unavailable,0,0,0,0,0,0,0,0,1,0,1
open_dense,30,diagnostic,priority,17,100000,100000,38730,104111,0.465820312,large,512,1016,1,6,1023,18,1,18,1,0,3
open_dense,30,diagnostic,priority,17,100000,100000,39053,104158,2.170410156,large,2048,4088,1,8,4097,17,1,17,1,0,3
open_dense,30,diagnostic,priority,17,100000,100000,41132,104427,1.159912109,large,2048,4088,1,8,4097,18,1,18,1,0,3
open_dense,30,diagnostic,priority,17,100000,100000,41282,104433,0.709228516,large,1024,2040,1,7,2048,17,1,17,1,0,3
open_dense,30,diagnostic,priority,17,100000,100000,49748,105346,0.631835938,large,1024,2040,1,7,2048,19,1,19,1,0,3
open_dense,30,diagnostic,priority,17,100000,100000,51730,105536,0.633789062,large,1024,2040,1,7,2048,17,1,17,1,0,3
open_dense,30,diagnostic,priority,17,100000,100000,52756,105636,0.788085938,large,1024,2040,1,7,2048,18,1,18,1,0,3
open_dense,30,diagnostic,priority,17,100000,100000,60574,106266,1.302978516,large,2048,4088,1,8,4097,17,1,17,1,0,3
open_dense,30,diagnostic,priority,17,100000,100000,64012,106700,1.294433594,large,2048,4088,1,8,4097,17,1,17,1,0,3
open_dense,30,diagnostic,priority,17,100000,100000,67342,106997,1.366699219,large,2048,4088,1,8,4097,17,1,17,1,0,3
open_dense,30,diagnostic,priority,17,100000,100000,67911,107092,0.613037109,large,1024,2040,1,7,2048,18,1,18,1,0,3
open_dense,30,diagnostic,priority,17,100000,100000,68342,107143,0.777587891,large,1024,2040,1,7,2048,17,1,17,1,0,3
open_dense,30,diagnostic,priority,17,100000,100000,76177,107868,2.858398438,large,4096,8184,1,9,8194,17,1,17,1,0,3
open_dense,30,diagnostic,priority,17,100000,100000,78091,108042,0.642333984,large,1024,2040,1,7,2048,17,1,17,1,0,3
open_dense,30,diagnostic,priority,17,100000,100000,78683,108103,2.918945312,large,4096,8184,1,9,8194,18,1,18,1,0,3
open_dense,30,diagnostic,priority,17,100000,100000,80410,108284,0.687011719,large,512,1016,1,6,1023,18,1,18,1,0,3
open_dense,30,diagnostic,priority,17,100000,100000,82008,108388,1.841796875,large,2048,4088,1,8,4097,17,1,17,1,0,3
open_dense,30,diagnostic,priority,17,100000,100000,85430,108745,0.679443359,large,512,1016,1,6,1023,18,1,18,1,0,3
open_dense,30,diagnostic,priority,17,100000,100000,85801,108779,2.551513672,large,2048,4088,1,8,4097,17,1,17,1,0,3
open_dense,30,diagnostic,priority,17,100000,100000,87431,108929,0.829101562,large,1024,2040,1,7,2048,18,1,18,1,0,3
open_dense,30,diagnostic,priority,17,100000,100000,90080,109222,2.278564453,large,4096,8184,1,9,8194,18,1,18,1,0,3
open_dense,30,diagnostic,priority,17,100000,100000,90650,109294,1.283203125,large,2048,4088,1,8,4097,19,1,19,1,0,3
open_dense,30,diagnostic,priority,17,100000,100000,94799,109674,0.616455078,large,1024,2040,1,7,2048,18,1,18,1,0,3
open_dense,30,diagnostic,priority,17,100000,100000,97080,109945,1.399414062,large,2048,4088,1,8,4097,18,1,18,1,0,3
open_dense,30,diagnostic,priority,17,100000,100000,99957,110175,0.700927734,large,1024,2040,1,7,2048,18,1,18,1,0,3
baseline,31,timed,local,17,100000,100000,3811,100039,0.101806641,unavailable,0,0,0,0,0,0,0,0,4,0,1
baseline,31,timed,local,17,100000,100000,5473,100067,0.013183594,unavailable,0,0,0,0,0,0,0,0,3,0,1
baseline,31,timed,local,17,100000,100000,7192,100035,0.014404297,unavailable,0,0,0,0,0,0,0,0,3,0,1
baseline,31,timed,local,17,100000,100000,11313,100027,0.048339844,unavailable,0,0,0,0,0,0,0,0,2,0,1
baseline,31,timed,local,17,100000,100000,13108,100017,0.014404297,unavailable,0,0,0,0,0,0,0,0,4,0,1
baseline,31,timed,local,17,100000,100000,16953,100040,0.015625,unavailable,0,0,0,0,0,0,0,0,4,0,1
baseline,31,timed,local,17,100000,100000,17231,100033,0.011230469,unavailable,0,0,0,0,0,0,0,0,4,0,1
baseline,31,timed,local,17,100000,100000,17307,100037,0.013671875,unavailable,0,0,0,0,0,0,0,0,5,0,1
baseline,31,timed,local,17,100000,100000,34550,99956,0.012451172,unavailable,0,0,0,0,0,0,0,0,3,0,1
baseline,31,timed,local,17,100000,100000,36719,99937,0.112548828,unavailable,0,0,0,0,0,0,0,0,2,0,1
baseline,31,timed,local,17,100000,100000,45228,99970,0.030761719,unavailable,0,0,0,0,0,0,0,0,3,0,1
baseline,31,timed,local,17,100000,100000,51324,99966,0.020996094,unavailable,0,0,0,0,0,0,0,0,5,0,1
baseline,31,timed,local,17,100000,100000,57520,99904,0.020019531,unavailable,0,0,0,0,0,0,0,0,5,0,1
baseline,31,timed,local,17,100000,100000,58932,99906,0.055908203,unavailable,0,0,0,0,0,0,0,0,4,0,1
baseline,31,timed,local,17,100000,100000,66202,99903,0.023925781,unavailable,0,0,0,0,0,0,0,0,4,0,1
baseline,31,timed,local,17,100000,100000,73094,99944,0.033935547,unavailable,0,0,0,0,0,0,0,0,5,0,1
baseline,31,timed,local,17,100000,100000,75521,99948,0.062011719,unavailable,0,0,0,0,0,0,0,0,4,0,1
baseline,31,timed,local,17,100000,100000,81453,99984,0.010986328,unavailable,0,0,0,0,0,0,0,0,4,0,1
baseline,31,timed,local,17,100000,100000,84222,99945,0.011474609,unavailable,0,0,0,0,0,0,0,0,6,0,1
baseline,31,timed,local,17,100000,100000,86848,99914,0.010742188,unavailable,0,0,0,0,0,0,0,0,3,0,1
baseline,31,timed,local,17,100000,100000,90719,99886,0.012451172,unavailable,0,0,0,0,0,0,0,0,4,0,1
baseline,31,timed,local,17,100000,100000,92323,99901,0.014404297,unavailable,0,0,0,0,0,0,0,0,6,0,1
baseline,31,timed,local,17,100000,100000,93560,99890,0.01171875,unavailable,0,0,0,0,0,0,0,0,4,0,1
baseline,31,timed,local,17,100000,100000,94077,99888,0.011230469,unavailable,0,0,0,0,0,0,0,0,4,0,1
baseline,31,timed,local,17,100000,100000,95701,99901,0.031738281,unavailable,0,0,0,0,0,0,0,0,5,0,1
baseline,31,diagnostic,local,17,100000,100000,13065,100015,0.015380859,direct,0,0,0,0,0,17,0,17,3,0,1
baseline,31,diagnostic,local,17,100000,100000,16953,100040,0.021240234,local,8,8,1,0,9,17,0,17,4,0,3
baseline,31,diagnostic,local,17,100000,100000,20483,100025,0.067138672,direct,0,0,0,0,0,16,0,16,4,0,1
baseline,31,diagnostic,local,17,100000,100000,21031,100007,0.011474609,local,8,8,1,0,9,17,0,17,4,0,2
baseline,31,diagnostic,local,17,100000,100000,21461,100018,0.009521484,local,8,8,1,0,9,18,1,18,4,0,2
baseline,31,diagnostic,local,17,100000,100000,26571,99989,0.047607422,direct,0,0,0,0,0,16,2,16,4,0,1
baseline,31,diagnostic,local,17,100000,100000,31902,99970,0.012451172,local,8,8,1,0,9,18,2,18,4,0,2
baseline,31,diagnostic,local,17,100000,100000,32389,99974,0.009033203,local,8,8,1,0,9,18,2,18,4,0,2
baseline,31,diagnostic,local,17,100000,100000,36268,99940,0.010253906,local,8,8,1,0,9,16,0,16,3,0,2
baseline,31,diagnostic,local,17,100000,100000,36566,99949,0.018554688,direct,0,0,0,0,0,17,0,17,4,0,1
baseline,31,diagnostic,local,17,100000,100000,40784,99950,0.017089844,direct,0,0,0,0,0,18,1,18,4,0,1
baseline,31,diagnostic,local,17,100000,100000,45228,99970,0.019775391,local,16,24,1,1,26,15,0,15,3,0,3
baseline,31,diagnostic,local,17,100000,100000,46448,99962,0.114501953,direct,0,0,0,0,0,16,0,16,3,0,1
baseline,31,diagnostic,local,17,100000,100000,49401,99967,0.025878906,direct,0,0,0,0,0,16,0,16,4,0,1
baseline,31,diagnostic,local,17,100000,100000,50378,99958,0.011474609,local,8,8,1,0,9,16,2,16,4,0,2
baseline,31,diagnostic,local,17,100000,100000,51440,99967,0.010009766,local,8,8,1,0,9,17,2,17,3,0,2
baseline,31,diagnostic,local,17,100000,100000,51774,99972,0.010253906,local,8,8,1,0,9,17,0,17,4,0,2
baseline,31,diagnostic,local,17,100000,100000,57613,99900,0.014892578,local,16,24,1,1,26,17,2,17,3,0,2
baseline,31,diagnostic,local,17,100000,100000,57720,99902,0.010498047,local,8,8,1,0,9,16,1,16,3,0,2
baseline,31,diagnostic,local,17,100000,100000,59728,99880,0.015136719,direct,0,0,0,0,0,18,2,18,3,0,1
baseline,31,diagnostic,local,17,100000,100000,59734,99881,0.020507812,direct,0,0,0,0,0,17,1,17,2,0,1
baseline,31,diagnostic,local,17,100000,100000,59989,99870,0.018066406,direct,0,0,0,0,0,17,1,17,4,0,1
baseline,31,diagnostic,local,17,100000,100000,60109,99868,0.009521484,local,8,8,1,0,9,17,2,17,3,0,2
baseline,31,diagnostic,local,17,100000,100000,63188,99846,0.009765625,local,8,8,1,0,9,16,0,16,4,0,2
baseline,31,diagnostic,local,17,100000,100000,66197,99902,0.108154297,direct,0,0,0,0,0,17,0,17,4,0,1
baseline,31,diagnostic,local,17,100000,100000,66202,99903,0.034423828,local,32,56,1,2,59,18,2,18,4,0,3
baseline,31,diagnostic,local,17,100000,100000,70056,99940,0.013183594,local,8,8,1,0,9,16,0,16,3,0,2
baseline,31,diagnostic,local,17,100000,100000,71725,99933,0.023193359,direct,0,0,0,0,0,15,0,15,4,0,1
baseline,31,diagnostic,local,17,100000,100000,80421,99957,0.010253906,local,8,8,1,0,9,17,2,17,3,0,2
baseline,31,diagnostic,local,17,100000,100000,81453,99984,0.014892578,local,16,24,1,1,26,17,2,17,4,0,3
baseline,31,diagnostic,local,17,100000,100000,85920,99923,0.013427734,local,8,8,1,0,9,16,0,16,3,0,2
baseline,31,diagnostic,local,17,100000,100000,86848,99914,0.015380859,local,16,24,1,1,26,16,2,16,3,0,3
baseline,31,diagnostic,local,17,100000,100000,88290,99888,0.042724609,direct,0,0,0,0,0,16,0,16,3,0,1
baseline,31,diagnostic,local,17,100000,100000,88350,99893,0.070800781,direct,0,0,0,0,0,17,0,17,4,0,1
baseline,31,diagnostic,local,17,100000,100000,90033,99888,0.010253906,local,8,8,1,0,9,18,1,18,3,0,2
baseline,31,diagnostic,local,17,100000,100000,90719,99886,0.014892578,local,16,24,1,1,26,18,1,18,4,0,3
baseline,31,diagnostic,local,17,100000,100000,91011,99886,0.012939453,local,8,8,1,0,9,16,1,16,3,0,2
baseline,31,diagnostic,local,17,100000,100000,91454,99898,0.015625,direct,0,0,0,0,0,17,0,17,2,0,1
baseline,31,diagnostic,local,17,100000,100000,93273,99907,0.108886719,direct,0,0,0,0,0,16,0,16,3,0,1
baseline,31,diagnostic,local,17,100000,100000,93560,99890,0.020263672,local,16,24,1,1,26,16,0,16,4,0,3
baseline,31,diagnostic,local,17,100000,100000,95048,99894,0.018554688,direct,0,0,0,0,0,17,0,17,6,0,1
baseline,31,diagnostic,local,17,100000,100000,95949,99905,0.045410156,direct,0,0,0,0,0,16,0,16,5,0,1
baseline,31,diagnostic,local,17,100000,100000,96537,99898,0.013916016,local,16,24,1,1,26,17,0,17,2,0,2
open_dense,31,timed,local,17,100000,100000,5400,100065,0.013916016,unavailable,0,0,0,0,0,0,0,0,4,0,1
open_dense,31,timed,local,17,100000,100000,6664,100038,0.111328125,unavailable,0,0,0,0,0,0,0,0,3,0,1
open_dense,31,timed,local,17,100000,100000,8144,100017,0.022949219,unavailable,0,0,0,0,0,0,0,0,4,0,1
open_dense,31,timed,local,17,100000,100000,16953,100040,0.031982422,unavailable,0,0,0,0,0,0,0,0,4,0,1
open_dense,31,timed,local,17,100000,100000,18667,100031,0.01953125,unavailable,0,0,0,0,0,0,0,0,3,0,1
open_dense,31,timed,local,17,100000,100000,20819,100012,0.017089844,unavailable,0,0,0,0,0,0,0,0,4,0,1
open_dense,31,timed,local,17,100000,100000,34550,99956,0.015136719,unavailable,0,0,0,0,0,0,0,0,3,0,1
open_dense,31,timed,local,17,100000,100000,45228,99970,0.036865234,unavailable,0,0,0,0,0,0,0,0,3,0,1
open_dense,31,timed,local,17,100000,100000,51324,99966,0.020507812,unavailable,0,0,0,0,0,0,0,0,5,0,1
open_dense,31,timed,local,17,100000,100000,57520,99904,0.020263672,unavailable,0,0,0,0,0,0,0,0,5,0,1
open_dense,31,timed,local,17,100000,100000,58932,99906,0.045410156,unavailable,0,0,0,0,0,0,0,0,4,0,1
open_dense,31,timed,local,17,100000,100000,66202,99903,0.026611328,unavailable,0,0,0,0,0,0,0,0,4,0,1
open_dense,31,timed,local,17,100000,100000,66389,99908,0.039306641,unavailable,0,0,0,0,0,0,0,0,4,0,1
open_dense,31,timed,local,17,100000,100000,73094,99944,0.029296875,unavailable,0,0,0,0,0,0,0,0,5,0,1
open_dense,31,timed,local,17,100000,100000,75521,99948,0.070556641,unavailable,0,0,0,0,0,0,0,0,4,0,1
open_dense,31,timed,local,17,100000,100000,76567,99921,0.104003906,unavailable,0,0,0,0,0,0,0,0,2,0,1
open_dense,31,timed,local,17,100000,100000,78891,99925,0.04296875,unavailable,0,0,0,0,0,0,0,0,5,0,1
open_dense,31,timed,local,17,100000,100000,80421,99957,0.019042969,unavailable,0,0,0,0,0,0,0,0,3,0,1
open_dense,31,timed,local,17,100000,100000,81168,99979,0.018066406,unavailable,0,0,0,0,0,0,0,0,3,0,1
open_dense,31,timed,local,17,100000,100000,81386,99987,0.018310547,unavailable,0,0,0,0,0,0,0,0,3,0,1
open_dense,31,timed,local,17,100000,100000,81408,99987,0.013916016,unavailable,0,0,0,0,0,0,0,0,2,0,1
open_dense,31,timed,local,17,100000,100000,81453,99984,0.020263672,unavailable,0,0,0,0,0,0,0,0,4,0,1
open_dense,31,timed,local,17,100000,100000,84222,99945,0.013427734,unavailable,0,0,0,0,0,0,0,0,6,0,1
open_dense,31,timed,local,17,100000,100000,86848,99914,0.012695312,unavailable,0,0,0,0,0,0,0,0,3,0,1
open_dense,31,timed,local,17,100000,100000,95701,99901,0.030273438,unavailable,0,0,0,0,0,0,0,0,5,0,1
open_dense,31,diagnostic,local,17,100000,100000,7291,100036,0.029541016,direct,0,0,0,0,0,16,1,16,4,0,1
open_dense,31,diagnostic,local,17,100000,100000,16953,100040,0.022460938,local,8,8,1,0,9,17,0,17,4,0,3
open_dense,31,diagnostic,local,17,100000,100000,18518,100031,0.023681641,direct,0,0,0,0,0,17,0,17,3,0,1
open_dense,31,diagnostic,local,17,100000,100000,20483,100025,0.068359375,direct,0,0,0,0,0,16,0,16,4,0,1
open_dense,31,diagnostic,local,17,100000,100000,26571,99989,0.039306641,direct,0,0,0,0,0,16,2,16,4,0,1
open_dense,31,diagnostic,local,17,100000,100000,28991,99960,0.020019531,direct,0,0,0,0,0,16,0,16,4,0,1
open_dense,31,diagnostic,local,17,100000,100000,30001,99974,0.016113281,direct,0,0,0,0,0,17,0,17,1,0,1
open_dense,31,diagnostic,local,17,100000,100000,30347,99978,0.015625,direct,0,0,0,0,0,17,0,17,3,0,1
open_dense,31,diagnostic,local,17,100000,100000,30355,99977,0.020263672,direct,0,0,0,0,0,18,2,18,3,0,1
open_dense,31,diagnostic,local,17,100000,100000,30360,99977,0.030273438,direct,0,0,0,0,0,15,0,15,4,0,1
open_dense,31,diagnostic,local,17,100000,100000,30361,99977,0.016601562,direct,0,0,0,0,0,17,2,17,3,0,1
open_dense,31,diagnostic,local,17,100000,100000,30370,99977,0.019042969,direct,0,0,0,0,0,16,0,16,4,0,1
open_dense,31,diagnostic,local,17,100000,100000,31902,99970,0.013916016,local,8,8,1,0,9,18,2,18,4,0,2
open_dense,31,diagnostic,local,17,100000,100000,32389,99974,0.010498047,local,8,8,1,0,9,18,2,18,4,0,2
open_dense,31,diagnostic,local,17,100000,100000,37989,99909,0.013427734,local,8,8,1,0,9,18,2,18,4,0,2
open_dense,31,diagnostic,local,17,100000,100000,40784,99950,0.027587891,direct,0,0,0,0,0,18,1,18,4,0,1
open_dense,31,diagnostic,local,17,100000,100000,41193,99945,0.009277344,local,8,8,1,0,9,17,1,17,3,0,2
open_dense,31,diagnostic,local,17,100000,100000,45228,99970,0.014404297,local,16,24,1,1,26,15,0,15,3,0,2
open_dense,31,diagnostic,local,17,100000,100000,49401,99967,0.017089844,direct,0,0,0,0,0,16,0,16,4,0,1
open_dense,31,diagnostic,local,17,100000,100000,50378,99958,0.010742188,local,8,8,1,0,9,16,2,16,4,0,2
open_dense,31,diagnostic,local,17,100000,100000,51440,99967,0.009765625,local,8,8,1,0,9,17,2,17,3,0,2
open_dense,31,diagnostic,local,17,100000,100000,51774,99972,0.010498047,local,8,8,1,0,9,17,0,17,4,0,2
open_dense,31,diagnostic,local,17,100000,100000,57613,99900,0.014404297,local,16,24,1,1,26,17,2,17,3,0,2
open_dense,31,diagnostic,local,17,100000,100000,59989,99870,0.059082031,direct,0,0,0,0,0,17,1,17,4,0,1
open_dense,31,diagnostic,local,17,100000,100000,60109,99868,0.010009766,local,8,8,1,0,9,17,2,17,3,0,2
open_dense,31,diagnostic,local,17,100000,100000,63188,99846,0.010498047,local,8,8,1,0,9,16,0,16,4,0,2
open_dense,31,diagnostic,local,17,100000,100000,65220,99901,0.012207031,local,8,8,1,0,9,18,1,18,4,0,2
open_dense,31,diagnostic,local,17,100000,100000,66202,99903,0.032714844,local,32,56,1,2,59,18,2,18,4,0,3
open_dense,31,diagnostic,local,17,100000,100000,70056,99940,0.013916016,local,8,8,1,0,9,16,0,16,3,0,2
open_dense,31,diagnostic,local,17,100000,100000,70337,99939,0.010253906,local,8,8,1,0,9,16,0,16,4,0,2
open_dense,31,diagnostic,local,17,100000,100000,71725,99933,0.023681641,direct,0,0,0,0,0,15,0,15,4,0,1
open_dense,31,diagnostic,local,17,100000,100000,80421,99957,0.010986328,local,8,8,1,0,9,17,2,17,3,0,2
open_dense,31,diagnostic,local,17,100000,100000,81453,99984,0.018310547,local,16,24,1,1,26,17,2,17,4,0,3
open_dense,31,diagnostic,local,17,100000,100000,86848,99914,0.015869141,local,16,24,1,1,26,16,2,16,3,0,3
open_dense,31,diagnostic,local,17,100000,100000,88350,99893,0.050048828,direct,0,0,0,0,0,17,0,17,4,0,1
open_dense,31,diagnostic,local,17,100000,100000,90033,99888,0.009521484,local,8,8,1,0,9,18,1,18,3,0,2
open_dense,31,diagnostic,local,17,100000,100000,90719,99886,0.015136719,local,16,24,1,1,26,18,1,18,4,0,2
open_dense,31,diagnostic,local,17,100000,100000,93560,99890,0.014404297,local,16,24,1,1,26,16,0,16,4,0,2
open_dense,31,diagnostic,local,17,100000,100000,95048,99894,0.016601562,direct,0,0,0,0,0,17,0,17,6,0,1
open_dense,31,diagnostic,local,17,100000,100000,95949,99905,0.043945312,direct,0,0,0,0,0,16,0,16,5,0,1
open_dense,31,diagnostic,local,17,100000,100000,96537,99898,0.012939453,local,16,24,1,1,26,17,0,17,2,0,2
open_dense,31,diagnostic,local,17,100000,100000,97353,99890,0.018310547,local,8,8,1,0,9,16,0,16,3,0,3
open_dense,31,diagnostic,local,17,100000,100000,97354,99891,0.017822266,direct,0,0,0,0,0,16,0,16,3,0,1
open_dense,31,diagnostic,local,17,100000,100000,97355,99891,0.022216797,direct,0,0,0,0,0,17,0,17,3,0,1
open_dense,31,diagnostic,local,17,100000,100000,99312,99906,0.010253906,local,8,8,1,0,9,17,2,17,4,0,2
baseline,32,timed,churn,17,100000,100000,10001,99959,0.015869141,unavailable,0,0,0,0,0,0,0,0,2,0,1
baseline,32,timed,churn,17,100000,100000,10156,99968,0.021728516,unavailable,0,0,0,0,0,0,0,0,2,0,1
baseline,32,timed,churn,17,100000,100000,10533,99965,0.017089844,unavailable,0,0,0,0,0,0,0,0,4,0,1
baseline,32,timed,churn,17,100000,100000,10545,99967,0.013427734,unavailable,0,0,0,0,0,0,0,0,3,0,1
baseline,32,timed,churn,17,100000,100000,10550,99969,0.012939453,unavailable,0,0,0,0,0,0,0,0,3,0,1
baseline,32,timed,churn,17,100000,100000,10648,99973,0.012695312,unavailable,0,0,0,0,0,0,0,0,3,0,1
baseline,32,timed,churn,17,100000,100000,11209,99985,0.013671875,unavailable,0,0,0,0,0,0,0,0,2,0,1
baseline,32,timed,churn,17,100000,100000,11234,99990,0.018554688,unavailable,0,0,0,0,0,0,0,0,4,0,1
baseline,32,timed,churn,17,100000,100000,11338,99973,0.013671875,unavailable,0,0,0,0,0,0,0,0,4,0,1
baseline,32,timed,churn,17,100000,100000,11343,99974,0.013183594,unavailable,0,0,0,0,0,0,0,0,4,0,1
baseline,32,timed,churn,17,100000,100000,11349,99972,0.013183594,unavailable,0,0,0,0,0,0,0,0,4,0,1
baseline,32,timed,churn,17,100000,100000,11350,99972,0.012695312,unavailable,0,0,0,0,0,0,0,0,4,0,1
baseline,32,timed,churn,17,100000,100000,11352,99971,0.014160156,unavailable,0,0,0,0,0,0,0,0,2,0,1
baseline,32,timed,churn,17,100000,100000,11365,99967,0.017578125,unavailable,0,0,0,0,0,0,0,0,2,0,1
baseline,32,timed,churn,17,100000,100000,11377,99969,0.014160156,unavailable,0,0,0,0,0,0,0,0,4,0,1
baseline,32,timed,churn,17,100000,100000,11402,99965,0.012695312,unavailable,0,0,0,0,0,0,0,0,5,0,1
baseline,32,timed,churn,17,100000,100000,11408,99967,0.020019531,unavailable,0,0,0,0,0,0,0,0,5,0,1
baseline,32,timed,churn,17,100000,100000,11499,99960,0.014404297,unavailable,0,0,0,0,0,0,0,0,4,0,1
baseline,32,timed,churn,17,100000,100000,35901,100069,0.02734375,unavailable,0,0,0,0,0,0,0,0,3,0,1
baseline,32,timed,churn,17,100000,100000,43685,100048,0.0390625,unavailable,0,0,0,0,0,0,0,0,5,0,1
baseline,32,timed,churn,17,100000,100000,43687,100048,0.013183594,unavailable,0,0,0,0,0,0,0,0,4,0,1
baseline,32,timed,churn,17,100000,100000,49366,100051,0.015380859,unavailable,0,0,0,0,0,0,0,0,4,0,1
baseline,32,timed,churn,17,100000,100000,74605,99941,0.0390625,unavailable,0,0,0,0,0,0,0,0,4,0,1
baseline,32,timed,churn,17,100000,100000,89716,99996,0.019042969,unavailable,0,0,0,0,0,0,0,0,5,0,1
baseline,32,timed,churn,17,100000,100000,97628,100049,0.015869141,unavailable,0,0,0,0,0,0,0,0,4,0,1
baseline,32,diagnostic,churn,17,100000,100000,21555,100032,0.021972656,direct,0,0,0,0,0,18,1,18,4,0,1
baseline,32,diagnostic,churn,17,100000,100000,26179,100025,0.0234375,direct,0,0,0,0,0,15,0,15,4,0,1
baseline,32,diagnostic,churn,17,100000,100000,31434,100029,0.03125,direct,0,0,0,0,0,16,0,16,4,0,1
baseline,32,diagnostic,churn,17,100000,100000,35677,100054,0.039550781,direct,0,0,0,0,0,16,0,16,4,0,1
baseline,32,diagnostic,churn,17,100000,100000,49366,100051,0.015136719,local,8,8,1,0,9,17,2,17,4,0,2
baseline,32,diagnostic,churn,17,100000,100000,52881,100007,0.017822266,direct,0,0,0,0,0,16,0,16,1,0,1
baseline,32,diagnostic,churn,17,100000,100000,52882,100007,0.032714844,direct,0,0,0,0,0,18,2,18,4,0,1
baseline,32,diagnostic,churn,17,100000,100000,52884,100007,0.019287109,direct,0,0,0,0,0,18,2,18,2,0,1
baseline,32,diagnostic,churn,17,100000,100000,56447,99922,0.017822266,direct,0,0,0,0,0,17,1,17,5,0,1
baseline,32,diagnostic,churn,17,100000,100000,58621,99926,0.019042969,direct,0,0,0,0,0,16,0,16,3,0,1
baseline,32,diagnostic,churn,17,100000,100000,58943,99951,0.297607422,direct,0,0,0,0,0,17,1,17,4,0,1
baseline,32,diagnostic,churn,17,100000,100000,61314,99970,0.110107422,direct,0,0,0,0,0,18,1,18,4,0,1
baseline,32,diagnostic,churn,17,100000,100000,69882,99976,0.009521484,local,8,8,1,0,9,16,0,16,4,0,2
baseline,32,diagnostic,churn,17,100000,100000,78764,99981,0.048339844,direct,0,0,0,0,0,18,0,18,3,0,1
baseline,32,diagnostic,churn,17,100000,100000,79119,99958,0.009765625,local,8,8,1,0,9,18,1,18,3,0,2
baseline,32,diagnostic,churn,17,100000,100000,79505,99938,0.009521484,local,8,8,1,0,9,17,0,17,4,0,2
baseline,32,diagnostic,churn,17,100000,100000,80807,99930,0.010009766,local,8,8,1,0,9,17,1,17,3,0,2
baseline,32,diagnostic,churn,17,100000,100000,80921,99927,0.029052734,direct,0,0,0,0,0,16,0,16,4,0,1
baseline,32,diagnostic,churn,17,100000,100000,82086,99966,0.036621094,direct,0,0,0,0,0,16,0,16,3,0,1
baseline,32,diagnostic,churn,17,100000,100000,87026,99952,0.023681641,direct,0,0,0,0,0,16,0,16,3,0,1
baseline,32,diagnostic,churn,17,100000,100000,87707,99959,0.122558594,direct,0,0,0,0,0,17,2,17,4,0,1
baseline,32,diagnostic,churn,17,100000,100000,92537,99938,0.016113281,local,8,8,1,0,9,15,0,15,3,0,2
baseline,32,diagnostic,churn,17,100000,100000,93240,99946,0.010742188,local,8,8,1,0,9,18,2,18,4,0,2
baseline,32,diagnostic,churn,17,100000,100000,97715,100048,0.012695312,local,8,8,1,0,9,16,0,16,3,0,2
baseline,32,diagnostic,churn,17,100000,100000,97925,100051,0.021972656,direct,0,0,0,0,0,17,0,17,2,0,1
baseline,32,diagnostic,churn,17,100000,100000,97927,100050,0.019287109,direct,0,0,0,0,0,16,0,16,4,0,1
baseline,32,diagnostic,churn,17,100000,100000,97928,100051,0.022460938,direct,0,0,0,0,0,18,2,18,2,0,1
baseline,32,diagnostic,churn,17,100000,100000,97935,100049,0.016113281,direct,0,0,0,0,0,16,0,16,3,0,1
baseline,32,diagnostic,churn,17,100000,100000,97941,100052,0.018066406,direct,0,0,0,0,0,16,0,16,4,0,1
baseline,32,diagnostic,churn,17,100000,100000,97943,100053,0.017578125,direct,0,0,0,0,0,16,0,16,4,0,1
baseline,32,diagnostic,churn,17,100000,100000,97946,100052,0.018066406,direct,0,0,0,0,0,17,0,17,1,0,1
baseline,32,diagnostic,churn,17,100000,100000,99632,100091,0.018066406,direct,0,0,0,0,0,17,0,17,3,0,1
baseline,32,diagnostic,churn,17,100000,100000,99695,100099,0.055175781,direct,0,0,0,0,0,17,2,17,1,0,1
open_dense,32,timed,churn,17,100000,100000,7873,99935,0.020507812,unavailable,0,0,0,0,0,0,0,0,4,0,1
open_dense,32,timed,churn,17,100000,100000,7875,99935,0.014404297,unavailable,0,0,0,0,0,0,0,0,2,0,1
open_dense,32,timed,churn,17,100000,100000,12930,100001,0.028076172,unavailable,0,0,0,0,0,0,0,0,4,0,1
open_dense,32,timed,churn,17,100000,100000,12932,100003,0.016601562,unavailable,0,0,0,0,0,0,0,0,2,0,1
open_dense,32,timed,churn,17,100000,100000,20645,100029,0.029296875,unavailable,0,0,0,0,0,0,0,0,3,0,1
open_dense,32,timed,churn,17,100000,100000,27141,100032,0.017822266,unavailable,0,0,0,0,0,0,0,0,4,0,1
open_dense,32,timed,churn,17,100000,100000,27142,100032,0.017578125,unavailable,0,0,0,0,0,0,0,0,2,0,1
open_dense,32,timed,churn,17,100000,100000,30001,100030,0.056396484,unavailable,0,0,0,0,0,0,0,0,3,0,1
open_dense,32,timed,churn,17,100000,100000,30986,100037,0.012939453,unavailable,0,0,0,0,0,0,0,0,2,0,1
open_dense,32,timed,churn,17,100000,100000,34060,100029,0.012207031,unavailable,0,0,0,0,0,0,0,0,5,0,1
open_dense,32,timed,churn,17,100000,100000,35901,100069,0.020751953,unavailable,0,0,0,0,0,0,0,0,3,0,1
open_dense,32,timed,churn,17,100000,100000,38111,100080,0.015380859,unavailable,0,0,0,0,0,0,0,0,4,0,1
open_dense,32,timed,churn,17,100000,100000,40304,100061,0.021484375,unavailable,0,0,0,0,0,0,0,0,4,0,1
open_dense,32,timed,churn,17,100000,100000,40306,100061,0.016845703,unavailable,0,0,0,0,0,0,0,0,2,0,1
open_dense,32,timed,churn,17,100000,100000,47802,100045,0.030761719,unavailable,0,0,0,0,0,0,0,0,4,0,1
open_dense,32,timed,churn,17,100000,100000,47803,100046,0.013427734,unavailable,0,0,0,0,0,0,0,0,4,0,1
open_dense,32,timed,churn,17,100000,100000,49366,100051,0.015869141,unavailable,0,0,0,0,0,0,0,0,4,0,1
open_dense,32,timed,churn,17,100000,100000,52649,100021,0.018310547,unavailable,0,0,0,0,0,0,0,0,4,0,1
open_dense,32,timed,churn,17,100000,100000,79119,99958,0.014892578,unavailable,0,0,0,0,0,0,0,0,3,0,1
open_dense,32,timed,churn,17,100000,100000,79129,99957,0.010742188,unavailable,0,0,0,0,0,0,0,0,3,0,1
open_dense,32,timed,churn,17,100000,100000,80003,99938,0.010986328,unavailable,0,0,0,0,0,0,0,0,4,0,1
open_dense,32,timed,churn,17,100000,100000,83607,99982,0.022705078,unavailable,0,0,0,0,0,0,0,0,3,0,1
open_dense,32,timed,churn,17,100000,100000,89716,99996,0.017822266,unavailable,0,0,0,0,0,0,0,0,5,0,1
open_dense,32,timed,churn,17,100000,100000,92216,99956,0.030517578,unavailable,0,0,0,0,0,0,0,0,3,0,1
open_dense,32,timed,churn,17,100000,100000,97628,100049,0.018310547,unavailable,0,0,0,0,0,0,0,0,4,0,1
open_dense,32,diagnostic,churn,17,100000,100000,7004,99926,0.015869141,direct,0,0,0,0,0,16,0,16,4,0,1
open_dense,32,diagnostic,churn,17,100000,100000,8430,99923,0.012695312,direct,0,0,0,0,0,16,0,16,4,0,1
open_dense,32,diagnostic,churn,17,100000,100000,10064,99970,0.017089844,direct,0,0,0,0,0,16,0,16,4,0,1
open_dense,32,diagnostic,churn,17,100000,100000,11688,99963,0.012451172,direct,0,0,0,0,0,16,0,16,4,0,1
open_dense,32,diagnostic,churn,17,100000,100000,20508,100042,0.014892578,direct,0,0,0,0,0,16,0,16,4,0,1
open_dense,32,diagnostic,churn,17,100000,100000,21555,100032,0.01953125,direct,0,0,0,0,0,18,1,18,4,0,1
open_dense,32,diagnostic,churn,17,100000,100000,26179,100025,0.032714844,direct,0,0,0,0,0,15,0,15,4,0,1
open_dense,32,diagnostic,churn,17,100000,100000,28192,100027,0.028320312,direct,0,0,0,0,0,17,0,17,2,0,1
open_dense,32,diagnostic,churn,17,100000,100000,28195,100026,0.014648438,direct,0,0,0,0,0,17,0,17,2,0,1
open_dense,32,diagnostic,churn,17,100000,100000,29097,100015,0.05859375,direct,0,0,0,0,0,17,0,17,2,0,1
open_dense,32,diagnostic,churn,17,100000,100000,30840,100041,0.013427734,direct,0,0,0,0,0,16,0,16,5,0,1
open_dense,32,diagnostic,churn,17,100000,100000,31434,100029,0.053955078,direct,0,0,0,0,0,16,0,16,4,0,1
open_dense,32,diagnostic,churn,17,100000,100000,35714,100054,0.040039062,direct,0,0,0,0,0,16,2,16,4,0,1
open_dense,32,diagnostic,churn,17,100000,100000,38910,100085,0.036132812,direct,0,0,0,0,0,17,0,17,2,0,1
open_dense,32,diagnostic,churn,17,100000,100000,49366,100051,0.016113281,local,8,8,1,0,9,17,2,17,4,0,3
open_dense,32,diagnostic,churn,17,100000,100000,56447,99922,0.019287109,direct,0,0,0,0,0,17,1,17,5,0,1
open_dense,32,diagnostic,churn,17,100000,100000,57016,99926,0.015380859,direct,0,0,0,0,0,17,0,17,2,0,1
open_dense,32,diagnostic,churn,17,100000,100000,61854,99962,0.024658203,direct,0,0,0,0,0,16,0,16,3,0,1
open_dense,32,diagnostic,churn,17,100000,100000,69882,99976,0.009277344,local,8,8,1,0,9,16,0,16,4,0,2
open_dense,32,diagnostic,churn,17,100000,100000,78083,99977,0.019287109,direct,0,0,0,0,0,16,0,16,5,0,1
open_dense,32,diagnostic,churn,17,100000,100000,78084,99977,0.014892578,direct,0,0,0,0,0,18,1,18,1,0,1
open_dense,32,diagnostic,churn,17,100000,100000,79119,99958,0.008789062,local,8,8,1,0,9,18,1,18,3,0,2
open_dense,32,diagnostic,churn,17,100000,100000,79505,99938,0.008056641,local,8,8,1,0,9,17,0,17,4,0,2
open_dense,32,diagnostic,churn,17,100000,100000,80807,99930,0.009033203,local,8,8,1,0,9,17,1,17,3,0,2
open_dense,32,diagnostic,churn,17,100000,100000,80921,99927,0.020263672,direct,0,0,0,0,0,16,0,16,4,0,1
open_dense,32,diagnostic,churn,17,100000,100000,87211,99953,0.108642578,direct,0,0,0,0,0,15,0,15,4,0,1
open_dense,32,diagnostic,churn,17,100000,100000,89240,99969,0.017333984,direct,0,0,0,0,0,17,2,17,2,0,1
open_dense,32,diagnostic,churn,17,100000,100000,92361,99951,0.032226562,direct,0,0,0,0,0,18,1,18,2,0,1
open_dense,32,diagnostic,churn,17,100000,100000,92537,99938,0.008544922,local,8,8,1,0,9,15,0,15,3,0,2
open_dense,32,diagnostic,churn,17,100000,100000,93240,99946,0.008789062,local,8,8,1,0,9,18,2,18,4,0,2
open_dense,32,diagnostic,churn,17,100000,100000,97715,100048,0.008056641,local,8,8,1,0,9,16,0,16,3,0,2
open_dense,32,diagnostic,churn,17,100000,100000,99823,100096,0.015136719,direct,0,0,0,0,0,16,0,16,3,0,1
baseline,33,timed,churn,17,50000,500000,23276,50065,0.051025391,unavailable,0,0,0,0,0,0,0,0,3,0,1
baseline,33,timed,churn,17,50000,500000,54814,49946,0.020263672,unavailable,0,0,0,0,0,0,0,0,1,0,1
baseline,33,timed,churn,17,50000,500000,66473,50026,0.017089844,unavailable,0,0,0,0,0,0,0,0,2,0,1
baseline,33,timed,churn,17,50000,500000,119331,50129,0.062988281,unavailable,0,0,0,0,0,0,0,0,4,0,1
baseline,33,timed,churn,17,50000,500000,137113,50200,0.014892578,unavailable,0,0,0,0,0,0,0,0,1,0,1
baseline,33,timed,churn,17,50000,500000,174602,50128,0.016113281,unavailable,0,0,0,0,0,0,0,0,3,0,1
baseline,33,timed,churn,17,50000,500000,184679,50211,0.043212891,unavailable,0,0,0,0,0,0,0,0,1,0,1
baseline,33,timed,churn,17,50000,500000,217966,50125,0.014160156,unavailable,0,0,0,0,0,0,0,0,1,0,1
baseline,33,timed,churn,17,50000,500000,230308,50154,0.112792969,unavailable,0,0,0,0,0,0,0,0,1,0,1
baseline,33,timed,churn,17,50000,500000,245350,50095,0.020263672,unavailable,0,0,0,0,0,0,0,0,1,0,1
baseline,33,timed,churn,17,50000,500000,249311,50011,0.075195312,unavailable,0,0,0,0,0,0,0,0,1,0,1
baseline,33,timed,churn,17,50000,500000,261224,50022,0.01171875,unavailable,0,0,0,0,0,0,0,0,2,0,1
baseline,33,timed,churn,17,50000,500000,291966,49976,0.018798828,unavailable,0,0,0,0,0,0,0,0,1,0,1
baseline,33,timed,churn,17,50000,500000,292587,49978,0.012451172,unavailable,0,0,0,0,0,0,0,0,2,0,1
baseline,33,timed,churn,17,50000,500000,307064,49993,0.020019531,unavailable,0,0,0,0,0,0,0,0,2,0,1
baseline,33,timed,churn,17,50000,500000,307065,49994,0.014892578,unavailable,0,0,0,0,0,0,0,0,2,0,1
baseline,33,timed,churn,17,50000,500000,344609,49713,0.014892578,unavailable,0,0,0,0,0,0,0,0,1,0,1
baseline,33,timed,churn,17,50000,500000,389063,49797,0.013183594,unavailable,0,0,0,0,0,0,0,0,3,0,1
baseline,33,timed,churn,17,50000,500000,406219,49859,0.022216797,unavailable,0,0,0,0,0,0,0,0,1,0,1
baseline,33,timed,churn,17,50000,500000,406225,49860,0.013183594,unavailable,0,0,0,0,0,0,0,0,2,0,1
baseline,33,timed,churn,17,50000,500000,407777,49855,0.101074219,unavailable,0,0,0,0,0,0,0,0,1,0,1
baseline,33,timed,churn,17,50000,500000,416170,49863,0.014892578,unavailable,0,0,0,0,0,0,0,0,1,0,1
baseline,33,timed,churn,17,50000,500000,429952,50179,0.017089844,unavailable,0,0,0,0,0,0,0,0,2,0,1
baseline,33,timed,churn,17,50000,500000,491611,50267,0.031738281,unavailable,0,0,0,0,0,0,0,0,5,0,1
baseline,33,timed,churn,17,50000,500000,493593,50278,0.015136719,unavailable,0,0,0,0,0,0,0,0,2,0,1
baseline,33,diagnostic,churn,17,50000,500000,1493,49990,0.023193359,direct,0,0,0,0,0,15,0,15,3,0,1
baseline,33,diagnostic,churn,17,50000,500000,2815,49970,0.024902344,direct,0,0,0,0,0,16,1,16,2,0,1
baseline,33,diagnostic,churn,17,50000,500000,5894,49903,0.041503906,direct,0,0,0,0,0,15,0,15,3,0,1
baseline,33,diagnostic,churn,17,50000,500000,29301,50016,0.029296875,direct,0,0,0,0,0,15,0,15,3,0,1
baseline,33,diagnostic,churn,17,50000,500000,33475,50014,0.063720703,direct,0,0,0,0,0,17,1,17,2,0,1
baseline,33,diagnostic,churn,17,50000,500000,49925,50041,0.431640625,direct,0,0,0,0,0,15,1,15,3,0,1
baseline,33,diagnostic,churn,17,50000,500000,66473,50026,0.043212891,local,8,8,1,0,9,14,0,14,2,0,3
baseline,33,diagnostic,churn,17,50000,500000,77465,49960,0.019042969,direct,0,0,0,0,0,16,1,16,5,0,1
baseline,33,diagnostic,churn,17,50000,500000,101914,50101,0.020263672,direct,0,0,0,0,0,14,2,14,2,0,1
baseline,33,diagnostic,churn,17,50000,500000,130878,50112,0.010742188,local,16,24,1,1,26,17,1,17,1,0,2
baseline,33,diagnostic,churn,17,50000,500000,157454,50116,0.008789062,local,8,8,1,0,9,17,0,17,2,0,2
baseline,33,diagnostic,churn,17,50000,500000,158716,50115,0.020507812,direct,0,0,0,0,0,14,0,14,1,0,1
baseline,33,diagnostic,churn,17,50000,500000,158723,50113,0.026367188,direct,0,0,0,0,0,17,2,17,2,0,1
baseline,33,diagnostic,churn,17,50000,500000,205891,50210,0.009033203,local,8,8,1,0,9,15,2,15,2,0,2
baseline,33,diagnostic,churn,17,50000,500000,224938,50161,0.011474609,local,16,24,1,1,26,16,2,16,2,0,2
baseline,33,diagnostic,churn,17,50000,500000,233119,50123,0.043212891,direct,0,0,0,0,0,15,0,15,1,0,1
baseline,33,diagnostic,churn,17,50000,500000,278863,49986,0.010986328,local,16,24,1,1,26,16,0,16,2,0,2
baseline,33,diagnostic,churn,17,50000,500000,280384,50016,0.009521484,local,8,8,1,0,9,16,0,16,1,0,2
baseline,33,diagnostic,churn,17,50000,500000,280512,50016,0.010498047,local,8,8,1,0,9,15,0,15,2,0,2
baseline,33,diagnostic,churn,17,50000,500000,285873,49925,0.008544922,local,8,8,1,0,9,16,0,16,1,0,2
baseline,33,diagnostic,churn,17,50000,500000,286210,49935,0.008544922,local,8,8,1,0,9,15,0,15,2,0,2
baseline,33,diagnostic,churn,17,50000,500000,286668,49958,0.022705078,direct,0,0,0,0,0,14,0,14,5,0,1
baseline,33,diagnostic,churn,17,50000,500000,287441,49949,0.04296875,local,8,8,1,0,9,16,2,16,2,0,3
baseline,33,diagnostic,churn,17,50000,500000,287640,49937,0.032958984,local,8,8,1,0,9,15,0,15,2,0,3
baseline,33,diagnostic,churn,17,50000,500000,287690,49935,0.033203125,local,8,8,1,0,9,15,0,15,1,0,3
baseline,33,diagnostic,churn,17,50000,500000,287783,49938,0.012695312,local,8,8,1,0,9,15,2,15,2,0,2
baseline,33,diagnostic,churn,17,50000,500000,289815,49958,0.010498047,local,8,8,1,0,9,14,0,14,2,0,2
baseline,33,diagnostic,churn,17,50000,500000,304399,49976,0.010742188,local,16,24,1,1,26,16,2,16,2,0,2
baseline,33,diagnostic,churn,17,50000,500000,342082,49787,0.022949219,direct,0,0,0,0,0,15,2,15,2,0,1
baseline,33,diagnostic,churn,17,50000,500000,345498,49709,0.054199219,direct,0,0,0,0,0,15,0,15,2,0,1
baseline,33,diagnostic,churn,17,50000,500000,359026,49650,0.009521484,local,8,8,1,0,9,15,0,15,2,0,2
baseline,33,diagnostic,churn,17,50000,500000,384434,49726,0.055664062,direct,0,0,0,0,0,17,1,17,5,0,1
baseline,33,diagnostic,churn,17,50000,500000,396434,49939,0.012451172,local,16,24,1,1,26,15,2,15,2,0,2
baseline,33,diagnostic,churn,17,50000,500000,401009,49932,0.009521484,local,8,8,1,0,9,17,1,17,2,0,2
baseline,33,diagnostic,churn,17,50000,500000,405287,49918,0.012695312,local,8,8,1,0,9,17,0,17,1,0,2
baseline,33,diagnostic,churn,17,50000,500000,418070,49921,0.045654297,direct,0,0,0,0,0,15,0,15,2,0,1
baseline,33,diagnostic,churn,17,50000,500000,429716,50178,0.008300781,local,8,8,1,0,9,15,2,15,2,0,2
baseline,33,diagnostic,churn,17,50000,500000,429952,50179,0.021484375,local,32,56,1,2,59,16,0,16,2,0,3
baseline,33,diagnostic,churn,17,50000,500000,438111,50273,0.024169922,direct,0,0,0,0,0,15,2,15,1,0,1
baseline,33,diagnostic,churn,17,50000,500000,451832,50192,0.061279297,direct,0,0,0,0,0,17,1,17,3,0,1
baseline,33,diagnostic,churn,17,50000,500000,465671,50170,0.009033203,local,8,8,1,0,9,16,1,16,1,0,2
baseline,33,diagnostic,churn,17,50000,500000,484674,50192,0.051757812,direct,0,0,0,0,0,15,0,15,2,0,1
baseline,33,diagnostic,churn,17,50000,500000,493593,50278,0.013671875,local,16,24,1,1,26,14,0,14,2,0,2
baseline,33,diagnostic,churn,17,50000,500000,494771,50298,0.018066406,local,16,24,1,1,26,17,2,17,2,0,2
baseline,33,diagnostic,churn,17,50000,500000,497231,50259,0.047851562,direct,0,0,0,0,0,16,1,16,6,0,1
open_dense,33,timed,churn,17,50000,500000,66473,50026,0.012695312,unavailable,0,0,0,0,0,0,0,0,2,0,1
open_dense,33,timed,churn,17,50000,500000,84839,50003,0.050537109,unavailable,0,0,0,0,0,0,0,0,3,0,1
open_dense,33,timed,churn,17,50000,500000,101119,50095,0.048339844,unavailable,0,0,0,0,0,0,0,0,3,0,1
open_dense,33,timed,churn,17,50000,500000,117549,50124,0.012207031,unavailable,0,0,0,0,0,0,0,0,3,0,1
open_dense,33,timed,churn,17,50000,500000,144607,50197,0.012451172,unavailable,0,0,0,0,0,0,0,0,2,0,1
open_dense,33,timed,churn,17,50000,500000,161902,50124,0.012451172,unavailable,0,0,0,0,0,0,0,0,3,0,1
open_dense,33,timed,churn,17,50000,500000,173904,50101,0.035400391,unavailable,0,0,0,0,0,0,0,0,1,0,1
open_dense,33,timed,churn,17,50000,500000,174602,50128,0.024414062,unavailable,0,0,0,0,0,0,0,0,3,0,1
open_dense,33,timed,churn,17,50000,500000,186041,50230,0.018798828,unavailable,0,0,0,0,0,0,0,0,2,0,1
open_dense,33,timed,churn,17,50000,500000,197323,50184,0.110595703,unavailable,0,0,0,0,0,0,0,0,3,0,1
open_dense,33,timed,churn,17,50000,500000,218476,50127,0.015380859,unavailable,0,0,0,0,0,0,0,0,3,0,1
open_dense,33,timed,churn,17,50000,500000,237281,50095,0.014160156,unavailable,0,0,0,0,0,0,0,0,1,0,1
open_dense,33,timed,churn,17,50000,500000,237306,50095,0.015380859,unavailable,0,0,0,0,0,0,0,0,4,0,1
open_dense,33,timed,churn,17,50000,500000,237449,50097,0.013916016,unavailable,0,0,0,0,0,0,0,0,1,0,1
open_dense,33,timed,churn,17,50000,500000,282122,49975,0.018066406,unavailable,0,0,0,0,0,0,0,0,5,0,1
open_dense,33,timed,churn,17,50000,500000,371099,49633,0.043945312,unavailable,0,0,0,0,0,0,0,0,1,0,1
open_dense,33,timed,churn,17,50000,500000,384693,49721,0.015869141,unavailable,0,0,0,0,0,0,0,0,1,0,1
open_dense,33,timed,churn,17,50000,500000,393004,49878,0.034912109,unavailable,0,0,0,0,0,0,0,0,4,0,1
open_dense,33,timed,churn,17,50000,500000,396434,49939,0.013183594,unavailable,0,0,0,0,0,0,0,0,2,0,1
open_dense,33,timed,churn,17,50000,500000,399882,49923,0.03515625,unavailable,0,0,0,0,0,0,0,0,1,0,1
open_dense,33,timed,churn,17,50000,500000,406469,49865,0.110351562,unavailable,0,0,0,0,0,0,0,0,3,0,1
open_dense,33,timed,churn,17,50000,500000,422714,49945,0.020507812,unavailable,0,0,0,0,0,0,0,0,5,0,1
open_dense,33,timed,churn,17,50000,500000,429952,50179,0.017089844,unavailable,0,0,0,0,0,0,0,0,2,0,1
open_dense,33,timed,churn,17,50000,500000,473533,50168,0.130126953,unavailable,0,0,0,0,0,0,0,0,4,0,1
open_dense,33,timed,churn,17,50000,500000,474639,50187,0.013427734,unavailable,0,0,0,0,0,0,0,0,5,0,1
open_dense,33,diagnostic,churn,17,50000,500000,15226,50011,0.091796875,direct,0,0,0,0,0,17,1,17,2,0,1
open_dense,33,diagnostic,churn,17,50000,500000,18759,50052,0.097900391,direct,0,0,0,0,0,15,1,15,3,0,1
open_dense,33,diagnostic,churn,17,50000,500000,49931,50041,0.045654297,direct,0,0,0,0,0,15,2,15,3,0,1
open_dense,33,diagnostic,churn,17,50000,500000,66473,50026,0.012939453,local,8,8,1,0,9,14,0,14,2,0,2
open_dense,33,diagnostic,churn,17,50000,500000,72579,49948,0.035400391,direct,0,0,0,0,0,16,0,16,2,0,1
open_dense,33,diagnostic,churn,17,50000,500000,130878,50112,0.010009766,local,16,24,1,1,26,17,1,17,1,0,2
open_dense,33,diagnostic,churn,17,50000,500000,220559,50170,0.104492188,direct,0,0,0,0,0,17,0,17,1,0,1
open_dense,33,diagnostic,churn,17,50000,500000,224938,50161,0.011230469,local,16,24,1,1,26,16,2,16,2,0,2
open_dense,33,diagnostic,churn,17,50000,500000,273785,49955,0.111572266,direct,0,0,0,0,0,16,2,16,5,0,1
open_dense,33,diagnostic,churn,17,50000,500000,278863,49986,0.014404297,local,16,24,1,1,26,16,0,16,2,0,2
open_dense,33,diagnostic,churn,17,50000,500000,284155,49979,0.008789062,local,8,8,1,0,9,15,0,15,2,0,2
open_dense,33,diagnostic,churn,17,50000,500000,284371,49959,0.008056641,local,8,8,1,0,9,15,0,15,1,0,2
open_dense,33,diagnostic,churn,17,50000,500000,284677,49972,0.009277344,local,8,8,1,0,9,15,1,15,2,0,2
open_dense,33,diagnostic,churn,17,50000,500000,285105,49957,0.010253906,local,8,8,1,0,9,16,1,16,2,0,2
open_dense,33,diagnostic,churn,17,50000,500000,285873,49925,0.016357422,local,8,8,1,0,9,16,0,16,1,0,2
open_dense,33,diagnostic,churn,17,50000,500000,286204,49937,0.010986328,local,8,8,1,0,9,16,0,16,1,0,2
open_dense,33,diagnostic,churn,17,50000,500000,286210,49935,0.009277344,local,8,8,1,0,9,15,0,15,2,0,2
open_dense,33,diagnostic,churn,17,50000,500000,286357,49940,0.011230469,local,8,8,1,0,9,16,0,16,1,0,2
open_dense,33,diagnostic,churn,17,50000,500000,286381,49935,0.264892578,direct,0,0,0,0,0,17,2,17,4,0,1
open_dense,33,diagnostic,churn,17,50000,500000,291208,49967,0.062988281,direct,0,0,0,0,0,16,2,16,1,0,1
open_dense,33,diagnostic,churn,17,50000,500000,292710,49982,0.191650391,direct,0,0,0,0,0,17,1,17,4,0,1
open_dense,33,diagnostic,churn,17,50000,500000,303125,49994,0.052001953,direct,0,0,0,0,0,16,0,16,2,0,1
open_dense,33,diagnostic,churn,17,50000,500000,304399,49976,0.012695312,local,16,24,1,1,26,16,2,16,2,0,2
open_dense,33,diagnostic,churn,17,50000,500000,310457,50027,0.011230469,local,8,8,1,0,9,15,0,15,2,0,2
open_dense,33,diagnostic,churn,17,50000,500000,310470,50029,0.212402344,direct,0,0,0,0,0,16,1,16,3,0,1
open_dense,33,diagnostic,churn,17,50000,500000,311419,50030,0.025390625,local,8,8,1,0,9,15,0,15,2,0,2
open_dense,33,diagnostic,churn,17,50000,500000,311456,50027,0.018310547,local,8,8,1,0,9,16,1,16,2,0,2
open_dense,33,diagnostic,churn,17,50000,500000,311469,50027,0.018310547,local,8,8,1,0,9,16,2,16,2,0,2
open_dense,33,diagnostic,churn,17,50000,500000,312473,50049,0.007568359,local,8,8,1,0,9,15,2,15,2,0,2
open_dense,33,diagnostic,churn,17,50000,500000,318738,50082,0.205566406,direct,0,0,0,0,0,16,0,16,4,0,1
open_dense,33,diagnostic,churn,17,50000,500000,325803,50009,0.038085938,direct,0,0,0,0,0,17,2,17,3,0,1
open_dense,33,diagnostic,churn,17,50000,500000,328837,49938,0.149658203,direct,0,0,0,0,0,17,1,17,5,0,1
open_dense,33,diagnostic,churn,17,50000,500000,337319,49780,0.039550781,direct,0,0,0,0,0,16,0,16,2,0,1
open_dense,33,diagnostic,churn,17,50000,500000,339454,49773,0.25390625,local,8,8,1,0,9,14,0,14,2,0,3
open_dense,33,diagnostic,churn,17,50000,500000,348556,49723,0.040039062,direct,0,0,0,0,0,16,0,16,2,0,1
open_dense,33,diagnostic,churn,17,50000,500000,352206,49702,0.26171875,direct,0,0,0,0,0,14,0,14,4,0,1
open_dense,33,diagnostic,churn,17,50000,500000,362578,49619,0.007568359,local,8,8,1,0,9,16,0,16,1,0,2
open_dense,33,diagnostic,churn,17,50000,500000,372672,49652,0.040527344,direct,0,0,0,0,0,16,0,16,1,0,1
open_dense,33,diagnostic,churn,17,50000,500000,383953,49728,0.035400391,direct,0,0,0,0,0,17,2,17,2,0,1
open_dense,33,diagnostic,churn,17,50000,500000,385897,49747,0.273681641,direct,0,0,0,0,0,17,1,17,2,0,1
open_dense,33,diagnostic,churn,17,50000,500000,395426,49933,0.051757812,direct,0,0,0,0,0,17,0,17,2,0,1
open_dense,33,diagnostic,churn,17,50000,500000,396434,49939,0.011962891,local,16,24,1,1,26,15,2,15,2,0,2
open_dense,33,diagnostic,churn,17,50000,500000,397092,49954,0.242675781,direct,0,0,0,0,0,17,1,17,2,0,1
open_dense,33,diagnostic,churn,17,50000,500000,408810,49869,0.040283203,direct,0,0,0,0,0,14,0,14,2,0,1
open_dense,33,diagnostic,churn,17,50000,500000,418853,49892,0.009521484,local,8,8,1,0,9,16,0,16,1,0,2
open_dense,33,diagnostic,churn,17,50000,500000,422890,49950,0.20703125,direct,0,0,0,0,0,15,1,15,3,0,1
open_dense,33,diagnostic,churn,17,50000,500000,429952,50179,0.020751953,local,32,56,1,2,59,16,0,16,2,0,2
open_dense,33,diagnostic,churn,17,50000,500000,493593,50278,0.011474609,local,16,24,1,1,26,14,0,14,2,0,2
open_dense,33,diagnostic,churn,17,50000,500000,494771,50298,0.010009766,local,16,24,1,1,26,17,2,17,2,0,2
baseline,34,timed,ascending,17,1000,10000,424,1423,0.006835938,unavailable,0,0,0,0,0,0,0,0,1,0,1
baseline,34,timed,ascending,17,1000,10000,510,1509,0.008789062,unavailable,0,0,0,0,0,0,0,0,1,0,1
baseline,34,timed,ascending,17,1000,10000,680,1679,0.006591797,unavailable,0,0,0,0,0,0,0,0,1,0,1
baseline,34,timed,ascending,17,1000,10000,849,1848,0.007080078,unavailable,0,0,0,0,0,0,0,0,1,0,1
baseline,34,timed,ascending,17,1000,10000,932,1931,0.009765625,unavailable,0,0,0,0,0,0,0,0,1,0,1
baseline,34,timed,ascending,17,1000,10000,1441,2440,0.010742188,unavailable,0,0,0,0,0,0,0,0,1,0,1
baseline,34,timed,ascending,17,1000,10000,1527,2526,0.006835938,unavailable,0,0,0,0,0,0,0,0,1,0,1
baseline,34,timed,ascending,17,1000,10000,1866,2865,0.010498047,unavailable,0,0,0,0,0,0,0,0,1,0,1
baseline,34,timed,ascending,17,1000,10000,1950,2949,0.010253906,unavailable,0,0,0,0,0,0,0,0,1,0,1
baseline,34,timed,ascending,17,1000,10000,2459,3458,0.008544922,unavailable,0,0,0,0,0,0,0,0,1,0,1
baseline,34,timed,ascending,17,1000,10000,2545,3544,0.010498047,unavailable,0,0,0,0,0,0,0,0,1,0,1
baseline,34,timed,ascending,17,1000,10000,2968,3967,0.020996094,unavailable,0,0,0,0,0,0,0,0,1,0,1
baseline,34,timed,ascending,17,1000,10000,3541,4540,0.01171875,unavailable,0,0,0,0,0,0,0,0,1,0,1
baseline,34,timed,ascending,17,1000,10000,3903,4902,0.010009766,unavailable,0,0,0,0,0,0,0,0,1,0,1
baseline,34,timed,ascending,17,1000,10000,3988,4987,0.019287109,unavailable,0,0,0,0,0,0,0,0,1,0,1
baseline,34,timed,ascending,17,1000,10000,4582,5581,0.017822266,unavailable,0,0,0,0,0,0,0,0,1,0,1
baseline,34,timed,ascending,17,1000,10000,5575,6574,0.010986328,unavailable,0,0,0,0,0,0,0,0,1,0,1
baseline,34,timed,ascending,17,1000,10000,5942,6941,0.019287109,unavailable,0,0,0,0,0,0,0,0,1,0,1
baseline,34,timed,ascending,17,1000,10000,6001,7000,0.006835938,unavailable,0,0,0,0,0,0,0,0,1,0,1
baseline,34,timed,ascending,17,1000,10000,6028,7027,0.018066406,unavailable,0,0,0,0,0,0,0,0,1,0,1
baseline,34,timed,ascending,17,1000,10000,6592,7591,0.012939453,unavailable,0,0,0,0,0,0,0,0,1,0,1
baseline,34,timed,ascending,17,1000,10000,7302,8301,0.028076172,unavailable,0,0,0,0,0,0,0,0,1,0,1
baseline,34,timed,ascending,17,1000,10000,7609,8608,0.021728516,unavailable,0,0,0,0,0,0,0,0,1,0,1
baseline,34,timed,ascending,17,1000,10000,8068,9067,0.021728516,unavailable,0,0,0,0,0,0,0,0,1,0,1
baseline,34,timed,ascending,17,1000,10000,8744,9743,0.019287109,unavailable,0,0,0,0,0,0,0,0,1,0,1
baseline,34,diagnostic,ascending,17,1000,10000,366,1365,0.011230469,direct,0,0,0,0,0,11,1,11,1,0,1
baseline,34,diagnostic,ascending,17,1000,10000,1046,2045,0.012695312,direct,0,0,0,0,0,11,1,11,1,0,1
baseline,34,diagnostic,ascending,17,1000,10000,1386,2385,0.010498047,direct,0,0,0,0,0,12,1,12,1,0,1
baseline,34,diagnostic,ascending,17,1000,10000,1441,2440,0.019287109,direct,0,0,0,0,0,12,1,12,1,0,1
baseline,34,diagnostic,ascending,17,1000,10000,2066,3065,0.013183594,direct,0,0,0,0,0,12,1,12,1,0,1
baseline,34,diagnostic,ascending,17,1000,10000,2257,3256,0.018310547,direct,0,0,0,0,0,12,1,12,1,0,1
baseline,34,diagnostic,ascending,17,1000,10000,2747,3746,0.019287109,direct,0,0,0,0,0,12,1,12,1,0,1
baseline,34,diagnostic,ascending,17,1000,10000,2968,3967,0.018798828,direct,0,0,0,0,0,12,1,12,1,0,1
baseline,34,diagnostic,ascending,17,1000,10000,3074,4073,0.010498047,direct,0,0,0,0,0,12,1,12,1,0,1
baseline,34,diagnostic,ascending,17,1000,10000,3428,4427,0.018798828,direct,0,0,0,0,0,13,1,13,1,0,1
baseline,34,diagnostic,ascending,17,1000,10000,3891,4890,0.020507812,direct,0,0,0,0,0,13,1,13,1,0,1
baseline,34,diagnostic,ascending,17,1000,10000,3988,4987,0.018310547,direct,0,0,0,0,0,13,1,13,1,0,1
baseline,34,diagnostic,ascending,17,1000,10000,4109,5108,0.018798828,direct,0,0,0,0,0,13,1,13,1,0,1
baseline,34,diagnostic,ascending,17,1000,10000,4708,5707,0.018066406,direct,0,0,0,0,0,13,1,13,1,0,1
baseline,34,diagnostic,ascending,17,1000,10000,4790,5789,0.030029297,direct,0,0,0,0,0,13,1,13,1,0,1
baseline,34,diagnostic,ascending,17,1000,10000,5008,6007,0.018066406,direct,0,0,0,0,0,13,1,13,1,0,1
baseline,34,diagnostic,ascending,17,1000,10000,5525,6524,0.018310547,direct,0,0,0,0,0,13,1,13,1,0,1
baseline,34,diagnostic,ascending,17,1000,10000,6152,7151,0.031005859,direct,0,0,0,0,0,13,1,13,1,0,1
baseline,34,diagnostic,ascending,17,1000,10000,6342,7341,0.031494141,direct,0,0,0,0,0,13,1,13,1,0,1
baseline,34,diagnostic,ascending,17,1000,10000,6377,7376,0.027099609,direct,0,0,0,0,0,13,1,13,1,0,1
baseline,34,diagnostic,ascending,17,1000,10000,7514,8513,0.032714844,direct,0,0,0,0,0,14,1,14,1,0,1
baseline,34,diagnostic,ascending,17,1000,10000,7976,8975,0.041992188,direct,0,0,0,0,0,14,1,14,1,0,1
baseline,34,diagnostic,ascending,17,1000,10000,8068,9067,0.021240234,direct,0,0,0,0,0,14,1,14,1,0,1
baseline,34,diagnostic,ascending,17,1000,10000,8916,9915,0.037841797,direct,0,0,0,0,0,14,1,14,1,0,1
baseline,34,diagnostic,ascending,17,1000,10000,9661,10660,0.020996094,direct,0,0,0,0,0,14,1,14,1,0,1
open_dense,34,timed,ascending,17,1000,10000,170,1169,0.006103516,unavailable,0,0,0,0,0,0,0,0,1,0,1
open_dense,34,timed,ascending,17,1000,10000,510,1509,0.008789062,unavailable,0,0,0,0,0,0,0,0,1,0,1
open_dense,34,timed,ascending,17,1000,10000,849,1848,0.007080078,unavailable,0,0,0,0,0,0,0,0,1,0,1
open_dense,34,timed,ascending,17,1000,10000,932,1931,0.009277344,unavailable,0,0,0,0,0,0,0,0,1,0,1
open_dense,34,timed,ascending,17,1000,10000,1441,2440,0.009765625,unavailable,0,0,0,0,0,0,0,0,1,0,1
open_dense,34,timed,ascending,17,1000,10000,1527,2526,0.006103516,unavailable,0,0,0,0,0,0,0,0,1,0,1
open_dense,34,timed,ascending,17,1000,10000,1866,2865,0.010498047,unavailable,0,0,0,0,0,0,0,0,1,0,1
open_dense,34,timed,ascending,17,1000,10000,1950,2949,0.010009766,unavailable,0,0,0,0,0,0,0,0,1,0,1
open_dense,34,timed,ascending,17,1000,10000,2459,3458,0.009277344,unavailable,0,0,0,0,0,0,0,0,1,0,1
open_dense,34,timed,ascending,17,1000,10000,2545,3544,0.010742188,unavailable,0,0,0,0,0,0,0,0,1,0,1
open_dense,34,timed,ascending,17,1000,10000,2968,3967,0.018554688,unavailable,0,0,0,0,0,0,0,0,1,0,1
open_dense,34,timed,ascending,17,1000,10000,3224,4223,0.005859375,unavailable,0,0,0,0,0,0,0,0,1,0,1
open_dense,34,timed,ascending,17,1000,10000,3541,4540,0.012451172,unavailable,0,0,0,0,0,0,0,0,1,0,1
open_dense,34,timed,ascending,17,1000,10000,3903,4902,0.009521484,unavailable,0,0,0,0,0,0,0,0,1,0,1
open_dense,34,timed,ascending,17,1000,10000,3988,4987,0.018310547,unavailable,0,0,0,0,0,0,0,0,1,0,1
open_dense,34,timed,ascending,17,1000,10000,4582,5581,0.01953125,unavailable,0,0,0,0,0,0,0,0,1,0,1
open_dense,34,timed,ascending,17,1000,10000,5008,6007,0.006835938,unavailable,0,0,0,0,0,0,0,0,1,0,1
open_dense,34,timed,ascending,17,1000,10000,5575,6574,0.010742188,unavailable,0,0,0,0,0,0,0,0,1,0,1
open_dense,34,timed,ascending,17,1000,10000,5942,6941,0.018798828,unavailable,0,0,0,0,0,0,0,0,1,0,1
open_dense,34,timed,ascending,17,1000,10000,6592,7591,0.010742188,unavailable,0,0,0,0,0,0,0,0,1,0,1
open_dense,34,timed,ascending,17,1000,10000,7302,8301,0.024658203,unavailable,0,0,0,0,0,0,0,0,1,0,1
open_dense,34,timed,ascending,17,1000,10000,7609,8608,0.020263672,unavailable,0,0,0,0,0,0,0,0,1,0,1
open_dense,34,timed,ascending,17,1000,10000,7694,8693,0.026611328,unavailable,0,0,0,0,0,0,0,0,1,0,1
open_dense,34,timed,ascending,17,1000,10000,8068,9067,0.021972656,unavailable,0,0,0,0,0,0,0,0,1,0,1
open_dense,34,timed,ascending,17,1000,10000,8744,9743,0.019042969,unavailable,0,0,0,0,0,0,0,0,1,0,1
open_dense,34,diagnostic,ascending,17,1000,10000,932,1931,0.010009766,direct,0,0,0,0,0,11,1,11,1,0,1
open_dense,34,diagnostic,ascending,17,1000,10000,1385,2384,0.010009766,direct,0,0,0,0,0,12,1,12,1,0,1
open_dense,34,diagnostic,ascending,17,1000,10000,1441,2440,0.010009766,direct,0,0,0,0,0,12,1,12,1,0,1
open_dense,34,diagnostic,ascending,17,1000,10000,1850,2849,0.010986328,direct,0,0,0,0,0,12,1,12,1,0,1
open_dense,34,diagnostic,ascending,17,1000,10000,2065,3064,0.012695312,direct,0,0,0,0,0,12,1,12,1,0,1
open_dense,34,diagnostic,ascending,17,1000,10000,2258,3257,0.017578125,direct,0,0,0,0,0,12,1,12,1,0,1
open_dense,34,diagnostic,ascending,17,1000,10000,2746,3745,0.018066406,direct,0,0,0,0,0,12,1,12,1,0,1
open_dense,34,diagnostic,ascending,17,1000,10000,2968,3967,0.017822266,direct,0,0,0,0,0,12,1,12,1,0,1
open_dense,34,diagnostic,ascending,17,1000,10000,3075,4074,0.010498047,direct,0,0,0,0,0,12,1,12,1,0,1
open_dense,34,diagnostic,ascending,17,1000,10000,3427,4426,0.017822266,direct,0,0,0,0,0,13,1,13,1,0,1
open_dense,34,diagnostic,ascending,17,1000,10000,3892,4891,0.021484375,direct,0,0,0,0,0,13,1,13,1,0,1
open_dense,34,diagnostic,ascending,17,1000,10000,3988,4987,0.018554688,direct,0,0,0,0,0,13,1,13,1,0,1
open_dense,34,diagnostic,ascending,17,1000,10000,4108,5107,0.023193359,direct,0,0,0,0,0,13,1,13,1,0,1
open_dense,34,diagnostic,ascending,17,1000,10000,4709,5708,0.018066406,direct,0,0,0,0,0,13,1,13,1,0,1
open_dense,34,diagnostic,ascending,17,1000,10000,4789,5788,0.029296875,direct,0,0,0,0,0,13,1,13,1,0,1
open_dense,34,diagnostic,ascending,17,1000,10000,5008,6007,0.018798828,direct,0,0,0,0,0,13,1,13,1,0,1
open_dense,34,diagnostic,ascending,17,1000,10000,5526,6525,0.018554688,direct,0,0,0,0,0,13,1,13,1,0,1
open_dense,34,diagnostic,ascending,17,1000,10000,6151,7150,0.055419922,direct,0,0,0,0,0,13,1,13,1,0,1
open_dense,34,diagnostic,ascending,17,1000,10000,6343,7342,0.083496094,direct,0,0,0,0,0,13,1,13,1,0,1
open_dense,34,diagnostic,ascending,17,1000,10000,7144,8143,0.013916016,direct,0,0,0,0,0,13,1,13,1,0,1
open_dense,34,diagnostic,ascending,17,1000,10000,7513,8512,0.034912109,direct,0,0,0,0,0,14,1,14,1,0,1
open_dense,34,diagnostic,ascending,17,1000,10000,7977,8976,0.040527344,direct,0,0,0,0,0,14,1,14,1,0,1
open_dense,34,diagnostic,ascending,17,1000,10000,8068,9067,0.021240234,direct,0,0,0,0,0,14,1,14,1,0,1
open_dense,34,diagnostic,ascending,17,1000,10000,8915,9914,0.040283203,direct,0,0,0,0,0,14,1,14,1,0,1
open_dense,34,diagnostic,ascending,17,1000,10000,9662,10661,0.020263672,direct,0,0,0,0,0,14,1,14,1,0,1
baseline,35,timed,descending,17,1000,10000,326,1325,0.030517578,unavailable,0,0,0,0,0,0,0,0,1,0,1
baseline,35,timed,descending,17,1000,10000,424,1423,0.006347656,unavailable,0,0,0,0,0,0,0,0,1,0,1
baseline,35,timed,descending,17,1000,10000,502,1501,0.006591797,unavailable,0,0,0,0,0,0,0,0,1,0,1
baseline,35,timed,descending,17,1000,10000,932,1931,0.010253906,unavailable,0,0,0,0,0,0,0,0,1,0,1
baseline,35,timed,descending,17,1000,10000,1441,2440,0.011474609,unavailable,0,0,0,0,0,0,0,0,1,0,1
baseline,35,timed,descending,17,1000,10000,1866,2865,0.010498047,unavailable,0,0,0,0,0,0,0,0,1,0,1
baseline,35,timed,descending,17,1000,10000,1950,2949,0.009765625,unavailable,0,0,0,0,0,0,0,0,1,0,1
baseline,35,timed,descending,17,1000,10000,2459,3458,0.010253906,unavailable,0,0,0,0,0,0,0,0,1,0,1
baseline,35,timed,descending,17,1000,10000,2527,3526,0.006103516,unavailable,0,0,0,0,0,0,0,0,1,0,1
baseline,35,timed,descending,17,1000,10000,2545,3544,0.010742188,unavailable,0,0,0,0,0,0,0,0,1,0,1
baseline,35,timed,descending,17,1000,10000,2968,3967,0.018554688,unavailable,0,0,0,0,0,0,0,0,1,0,1
baseline,35,timed,descending,17,1000,10000,3224,4223,0.006591797,unavailable,0,0,0,0,0,0,0,0,1,0,1
baseline,35,timed,descending,17,1000,10000,3541,4540,0.011230469,unavailable,0,0,0,0,0,0,0,0,1,0,1
baseline,35,timed,descending,17,1000,10000,3903,4902,0.010498047,unavailable,0,0,0,0,0,0,0,0,1,0,1
baseline,35,timed,descending,17,1000,10000,3988,4987,0.020751953,unavailable,0,0,0,0,0,0,0,0,1,0,1
baseline,35,timed,descending,17,1000,10000,4582,5581,0.017578125,unavailable,0,0,0,0,0,0,0,0,1,0,1
baseline,35,timed,descending,17,1000,10000,5008,6007,0.007080078,unavailable,0,0,0,0,0,0,0,0,1,0,1
baseline,35,timed,descending,17,1000,10000,5575,6574,0.01171875,unavailable,0,0,0,0,0,0,0,0,1,0,1
baseline,35,timed,descending,17,1000,10000,5942,6941,0.020996094,unavailable,0,0,0,0,0,0,0,0,1,0,1
baseline,35,timed,descending,17,1000,10000,6592,7591,0.011474609,unavailable,0,0,0,0,0,0,0,0,1,0,1
baseline,35,timed,descending,17,1000,10000,7302,8301,0.023925781,unavailable,0,0,0,0,0,0,0,0,1,0,1
baseline,35,timed,descending,17,1000,10000,7609,8608,0.022216797,unavailable,0,0,0,0,0,0,0,0,1,0,1
baseline,35,timed,descending,17,1000,10000,7841,8840,0.037109375,unavailable,0,0,0,0,0,0,0,0,1,0,1
baseline,35,timed,descending,17,1000,10000,8068,9067,0.022705078,unavailable,0,0,0,0,0,0,0,0,1,0,1
baseline,35,timed,descending,17,1000,10000,8744,9743,0.021484375,unavailable,0,0,0,0,0,0,0,0,1,0,1
baseline,35,diagnostic,descending,17,1000,10000,1386,2385,0.011474609,direct,0,0,0,0,0,12,1,12,1,0,1
baseline,35,diagnostic,descending,17,1000,10000,1441,2440,0.019287109,direct,0,0,0,0,0,12,1,12,1,0,1
baseline,35,diagnostic,descending,17,1000,10000,1726,2725,0.011474609,direct,0,0,0,0,0,12,1,12,1,0,1
baseline,35,diagnostic,descending,17,1000,10000,2066,3065,0.012939453,direct,0,0,0,0,0,12,1,12,1,0,1
baseline,35,diagnostic,descending,17,1000,10000,2257,3256,0.019042969,direct,0,0,0,0,0,12,1,12,1,0,1
baseline,35,diagnostic,descending,17,1000,10000,2747,3746,0.018798828,direct,0,0,0,0,0,12,1,12,1,0,1
baseline,35,diagnostic,descending,17,1000,10000,2968,3967,0.018798828,direct,0,0,0,0,0,12,1,12,1,0,1
baseline,35,diagnostic,descending,17,1000,10000,3428,4427,0.018066406,direct,0,0,0,0,0,13,1,13,1,0,1
baseline,35,diagnostic,descending,17,1000,10000,3867,4866,0.010986328,direct,0,0,0,0,0,13,1,13,1,0,1
baseline,35,diagnostic,descending,17,1000,10000,3891,4890,0.020751953,direct,0,0,0,0,0,13,1,13,1,0,1
baseline,35,diagnostic,descending,17,1000,10000,3988,4987,0.019042969,direct,0,0,0,0,0,13,1,13,1,0,1
baseline,35,diagnostic,descending,17,1000,10000,4109,5108,0.019287109,direct,0,0,0,0,0,13,1,13,1,0,1
baseline,35,diagnostic,descending,17,1000,10000,4708,5707,0.018066406,direct,0,0,0,0,0,13,1,13,1,0,1
baseline,35,diagnostic,descending,17,1000,10000,4790,5789,0.029296875,direct,0,0,0,0,0,13,1,13,1,0,1
baseline,35,diagnostic,descending,17,1000,10000,5008,6007,0.019775391,direct,0,0,0,0,0,13,1,13,1,0,1
baseline,35,diagnostic,descending,17,1000,10000,5525,6524,0.017822266,direct,0,0,0,0,0,13,1,13,1,0,1
baseline,35,diagnostic,descending,17,1000,10000,6152,7151,0.029785156,direct,0,0,0,0,0,13,1,13,1,0,1
baseline,35,diagnostic,descending,17,1000,10000,6342,7341,0.030761719,direct,0,0,0,0,0,13,1,13,1,0,1
baseline,35,diagnostic,descending,17,1000,10000,7321,8320,0.052978516,direct,0,0,0,0,0,14,1,14,1,0,1
baseline,35,diagnostic,descending,17,1000,10000,7384,8383,0.018310547,direct,0,0,0,0,0,14,1,14,1,0,1
baseline,35,diagnostic,descending,17,1000,10000,7514,8513,0.102783203,direct,0,0,0,0,0,14,1,14,1,0,1
baseline,35,diagnostic,descending,17,1000,10000,7976,8975,0.039306641,direct,0,0,0,0,0,14,1,14,1,0,1
baseline,35,diagnostic,descending,17,1000,10000,8068,9067,0.021240234,direct,0,0,0,0,0,14,1,14,1,0,1
baseline,35,diagnostic,descending,17,1000,10000,8916,9915,0.039794922,direct,0,0,0,0,0,14,1,14,1,0,1
baseline,35,diagnostic,descending,17,1000,10000,9661,10660,0.018066406,direct,0,0,0,0,0,14,1,14,1,0,1
open_dense,35,timed,descending,17,1000,10000,170,1169,0.006591797,unavailable,0,0,0,0,0,0,0,0,1,0,1
open_dense,35,timed,descending,17,1000,10000,424,1423,0.005615234,unavailable,0,0,0,0,0,0,0,0,1,0,1
open_dense,35,timed,descending,17,1000,10000,510,1509,0.008056641,unavailable,0,0,0,0,0,0,0,0,1,0,1
open_dense,35,timed,descending,17,1000,10000,849,1848,0.006347656,unavailable,0,0,0,0,0,0,0,0,1,0,1
open_dense,35,timed,descending,17,1000,10000,932,1931,0.009765625,unavailable,0,0,0,0,0,0,0,0,1,0,1
open_dense,35,timed,descending,17,1000,10000,1441,2440,0.015869141,unavailable,0,0,0,0,0,0,0,0,1,0,1
open_dense,35,timed,descending,17,1000,10000,1527,2526,0.006103516,unavailable,0,0,0,0,0,0,0,0,1,0,1
open_dense,35,timed,descending,17,1000,10000,1866,2865,0.010742188,unavailable,0,0,0,0,0,0,0,0,1,0,1
open_dense,35,timed,descending,17,1000,10000,1950,2949,0.010009766,unavailable,0,0,0,0,0,0,0,0,1,0,1
open_dense,35,timed,descending,17,1000,10000,2459,3458,0.009033203,unavailable,0,0,0,0,0,0,0,0,1,0,1
open_dense,35,timed,descending,17,1000,10000,2545,3544,0.009765625,unavailable,0,0,0,0,0,0,0,0,1,0,1
open_dense,35,timed,descending,17,1000,10000,2968,3967,0.018310547,unavailable,0,0,0,0,0,0,0,0,1,0,1
open_dense,35,timed,descending,17,1000,10000,3224,4223,0.005615234,unavailable,0,0,0,0,0,0,0,0,1,0,1
open_dense,35,timed,descending,17,1000,10000,3541,4540,0.010742188,unavailable,0,0,0,0,0,0,0,0,1,0,1
open_dense,35,timed,descending,17,1000,10000,3903,4902,0.009521484,unavailable,0,0,0,0,0,0,0,0,1,0,1
open_dense,35,timed,descending,17,1000,10000,3988,4987,0.018310547,unavailable,0,0,0,0,0,0,0,0,1,0,1
open_dense,35,timed,descending,17,1000,10000,4582,5581,0.018554688,unavailable,0,0,0,0,0,0,0,0,1,0,1
open_dense,35,timed,descending,17,1000,10000,5008,6007,0.006347656,unavailable,0,0,0,0,0,0,0,0,1,0,1
open_dense,35,timed,descending,17,1000,10000,5575,6574,0.010498047,unavailable,0,0,0,0,0,0,0,0,1,0,1
open_dense,35,timed,descending,17,1000,10000,5942,6941,0.018066406,unavailable,0,0,0,0,0,0,0,0,1,0,1
open_dense,35,timed,descending,17,1000,10000,6592,7591,0.010253906,unavailable,0,0,0,0,0,0,0,0,1,0,1
open_dense,35,timed,descending,17,1000,10000,7302,8301,0.024169922,unavailable,0,0,0,0,0,0,0,0,1,0,1
open_dense,35,timed,descending,17,1000,10000,7609,8608,0.019775391,unavailable,0,0,0,0,0,0,0,0,1,0,1
open_dense,35,timed,descending,17,1000,10000,8068,9067,0.021240234,unavailable,0,0,0,0,0,0,0,0,1,0,1
open_dense,35,timed,descending,17,1000,10000,8744,9743,0.018798828,unavailable,0,0,0,0,0,0,0,0,1,0,1
open_dense,35,diagnostic,descending,17,1000,10000,932,1931,0.014160156,direct,0,0,0,0,0,11,1,11,1,0,1
open_dense,35,diagnostic,descending,17,1000,10000,1385,2384,0.015625,direct,0,0,0,0,0,12,1,12,1,0,1
open_dense,35,diagnostic,descending,17,1000,10000,1441,2440,0.014160156,direct,0,0,0,0,0,12,1,12,1,0,1
open_dense,35,diagnostic,descending,17,1000,10000,1725,2724,0.014404297,direct,0,0,0,0,0,12,1,12,1,0,1
open_dense,35,diagnostic,descending,17,1000,10000,2065,3064,0.018554688,direct,0,0,0,0,0,12,1,12,1,0,1
open_dense,35,diagnostic,descending,17,1000,10000,2258,3257,0.026367188,direct,0,0,0,0,0,12,1,12,1,0,1
open_dense,35,diagnostic,descending,17,1000,10000,2746,3745,0.02734375,direct,0,0,0,0,0,12,1,12,1,0,1
open_dense,35,diagnostic,descending,17,1000,10000,2968,3967,0.025878906,direct,0,0,0,0,0,12,1,12,1,0,1
open_dense,35,diagnostic,descending,17,1000,10000,3075,4074,0.014160156,direct,0,0,0,0,0,12,1,12,1,0,1
open_dense,35,diagnostic,descending,17,1000,10000,3427,4426,0.025878906,direct,0,0,0,0,0,13,1,13,1,0,1
open_dense,35,diagnostic,descending,17,1000,10000,3892,4891,0.034423828,direct,0,0,0,0,0,13,1,13,1,0,1
open_dense,35,diagnostic,descending,17,1000,10000,3988,4987,0.026367188,direct,0,0,0,0,0,13,1,13,1,0,1
open_dense,35,diagnostic,descending,17,1000,10000,4108,5107,0.026611328,direct,0,0,0,0,0,13,1,13,1,0,1
open_dense,35,diagnostic,descending,17,1000,10000,4709,5708,0.026123047,direct,0,0,0,0,0,13,1,13,1,0,1
open_dense,35,diagnostic,descending,17,1000,10000,4789,5788,0.044433594,direct,0,0,0,0,0,13,1,13,1,0,1
open_dense,35,diagnostic,descending,17,1000,10000,5008,6007,0.027099609,direct,0,0,0,0,0,13,1,13,1,0,1
open_dense,35,diagnostic,descending,17,1000,10000,5526,6525,0.027587891,direct,0,0,0,0,0,13,1,13,1,0,1
open_dense,35,diagnostic,descending,17,1000,10000,5902,6901,0.032958984,direct,0,0,0,0,0,13,1,13,1,0,1
open_dense,35,diagnostic,descending,17,1000,10000,6151,7150,0.048339844,direct,0,0,0,0,0,13,1,13,1,0,1
open_dense,35,diagnostic,descending,17,1000,10000,6343,7342,0.048095703,direct,0,0,0,0,0,13,1,13,1,0,1
open_dense,35,diagnostic,descending,17,1000,10000,7513,8512,0.048583984,direct,0,0,0,0,0,14,1,14,1,0,1
open_dense,35,diagnostic,descending,17,1000,10000,7977,8976,0.054199219,direct,0,0,0,0,0,14,1,14,1,0,1
open_dense,35,diagnostic,descending,17,1000,10000,8068,9067,0.029052734,direct,0,0,0,0,0,14,1,14,1,0,1
open_dense,35,diagnostic,descending,17,1000,10000,8915,9914,0.055664062,direct,0,0,0,0,0,14,1,14,1,0,1
open_dense,35,diagnostic,descending,17,1000,10000,9662,10661,0.029541016,direct,0,0,0,0,0,14,1,14,1,0,1
baseline,36,timed,random,17,1000,10000,424,1423,0.011962891,unavailable,0,0,0,0,0,0,0,0,3,0,1
baseline,36,timed,random,17,1000,10000,501,1500,0.009521484,unavailable,0,0,0,0,0,0,0,0,2,0,1
baseline,36,timed,random,17,1000,10000,932,1931,0.014648438,unavailable,0,0,0,0,0,0,0,0,2,0,1
baseline,36,timed,random,17,1000,10000,946,1945,0.032470703,unavailable,0,0,0,0,0,0,0,0,1,0,1
baseline,36,timed,random,17,1000,10000,1388,2387,0.016845703,unavailable,0,0,0,0,0,0,0,0,2,0,1
baseline,36,timed,random,17,1000,10000,1441,2440,0.016845703,unavailable,0,0,0,0,0,0,0,0,3,0,1
baseline,36,timed,random,17,1000,10000,1484,2483,0.014404297,unavailable,0,0,0,0,0,0,0,0,1,0,1
baseline,36,timed,random,17,1000,10000,1950,2949,0.015136719,unavailable,0,0,0,0,0,0,0,0,2,0,1
baseline,36,timed,random,17,1000,10000,2459,3458,0.014892578,unavailable,0,0,0,0,0,0,0,0,2,0,1
baseline,36,timed,random,17,1000,10000,2541,3540,0.015136719,unavailable,0,0,0,0,0,0,0,0,2,0,1
baseline,36,timed,random,17,1000,10000,2968,3967,0.02734375,unavailable,0,0,0,0,0,0,0,0,2,0,1
baseline,36,timed,random,17,1000,10000,3124,4123,0.079589844,unavailable,0,0,0,0,0,0,0,0,1,0,1
baseline,36,timed,random,17,1000,10000,3376,4375,0.014648438,unavailable,0,0,0,0,0,0,0,0,1,0,1
baseline,36,timed,random,17,1000,10000,3595,4594,0.029296875,unavailable,0,0,0,0,0,0,0,0,2,0,1
baseline,36,timed,random,17,1000,10000,3988,4987,0.028076172,unavailable,0,0,0,0,0,0,0,0,5,0,1
baseline,36,timed,random,17,1000,10000,4592,5591,0.021240234,unavailable,0,0,0,0,0,0,0,0,2,0,1
baseline,36,timed,random,17,1000,10000,5134,6133,0.016113281,unavailable,0,0,0,0,0,0,0,0,2,0,1
baseline,36,timed,random,17,1000,10000,5585,6584,0.033935547,unavailable,0,0,0,0,0,0,0,0,3,0,1
baseline,36,timed,random,17,1000,10000,6262,7261,0.069580078,unavailable,0,0,0,0,0,0,0,0,2,0,1
baseline,36,timed,random,17,1000,10000,6590,7589,0.036865234,unavailable,0,0,0,0,0,0,0,0,2,0,1
baseline,36,timed,random,17,1000,10000,6673,7672,0.010253906,unavailable,0,0,0,0,0,0,0,0,2,0,1
baseline,36,timed,random,17,1000,10000,6778,7777,0.016357422,unavailable,0,0,0,0,0,0,0,0,2,0,1
baseline,36,timed,random,17,1000,10000,6796,7795,0.042236328,unavailable,0,0,0,0,0,0,0,0,2,0,1
baseline,36,timed,random,17,1000,10000,6942,7941,3.578369141,unavailable,0,0,0,0,0,0,0,0,3,0,1
baseline,36,timed,random,17,1000,10000,8068,9067,0.029052734,unavailable,0,0,0,0,0,0,0,0,3,0,1
baseline,36,diagnostic,random,17,1000,10000,501,1500,0.010498047,local,16,24,1,1,26,10,0,10,2,0,2
baseline,36,diagnostic,random,17,1000,10000,946,1945,0.036132812,local,64,120,1,3,124,12,1,12,1,0,3
baseline,36,diagnostic,random,17,1000,10000,1386,2385,0.018310547,direct,0,0,0,0,0,11,2,11,1,0,1
baseline,36,diagnostic,random,17,1000,10000,1388,2387,0.023681641,local,32,56,1,2,59,10,0,10,2,0,3
baseline,36,diagnostic,random,17,1000,10000,1402,2401,0.009277344,local,16,24,1,1,26,11,1,11,2,0,2
baseline,36,diagnostic,random,17,1000,10000,1793,2792,0.027099609,direct,0,0,0,0,0,12,1,12,2,0,1
baseline,36,diagnostic,random,17,1000,10000,2066,3065,0.018798828,direct,0,0,0,0,0,11,0,11,2,0,1
baseline,36,diagnostic,random,17,1000,10000,2324,3323,0.003662109,local,8,8,1,0,9,12,1,12,2,0,2
baseline,36,diagnostic,random,17,1000,10000,2333,3332,0.00390625,local,8,8,1,0,9,11,2,11,2,0,2
baseline,36,diagnostic,random,17,1000,10000,2429,3428,0.026611328,direct,0,0,0,0,0,12,1,12,4,0,1
baseline,36,diagnostic,random,17,1000,10000,2747,3746,0.026611328,direct,0,0,0,0,0,12,0,12,2,0,1
baseline,36,diagnostic,random,17,1000,10000,3059,4058,0.016357422,direct,0,0,0,0,0,13,2,13,2,0,1
baseline,36,diagnostic,random,17,1000,10000,3124,4123,0.081787109,local,128,248,1,4,253,12,1,12,1,0,3
baseline,36,diagnostic,random,17,1000,10000,3376,4375,0.010498047,local,16,24,1,1,26,10,0,10,1,0,2
baseline,36,diagnostic,random,17,1000,10000,3428,4427,0.02734375,direct,0,0,0,0,0,12,1,12,2,0,1
baseline,36,diagnostic,random,17,1000,10000,3529,4528,0.003417969,local,8,8,1,0,9,13,0,13,2,0,2
baseline,36,diagnostic,random,17,1000,10000,3690,4689,0.030761719,direct,0,0,0,0,0,11,0,11,2,0,1
baseline,36,diagnostic,random,17,1000,10000,3777,4776,0.015136719,direct,0,0,0,0,0,13,1,13,4,0,1
baseline,36,diagnostic,random,17,1000,10000,3797,4796,0.003417969,local,8,8,1,0,9,12,2,12,1,0,2
baseline,36,diagnostic,random,17,1000,10000,3913,4912,0.002929688,local,8,8,1,0,9,13,0,13,2,0,2
baseline,36,diagnostic,random,17,1000,10000,4231,5230,0.004882812,local,8,8,1,0,9,12,1,12,2,0,2
baseline,36,diagnostic,random,17,1000,10000,4286,5285,0.029296875,direct,0,0,0,0,0,13,2,13,3,0,1
baseline,36,diagnostic,random,17,1000,10000,4741,5740,0.028320312,direct,0,0,0,0,0,13,0,13,2,0,1
baseline,36,diagnostic,random,17,1000,10000,4790,5789,0.052978516,direct,0,0,0,0,0,13,0,13,2,0,1
baseline,36,diagnostic,random,17,1000,10000,4884,5883,0.052978516,direct,0,0,0,0,0,14,2,14,4,0,1
baseline,36,diagnostic,random,17,1000,10000,6052,7051,0.040771484,direct,0,0,0,0,0,13,0,13,6,0,1
baseline,36,diagnostic,random,17,1000,10000,6152,7151,0.051269531,direct,0,0,0,0,0,13,0,13,2,0,1
baseline,36,diagnostic,random,17,1000,10000,6262,7261,0.084228516,local,128,248,1,4,253,11,0,11,2,0,3
baseline,36,diagnostic,random,17,1000,10000,6450,7449,0.00390625,local,8,8,1,0,9,14,1,14,2,0,2
baseline,36,diagnostic,random,17,1000,10000,6673,7672,0.010253906,local,16,24,1,1,26,14,1,14,2,0,2
baseline,36,diagnostic,random,17,1000,10000,6778,7777,0.019042969,local,32,56,1,2,59,14,0,14,2,0,3
baseline,36,diagnostic,random,17,1000,10000,6796,7795,0.053466797,local,64,120,1,3,124,13,0,13,2,0,3
baseline,36,diagnostic,random,17,1000,10000,6848,7847,0.027587891,direct,0,0,0,0,0,13,2,13,2,0,1
baseline,36,diagnostic,random,17,1000,10000,6942,7941,4.401367188,full,7941,16125,1,10,16136,11,0,11,3,1,7
baseline,36,diagnostic,random,17,1000,10000,8906,9905,0.103515625,direct,0,0,0,0,0,13,0,13,3,0,1
baseline,36,diagnostic,random,17,1000,10000,9599,10598,0.041503906,direct,0,0,0,0,0,14,1,14,3,0,1
open_dense,36,timed,random,17,1000,10000,932,1931,0.024902344,unavailable,0,0,0,0,0,0,0,0,2,0,1
open_dense,36,timed,random,17,1000,10000,946,1945,0.032714844,unavailable,0,0,0,0,0,0,0,0,1,0,1
open_dense,36,timed,random,17,1000,10000,1441,2440,0.025390625,unavailable,0,0,0,0,0,0,0,0,3,0,1
open_dense,36,timed,random,17,1000,10000,1484,2483,0.0234375,unavailable,0,0,0,0,0,0,0,0,1,0,1
open_dense,36,timed,random,17,1000,10000,1526,2525,0.054199219,unavailable,0,0,0,0,0,0,0,0,2,0,1
open_dense,36,timed,random,17,1000,10000,1666,2665,0.017822266,unavailable,0,0,0,0,0,0,0,0,2,0,1
open_dense,36,timed,random,17,1000,10000,1950,2949,0.028564453,unavailable,0,0,0,0,0,0,0,0,2,0,1
open_dense,36,timed,random,17,1000,10000,2122,3121,0.022216797,unavailable,0,0,0,0,0,0,0,0,6,0,1
open_dense,36,timed,random,17,1000,10000,2427,3426,0.020507812,unavailable,0,0,0,0,0,0,0,0,2,0,1
open_dense,36,timed,random,17,1000,10000,2459,3458,0.029296875,unavailable,0,0,0,0,0,0,0,0,2,0,1
open_dense,36,timed,random,17,1000,10000,2541,3540,0.024169922,unavailable,0,0,0,0,0,0,0,0,2,0,1
open_dense,36,timed,random,17,1000,10000,2968,3967,0.07421875,unavailable,0,0,0,0,0,0,0,0,2,0,1
open_dense,36,timed,random,17,1000,10000,3124,4123,0.112548828,unavailable,0,0,0,0,0,0,0,0,1,0,1
open_dense,36,timed,random,17,1000,10000,3595,4594,0.030273438,unavailable,0,0,0,0,0,0,0,0,2,0,1
open_dense,36,timed,random,17,1000,10000,3988,4987,0.025878906,unavailable,0,0,0,0,0,0,0,0,5,0,1
open_dense,36,timed,random,17,1000,10000,5585,6584,0.025146484,unavailable,0,0,0,0,0,0,0,0,3,0,1
open_dense,36,timed,random,17,1000,10000,6262,7261,0.071289062,unavailable,0,0,0,0,0,0,0,0,2,0,1
open_dense,36,timed,random,17,1000,10000,6590,7589,0.025634766,unavailable,0,0,0,0,0,0,0,0,2,0,1
open_dense,36,timed,random,17,1000,10000,6778,7777,0.016845703,unavailable,0,0,0,0,0,0,0,0,2,0,1
open_dense,36,timed,random,17,1000,10000,6796,7795,0.04296875,unavailable,0,0,0,0,0,0,0,0,2,0,1
open_dense,36,timed,random,17,1000,10000,6942,7941,1.608154297,unavailable,0,0,0,0,0,0,0,0,1,0,1
open_dense,36,timed,random,17,1000,10000,7306,8305,0.033691406,unavailable,0,0,0,0,0,0,0,0,1,0,1
open_dense,36,timed,random,17,1000,10000,8068,9067,0.02734375,unavailable,0,0,0,0,0,0,0,0,2,0,1
open_dense,36,timed,random,17,1000,10000,9180,10179,0.216796875,unavailable,0,0,0,0,0,0,0,0,2,0,1
open_dense,36,timed,random,17,1000,10000,9470,10469,0.025634766,unavailable,0,0,0,0,0,0,0,0,2,0,1
open_dense,36,diagnostic,random,17,1000,10000,501,1500,0.010742188,local,16,24,1,1,26,10,0,10,2,0,2
open_dense,36,diagnostic,random,17,1000,10000,946,1945,0.037841797,local,64,120,1,3,124,12,1,12,1,0,3
open_dense,36,diagnostic,random,17,1000,10000,1388,2387,0.024169922,local,32,56,1,2,59,10,0,10,2,0,3
open_dense,36,diagnostic,random,17,1000,10000,1402,2401,0.009765625,local,16,24,1,1,26,11,1,11,2,0,2
open_dense,36,diagnostic,random,17,1000,10000,1794,2793,0.020507812,direct,0,0,0,0,0,11,0,11,4,0,1
open_dense,36,diagnostic,random,17,1000,10000,2324,3323,0.003662109,local,8,8,1,0,9,12,1,12,2,0,2
open_dense,36,diagnostic,random,17,1000,10000,2333,3332,0.004150391,local,8,8,1,0,9,11,2,11,2,0,2
open_dense,36,diagnostic,random,17,1000,10000,2429,3428,0.020019531,direct,0,0,0,0,0,12,1,12,4,0,1
open_dense,36,diagnostic,random,17,1000,10000,2746,3745,0.023681641,direct,0,0,0,0,0,13,2,13,4,0,1
open_dense,36,diagnostic,random,17,1000,10000,3060,4059,0.014160156,direct,0,0,0,0,0,11,0,11,2,0,1
open_dense,36,diagnostic,random,17,1000,10000,3124,4123,0.084716797,local,128,248,1,4,253,12,1,12,1,0,3
open_dense,36,diagnostic,random,17,1000,10000,3376,4375,0.010986328,local,16,24,1,1,26,10,0,10,1,0,2
open_dense,36,diagnostic,random,17,1000,10000,3427,4426,0.020507812,direct,0,0,0,0,0,12,0,12,2,0,1
open_dense,36,diagnostic,random,17,1000,10000,3529,4528,0.003662109,local,8,8,1,0,9,13,0,13,2,0,2
open_dense,36,diagnostic,random,17,1000,10000,3691,4690,0.023681641,direct,0,0,0,0,0,12,0,12,3,0,1
open_dense,36,diagnostic,random,17,1000,10000,3797,4796,0.00390625,local,8,8,1,0,9,12,2,12,1,0,2
open_dense,36,diagnostic,random,17,1000,10000,3913,4912,0.003417969,local,8,8,1,0,9,13,0,13,2,0,2
open_dense,36,diagnostic,random,17,1000,10000,4108,5107,0.015136719,direct,0,0,0,0,0,12,0,12,3,0,1
open_dense,36,diagnostic,random,17,1000,10000,4231,5230,0.004882812,local,8,8,1,0,9,12,1,12,2,0,2
open_dense,36,diagnostic,random,17,1000,10000,4286,5285,0.021240234,direct,0,0,0,0,0,13,2,13,3,0,1
open_dense,36,diagnostic,random,17,1000,10000,4741,5740,0.022705078,direct,0,0,0,0,0,13,0,13,2,0,1
open_dense,36,diagnostic,random,17,1000,10000,4789,5788,0.054443359,direct,0,0,0,0,0,13,1,13,3,0,1
open_dense,36,diagnostic,random,17,1000,10000,4885,5884,0.040771484,direct,0,0,0,0,0,13,2,13,5,0,1
open_dense,36,diagnostic,random,17,1000,10000,6053,7052,0.028320312,direct,0,0,0,0,0,13,1,13,4,0,1
open_dense,36,diagnostic,random,17,1000,10000,6151,7150,0.038818359,direct,0,0,0,0,0,13,0,13,2,0,1
open_dense,36,diagnostic,random,17,1000,10000,6262,7261,0.088378906,local,128,248,1,4,253,11,0,11,2,0,3
open_dense,36,diagnostic,random,17,1000,10000,6450,7449,0.00390625,local,8,8,1,0,9,14,1,14,2,0,2
open_dense,36,diagnostic,random,17,1000,10000,6673,7672,0.010986328,local,16,24,1,1,26,14,1,14,2,0,2
open_dense,36,diagnostic,random,17,1000,10000,6778,7777,0.020263672,local,32,56,1,2,59,14,0,14,2,0,3
open_dense,36,diagnostic,random,17,1000,10000,6796,7795,0.054199219,local,64,120,1,3,124,13,0,13,2,0,3
open_dense,36,diagnostic,random,17,1000,10000,6848,7847,0.021240234,direct,0,0,0,0,0,13,2,13,2,0,1
open_dense,36,diagnostic,random,17,1000,10000,6942,7941,1.947265625,large,4096,8184,1,9,8194,11,0,11,1,0,3
open_dense,36,diagnostic,random,17,1000,10000,7306,8305,0.038330078,local,64,120,1,3,124,12,2,12,1,0,3
open_dense,36,diagnostic,random,17,1000,10000,7513,8512,0.039550781,direct,0,0,0,0,0,14,2,14,2,0,1
open_dense,36,diagnostic,random,17,1000,10000,7804,8803,0.003417969,local,8,8,1,0,9,15,1,15,2,0,2
open_dense,36,diagnostic,random,17,1000,10000,8918,9917,0.037353516,direct,0,0,0,0,0,14,0,14,2,0,1
open_dense,36,diagnostic,random,17,1000,10000,9180,10179,0.241943359,large,512,1016,1,6,1023,14,2,14,2,0,3
open_dense,36,diagnostic,random,17,1000,10000,9404,10403,0.009765625,local,16,24,1,1,26,15,1,15,2,0,2
open_dense,36,diagnostic,random,17,1000,10000,9519,10518,0.003417969,local,8,8,1,0,9,13,0,13,2,0,2
baseline,37,timed,equal,17,1000,10000,424,1423,0.006591797,unavailable,0,0,0,0,0,0,0,0,1,0,1
baseline,37,timed,equal,17,1000,10000,510,1509,0.008300781,unavailable,0,0,0,0,0,0,0,0,1,0,1
baseline,37,timed,equal,17,1000,10000,849,1848,0.006347656,unavailable,0,0,0,0,0,0,0,0,1,0,1
baseline,37,timed,equal,17,1000,10000,932,1931,0.010742188,unavailable,0,0,0,0,0,0,0,0,1,0,1
baseline,37,timed,equal,17,1000,10000,1441,2440,0.010253906,unavailable,0,0,0,0,0,0,0,0,1,0,1
baseline,37,timed,equal,17,1000,10000,1527,2526,0.006835938,unavailable,0,0,0,0,0,0,0,0,1,0,1
baseline,37,timed,equal,17,1000,10000,1866,2865,0.010498047,unavailable,0,0,0,0,0,0,0,0,1,0,1
baseline,37,timed,equal,17,1000,10000,1950,2949,0.012451172,unavailable,0,0,0,0,0,0,0,0,1,0,1
baseline,37,timed,equal,17,1000,10000,2459,3458,0.008056641,unavailable,0,0,0,0,0,0,0,0,1,0,1
baseline,37,timed,equal,17,1000,10000,2545,3544,0.010498047,unavailable,0,0,0,0,0,0,0,0,1,0,1
baseline,37,timed,equal,17,1000,10000,2968,3967,0.020507812,unavailable,0,0,0,0,0,0,0,0,1,0,1
baseline,37,timed,equal,17,1000,10000,3542,4541,0.012207031,unavailable,0,0,0,0,0,0,0,0,1,0,1
baseline,37,timed,equal,17,1000,10000,3903,4902,0.009765625,unavailable,0,0,0,0,0,0,0,0,1,0,1
baseline,37,timed,equal,17,1000,10000,3988,4987,0.018798828,unavailable,0,0,0,0,0,0,0,0,1,0,1
baseline,37,timed,equal,17,1000,10000,4582,5581,0.018066406,unavailable,0,0,0,0,0,0,0,0,1,0,1
baseline,37,timed,equal,17,1000,10000,5008,6007,0.006103516,unavailable,0,0,0,0,0,0,0,0,1,0,1
baseline,37,timed,equal,17,1000,10000,5576,6575,0.011230469,unavailable,0,0,0,0,0,0,0,0,1,0,1
baseline,37,timed,equal,17,1000,10000,5942,6941,0.01953125,unavailable,0,0,0,0,0,0,0,0,1,0,1
baseline,37,timed,equal,17,1000,10000,6593,7592,0.01171875,unavailable,0,0,0,0,0,0,0,0,1,0,1
baseline,37,timed,equal,17,1000,10000,6623,7622,0.009033203,unavailable,0,0,0,0,0,0,0,0,1,0,1
baseline,37,timed,equal,17,1000,10000,6627,7626,0.006347656,unavailable,0,0,0,0,0,0,0,0,1,0,1
baseline,37,timed,equal,17,1000,10000,7302,8301,0.025390625,unavailable,0,0,0,0,0,0,0,0,1,0,1
baseline,37,timed,equal,17,1000,10000,7610,8609,0.021484375,unavailable,0,0,0,0,0,0,0,0,1,0,1
baseline,37,timed,equal,17,1000,10000,8068,9067,0.020507812,unavailable,0,0,0,0,0,0,0,0,1,0,1
baseline,37,timed,equal,17,1000,10000,8744,9743,0.020263672,unavailable,0,0,0,0,0,0,0,0,1,0,1
baseline,37,diagnostic,equal,17,1000,10000,932,1931,0.014404297,direct,0,0,0,0,0,11,1,11,1,0,1
baseline,37,diagnostic,equal,17,1000,10000,1033,2032,0.014648438,direct,0,0,0,0,0,11,1,11,1,0,1
baseline,37,diagnostic,equal,17,1000,10000,1386,2385,0.015380859,direct,0,0,0,0,0,12,1,12,1,0,1
baseline,37,diagnostic,equal,17,1000,10000,1441,2440,0.027099609,direct,0,0,0,0,0,12,1,12,1,0,1
baseline,37,diagnostic,equal,17,1000,10000,1726,2725,0.014892578,direct,0,0,0,0,0,12,1,12,1,0,1
baseline,37,diagnostic,equal,17,1000,10000,2066,3065,0.017578125,direct,0,0,0,0,0,12,1,12,1,0,1
baseline,37,diagnostic,equal,17,1000,10000,2257,3256,0.025878906,direct,0,0,0,0,0,12,1,12,1,0,1
baseline,37,diagnostic,equal,17,1000,10000,2747,3746,0.028076172,direct,0,0,0,0,0,12,1,12,1,0,1
baseline,37,diagnostic,equal,17,1000,10000,2968,3967,0.027099609,direct,0,0,0,0,0,12,1,12,1,0,1
baseline,37,diagnostic,equal,17,1000,10000,3074,4073,0.017333984,direct,0,0,0,0,0,12,1,12,1,0,1
baseline,37,diagnostic,equal,17,1000,10000,3428,4427,0.026367188,direct,0,0,0,0,0,13,1,13,1,0,1
baseline,37,diagnostic,equal,17,1000,10000,3891,4890,0.029296875,direct,0,0,0,0,0,13,1,13,1,0,1
baseline,37,diagnostic,equal,17,1000,10000,3988,4987,0.026367188,direct,0,0,0,0,0,13,1,13,1,0,1
baseline,37,diagnostic,equal,17,1000,10000,4109,5108,0.027587891,direct,0,0,0,0,0,13,1,13,1,0,1
baseline,37,diagnostic,equal,17,1000,10000,4708,5707,0.027587891,direct,0,0,0,0,0,13,1,13,1,0,1
baseline,37,diagnostic,equal,17,1000,10000,4790,5789,0.045898438,direct,0,0,0,0,0,13,1,13,1,0,1
baseline,37,diagnostic,equal,17,1000,10000,5008,6007,0.026611328,direct,0,0,0,0,0,13,1,13,1,0,1
baseline,37,diagnostic,equal,17,1000,10000,5525,6524,0.02734375,direct,0,0,0,0,0,13,1,13,1,0,1
baseline,37,diagnostic,equal,17,1000,10000,6152,7151,0.048095703,direct,0,0,0,0,0,13,1,13,1,0,1
baseline,37,diagnostic,equal,17,1000,10000,6342,7341,0.053710938,direct,0,0,0,0,0,13,1,13,1,0,1
baseline,37,diagnostic,equal,17,1000,10000,7514,8513,0.049316406,direct,0,0,0,0,0,14,1,14,1,0,1
baseline,37,diagnostic,equal,17,1000,10000,7976,8975,0.053222656,direct,0,0,0,0,0,14,1,14,1,0,1
baseline,37,diagnostic,equal,17,1000,10000,8068,9067,0.028564453,direct,0,0,0,0,0,14,1,14,1,0,1
baseline,37,diagnostic,equal,17,1000,10000,8916,9915,0.055419922,direct,0,0,0,0,0,14,1,14,1,0,1
baseline,37,diagnostic,equal,17,1000,10000,9661,10660,0.025390625,direct,0,0,0,0,0,14,1,14,1,0,1
open_dense,37,timed,equal,17,1000,10000,170,1169,0.006591797,unavailable,0,0,0,0,0,0,0,0,1,0,1
open_dense,37,timed,equal,17,1000,10000,510,1509,0.008544922,unavailable,0,0,0,0,0,0,0,0,1,0,1
open_dense,37,timed,equal,17,1000,10000,849,1848,0.006591797,unavailable,0,0,0,0,0,0,0,0,1,0,1
open_dense,37,timed,equal,17,1000,10000,932,1931,0.010498047,unavailable,0,0,0,0,0,0,0,0,1,0,1
open_dense,37,timed,equal,17,1000,10000,1441,2440,0.010253906,unavailable,0,0,0,0,0,0,0,0,1,0,1
open_dense,37,timed,equal,17,1000,10000,1527,2526,0.006591797,unavailable,0,0,0,0,0,0,0,0,1,0,1
open_dense,37,timed,equal,17,1000,10000,1866,2865,0.010009766,unavailable,0,0,0,0,0,0,0,0,1,0,1
open_dense,37,timed,equal,17,1000,10000,1950,2949,0.009521484,unavailable,0,0,0,0,0,0,0,0,1,0,1
open_dense,37,timed,equal,17,1000,10000,2459,3458,0.009765625,unavailable,0,0,0,0,0,0,0,0,1,0,1
open_dense,37,timed,equal,17,1000,10000,2545,3544,0.010498047,unavailable,0,0,0,0,0,0,0,0,1,0,1
open_dense,37,timed,equal,17,1000,10000,2968,3967,0.019042969,unavailable,0,0,0,0,0,0,0,0,1,0,1
open_dense,37,timed,equal,17,1000,10000,3224,4223,0.005615234,unavailable,0,0,0,0,0,0,0,0,1,0,1
open_dense,37,timed,equal,17,1000,10000,3542,4541,0.01171875,unavailable,0,0,0,0,0,0,0,0,1,0,1
open_dense,37,timed,equal,17,1000,10000,3903,4902,0.01171875,unavailable,0,0,0,0,0,0,0,0,1,0,1
open_dense,37,timed,equal,17,1000,10000,3988,4987,0.018798828,unavailable,0,0,0,0,0,0,0,0,1,0,1
open_dense,37,timed,equal,17,1000,10000,4582,5581,0.018066406,unavailable,0,0,0,0,0,0,0,0,1,0,1
open_dense,37,timed,equal,17,1000,10000,5008,6007,0.007080078,unavailable,0,0,0,0,0,0,0,0,1,0,1
open_dense,37,timed,equal,17,1000,10000,5576,6575,0.010986328,unavailable,0,0,0,0,0,0,0,0,1,0,1
open_dense,37,timed,equal,17,1000,10000,5942,6941,0.019042969,unavailable,0,0,0,0,0,0,0,0,1,0,1
open_dense,37,timed,equal,17,1000,10000,6593,7592,0.010498047,unavailable,0,0,0,0,0,0,0,0,1,0,1
open_dense,37,timed,equal,17,1000,10000,7302,8301,0.024169922,unavailable,0,0,0,0,0,0,0,0,1,0,1
open_dense,37,timed,equal,17,1000,10000,7610,8609,0.021484375,unavailable,0,0,0,0,0,0,0,0,1,0,1
open_dense,37,timed,equal,17,1000,10000,8068,9067,0.021728516,unavailable,0,0,0,0,0,0,0,0,1,0,1
open_dense,37,timed,equal,17,1000,10000,8744,9743,0.019775391,unavailable,0,0,0,0,0,0,0,0,1,0,1
open_dense,37,timed,equal,17,1000,10000,9774,10773,0.005859375,unavailable,0,0,0,0,0,0,0,0,1,0,1
open_dense,37,diagnostic,equal,17,1000,10000,1385,2384,0.010742188,direct,0,0,0,0,0,12,1,12,1,0,1
open_dense,37,diagnostic,equal,17,1000,10000,1441,2440,0.010009766,direct,0,0,0,0,0,12,1,12,1,0,1
open_dense,37,diagnostic,equal,17,1000,10000,1442,2441,0.009765625,direct,0,0,0,0,0,12,1,12,1,0,1
open_dense,37,diagnostic,equal,17,1000,10000,1725,2724,0.010009766,direct,0,0,0,0,0,12,1,12,1,0,1
open_dense,37,diagnostic,equal,17,1000,10000,1950,2949,0.010009766,direct,0,0,0,0,0,12,1,12,1,0,1
open_dense,37,diagnostic,equal,17,1000,10000,2065,3064,0.012451172,direct,0,0,0,0,0,12,1,12,1,0,1
open_dense,37,diagnostic,equal,17,1000,10000,2258,3257,0.018310547,direct,0,0,0,0,0,12,1,12,1,0,1
open_dense,37,diagnostic,equal,17,1000,10000,2746,3745,0.018066406,direct,0,0,0,0,0,12,1,12,1,0,1
open_dense,37,diagnostic,equal,17,1000,10000,2968,3967,0.018066406,direct,0,0,0,0,0,12,1,12,1,0,1
open_dense,37,diagnostic,equal,17,1000,10000,3075,4074,0.010498047,direct,0,0,0,0,0,12,1,12,1,0,1
open_dense,37,diagnostic,equal,17,1000,10000,3427,4426,0.017333984,direct,0,0,0,0,0,13,1,13,1,0,1
open_dense,37,diagnostic,equal,17,1000,10000,3892,4891,0.021240234,direct,0,0,0,0,0,13,1,13,1,0,1
open_dense,37,diagnostic,equal,17,1000,10000,3988,4987,0.017822266,direct,0,0,0,0,0,13,1,13,1,0,1
open_dense,37,diagnostic,equal,17,1000,10000,4108,5107,0.019042969,direct,0,0,0,0,0,13,1,13,1,0,1
open_dense,37,diagnostic,equal,17,1000,10000,4709,5708,0.019042969,direct,0,0,0,0,0,13,1,13,1,0,1
open_dense,37,diagnostic,equal,17,1000,10000,4789,5788,0.028808594,direct,0,0,0,0,0,13,1,13,1,0,1
open_dense,37,diagnostic,equal,17,1000,10000,5008,6007,0.019042969,direct,0,0,0,0,0,13,1,13,1,0,1
open_dense,37,diagnostic,equal,17,1000,10000,5526,6525,0.018798828,direct,0,0,0,0,0,13,1,13,1,0,1
open_dense,37,diagnostic,equal,17,1000,10000,6151,7150,0.045410156,direct,0,0,0,0,0,13,1,13,1,0,1
open_dense,37,diagnostic,equal,17,1000,10000,6343,7342,0.035888672,direct,0,0,0,0,0,13,1,13,1,0,1
open_dense,37,diagnostic,equal,17,1000,10000,7513,8512,0.031738281,direct,0,0,0,0,0,14,1,14,1,0,1
open_dense,37,diagnostic,equal,17,1000,10000,7977,8976,0.036376953,direct,0,0,0,0,0,14,1,14,1,0,1
open_dense,37,diagnostic,equal,17,1000,10000,8068,9067,0.021484375,direct,0,0,0,0,0,14,1,14,1,0,1
open_dense,37,diagnostic,equal,17,1000,10000,8915,9914,0.036865234,direct,0,0,0,0,0,14,1,14,1,0,1
open_dense,37,diagnostic,equal,17,1000,10000,9662,10661,0.018066406,direct,0,0,0,0,0,14,1,14,1,0,1
baseline,38,timed,duplicates,17,1000,10000,932,1931,0.010986328,unavailable,0,0,0,0,0,0,0,0,2,0,1
baseline,38,timed,duplicates,17,1000,10000,1682,2681,0.012451172,unavailable,0,0,0,0,0,0,0,0,2,0,1
baseline,38,timed,duplicates,17,1000,10000,2342,3341,0.011962891,unavailable,0,0,0,0,0,0,0,0,2,0,1
baseline,38,timed,duplicates,17,1000,10000,2922,3921,0.015136719,unavailable,0,0,0,0,0,0,0,0,1,0,1
baseline,38,timed,duplicates,17,1000,10000,2968,3967,0.020019531,unavailable,0,0,0,0,0,0,0,0,3,0,1
baseline,38,timed,duplicates,17,1000,10000,3770,4769,0.020263672,unavailable,0,0,0,0,0,0,0,0,3,0,1
baseline,38,timed,duplicates,17,1000,10000,3988,4987,0.021240234,unavailable,0,0,0,0,0,0,0,0,3,0,1
baseline,38,timed,duplicates,17,1000,10000,4534,5533,0.011474609,unavailable,0,0,0,0,0,0,0,0,3,0,1
baseline,38,timed,duplicates,17,1000,10000,5008,6007,0.015869141,unavailable,0,0,0,0,0,0,0,0,3,0,1
baseline,38,timed,duplicates,17,1000,10000,5013,6012,0.112060547,unavailable,0,0,0,0,0,0,0,0,1,0,1
baseline,38,timed,duplicates,17,1000,10000,5444,6443,0.01171875,unavailable,0,0,0,0,0,0,0,0,2,0,1
baseline,38,timed,duplicates,17,1000,10000,5487,6486,0.014160156,unavailable,0,0,0,0,0,0,0,0,2,0,1
baseline,38,timed,duplicates,17,1000,10000,5500,6499,0.025146484,unavailable,0,0,0,0,0,0,0,0,5,0,1
baseline,38,timed,duplicates,17,1000,10000,5572,6571,0.106933594,unavailable,0,0,0,0,0,0,0,0,1,0,1
baseline,38,timed,duplicates,17,1000,10000,6028,7027,0.023925781,unavailable,0,0,0,0,0,0,0,0,2,0,1
baseline,38,timed,duplicates,17,1000,10000,6910,7909,0.020996094,unavailable,0,0,0,0,0,0,0,0,4,0,1
baseline,38,timed,duplicates,17,1000,10000,7692,8691,0.018798828,unavailable,0,0,0,0,0,0,0,0,2,0,1
baseline,38,timed,duplicates,17,1000,10000,8068,9067,0.032958984,unavailable,0,0,0,0,0,0,0,0,6,0,1
baseline,38,timed,duplicates,17,1000,10000,8080,9079,0.033447266,unavailable,0,0,0,0,0,0,0,0,2,0,1
baseline,38,timed,duplicates,17,1000,10000,8249,9248,0.017578125,unavailable,0,0,0,0,0,0,0,0,1,0,1
baseline,38,timed,duplicates,17,1000,10000,8807,9806,0.014892578,unavailable,0,0,0,0,0,0,0,0,1,0,1
baseline,38,timed,duplicates,17,1000,10000,8942,9941,0.034667969,unavailable,0,0,0,0,0,0,0,0,3,0,1
baseline,38,timed,duplicates,17,1000,10000,9268,10267,0.016113281,unavailable,0,0,0,0,0,0,0,0,1,0,1
baseline,38,timed,duplicates,17,1000,10000,9748,10747,0.015625,unavailable,0,0,0,0,0,0,0,0,1,0,1
baseline,38,timed,duplicates,17,1000,10000,9831,10830,0.014404297,unavailable,0,0,0,0,0,0,0,0,2,0,1
baseline,38,diagnostic,duplicates,17,1000,10000,2066,3065,0.018798828,direct,0,0,0,0,0,13,1,13,3,0,1
baseline,38,diagnostic,duplicates,17,1000,10000,2239,3238,0.036132812,local,8,8,1,0,9,13,1,13,2,0,1
baseline,38,diagnostic,duplicates,17,1000,10000,2290,3289,0.053710938,local,8,8,1,0,9,12,1,12,2,0,1
baseline,38,diagnostic,duplicates,17,1000,10000,2364,3363,0.020751953,local,8,8,1,0,9,12,2,12,2,0,1
baseline,38,diagnostic,duplicates,17,1000,10000,2747,3746,0.029052734,local,8,8,1,0,9,12,2,12,2,0,1
baseline,38,diagnostic,duplicates,17,1000,10000,2978,3977,0.02734375,direct,0,0,0,0,0,12,2,12,3,0,1
baseline,38,diagnostic,duplicates,17,1000,10000,3428,4427,0.027587891,direct,0,0,0,0,0,13,1,13,6,0,1
baseline,38,diagnostic,duplicates,17,1000,10000,3504,4503,0.034667969,local,8,8,1,0,9,14,1,14,2,0,1
baseline,38,diagnostic,duplicates,17,1000,10000,3964,4963,0.030029297,direct,0,0,0,0,0,13,1,13,3,0,1
baseline,38,diagnostic,duplicates,17,1000,10000,4429,5428,0.047119141,direct,0,0,0,0,0,14,1,14,5,0,1
baseline,38,diagnostic,duplicates,17,1000,10000,4550,5549,0.009765625,local,16,24,1,1,26,14,1,14,2,0,2
baseline,38,diagnostic,duplicates,17,1000,10000,4769,5768,0.009277344,local,16,24,1,1,26,14,1,14,2,0,2
baseline,38,diagnostic,duplicates,17,1000,10000,4790,5789,0.047607422,direct,0,0,0,0,0,14,1,14,3,0,1
baseline,38,diagnostic,duplicates,17,1000,10000,5013,6012,0.140625,large,256,504,1,5,510,13,1,13,1,0,3
baseline,38,diagnostic,duplicates,17,1000,10000,5205,6204,0.008789062,local,16,24,1,1,26,13,1,13,2,0,2
baseline,38,diagnostic,duplicates,17,1000,10000,5312,6311,0.037597656,direct,0,0,0,0,0,13,1,13,5,0,1
baseline,38,diagnostic,duplicates,17,1000,10000,5417,6416,0.008789062,local,16,24,1,1,26,14,1,14,2,0,2
baseline,38,diagnostic,duplicates,17,1000,10000,5444,6443,0.008789062,local,16,24,1,1,26,13,2,13,2,0,2
baseline,38,diagnostic,duplicates,17,1000,10000,5554,6553,0.009521484,local,16,24,1,1,26,14,1,14,2,0,2
baseline,38,diagnostic,duplicates,17,1000,10000,5562,6561,0.063476562,local,8,8,1,0,9,14,2,14,4,0,1
baseline,38,diagnostic,duplicates,17,1000,10000,5572,6571,0.120361328,large,256,504,1,5,510,13,1,13,1,0,3
baseline,38,diagnostic,duplicates,17,1000,10000,6011,7010,0.009765625,local,16,24,1,1,26,12,2,12,2,0,2
baseline,38,diagnostic,duplicates,17,1000,10000,6032,7031,0.009277344,local,16,24,1,1,26,13,2,13,2,0,2
baseline,38,diagnostic,duplicates,17,1000,10000,6133,7132,0.008544922,local,16,24,1,1,26,14,1,14,2,0,2
baseline,38,diagnostic,duplicates,17,1000,10000,6152,7151,0.040527344,local,8,8,1,0,9,13,2,13,2,0,1
baseline,38,diagnostic,duplicates,17,1000,10000,6201,7200,0.020996094,direct,0,0,0,0,0,14,1,14,5,0,1
baseline,38,diagnostic,duplicates,17,1000,10000,6276,7275,0.008544922,local,16,24,1,1,26,14,1,14,2,0,2
baseline,38,diagnostic,duplicates,17,1000,10000,6329,7328,0.030273438,local,8,8,1,0,9,15,1,15,2,0,1
baseline,38,diagnostic,duplicates,17,1000,10000,6346,7345,0.008544922,local,16,24,1,1,26,13,1,13,2,0,2
baseline,38,diagnostic,duplicates,17,1000,10000,6391,7390,0.009521484,local,16,24,1,1,26,12,1,12,2,0,2
baseline,38,diagnostic,duplicates,17,1000,10000,6774,7773,0.197265625,direct,0,0,0,0,0,13,2,13,2,0,1
baseline,38,diagnostic,duplicates,17,1000,10000,7097,8096,0.009033203,local,16,24,1,1,26,14,1,14,1,0,2
baseline,38,diagnostic,duplicates,17,1000,10000,7219,8218,0.033203125,direct,0,0,0,0,0,14,1,14,4,0,1
baseline,38,diagnostic,duplicates,17,1000,10000,7441,8440,0.029541016,local,8,8,1,0,9,15,1,15,2,0,1
baseline,38,diagnostic,duplicates,17,1000,10000,7514,8513,0.0546875,direct,0,0,0,0,0,14,1,14,5,0,1
baseline,38,diagnostic,duplicates,17,1000,10000,7666,8665,0.015136719,local,16,24,1,1,26,13,1,13,1,0,2
baseline,38,diagnostic,duplicates,17,1000,10000,8249,9248,0.016845703,local,32,56,1,2,59,14,1,14,1,0,2
baseline,38,diagnostic,duplicates,17,1000,10000,8436,9435,0.030761719,direct,0,0,0,0,0,14,1,14,3,0,1
baseline,38,diagnostic,duplicates,17,1000,10000,8807,9806,0.016113281,local,32,56,1,2,59,13,1,13,1,0,2
baseline,38,diagnostic,duplicates,17,1000,10000,8919,9918,0.057861328,direct,0,0,0,0,0,15,1,15,3,0,1
baseline,38,diagnostic,duplicates,17,1000,10000,9268,10267,0.018066406,local,32,56,1,2,59,14,1,14,1,0,2
baseline,38,diagnostic,duplicates,17,1000,10000,9400,10399,0.010253906,local,16,24,1,1,26,15,1,15,2,0,2
baseline,38,diagnostic,duplicates,17,1000,10000,9427,10426,0.031494141,local,8,8,1,0,9,15,1,15,2,0,1
baseline,38,diagnostic,duplicates,17,1000,10000,9748,10747,0.016601562,local,32,56,1,2,59,13,1,13,1,0,2
baseline,38,diagnostic,duplicates,17,1000,10000,9818,10817,0.013427734,local,16,24,1,1,26,13,1,13,2,0,2
baseline,38,diagnostic,duplicates,17,1000,10000,9831,10830,0.008789062,local,16,24,1,1,26,14,1,14,2,0,2
baseline,38,diagnostic,duplicates,17,1000,10000,9928,10927,0.009033203,local,16,24,1,1,26,14,1,14,2,0,2
baseline,38,diagnostic,duplicates,17,1000,10000,9974,10973,0.009033203,local,16,24,1,1,26,15,1,15,2,0,2
open_dense,38,timed,duplicates,17,1000,10000,502,1501,0.140136719,unavailable,0,0,0,0,0,0,0,0,2,0,1
open_dense,38,timed,duplicates,17,1000,10000,1737,2736,0.079345703,unavailable,0,0,0,0,0,0,0,0,1,0,1
open_dense,38,timed,duplicates,17,1000,10000,2381,3380,0.037353516,unavailable,0,0,0,0,0,0,0,0,2,0,1
open_dense,38,timed,duplicates,17,1000,10000,2671,3670,0.130371094,unavailable,0,0,0,0,0,0,0,0,2,0,1
open_dense,38,timed,duplicates,17,1000,10000,3156,4155,0.303222656,unavailable,0,0,0,0,0,0,0,0,2,0,1
open_dense,38,timed,duplicates,17,1000,10000,3600,4599,0.265136719,unavailable,0,0,0,0,0,0,0,0,2,0,1
open_dense,38,timed,duplicates,17,1000,10000,3801,4800,0.125488281,unavailable,0,0,0,0,0,0,0,0,2,0,1
open_dense,38,timed,duplicates,17,1000,10000,3988,4987,0.037597656,unavailable,0,0,0,0,0,0,0,0,3,0,1
open_dense,38,timed,duplicates,17,1000,10000,4128,5127,0.155029297,unavailable,0,0,0,0,0,0,0,0,2,0,1
open_dense,38,timed,duplicates,17,1000,10000,4141,5140,0.037109375,unavailable,0,0,0,0,0,0,0,0,2,0,1
open_dense,38,timed,duplicates,17,1000,10000,4191,5190,0.065185547,unavailable,0,0,0,0,0,0,0,0,2,0,1
open_dense,38,timed,duplicates,17,1000,10000,4264,5263,0.037597656,unavailable,0,0,0,0,0,0,0,0,2,0,1
open_dense,38,timed,duplicates,17,1000,10000,4405,5404,0.072753906,unavailable,0,0,0,0,0,0,0,0,2,0,1
open_dense,38,timed,duplicates,17,1000,10000,4680,5679,0.09375,unavailable,0,0,0,0,0,0,0,0,3,0,1
open_dense,38,timed,duplicates,17,1000,10000,4695,5694,0.066650391,unavailable,0,0,0,0,0,0,0,0,2,0,1
open_dense,38,timed,duplicates,17,1000,10000,5302,6301,0.037109375,unavailable,0,0,0,0,0,0,0,0,2,0,1
open_dense,38,timed,duplicates,17,1000,10000,5595,6594,0.036132812,unavailable,0,0,0,0,0,0,0,0,2,0,1
open_dense,38,timed,duplicates,17,1000,10000,7771,8770,0.716552734,unavailable,0,0,0,0,0,0,0,0,1,0,1
open_dense,38,timed,duplicates,17,1000,10000,8547,9546,0.280761719,unavailable,0,0,0,0,0,0,0,0,2,0,1
open_dense,38,timed,duplicates,17,1000,10000,8993,9992,0.278564453,unavailable,0,0,0,0,0,0,0,0,2,0,1
open_dense,38,timed,duplicates,17,1000,10000,9135,10134,1.018554688,unavailable,0,0,0,0,0,0,0,0,1,0,1
open_dense,38,timed,duplicates,17,1000,10000,9228,10227,0.262695312,unavailable,0,0,0,0,0,0,0,0,2,0,1
open_dense,38,timed,duplicates,17,1000,10000,9595,10594,0.262939453,unavailable,0,0,0,0,0,0,0,0,2,0,1
open_dense,38,timed,duplicates,17,1000,10000,9918,10917,0.259521484,unavailable,0,0,0,0,0,0,0,0,2,0,1
open_dense,38,timed,duplicates,17,1000,10000,9963,10962,0.271484375,unavailable,0,0,0,0,0,0,0,0,2,0,1
open_dense,38,diagnostic,duplicates,17,1000,10000,502,1501,0.156738281,large,256,504,1,5,510,11,1,11,2,0,3
open_dense,38,diagnostic,duplicates,17,1000,10000,1737,2736,0.093994141,local,128,248,1,4,253,12,1,12,1,0,3
open_dense,38,diagnostic,duplicates,17,1000,10000,2671,3670,0.179931641,large,256,504,1,5,510,12,1,12,2,0,3
open_dense,38,diagnostic,duplicates,17,1000,10000,2763,3762,0.046142578,local,64,120,1,3,124,12,1,12,2,0,3
open_dense,38,diagnostic,duplicates,17,1000,10000,2844,3843,0.042724609,local,64,120,1,3,124,13,1,13,2,0,3
open_dense,38,diagnostic,duplicates,17,1000,10000,3156,4155,0.32421875,large,512,1016,1,6,1023,12,1,12,2,0,3
open_dense,38,diagnostic,duplicates,17,1000,10000,3487,4486,0.041503906,local,64,120,1,3,124,13,1,13,2,0,2
open_dense,38,diagnostic,duplicates,17,1000,10000,3600,4599,0.332275391,large,512,1016,1,6,1023,13,1,13,2,0,3
open_dense,38,diagnostic,duplicates,17,1000,10000,3783,4782,0.043212891,local,64,120,1,3,124,13,1,13,2,0,3
open_dense,38,diagnostic,duplicates,17,1000,10000,3801,4800,0.131591797,large,256,504,1,5,510,13,1,13,2,0,3
open_dense,38,diagnostic,duplicates,17,1000,10000,4128,5127,0.158203125,large,256,504,1,5,510,12,1,12,2,0,3
open_dense,38,diagnostic,duplicates,17,1000,10000,4191,5190,0.075683594,local,128,248,1,4,253,13,1,13,2,0,3
open_dense,38,diagnostic,duplicates,17,1000,10000,4264,5263,0.042236328,local,64,120,1,3,124,14,1,14,2,0,3
open_dense,38,diagnostic,duplicates,17,1000,10000,4383,5382,0.041992188,local,64,120,1,3,124,14,1,14,2,0,2
open_dense,38,diagnostic,duplicates,17,1000,10000,4405,5404,0.081054688,local,128,248,1,4,253,13,1,13,2,0,3
open_dense,38,diagnostic,duplicates,17,1000,10000,4695,5694,0.115234375,local,128,248,1,4,253,13,1,13,2,0,3
open_dense,38,diagnostic,duplicates,17,1000,10000,5595,6594,0.047363281,local,64,120,1,3,124,13,1,13,2,0,3
open_dense,38,diagnostic,duplicates,17,1000,10000,6557,7556,0.058105469,local,8,8,1,0,9,14,1,14,3,0,1
open_dense,38,diagnostic,duplicates,17,1000,10000,7513,8512,0.065185547,direct,0,0,0,0,0,14,1,14,6,0,1
open_dense,38,diagnostic,duplicates,17,1000,10000,7771,8770,1.071533203,large,2048,4088,1,8,4097,14,1,14,1,0,3
open_dense,38,diagnostic,duplicates,17,1000,10000,8547,9546,0.320556641,large,512,1016,1,6,1023,14,1,14,2,0,3
open_dense,38,diagnostic,duplicates,17,1000,10000,8993,9992,0.322509766,large,512,1016,1,6,1023,15,1,15,2,0,3
open_dense,38,diagnostic,duplicates,17,1000,10000,9135,10134,1.227050781,large,2048,4088,1,8,4097,14,1,14,1,0,3
open_dense,38,diagnostic,duplicates,17,1000,10000,9228,10227,0.305664062,large,512,1016,1,6,1023,13,2,13,2,0,3
open_dense,38,diagnostic,duplicates,17,1000,10000,9595,10594,0.297607422,large,512,1016,1,6,1023,15,1,15,2,0,3
open_dense,38,diagnostic,duplicates,17,1000,10000,9918,10917,0.315917969,large,512,1016,1,6,1023,14,1,14,2,0,3
open_dense,38,diagnostic,duplicates,17,1000,10000,9963,10962,0.313476562,large,512,1016,1,6,1023,15,2,15,2,0,3
baseline,39,timed,alternating,17,1000,10000,1364,2363,0.428955078,unavailable,0,0,0,0,0,0,0,0,1,0,1
baseline,39,timed,alternating,17,1000,10000,1852,2851,0.448974609,unavailable,0,0,0,0,0,0,0,0,1,0,1
baseline,39,timed,alternating,17,1000,10000,2088,3087,0.808105469,unavailable,0,0,0,0,0,0,0,0,1,0,1
baseline,39,timed,alternating,17,1000,10000,2702,3701,0.820068359,unavailable,0,0,0,0,0,0,0,0,1,0,1
baseline,39,timed,alternating,17,1000,10000,2938,3937,0.422363281,unavailable,0,0,0,0,0,0,0,0,1,0,1
baseline,39,timed,alternating,17,1000,10000,3174,4173,0.822265625,unavailable,0,0,0,0,0,0,0,0,1,0,1
baseline,39,timed,alternating,17,1000,10000,3410,4409,1.465087891,unavailable,0,0,0,0,0,0,0,0,1,0,1
baseline,39,timed,alternating,17,1000,10000,4214,5213,0.418701172,unavailable,0,0,0,0,0,0,0,0,1,0,1
baseline,39,timed,alternating,17,1000,10000,5048,6047,0.416503906,unavailable,0,0,0,0,0,0,0,0,1,0,1
baseline,39,timed,alternating,17,1000,10000,5284,6283,0.795166016,unavailable,0,0,0,0,0,0,0,0,1,0,1
baseline,39,timed,alternating,17,1000,10000,5630,6629,0.421386719,unavailable,0,0,0,0,0,0,0,0,1,0,1
baseline,39,timed,alternating,17,1000,10000,5756,6755,0.816894531,unavailable,0,0,0,0,0,0,0,0,1,0,1
baseline,39,timed,alternating,17,1000,10000,5992,6991,0.806640625,unavailable,0,0,0,0,0,0,0,0,1,0,1
baseline,39,timed,alternating,17,1000,10000,6228,7227,1.442138672,unavailable,0,0,0,0,0,0,0,0,1,0,1
baseline,39,timed,alternating,17,1000,10000,7236,8235,0.41796875,unavailable,0,0,0,0,0,0,0,0,1,0,1
baseline,39,timed,alternating,17,1000,10000,7472,8471,0.760009766,unavailable,0,0,0,0,0,0,0,0,1,0,1
baseline,39,timed,alternating,17,1000,10000,8054,9053,0.791015625,unavailable,0,0,0,0,0,0,0,0,1,0,1
baseline,39,timed,alternating,17,1000,10000,8290,9289,0.417236328,unavailable,0,0,0,0,0,0,0,0,1,0,1
baseline,39,timed,alternating,17,1000,10000,8416,9415,0.777587891,unavailable,0,0,0,0,0,0,0,0,1,0,1
baseline,39,timed,alternating,17,1000,10000,8652,9651,1.566894531,unavailable,0,0,0,0,0,0,0,0,1,0,1
baseline,39,timed,alternating,17,1000,10000,9250,10249,0.771484375,unavailable,0,0,0,0,0,0,0,0,1,0,1
baseline,39,timed,alternating,17,1000,10000,9486,10485,0.425048828,unavailable,0,0,0,0,0,0,0,0,1,0,1
baseline,39,timed,alternating,17,1000,10000,9612,10611,0.776611328,unavailable,0,0,0,0,0,0,0,0,1,0,1
baseline,39,timed,alternating,17,1000,10000,9848,10847,0.786132812,unavailable,0,0,0,0,0,0,0,0,1,0,1
baseline,39,timed,alternating,17,1000,10000,9958,10957,1.540771484,unavailable,0,0,0,0,0,0,0,0,1,0,1
baseline,39,diagnostic,alternating,17,1000,10000,40,1039,0.661376953,large,256,504,1,5,510,12,1,12,1,0,1
baseline,39,diagnostic,alternating,17,1000,10000,702,1701,0.454101562,large,1024,2040,1,7,2048,13,2,13,1,0,3
baseline,39,diagnostic,alternating,17,1000,10000,1364,2363,0.517089844,large,1024,2040,1,7,2048,14,2,14,1,0,3
baseline,39,diagnostic,alternating,17,1000,10000,1852,2851,0.524658203,large,1024,2040,1,7,2048,14,2,14,1,0,3
baseline,39,diagnostic,alternating,17,1000,10000,2088,3087,0.966064453,large,2048,4088,1,8,4097,14,1,14,1,0,3
baseline,39,diagnostic,alternating,17,1000,10000,2466,3465,0.453857422,large,1024,2040,1,7,2048,15,1,15,1,0,3
baseline,39,diagnostic,alternating,17,1000,10000,2702,3701,0.903076172,large,2048,4088,1,8,4097,15,2,15,1,0,3
baseline,39,diagnostic,alternating,17,1000,10000,2938,3937,0.467285156,large,1024,2040,1,7,2048,15,1,15,1,0,3
baseline,39,diagnostic,alternating,17,1000,10000,3174,4173,0.951660156,large,2048,4088,1,8,4097,15,1,15,1,0,3
baseline,39,diagnostic,alternating,17,1000,10000,3410,4409,1.617919922,large,4096,8184,1,9,8194,15,2,15,1,0,3
baseline,39,diagnostic,alternating,17,1000,10000,5048,6047,0.454345703,large,1024,2040,1,7,2048,16,1,16,1,0,3
baseline,39,diagnostic,alternating,17,1000,10000,5284,6283,0.846679688,large,2048,4088,1,8,4097,16,2,16,1,0,3
baseline,39,diagnostic,alternating,17,1000,10000,5630,6629,0.452392578,large,1024,2040,1,7,2048,16,2,16,1,0,2
baseline,39,diagnostic,alternating,17,1000,10000,5756,6755,0.853271484,large,2048,4088,1,8,4097,16,1,16,1,0,3
baseline,39,diagnostic,alternating,17,1000,10000,5992,6991,0.866455078,large,2048,4088,1,8,4097,16,2,16,1,0,3
baseline,39,diagnostic,alternating,17,1000,10000,6228,7227,1.767578125,large,4096,8184,1,9,8194,16,1,16,1,0,3
baseline,39,diagnostic,alternating,17,1000,10000,7236,8235,0.453125,large,1024,2040,1,7,2048,16,1,16,1,0,3
baseline,39,diagnostic,alternating,17,1000,10000,7472,8471,0.851074219,large,2048,4088,1,8,4097,16,2,16,1,0,3
baseline,39,diagnostic,alternating,17,1000,10000,8054,9053,0.860839844,large,2048,4088,1,8,4097,16,1,16,1,0,3
baseline,39,diagnostic,alternating,17,1000,10000,8416,9415,0.852783203,large,2048,4088,1,8,4097,16,1,16,1,0,3
baseline,39,diagnostic,alternating,17,1000,10000,8652,9651,1.760986328,large,4096,8184,1,9,8194,16,1,16,1,0,3
baseline,39,diagnostic,alternating,17,1000,10000,9014,10013,0.458984375,large,1024,2040,1,7,2048,17,2,17,1,0,3
baseline,39,diagnostic,alternating,17,1000,10000,9250,10249,0.844238281,large,2048,4088,1,8,4097,17,2,17,1,0,3
baseline,39,diagnostic,alternating,17,1000,10000,9612,10611,0.847167969,large,2048,4088,1,8,4097,17,1,17,1,0,3
baseline,39,diagnostic,alternating,17,1000,10000,9848,10847,0.857666016,large,2048,4088,1,8,4097,17,2,17,1,0,3
baseline,39,diagnostic,alternating,17,1000,10000,9958,10957,1.721191406,large,4096,8184,1,9,8194,17,1,17,1,0,3
open_dense,39,timed,alternating,17,1000,10000,1364,2363,0.435302734,unavailable,0,0,0,0,0,0,0,0,1,0,1
open_dense,39,timed,alternating,17,1000,10000,1852,2851,0.455566406,unavailable,0,0,0,0,0,0,0,0,1,0,1
open_dense,39,timed,alternating,17,1000,10000,2088,3087,0.823730469,unavailable,0,0,0,0,0,0,0,0,1,0,1
open_dense,39,timed,alternating,17,1000,10000,2702,3701,0.815673828,unavailable,0,0,0,0,0,0,0,0,1,0,1
open_dense,39,timed,alternating,17,1000,10000,3174,4173,0.825439453,unavailable,0,0,0,0,0,0,0,0,1,0,1
open_dense,39,timed,alternating,17,1000,10000,3410,4409,1.494140625,unavailable,0,0,0,0,0,0,0,0,1,0,1
open_dense,39,timed,alternating,17,1000,10000,4214,5213,0.424072266,unavailable,0,0,0,0,0,0,0,0,1,0,1
open_dense,39,timed,alternating,17,1000,10000,5048,6047,0.430664062,unavailable,0,0,0,0,0,0,0,0,1,0,1
open_dense,39,timed,alternating,17,1000,10000,5284,6283,0.819091797,unavailable,0,0,0,0,0,0,0,0,1,0,1
open_dense,39,timed,alternating,17,1000,10000,5630,6629,0.423828125,unavailable,0,0,0,0,0,0,0,0,1,0,1
open_dense,39,timed,alternating,17,1000,10000,5756,6755,0.814208984,unavailable,0,0,0,0,0,0,0,0,1,0,1
open_dense,39,timed,alternating,17,1000,10000,5992,6991,0.839355469,unavailable,0,0,0,0,0,0,0,0,1,0,1
open_dense,39,timed,alternating,17,1000,10000,6228,7227,1.485839844,unavailable,0,0,0,0,0,0,0,0,1,0,1
open_dense,39,timed,alternating,17,1000,10000,7236,8235,0.424804688,unavailable,0,0,0,0,0,0,0,0,1,0,1
open_dense,39,timed,alternating,17,1000,10000,7472,8471,0.779296875,unavailable,0,0,0,0,0,0,0,0,1,0,1
open_dense,39,timed,alternating,17,1000,10000,8054,9053,0.802246094,unavailable,0,0,0,0,0,0,0,0,1,0,1
open_dense,39,timed,alternating,17,1000,10000,8290,9289,0.422607422,unavailable,0,0,0,0,0,0,0,0,1,0,1
open_dense,39,timed,alternating,17,1000,10000,8416,9415,0.80859375,unavailable,0,0,0,0,0,0,0,0,1,0,1
open_dense,39,timed,alternating,17,1000,10000,8652,9651,1.650390625,unavailable,0,0,0,0,0,0,0,0,1,0,1
open_dense,39,timed,alternating,17,1000,10000,9014,10013,0.429199219,unavailable,0,0,0,0,0,0,0,0,1,0,1
open_dense,39,timed,alternating,17,1000,10000,9250,10249,0.810302734,unavailable,0,0,0,0,0,0,0,0,1,0,1
open_dense,39,timed,alternating,17,1000,10000,9486,10485,0.680175781,unavailable,0,0,0,0,0,0,0,0,1,0,1
open_dense,39,timed,alternating,17,1000,10000,9612,10611,0.798339844,unavailable,0,0,0,0,0,0,0,0,1,0,1
open_dense,39,timed,alternating,17,1000,10000,9848,10847,0.808105469,unavailable,0,0,0,0,0,0,0,0,1,0,1
open_dense,39,timed,alternating,17,1000,10000,9958,10957,1.587402344,unavailable,0,0,0,0,0,0,0,0,1,0,1
open_dense,39,diagnostic,alternating,17,1000,10000,1364,2363,0.591552734,large,1024,2040,1,7,2048,14,2,14,1,0,3
open_dense,39,diagnostic,alternating,17,1000,10000,1852,2851,0.554931641,large,1024,2040,1,7,2048,14,2,14,1,0,3
open_dense,39,diagnostic,alternating,17,1000,10000,2088,3087,1.052001953,large,2048,4088,1,8,4097,14,1,14,1,0,3
open_dense,39,diagnostic,alternating,17,1000,10000,2702,3701,0.976074219,large,2048,4088,1,8,4097,15,2,15,1,0,3
open_dense,39,diagnostic,alternating,17,1000,10000,2938,3937,0.491943359,large,1024,2040,1,7,2048,15,1,15,1,0,3
open_dense,39,diagnostic,alternating,17,1000,10000,3174,4173,1.017333984,large,2048,4088,1,8,4097,15,1,15,1,0,3
open_dense,39,diagnostic,alternating,17,1000,10000,3410,4409,1.729003906,large,4096,8184,1,9,8194,15,2,15,1,0,3
open_dense,39,diagnostic,alternating,17,1000,10000,5048,6047,0.489501953,large,1024,2040,1,7,2048,16,1,16,1,0,2
open_dense,39,diagnostic,alternating,17,1000,10000,5284,6283,0.926025391,large,2048,4088,1,8,4097,16,2,16,1,0,3
open_dense,39,diagnostic,alternating,17,1000,10000,5630,6629,0.491943359,large,1024,2040,1,7,2048,16,2,16,1,0,3
open_dense,39,diagnostic,alternating,17,1000,10000,5756,6755,0.923828125,large,2048,4088,1,8,4097,16,1,16,1,0,3
open_dense,39,diagnostic,alternating,17,1000,10000,5992,6991,1.086181641,large,2048,4088,1,8,4097,16,2,16,1,0,3
open_dense,39,diagnostic,alternating,17,1000,10000,6228,7227,1.856689453,large,4096,8184,1,9,8194,16,1,16,1,0,3
open_dense,39,diagnostic,alternating,17,1000,10000,7236,8235,0.507324219,large,1024,2040,1,7,2048,16,1,16,1,0,3
open_dense,39,diagnostic,alternating,17,1000,10000,7472,8471,0.888183594,large,2048,4088,1,8,4097,16,2,16,1,0,3
open_dense,39,diagnostic,alternating,17,1000,10000,8054,9053,0.952880859,large,2048,4088,1,8,4097,16,1,16,1,0,3
open_dense,39,diagnostic,alternating,17,1000,10000,8290,9289,0.490966797,large,1024,2040,1,7,2048,16,2,16,1,0,3
open_dense,39,diagnostic,alternating,17,1000,10000,8416,9415,1.057373047,large,2048,4088,1,8,4097,16,1,16,1,0,3
open_dense,39,diagnostic,alternating,17,1000,10000,8652,9651,2.383544922,large,4096,8184,1,9,8194,16,1,16,1,0,3
open_dense,39,diagnostic,alternating,17,1000,10000,8888,9887,0.566894531,large,512,1016,1,6,1023,17,2,17,1,0,1
open_dense,39,diagnostic,alternating,17,1000,10000,9014,10013,0.598632812,large,1024,2040,1,7,2048,17,2,17,1,0,3
open_dense,39,diagnostic,alternating,17,1000,10000,9250,10249,1.003662109,large,2048,4088,1,8,4097,17,2,17,1,0,3
open_dense,39,diagnostic,alternating,17,1000,10000,9486,10485,0.525390625,large,1024,2040,1,7,2048,17,2,17,1,0,3
open_dense,39,diagnostic,alternating,17,1000,10000,9612,10611,0.994384766,large,2048,4088,1,8,4097,17,1,17,1,0,3
open_dense,39,diagnostic,alternating,17,1000,10000,9848,10847,0.973632812,large,2048,4088,1,8,4097,17,2,17,1,0,3
open_dense,39,diagnostic,alternating,17,1000,10000,9958,10957,2.063476562,large,4096,8184,1,9,8194,17,1,17,1,0,3
baseline,40,timed,hotspot,17,1000,10000,424,1423,0.009277344,unavailable,0,0,0,0,0,0,0,0,1,0,1
baseline,40,timed,hotspot,17,1000,10000,510,1509,0.012207031,unavailable,0,0,0,0,0,0,0,0,1,0,1
baseline,40,timed,hotspot,17,1000,10000,849,1848,0.009765625,unavailable,0,0,0,0,0,0,0,0,1,0,1
baseline,40,timed,hotspot,17,1000,10000,932,1931,0.014404297,unavailable,0,0,0,0,0,0,0,0,1,0,1
baseline,40,timed,hotspot,17,1000,10000,1188,2187,0.008544922,unavailable,0,0,0,0,0,0,0,0,1,0,1
baseline,40,timed,hotspot,17,1000,10000,1441,2440,0.014160156,unavailable,0,0,0,0,0,0,0,0,1,0,1
baseline,40,timed,hotspot,17,1000,10000,1527,2526,0.009033203,unavailable,0,0,0,0,0,0,0,0,1,0,1
baseline,40,timed,hotspot,17,1000,10000,1866,2865,0.015380859,unavailable,0,0,0,0,0,0,0,0,1,0,1
baseline,40,timed,hotspot,17,1000,10000,1950,2949,0.014648438,unavailable,0,0,0,0,0,0,0,0,1,0,1
baseline,40,timed,hotspot,17,1000,10000,2459,3458,0.011962891,unavailable,0,0,0,0,0,0,0,0,1,0,1
baseline,40,timed,hotspot,17,1000,10000,2528,3527,0.010498047,unavailable,0,0,0,0,0,0,0,0,1,0,1
baseline,40,timed,hotspot,17,1000,10000,2545,3544,0.015136719,unavailable,0,0,0,0,0,0,0,0,1,0,1
baseline,40,timed,hotspot,17,1000,10000,2968,3967,0.029785156,unavailable,0,0,0,0,0,0,0,0,1,0,1
baseline,40,timed,hotspot,17,1000,10000,3542,4541,0.017578125,unavailable,0,0,0,0,0,0,0,0,1,0,1
baseline,40,timed,hotspot,17,1000,10000,3903,4902,0.014404297,unavailable,0,0,0,0,0,0,0,0,1,0,1
baseline,40,timed,hotspot,17,1000,10000,3988,4987,0.029296875,unavailable,0,0,0,0,0,0,0,0,1,0,1
baseline,40,timed,hotspot,17,1000,10000,4582,5581,0.026611328,unavailable,0,0,0,0,0,0,0,0,1,0,1
baseline,40,timed,hotspot,17,1000,10000,5576,6575,0.016601562,unavailable,0,0,0,0,0,0,0,0,1,0,1
baseline,40,timed,hotspot,17,1000,10000,5942,6941,0.030273438,unavailable,0,0,0,0,0,0,0,0,1,0,1
baseline,40,timed,hotspot,17,1000,10000,6593,7592,0.016357422,unavailable,0,0,0,0,0,0,0,0,1,0,1
baseline,40,timed,hotspot,17,1000,10000,7302,8301,0.037109375,unavailable,0,0,0,0,0,0,0,0,1,0,1
baseline,40,timed,hotspot,17,1000,10000,7610,8609,0.035888672,unavailable,0,0,0,0,0,0,0,0,1,0,1
baseline,40,timed,hotspot,17,1000,10000,8068,9067,0.03125,unavailable,0,0,0,0,0,0,0,0,1,0,1
baseline,40,timed,hotspot,17,1000,10000,8744,9743,0.030029297,unavailable,0,0,0,0,0,0,0,0,1,0,1
baseline,40,timed,hotspot,17,1000,10000,9774,10773,0.008300781,unavailable,0,0,0,0,0,0,0,0,1,0,1
baseline,40,diagnostic,hotspot,17,1000,10000,625,1624,0.009765625,direct,0,0,0,0,0,11,2,11,1,0,1
baseline,40,diagnostic,hotspot,17,1000,10000,1386,2385,0.010253906,direct,0,0,0,0,0,12,1,12,1,0,1
baseline,40,diagnostic,hotspot,17,1000,10000,1441,2440,0.019042969,direct,0,0,0,0,0,12,2,12,1,0,1
baseline,40,diagnostic,hotspot,17,1000,10000,1950,2949,0.010009766,direct,0,0,0,0,0,12,1,12,1,0,1
baseline,40,diagnostic,hotspot,17,1000,10000,2066,3065,0.013427734,direct,0,0,0,0,0,12,1,12,1,0,1
baseline,40,diagnostic,hotspot,17,1000,10000,2257,3256,0.018798828,direct,0,0,0,0,0,12,2,12,1,0,1
baseline,40,diagnostic,hotspot,17,1000,10000,2747,3746,0.018554688,direct,0,0,0,0,0,12,2,12,1,0,1
baseline,40,diagnostic,hotspot,17,1000,10000,2968,3967,0.020019531,direct,0,0,0,0,0,12,1,12,1,0,1
baseline,40,diagnostic,hotspot,17,1000,10000,3074,4073,0.010986328,direct,0,0,0,0,0,12,1,12,1,0,1
baseline,40,diagnostic,hotspot,17,1000,10000,3428,4427,0.018554688,direct,0,0,0,0,0,13,1,13,1,0,1
baseline,40,diagnostic,hotspot,17,1000,10000,3891,4890,0.022216797,direct,0,0,0,0,0,13,2,13,1,0,1
baseline,40,diagnostic,hotspot,17,1000,10000,3988,4987,0.020019531,direct,0,0,0,0,0,13,1,13,1,0,1
baseline,40,diagnostic,hotspot,17,1000,10000,4109,5108,0.019287109,direct,0,0,0,0,0,13,2,13,1,0,1
baseline,40,diagnostic,hotspot,17,1000,10000,4708,5707,0.018310547,direct,0,0,0,0,0,13,1,13,1,0,1
baseline,40,diagnostic,hotspot,17,1000,10000,4790,5789,0.029296875,direct,0,0,0,0,0,13,1,13,1,0,1
baseline,40,diagnostic,hotspot,17,1000,10000,5008,6007,0.019287109,direct,0,0,0,0,0,13,1,13,1,0,1
baseline,40,diagnostic,hotspot,17,1000,10000,5298,6297,0.012695312,direct,0,0,0,0,0,13,1,13,1,0,1
baseline,40,diagnostic,hotspot,17,1000,10000,5525,6524,0.025390625,direct,0,0,0,0,0,13,2,13,1,0,1
baseline,40,diagnostic,hotspot,17,1000,10000,6152,7151,0.032470703,direct,0,0,0,0,0,13,1,13,1,0,1
baseline,40,diagnostic,hotspot,17,1000,10000,6342,7341,0.030761719,direct,0,0,0,0,0,13,1,13,1,0,1
baseline,40,diagnostic,hotspot,17,1000,10000,7514,8513,0.032958984,direct,0,0,0,0,0,14,1,14,1,0,1
baseline,40,diagnostic,hotspot,17,1000,10000,7976,8975,0.037597656,direct,0,0,0,0,0,14,1,14,1,0,1
baseline,40,diagnostic,hotspot,17,1000,10000,8068,9067,0.021240234,direct,0,0,0,0,0,14,1,14,1,0,1
baseline,40,diagnostic,hotspot,17,1000,10000,8916,9915,0.037353516,direct,0,0,0,0,0,14,1,14,1,0,1
baseline,40,diagnostic,hotspot,17,1000,10000,9661,10660,0.017578125,direct,0,0,0,0,0,14,2,14,1,0,1
open_dense,40,timed,hotspot,17,1000,10000,170,1169,0.006103516,unavailable,0,0,0,0,0,0,0,0,1,0,1
open_dense,40,timed,hotspot,17,1000,10000,510,1509,0.014892578,unavailable,0,0,0,0,0,0,0,0,1,0,1
open_dense,40,timed,hotspot,17,1000,10000,849,1848,0.006103516,unavailable,0,0,0,0,0,0,0,0,1,0,1
open_dense,40,timed,hotspot,17,1000,10000,932,1931,0.009765625,unavailable,0,0,0,0,0,0,0,0,1,0,1
open_dense,40,timed,hotspot,17,1000,10000,1188,2187,0.005859375,unavailable,0,0,0,0,0,0,0,0,1,0,1
open_dense,40,timed,hotspot,17,1000,10000,1441,2440,0.010009766,unavailable,0,0,0,0,0,0,0,0,1,0,1
open_dense,40,timed,hotspot,17,1000,10000,1527,2526,0.005859375,unavailable,0,0,0,0,0,0,0,0,1,0,1
open_dense,40,timed,hotspot,17,1000,10000,1866,2865,0.010742188,unavailable,0,0,0,0,0,0,0,0,1,0,1
open_dense,40,timed,hotspot,17,1000,10000,1950,2949,0.010742188,unavailable,0,0,0,0,0,0,0,0,1,0,1
open_dense,40,timed,hotspot,17,1000,10000,2459,3458,0.008056641,unavailable,0,0,0,0,0,0,0,0,1,0,1
open_dense,40,timed,hotspot,17,1000,10000,2545,3544,0.010986328,unavailable,0,0,0,0,0,0,0,0,1,0,1
open_dense,40,timed,hotspot,17,1000,10000,2968,3967,0.017822266,unavailable,0,0,0,0,0,0,0,0,1,0,1
open_dense,40,timed,hotspot,17,1000,10000,3224,4223,0.005859375,unavailable,0,0,0,0,0,0,0,0,1,0,1
open_dense,40,timed,hotspot,17,1000,10000,3542,4541,0.011474609,unavailable,0,0,0,0,0,0,0,0,1,0,1
open_dense,40,timed,hotspot,17,1000,10000,3903,4902,0.009765625,unavailable,0,0,0,0,0,0,0,0,1,0,1
open_dense,40,timed,hotspot,17,1000,10000,3988,4987,0.017578125,unavailable,0,0,0,0,0,0,0,0,1,0,1
open_dense,40,timed,hotspot,17,1000,10000,4582,5581,0.018066406,unavailable,0,0,0,0,0,0,0,0,1,0,1
open_dense,40,timed,hotspot,17,1000,10000,5008,6007,0.006835938,unavailable,0,0,0,0,0,0,0,0,1,0,1
open_dense,40,timed,hotspot,17,1000,10000,5576,6575,0.010986328,unavailable,0,0,0,0,0,0,0,0,1,0,1
open_dense,40,timed,hotspot,17,1000,10000,5942,6941,0.018554688,unavailable,0,0,0,0,0,0,0,0,1,0,1
open_dense,40,timed,hotspot,17,1000,10000,6593,7592,0.010742188,unavailable,0,0,0,0,0,0,0,0,1,0,1
open_dense,40,timed,hotspot,17,1000,10000,7302,8301,0.025634766,unavailable,0,0,0,0,0,0,0,0,1,0,1
open_dense,40,timed,hotspot,17,1000,10000,7610,8609,0.020751953,unavailable,0,0,0,0,0,0,0,0,1,0,1
open_dense,40,timed,hotspot,17,1000,10000,8068,9067,0.0234375,unavailable,0,0,0,0,0,0,0,0,1,0,1
open_dense,40,timed,hotspot,17,1000,10000,8744,9743,0.019775391,unavailable,0,0,0,0,0,0,0,0,1,0,1
open_dense,40,diagnostic,hotspot,17,1000,10000,1385,2384,0.014892578,direct,0,0,0,0,0,12,2,12,1,0,1
open_dense,40,diagnostic,hotspot,17,1000,10000,1441,2440,0.013916016,direct,0,0,0,0,0,12,2,12,1,0,1
open_dense,40,diagnostic,hotspot,17,1000,10000,1850,2849,0.013671875,direct,0,0,0,0,0,12,1,12,1,0,1
open_dense,40,diagnostic,hotspot,17,1000,10000,1950,2949,0.013916016,direct,0,0,0,0,0,12,1,12,1,0,1
open_dense,40,diagnostic,hotspot,17,1000,10000,2065,3064,0.018066406,direct,0,0,0,0,0,12,2,12,1,0,1
open_dense,40,diagnostic,hotspot,17,1000,10000,2258,3257,0.027099609,direct,0,0,0,0,0,12,1,12,1,0,1
open_dense,40,diagnostic,hotspot,17,1000,10000,2746,3745,0.026855469,direct,0,0,0,0,0,12,1,12,1,0,1
open_dense,40,diagnostic,hotspot,17,1000,10000,2968,3967,0.026367188,direct,0,0,0,0,0,12,1,12,1,0,1
open_dense,40,diagnostic,hotspot,17,1000,10000,3075,4074,0.014892578,direct,0,0,0,0,0,12,2,12,1,0,1
open_dense,40,diagnostic,hotspot,17,1000,10000,3427,4426,0.027587891,direct,0,0,0,0,0,13,2,13,1,0,1
open_dense,40,diagnostic,hotspot,17,1000,10000,3892,4891,0.031738281,direct,0,0,0,0,0,13,1,13,1,0,1
open_dense,40,diagnostic,hotspot,17,1000,10000,3988,4987,0.026855469,direct,0,0,0,0,0,13,1,13,1,0,1
open_dense,40,diagnostic,hotspot,17,1000,10000,4108,5107,0.02734375,direct,0,0,0,0,0,13,1,13,1,0,1
open_dense,40,diagnostic,hotspot,17,1000,10000,4709,5708,0.026367188,direct,0,0,0,0,0,13,2,13,1,0,1
open_dense,40,diagnostic,hotspot,17,1000,10000,4789,5788,0.045166016,direct,0,0,0,0,0,13,2,13,1,0,1
open_dense,40,diagnostic,hotspot,17,1000,10000,5008,6007,0.031738281,direct,0,0,0,0,0,13,1,13,1,0,1
open_dense,40,diagnostic,hotspot,17,1000,10000,5526,6525,0.028320312,direct,0,0,0,0,0,13,1,13,1,0,1
open_dense,40,diagnostic,hotspot,17,1000,10000,6151,7150,0.044433594,direct,0,0,0,0,0,13,2,13,1,0,1
open_dense,40,diagnostic,hotspot,17,1000,10000,6343,7342,0.045410156,direct,0,0,0,0,0,13,2,13,1,0,1
open_dense,40,diagnostic,hotspot,17,1000,10000,6531,7530,0.022949219,direct,0,0,0,0,0,13,2,13,1,0,1
open_dense,40,diagnostic,hotspot,17,1000,10000,7513,8512,0.050292969,direct,0,0,0,0,0,14,2,14,1,0,1
open_dense,40,diagnostic,hotspot,17,1000,10000,7977,8976,0.063232422,direct,0,0,0,0,0,14,2,14,1,0,1
open_dense,40,diagnostic,hotspot,17,1000,10000,8068,9067,0.030029297,direct,0,0,0,0,0,14,1,14,1,0,1
open_dense,40,diagnostic,hotspot,17,1000,10000,8915,9914,0.057617188,direct,0,0,0,0,0,14,2,14,1,0,1
open_dense,40,diagnostic,hotspot,17,1000,10000,9662,10661,0.024902344,direct,0,0,0,0,0,14,1,14,1,0,1
baseline,41,timed,ascending,17,10000,100000,9598,19597,0.042480469,unavailable,0,0,0,0,0,0,0,0,1,0,1
baseline,41,timed,ascending,17,10000,100000,11704,21703,0.041748047,unavailable,0,0,0,0,0,0,0,0,1,0,1
baseline,41,timed,ascending,17,10000,100000,13810,23809,0.041992188,unavailable,0,0,0,0,0,0,0,0,1,0,1
baseline,41,timed,ascending,17,10000,100000,36976,46975,0.057128906,unavailable,0,0,0,0,0,0,0,0,2,0,1
baseline,41,timed,ascending,17,10000,100000,39082,49081,0.041992188,unavailable,0,0,0,0,0,0,0,0,2,0,1
baseline,41,timed,ascending,17,10000,100000,66460,76459,0.046386719,unavailable,0,0,0,0,0,0,0,0,3,0,1
baseline,41,timed,ascending,17,10000,100000,68566,78565,0.041503906,unavailable,0,0,0,0,0,0,0,0,3,0,1
baseline,41,timed,ascending,17,10000,100000,74884,84883,0.060302734,unavailable,0,0,0,0,0,0,0,0,3,0,1
baseline,41,timed,ascending,17,10000,100000,76990,86989,0.060546875,unavailable,0,0,0,0,0,0,0,0,3,0,1
baseline,41,timed,ascending,17,10000,100000,79096,89095,0.060058594,unavailable,0,0,0,0,0,0,0,0,3,0,1
baseline,41,timed,ascending,17,10000,100000,84382,94381,0.041748047,unavailable,0,0,0,0,0,0,0,0,3,0,1
baseline,41,timed,ascending,17,10000,100000,85105,95104,0.047119141,unavailable,0,0,0,0,0,0,0,0,3,0,1
baseline,41,timed,ascending,17,10000,100000,85414,95413,0.060058594,unavailable,0,0,0,0,0,0,0,0,3,0,1
baseline,41,timed,ascending,17,10000,100000,85827,95826,0.045654297,unavailable,0,0,0,0,0,0,0,0,3,0,1
baseline,41,timed,ascending,17,10000,100000,86549,96548,0.044677734,unavailable,0,0,0,0,0,0,0,0,3,0,1
baseline,41,timed,ascending,17,10000,100000,87520,97519,0.085693359,unavailable,0,0,0,0,0,0,0,0,3,0,1
baseline,41,timed,ascending,17,10000,100000,87994,97993,0.056640625,unavailable,0,0,0,0,0,0,0,0,4,0,1
baseline,41,timed,ascending,17,10000,100000,89626,99625,0.068115234,unavailable,0,0,0,0,0,0,0,0,4,0,1
baseline,41,timed,ascending,17,10000,100000,95215,105214,0.056396484,unavailable,0,0,0,0,0,0,0,0,4,0,1
baseline,41,timed,ascending,17,10000,100000,95938,105937,0.045410156,unavailable,0,0,0,0,0,0,0,0,4,0,1
baseline,41,timed,ascending,17,10000,100000,95944,105943,0.080322266,unavailable,0,0,0,0,0,0,0,0,4,0,1
baseline,41,timed,ascending,17,10000,100000,96660,106659,0.06640625,unavailable,0,0,0,0,0,0,0,0,4,0,1
baseline,41,timed,ascending,17,10000,100000,97382,107381,0.061279297,unavailable,0,0,0,0,0,0,0,0,4,0,1
baseline,41,timed,ascending,17,10000,100000,98050,108049,0.103515625,unavailable,0,0,0,0,0,0,0,0,4,0,1
baseline,41,timed,ascending,17,10000,100000,98104,108103,0.045166016,unavailable,0,0,0,0,0,0,0,0,4,0,1
baseline,41,diagnostic,ascending,17,10000,100000,35040,45039,0.076416016,direct,0,0,0,0,0,16,1,16,2,0,1
baseline,41,diagnostic,ascending,17,10000,100000,36034,46033,0.070068359,direct,0,0,0,0,0,16,1,16,2,0,1
baseline,41,diagnostic,ascending,17,10000,100000,39391,49390,0.067138672,direct,0,0,0,0,0,16,1,16,2,0,1
baseline,41,diagnostic,ascending,17,10000,100000,44446,54445,0.144042969,direct,0,0,0,0,0,16,1,16,2,0,1
baseline,41,diagnostic,ascending,17,10000,100000,44875,54874,0.125,direct,0,0,0,0,0,16,1,16,2,0,1
baseline,41,diagnostic,ascending,17,10000,100000,45399,55398,0.159667969,direct,0,0,0,0,0,16,1,16,2,0,1
baseline,41,diagnostic,ascending,17,10000,100000,46130,56129,0.0625,direct,0,0,0,0,0,16,1,16,2,0,1
baseline,41,diagnostic,ascending,17,10000,100000,53305,63304,0.062255859,direct,0,0,0,0,0,16,1,16,2,0,1
baseline,41,diagnostic,ascending,17,10000,100000,53823,63822,0.061279297,direct,0,0,0,0,0,16,1,16,2,0,1
baseline,41,diagnostic,ascending,17,10000,100000,55066,65065,0.241943359,direct,0,0,0,0,0,16,1,16,3,0,1
baseline,41,diagnostic,ascending,17,10000,100000,58133,68132,0.071044922,direct,0,0,0,0,0,17,1,17,3,0,1
baseline,41,diagnostic,ascending,17,10000,100000,63140,73139,0.077880859,direct,0,0,0,0,0,17,1,17,3,0,1
baseline,41,diagnostic,ascending,17,10000,100000,64030,74029,0.102294922,direct,0,0,0,0,0,17,1,17,3,0,1
baseline,41,diagnostic,ascending,17,10000,100000,64873,74872,0.115478516,direct,0,0,0,0,0,17,1,17,3,0,1
baseline,41,diagnostic,ascending,17,10000,100000,65715,75714,0.068115234,direct,0,0,0,0,0,17,1,17,3,0,1
baseline,41,diagnostic,ascending,17,10000,100000,66558,76557,0.080810547,direct,0,0,0,0,0,17,1,17,3,0,1
baseline,41,diagnostic,ascending,17,10000,100000,67355,77354,0.146728516,direct,0,0,0,0,0,17,1,17,3,0,1
baseline,41,diagnostic,ascending,17,10000,100000,67400,77399,0.152832031,direct,0,0,0,0,0,17,1,17,3,0,1
baseline,41,diagnostic,ascending,17,10000,100000,68243,78242,0.076171875,direct,0,0,0,0,0,17,1,17,3,0,1
baseline,41,diagnostic,ascending,17,10000,100000,68760,78759,0.069580078,direct,0,0,0,0,0,17,1,17,3,0,1
baseline,41,diagnostic,ascending,17,10000,100000,69085,79084,0.070556641,direct,0,0,0,0,0,17,1,17,3,0,1
baseline,41,diagnostic,ascending,17,10000,100000,69928,79927,0.108398438,direct,0,0,0,0,0,17,1,17,3,0,1
baseline,41,diagnostic,ascending,17,10000,100000,97731,107730,0.071533203,direct,0,0,0,0,0,17,1,17,4,0,1
baseline,41,diagnostic,ascending,17,10000,100000,98265,108264,0.062988281,direct,0,0,0,0,0,17,1,17,4,0,1
baseline,41,diagnostic,ascending,17,10000,100000,99416,109415,0.091796875,direct,0,0,0,0,0,17,1,17,4,0,1
open_dense,41,timed,ascending,17,10000,100000,5386,15385,0.048095703,unavailable,0,0,0,0,0,0,0,0,1,0,1
open_dense,41,timed,ascending,17,10000,100000,7492,17491,0.044433594,unavailable,0,0,0,0,0,0,0,0,1,0,1
open_dense,41,timed,ascending,17,10000,100000,15916,25915,0.048095703,unavailable,0,0,0,0,0,0,0,0,1,0,1
open_dense,41,timed,ascending,17,10000,100000,18022,28021,0.044677734,unavailable,0,0,0,0,0,0,0,0,1,0,1
open_dense,41,timed,ascending,17,10000,100000,22234,32233,0.052490234,unavailable,0,0,0,0,0,0,0,0,2,0,1
open_dense,41,timed,ascending,17,10000,100000,24340,34339,0.044677734,unavailable,0,0,0,0,0,0,0,0,2,0,1
open_dense,41,timed,ascending,17,10000,100000,26446,36445,0.044677734,unavailable,0,0,0,0,0,0,0,0,2,0,1
open_dense,41,timed,ascending,17,10000,100000,28552,38551,0.046875,unavailable,0,0,0,0,0,0,0,0,2,0,1
open_dense,41,timed,ascending,17,10000,100000,31529,41528,0.054199219,unavailable,0,0,0,0,0,0,0,0,2,0,1
open_dense,41,timed,ascending,17,10000,100000,34698,44697,0.049804688,unavailable,0,0,0,0,0,0,0,0,2,0,1
open_dense,41,timed,ascending,17,10000,100000,34870,44869,0.047607422,unavailable,0,0,0,0,0,0,0,0,2,0,1
open_dense,41,timed,ascending,17,10000,100000,43294,53293,0.044677734,unavailable,0,0,0,0,0,0,0,0,2,0,1
open_dense,41,timed,ascending,17,10000,100000,49612,59611,0.044677734,unavailable,0,0,0,0,0,0,0,0,2,0,1
open_dense,41,timed,ascending,17,10000,100000,64354,74353,0.063720703,unavailable,0,0,0,0,0,0,0,0,3,0,1
open_dense,41,timed,ascending,17,10000,100000,66460,76459,0.110107422,unavailable,0,0,0,0,0,0,0,0,3,0,1
open_dense,41,timed,ascending,17,10000,100000,70570,80569,0.046142578,unavailable,0,0,0,0,0,0,0,0,3,0,1
open_dense,41,timed,ascending,17,10000,100000,74884,84883,0.044677734,unavailable,0,0,0,0,0,0,0,0,3,0,1
open_dense,41,timed,ascending,17,10000,100000,76990,86989,0.050292969,unavailable,0,0,0,0,0,0,0,0,3,0,1
open_dense,41,timed,ascending,17,10000,100000,79096,89095,0.059326172,unavailable,0,0,0,0,0,0,0,0,3,0,1
open_dense,41,timed,ascending,17,10000,100000,85414,95413,0.048339844,unavailable,0,0,0,0,0,0,0,0,3,0,1
open_dense,41,timed,ascending,17,10000,100000,87520,97519,0.070068359,unavailable,0,0,0,0,0,0,0,0,3,0,1
open_dense,41,timed,ascending,17,10000,100000,89626,99625,0.074462891,unavailable,0,0,0,0,0,0,0,0,4,0,1
open_dense,41,timed,ascending,17,10000,100000,95944,105943,0.067138672,unavailable,0,0,0,0,0,0,0,0,4,0,1
open_dense,41,timed,ascending,17,10000,100000,98050,108049,0.062011719,unavailable,0,0,0,0,0,0,0,0,4,0,1
open_dense,41,timed,ascending,17,10000,100000,99532,109531,0.198730469,unavailable,0,0,0,0,0,0,0,0,4,0,1
open_dense,41,diagnostic,ascending,17,10000,100000,1174,11173,0.075927734,direct,0,0,0,0,0,14,1,14,1,0,1
open_dense,41,diagnostic,ascending,17,10000,100000,7492,17491,0.072021484,direct,0,0,0,0,0,15,1,15,1,0,1
open_dense,41,diagnostic,ascending,17,10000,100000,9598,19597,0.082275391,direct,0,0,0,0,0,15,1,15,1,0,1
open_dense,41,diagnostic,ascending,17,10000,100000,11704,21703,0.081542969,direct,0,0,0,0,0,15,1,15,1,0,1
open_dense,41,diagnostic,ascending,17,10000,100000,12445,22444,0.144775391,direct,0,0,0,0,0,15,1,15,1,0,1
open_dense,41,diagnostic,ascending,17,10000,100000,12559,22558,0.139160156,direct,0,0,0,0,0,15,1,15,1,0,1
open_dense,41,diagnostic,ascending,17,10000,100000,13810,23809,0.096923828,direct,0,0,0,0,0,15,1,15,1,0,1
open_dense,41,diagnostic,ascending,17,10000,100000,13964,23963,0.099609375,direct,0,0,0,0,0,15,1,15,1,0,1
open_dense,41,diagnostic,ascending,17,10000,100000,20989,30988,0.104248047,direct,0,0,0,0,0,15,1,15,1,0,1
open_dense,41,diagnostic,ascending,17,10000,100000,22233,32232,0.095458984,direct,0,0,0,0,0,15,1,15,2,0,1
open_dense,41,diagnostic,ascending,17,10000,100000,22394,32393,0.097412109,direct,0,0,0,0,0,15,1,15,2,0,1
open_dense,41,diagnostic,ascending,17,10000,100000,22555,32554,0.093261719,direct,0,0,0,0,0,15,1,15,2,0,1
open_dense,41,diagnostic,ascending,17,10000,100000,24339,34338,0.071289062,direct,0,0,0,0,0,16,1,16,2,0,1
open_dense,41,diagnostic,ascending,17,10000,100000,25204,35203,0.099121094,direct,0,0,0,0,0,16,1,16,2,0,1
open_dense,41,diagnostic,ascending,17,10000,100000,29295,39294,0.102050781,direct,0,0,0,0,0,16,1,16,2,0,1
open_dense,41,diagnostic,ascending,17,10000,100000,29419,39418,0.105224609,direct,0,0,0,0,0,16,1,16,2,0,1
open_dense,41,diagnostic,ascending,17,10000,100000,32229,42228,0.078369141,direct,0,0,0,0,0,16,1,16,2,0,1
open_dense,41,diagnostic,ascending,17,10000,100000,34350,44349,0.071044922,direct,0,0,0,0,0,16,1,16,2,0,1
open_dense,41,diagnostic,ascending,17,10000,100000,47505,57504,0.159423828,direct,0,0,0,0,0,16,1,16,2,0,1
open_dense,41,diagnostic,ascending,17,10000,100000,47684,57683,0.08203125,direct,0,0,0,0,0,16,1,16,2,0,1
open_dense,41,diagnostic,ascending,17,10000,100000,47816,57815,0.097167969,direct,0,0,0,0,0,16,1,16,2,0,1
open_dense,41,diagnostic,ascending,17,10000,100000,49501,59500,0.072265625,direct,0,0,0,0,0,16,1,16,2,0,1
open_dense,41,diagnostic,ascending,17,10000,100000,78353,88352,0.076660156,direct,0,0,0,0,0,17,1,17,3,0,1
open_dense,41,diagnostic,ascending,17,10000,100000,82809,92808,0.104736328,direct,0,0,0,0,0,17,1,17,3,0,1
open_dense,41,diagnostic,ascending,17,10000,100000,86778,96777,0.092285156,direct,0,0,0,0,0,17,1,17,3,0,1
baseline,42,timed,descending,17,10000,100000,199,10198,0.044433594,unavailable,0,0,0,0,0,0,0,0,1,0,1
baseline,42,timed,descending,17,10000,100000,13810,23809,0.043701172,unavailable,0,0,0,0,0,0,0,0,1,0,1
baseline,42,timed,descending,17,10000,100000,15916,25915,0.043457031,unavailable,0,0,0,0,0,0,0,0,1,0,1
baseline,42,timed,descending,17,10000,100000,18022,28021,0.041015625,unavailable,0,0,0,0,0,0,0,0,1,0,1
baseline,42,timed,descending,17,10000,100000,22234,32233,0.041748047,unavailable,0,0,0,0,0,0,0,0,1,0,1
baseline,42,timed,descending,17,10000,100000,24340,34339,0.041015625,unavailable,0,0,0,0,0,0,0,0,1,0,1
baseline,42,timed,descending,17,10000,100000,26446,36445,0.042236328,unavailable,0,0,0,0,0,0,0,0,1,0,1
baseline,42,timed,descending,17,10000,100000,39082,49081,0.041015625,unavailable,0,0,0,0,0,0,0,0,1,0,1
baseline,42,timed,descending,17,10000,100000,43294,53293,0.047607422,unavailable,0,0,0,0,0,0,0,0,1,0,1
baseline,42,timed,descending,17,10000,100000,47506,57505,0.041748047,unavailable,0,0,0,0,0,0,0,0,1,0,1
baseline,42,timed,descending,17,10000,100000,49612,59611,0.044433594,unavailable,0,0,0,0,0,0,0,0,1,0,1
baseline,42,timed,descending,17,10000,100000,53824,63823,0.044921875,unavailable,0,0,0,0,0,0,0,0,1,0,1
baseline,42,timed,descending,17,10000,100000,55930,65929,0.044189453,unavailable,0,0,0,0,0,0,0,0,1,0,1
baseline,42,timed,descending,17,10000,100000,58036,68035,0.047119141,unavailable,0,0,0,0,0,0,0,0,1,0,1
baseline,42,timed,descending,17,10000,100000,64354,74353,0.044433594,unavailable,0,0,0,0,0,0,0,0,1,0,1
baseline,42,timed,descending,17,10000,100000,66460,76459,0.047363281,unavailable,0,0,0,0,0,0,0,0,1,0,1
baseline,42,timed,descending,17,10000,100000,68566,78565,0.045166016,unavailable,0,0,0,0,0,0,0,0,1,0,1
baseline,42,timed,descending,17,10000,100000,74884,84883,0.045898438,unavailable,0,0,0,0,0,0,0,0,1,0,1
baseline,42,timed,descending,17,10000,100000,79096,89095,0.041015625,unavailable,0,0,0,0,0,0,0,0,1,0,1
baseline,42,timed,descending,17,10000,100000,85135,95134,0.045898438,unavailable,0,0,0,0,0,0,0,0,1,0,1
baseline,42,timed,descending,17,10000,100000,85414,95413,0.066162109,unavailable,0,0,0,0,0,0,0,0,1,0,1
baseline,42,timed,descending,17,10000,100000,87520,97519,0.041015625,unavailable,0,0,0,0,0,0,0,0,1,0,1
baseline,42,timed,descending,17,10000,100000,95944,105943,0.056884766,unavailable,0,0,0,0,0,0,0,0,1,0,1
baseline,42,timed,descending,17,10000,100000,95955,105954,0.044189453,unavailable,0,0,0,0,0,0,0,0,1,0,1
baseline,42,timed,descending,17,10000,100000,98050,108049,0.060058594,unavailable,0,0,0,0,0,0,0,0,1,0,1
baseline,42,diagnostic,descending,17,10000,100000,11704,21703,0.057128906,direct,0,0,0,0,0,15,1,15,1,0,1
baseline,42,diagnostic,descending,17,10000,100000,12444,22443,0.055175781,direct,0,0,0,0,0,15,1,15,1,0,1
baseline,42,diagnostic,descending,17,10000,100000,12560,22559,0.052246094,direct,0,0,0,0,0,15,1,15,1,0,1
baseline,42,diagnostic,descending,17,10000,100000,13810,23809,0.061035156,direct,0,0,0,0,0,15,1,15,1,0,1
baseline,42,diagnostic,descending,17,10000,100000,14129,24128,0.091308594,direct,0,0,0,0,0,15,1,15,1,0,1
baseline,42,diagnostic,descending,17,10000,100000,15370,25369,0.064453125,direct,0,0,0,0,0,15,1,15,1,0,1
baseline,42,diagnostic,descending,17,10000,100000,15814,25813,0.087646484,direct,0,0,0,0,0,15,1,15,1,0,1
baseline,42,diagnostic,descending,17,10000,100000,15916,25915,0.086914062,direct,0,0,0,0,0,15,1,15,1,0,1
baseline,42,diagnostic,descending,17,10000,100000,20990,30989,0.064453125,direct,0,0,0,0,0,15,1,15,1,0,1
baseline,42,diagnostic,descending,17,10000,100000,29294,39293,0.058837891,direct,0,0,0,0,0,16,1,16,1,0,1
baseline,42,diagnostic,descending,17,10000,100000,32664,42663,0.053222656,direct,0,0,0,0,0,16,1,16,1,0,1
baseline,42,diagnostic,descending,17,10000,100000,34870,44869,0.058349609,direct,0,0,0,0,0,16,1,16,1,0,1
baseline,42,diagnostic,descending,17,10000,100000,35902,45901,0.055175781,direct,0,0,0,0,0,16,1,16,1,0,1
baseline,42,diagnostic,descending,17,10000,100000,36034,46033,0.057373047,direct,0,0,0,0,0,16,1,16,1,0,1
baseline,42,diagnostic,descending,17,10000,100000,36976,46975,0.052734375,direct,0,0,0,0,0,16,1,16,1,0,1
baseline,42,diagnostic,descending,17,10000,100000,37706,47705,0.052246094,direct,0,0,0,0,0,16,1,16,1,0,1
baseline,42,diagnostic,descending,17,10000,100000,43294,53293,0.079345703,direct,0,0,0,0,0,16,1,16,1,0,1
baseline,42,diagnostic,descending,17,10000,100000,43470,53469,0.065917969,direct,0,0,0,0,0,16,1,16,1,0,1
baseline,42,diagnostic,descending,17,10000,100000,55945,65944,0.081542969,direct,0,0,0,0,0,17,1,17,1,0,1
baseline,42,diagnostic,descending,17,10000,100000,63194,73193,0.053710938,direct,0,0,0,0,0,17,1,17,1,0,1
baseline,42,diagnostic,descending,17,10000,100000,64354,74353,0.053466797,direct,0,0,0,0,0,17,1,17,1,0,1
baseline,42,diagnostic,descending,17,10000,100000,64665,74664,0.072265625,direct,0,0,0,0,0,17,1,17,1,0,1
baseline,42,diagnostic,descending,17,10000,100000,65162,75161,0.234863281,direct,0,0,0,0,0,17,1,17,1,0,1
baseline,42,diagnostic,descending,17,10000,100000,90702,100701,0.053955078,direct,0,0,0,0,0,17,1,17,1,0,1
baseline,42,diagnostic,descending,17,10000,100000,94050,104049,0.166748047,direct,0,0,0,0,0,17,1,17,1,0,1
open_dense,42,timed,descending,17,10000,100000,5386,15385,0.042724609,unavailable,0,0,0,0,0,0,0,0,1,0,1
open_dense,42,timed,descending,17,10000,100000,9598,19597,0.047851562,unavailable,0,0,0,0,0,0,0,0,1,0,1
open_dense,42,timed,descending,17,10000,100000,22234,32233,0.041992188,unavailable,0,0,0,0,0,0,0,0,1,0,1
open_dense,42,timed,descending,17,10000,100000,24340,34339,0.044433594,unavailable,0,0,0,0,0,0,0,0,1,0,1
open_dense,42,timed,descending,17,10000,100000,24755,34754,0.232177734,unavailable,0,0,0,0,0,0,0,0,1,0,1
open_dense,42,timed,descending,17,10000,100000,26738,36737,0.047851562,unavailable,0,0,0,0,0,0,0,0,1,0,1
open_dense,42,timed,descending,17,10000,100000,28552,38551,0.043701172,unavailable,0,0,0,0,0,0,0,0,1,0,1
open_dense,42,timed,descending,17,10000,100000,31481,41480,0.077880859,unavailable,0,0,0,0,0,0,0,0,1,0,1
open_dense,42,timed,descending,17,10000,100000,32764,42763,0.060302734,unavailable,0,0,0,0,0,0,0,0,1,0,1
open_dense,42,timed,descending,17,10000,100000,34369,44368,0.040771484,unavailable,0,0,0,0,0,0,0,0,1,0,1
open_dense,42,timed,descending,17,10000,100000,34870,44869,0.053955078,unavailable,0,0,0,0,0,0,0,0,1,0,1
open_dense,42,timed,descending,17,10000,100000,36976,46975,0.041503906,unavailable,0,0,0,0,0,0,0,0,1,0,1
open_dense,42,timed,descending,17,10000,100000,42397,52396,1.033203125,unavailable,0,0,0,0,0,0,0,0,1,0,1
open_dense,42,timed,descending,17,10000,100000,43294,53293,0.048095703,unavailable,0,0,0,0,0,0,0,0,1,0,1
open_dense,42,timed,descending,17,10000,100000,47506,57505,0.040771484,unavailable,0,0,0,0,0,0,0,0,1,0,1
open_dense,42,timed,descending,17,10000,100000,58036,68035,0.041992188,unavailable,0,0,0,0,0,0,0,0,1,0,1
open_dense,42,timed,descending,17,10000,100000,66460,76459,0.046875,unavailable,0,0,0,0,0,0,0,0,1,0,1
open_dense,42,timed,descending,17,10000,100000,73114,83113,0.189208984,unavailable,0,0,0,0,0,0,0,0,1,0,1
open_dense,42,timed,descending,17,10000,100000,74884,84883,0.045410156,unavailable,0,0,0,0,0,0,0,0,1,0,1
open_dense,42,timed,descending,17,10000,100000,76575,86574,0.061035156,unavailable,0,0,0,0,0,0,0,0,1,0,1
open_dense,42,timed,descending,17,10000,100000,76990,86989,0.052978516,unavailable,0,0,0,0,0,0,0,0,1,0,1
open_dense,42,timed,descending,17,10000,100000,79096,89095,0.049072266,unavailable,0,0,0,0,0,0,0,0,1,0,1
open_dense,42,timed,descending,17,10000,100000,80770,90769,0.19140625,unavailable,0,0,0,0,0,0,0,0,1,0,1
open_dense,42,timed,descending,17,10000,100000,87520,97519,0.043945312,unavailable,0,0,0,0,0,0,0,0,1,0,1
open_dense,42,timed,descending,17,10000,100000,89626,99625,0.043701172,unavailable,0,0,0,0,0,0,0,0,1,0,1
open_dense,42,diagnostic,descending,17,10000,100000,2347,12346,0.074707031,direct,0,0,0,0,0,14,1,14,1,0,1
open_dense,42,diagnostic,descending,17,10000,100000,14130,24129,0.064697266,direct,0,0,0,0,0,15,1,15,1,0,1
open_dense,42,diagnostic,descending,17,10000,100000,20325,30324,0.061279297,direct,0,0,0,0,0,15,1,15,1,0,1
open_dense,42,diagnostic,descending,17,10000,100000,56086,66085,0.178955078,direct,0,0,0,0,0,17,1,17,1,0,1
open_dense,42,diagnostic,descending,17,10000,100000,56114,66113,0.0546875,direct,0,0,0,0,0,17,1,17,1,0,1
open_dense,42,diagnostic,descending,17,10000,100000,56241,66240,0.058349609,direct,0,0,0,0,0,17,1,17,1,0,1
open_dense,42,diagnostic,descending,17,10000,100000,58036,68035,0.053466797,direct,0,0,0,0,0,17,1,17,1,0,1
open_dense,42,diagnostic,descending,17,10000,100000,58924,68923,0.067871094,direct,0,0,0,0,0,17,1,17,1,0,1
open_dense,42,diagnostic,descending,17,10000,100000,63139,73138,0.074707031,direct,0,0,0,0,0,17,1,17,1,0,1
open_dense,42,diagnostic,descending,17,10000,100000,64354,74353,0.070800781,direct,0,0,0,0,0,17,1,17,1,0,1
open_dense,42,diagnostic,descending,17,10000,100000,64544,74543,0.096679688,direct,0,0,0,0,0,17,1,17,1,0,1
open_dense,42,diagnostic,descending,17,10000,100000,64666,74665,0.077880859,direct,0,0,0,0,0,17,1,17,1,0,1
open_dense,42,diagnostic,descending,17,10000,100000,65949,75948,0.093017578,direct,0,0,0,0,0,17,1,17,1,0,1
open_dense,42,diagnostic,descending,17,10000,100000,66351,76350,0.091064453,direct,0,0,0,0,0,17,1,17,1,0,1
open_dense,42,diagnostic,descending,17,10000,100000,67354,77353,0.152099609,direct,0,0,0,0,0,17,1,17,1,0,1
open_dense,42,diagnostic,descending,17,10000,100000,68036,78035,0.067871094,direct,0,0,0,0,0,17,1,17,1,0,1
open_dense,42,diagnostic,descending,17,10000,100000,68566,78565,0.058105469,direct,0,0,0,0,0,17,1,17,1,0,1
open_dense,42,diagnostic,descending,17,10000,100000,68759,78758,0.064697266,direct,0,0,0,0,0,17,1,17,1,0,1
open_dense,42,diagnostic,descending,17,10000,100000,72974,82973,0.074462891,direct,0,0,0,0,0,17,1,17,1,0,1
open_dense,42,diagnostic,descending,17,10000,100000,73091,83090,0.061767578,direct,0,0,0,0,0,17,1,17,1,0,1
open_dense,42,diagnostic,descending,17,10000,100000,73960,83959,0.125976562,direct,0,0,0,0,0,17,1,17,1,0,1
open_dense,42,diagnostic,descending,17,10000,100000,95944,105943,0.063476562,direct,0,0,0,0,0,17,1,17,1,0,1
open_dense,42,diagnostic,descending,17,10000,100000,96681,106680,0.087890625,direct,0,0,0,0,0,17,1,17,1,0,1
open_dense,42,diagnostic,descending,17,10000,100000,96859,106858,0.056152344,direct,0,0,0,0,0,17,1,17,1,0,1
open_dense,42,diagnostic,descending,17,10000,100000,98050,108049,0.051513672,direct,0,0,0,0,0,17,1,17,1,0,1
baseline,43,timed,random,17,10000,100000,438,10437,0.056884766,unavailable,0,0,0,0,0,0,0,0,3,0,1
baseline,43,timed,random,17,10000,100000,4650,14649,0.050292969,unavailable,0,0,0,0,0,0,0,0,2,0,1
baseline,43,timed,random,17,10000,100000,6756,16755,0.062988281,unavailable,0,0,0,0,0,0,0,0,2,0,1
baseline,43,timed,random,17,10000,100000,8862,18861,0.059082031,unavailable,0,0,0,0,0,0,0,0,3,0,1
baseline,43,timed,random,17,10000,100000,13074,23073,0.059570312,unavailable,0,0,0,0,0,0,0,0,3,0,1
baseline,43,timed,random,17,10000,100000,15180,25179,0.057128906,unavailable,0,0,0,0,0,0,0,0,3,0,1
baseline,43,timed,random,17,10000,100000,17286,27285,0.061279297,unavailable,0,0,0,0,0,0,0,0,3,0,1
baseline,43,timed,random,17,10000,100000,19392,29391,0.050537109,unavailable,0,0,0,0,0,0,0,0,3,0,1
baseline,43,timed,random,17,10000,100000,21498,31497,0.052734375,unavailable,0,0,0,0,0,0,0,0,2,0,1
baseline,43,timed,random,17,10000,100000,23604,33603,0.060546875,unavailable,0,0,0,0,0,0,0,0,3,0,1
baseline,43,timed,random,17,10000,100000,25710,35709,0.058105469,unavailable,0,0,0,0,0,0,0,0,3,0,1
baseline,43,timed,random,17,10000,100000,27816,37815,0.059570312,unavailable,0,0,0,0,0,0,0,0,2,0,1
baseline,43,timed,random,17,10000,100000,29922,39921,0.065429688,unavailable,0,0,0,0,0,0,0,0,2,0,1
baseline,43,timed,random,17,10000,100000,34134,44133,0.059814453,unavailable,0,0,0,0,0,0,0,0,3,0,1
baseline,43,timed,random,17,10000,100000,36240,46239,0.061035156,unavailable,0,0,0,0,0,0,0,0,3,0,1
baseline,43,timed,random,17,10000,100000,38346,48345,0.062011719,unavailable,0,0,0,0,0,0,0,0,3,0,1
baseline,43,timed,random,17,10000,100000,44664,54663,0.113525391,unavailable,0,0,0,0,0,0,0,0,3,0,1
baseline,43,timed,random,17,10000,100000,46770,56769,0.058105469,unavailable,0,0,0,0,0,0,0,0,3,0,1
baseline,43,timed,random,17,10000,100000,48876,58875,0.05859375,unavailable,0,0,0,0,0,0,0,0,3,0,1
baseline,43,timed,random,17,10000,100000,53088,63087,0.059814453,unavailable,0,0,0,0,0,0,0,0,2,0,1
baseline,43,timed,random,17,10000,100000,55194,65193,0.059814453,unavailable,0,0,0,0,0,0,0,0,3,0,1
baseline,43,timed,random,17,10000,100000,57300,67299,0.060058594,unavailable,0,0,0,0,0,0,0,0,2,0,1
baseline,43,timed,random,17,10000,100000,59406,69405,0.0625,unavailable,0,0,0,0,0,0,0,0,3,0,1
baseline,43,timed,random,17,10000,100000,63710,73709,0.100341797,unavailable,0,0,0,0,0,0,0,0,3,0,1
baseline,43,timed,random,17,10000,100000,86784,96783,0.051025391,unavailable,0,0,0,0,0,0,0,0,3,0,1
baseline,43,diagnostic,random,17,10000,100000,25207,35206,0.052978516,direct,0,0,0,0,0,16,2,16,3,0,1
baseline,43,diagnostic,random,17,10000,100000,25967,35966,0.057861328,direct,0,0,0,0,0,17,2,17,3,0,1
baseline,43,diagnostic,random,17,10000,100000,26952,36951,0.052490234,direct,0,0,0,0,0,16,1,16,3,0,1
baseline,43,diagnostic,random,17,10000,100000,47626,57625,0.106445312,direct,0,0,0,0,0,15,0,15,3,0,1
baseline,43,diagnostic,random,17,10000,100000,47686,57685,0.161376953,direct,0,0,0,0,0,17,1,17,3,0,1
baseline,43,diagnostic,random,17,10000,100000,48605,58604,0.111816406,direct,0,0,0,0,0,16,1,16,3,0,1
baseline,43,diagnostic,random,17,10000,100000,49091,59090,0.073730469,direct,0,0,0,0,0,17,2,17,3,0,1
baseline,43,diagnostic,random,17,10000,100000,49580,59579,0.08203125,direct,0,0,0,0,0,16,1,16,3,0,1
baseline,43,diagnostic,random,17,10000,100000,52521,62520,0.059326172,direct,0,0,0,0,0,17,2,17,3,0,1
baseline,43,diagnostic,random,17,10000,100000,53504,63503,0.063476562,direct,0,0,0,0,0,16,0,16,3,0,1
baseline,43,diagnostic,random,17,10000,100000,54493,64492,0.071777344,direct,0,0,0,0,0,16,1,16,2,0,1
baseline,43,diagnostic,random,17,10000,100000,54711,64710,0.072998047,direct,0,0,0,0,0,17,0,17,3,0,1
baseline,43,diagnostic,random,17,10000,100000,55482,65481,0.055908203,direct,0,0,0,0,0,17,0,17,3,0,1
baseline,43,diagnostic,random,17,10000,100000,56116,66115,0.073974609,direct,0,0,0,0,0,16,1,16,3,0,1
baseline,43,diagnostic,random,17,10000,100000,56469,66468,0.078369141,direct,0,0,0,0,0,15,1,15,3,0,1
baseline,43,diagnostic,random,17,10000,100000,57521,67520,0.062255859,direct,0,0,0,0,0,16,2,16,2,0,1
baseline,43,diagnostic,random,17,10000,100000,58438,68437,0.065917969,direct,0,0,0,0,0,16,1,16,3,0,1
baseline,43,diagnostic,random,17,10000,100000,59409,69408,0.064941406,direct,0,0,0,0,0,17,0,17,3,0,1
baseline,43,diagnostic,random,17,10000,100000,61736,71735,0.056396484,direct,0,0,0,0,0,18,1,18,2,0,1
baseline,43,diagnostic,random,17,10000,100000,62381,72380,0.055664062,direct,0,0,0,0,0,17,2,17,3,0,1
baseline,43,diagnostic,random,17,10000,100000,64342,74341,0.061279297,direct,0,0,0,0,0,16,1,16,3,0,1
baseline,43,diagnostic,random,17,10000,100000,65215,75214,0.012939453,local,8,8,1,0,9,17,0,17,3,0,2
baseline,43,diagnostic,random,17,10000,100000,65951,75950,0.060058594,direct,0,0,0,0,0,16,2,16,3,0,1
baseline,43,diagnostic,random,17,10000,100000,67356,77355,0.056152344,direct,0,0,0,0,0,16,2,16,3,0,1
baseline,43,diagnostic,random,17,10000,100000,73156,83155,0.050537109,direct,0,0,0,0,0,16,0,16,3,0,1
baseline,43,diagnostic,random,17,10000,100000,75460,85459,0.012207031,local,8,8,1,0,9,19,2,19,2,0,2
baseline,43,diagnostic,random,17,10000,100000,78670,88669,0.010253906,local,8,8,1,0,9,19,2,19,2,0,2
baseline,43,diagnostic,random,17,10000,100000,84216,94215,0.091308594,direct,0,0,0,0,0,17,0,17,3,0,1
baseline,43,diagnostic,random,17,10000,100000,84334,94333,0.008544922,local,8,8,1,0,9,18,2,18,3,0,2
baseline,43,diagnostic,random,17,10000,100000,90391,100390,0.012695312,local,8,8,1,0,9,16,2,16,3,0,2
baseline,43,diagnostic,random,17,10000,100000,92260,102259,0.010986328,local,8,8,1,0,9,17,0,17,4,0,2
baseline,43,diagnostic,random,17,10000,100000,93527,103526,0.009765625,local,8,8,1,0,9,15,0,15,3,0,2
baseline,43,diagnostic,random,17,10000,100000,94367,104366,0.01953125,local,16,24,1,1,26,16,0,16,3,0,2
open_dense,43,timed,random,17,10000,100000,2104,12103,0.252929688,unavailable,0,0,0,0,0,0,0,0,2,0,1
open_dense,43,timed,random,17,10000,100000,4750,14749,0.348876953,unavailable,0,0,0,0,0,0,0,0,2,0,1
open_dense,43,timed,random,17,10000,100000,6699,16698,0.315917969,unavailable,0,0,0,0,0,0,0,0,2,0,1
open_dense,43,timed,random,17,10000,100000,7350,17349,0.434082031,unavailable,0,0,0,0,0,0,0,0,1,0,1
open_dense,43,timed,random,17,10000,100000,8136,18135,4.192138672,unavailable,0,0,0,0,0,0,0,0,4,0,1
open_dense,43,timed,random,17,10000,100000,9274,19273,3.819335938,unavailable,0,0,0,0,0,0,0,0,2,0,1
open_dense,43,timed,random,17,10000,100000,16525,26524,0.599853516,unavailable,0,0,0,0,0,0,0,0,2,0,1
open_dense,43,timed,random,17,10000,100000,17178,27177,0.543701172,unavailable,0,0,0,0,0,0,0,0,2,0,1
open_dense,43,timed,random,17,10000,100000,17560,27559,1.118164062,unavailable,0,0,0,0,0,0,0,0,2,0,1
open_dense,43,timed,random,17,10000,100000,17622,27621,0.518066406,unavailable,0,0,0,0,0,0,0,0,2,0,1
open_dense,43,timed,random,17,10000,100000,19370,29369,2.228271484,unavailable,0,0,0,0,0,0,0,0,2,0,1
open_dense,43,timed,random,17,10000,100000,21292,31291,1.021240234,unavailable,0,0,0,0,0,0,0,0,2,0,1
open_dense,43,timed,random,17,10000,100000,24462,34461,0.570556641,unavailable,0,0,0,0,0,0,0,0,2,0,1
open_dense,43,timed,random,17,10000,100000,24507,34506,9.894287109,unavailable,0,0,0,0,0,0,0,0,2,0,1
open_dense,43,timed,random,17,10000,100000,34240,44239,0.166748047,unavailable,0,0,0,0,0,0,0,0,4,0,1
open_dense,43,timed,random,17,10000,100000,37136,47135,0.311035156,unavailable,0,0,0,0,0,0,0,0,4,0,1
open_dense,43,timed,random,17,10000,100000,39507,49506,9.047119141,unavailable,0,0,0,0,0,0,0,0,4,0,1
open_dense,43,timed,random,17,10000,100000,46936,56935,0.282714844,unavailable,0,0,0,0,0,0,0,0,2,0,1
open_dense,43,timed,random,17,10000,100000,57183,67182,0.354736328,unavailable,0,0,0,0,0,0,0,0,2,0,1
open_dense,43,timed,random,17,10000,100000,58665,68664,0.317382812,unavailable,0,0,0,0,0,0,0,0,2,0,1
open_dense,43,timed,random,17,10000,100000,65451,75450,0.198242188,unavailable,0,0,0,0,0,0,0,0,2,0,1
open_dense,43,timed,random,17,10000,100000,65940,75939,23.791015625,unavailable,0,0,0,0,0,0,0,0,2,0,1
open_dense,43,timed,random,17,10000,100000,70771,80770,25.25,unavailable,0,0,0,0,0,0,0,0,2,0,1
open_dense,43,timed,random,17,10000,100000,75313,85312,70.751464844,unavailable,0,0,0,0,0,0,0,0,2,0,1
open_dense,43,timed,random,17,10000,100000,80592,90591,0.431152344,unavailable,0,0,0,0,0,0,0,0,2,0,1
open_dense,43,diagnostic,random,17,10000,100000,2104,12103,0.397705078,large,512,1016,1,6,1023,13,0,13,2,0,2
open_dense,43,diagnostic,random,17,10000,100000,3837,13836,0.447998047,large,256,504,1,5,510,14,0,14,2,0,3
open_dense,43,diagnostic,random,17,10000,100000,4750,14749,0.664794922,large,512,1016,1,6,1023,15,1,15,2,0,3
open_dense,43,diagnostic,random,17,10000,100000,5637,15636,0.557128906,large,256,504,1,5,510,14,0,14,2,0,3
open_dense,43,diagnostic,random,17,10000,100000,6699,16698,1.001220703,large,512,1016,1,6,1023,14,1,14,2,0,3
open_dense,43,diagnostic,random,17,10000,100000,7221,17220,0.443359375,large,256,504,1,5,510,14,0,14,2,0,1
open_dense,43,diagnostic,random,17,10000,100000,7350,17349,1.637695312,large,1024,2040,1,7,2048,14,0,14,1,0,3
open_dense,43,diagnostic,random,17,10000,100000,8136,18135,8.776855469,large,8192,16376,1,10,16387,14,1,14,4,0,3
open_dense,43,diagnostic,random,17,10000,100000,9274,19273,7.637939453,large,8192,16376,1,10,16387,14,2,14,2,0,3
open_dense,43,diagnostic,random,17,10000,100000,16525,26524,1.333984375,large,1024,2040,1,7,2048,15,0,15,2,0,3
open_dense,43,diagnostic,random,17,10000,100000,17178,27177,3.806152344,large,1024,2040,1,7,2048,14,0,14,2,0,3
open_dense,43,diagnostic,random,17,10000,100000,17560,27559,3.169433594,large,2048,4088,1,8,4097,15,0,15,2,0,3
open_dense,43,diagnostic,random,17,10000,100000,17622,27621,0.749755859,large,1024,2040,1,7,2048,16,2,16,2,0,3
open_dense,43,diagnostic,random,17,10000,100000,19370,29369,4.033935547,large,4096,8184,1,9,8194,14,0,14,2,0,3
open_dense,43,diagnostic,random,17,10000,100000,21292,31291,2.571777344,large,2048,4088,1,8,4097,16,2,16,2,0,3
open_dense,43,diagnostic,random,17,10000,100000,24462,34461,1.08984375,large,1024,2040,1,7,2048,14,0,14,2,0,3
open_dense,43,diagnostic,random,17,10000,100000,24507,34506,17.460693359,large,16384,32760,1,11,32772,16,1,16,2,0,3
open_dense,43,diagnostic,random,17,10000,100000,37136,47135,0.471191406,large,512,1016,1,6,1023,16,0,16,4,0,3
open_dense,43,diagnostic,random,17,10000,100000,39507,49506,13.727050781,large,16384,32760,1,11,32772,16,2,16,4,0,3
open_dense,43,diagnostic,random,17,10000,100000,46936,56935,0.411621094,large,512,1016,1,6,1023,17,1,17,2,0,3
open_dense,43,diagnostic,random,17,10000,100000,57183,67182,0.429199219,large,512,1016,1,6,1023,17,0,17,2,0,3
open_dense,43,diagnostic,random,17,10000,100000,58665,68664,0.390380859,large,512,1016,1,6,1023,16,2,16,2,0,2
open_dense,43,diagnostic,random,17,10000,100000,65940,75939,31.953369141,large,32768,65528,1,12,65541,15,0,15,2,0,3
open_dense,43,diagnostic,random,17,10000,100000,70771,80770,31.254882812,large,32768,65528,1,12,65541,17,0,17,2,0,3
open_dense,43,diagnostic,random,17,10000,100000,75313,85312,63.702636719,large,65536,131064,1,13,131078,19,2,19,2,0,3
open_dense,43,diagnostic,random,17,10000,100000,76458,86457,1.176269531,direct,0,0,0,0,0,15,0,15,3,0,1
open_dense,43,diagnostic,random,17,10000,100000,80592,90591,0.497802734,large,512,1016,1,6,1023,16,0,16,2,0,3
baseline,44,timed,equal,17,10000,100000,1174,11173,0.041992188,unavailable,0,0,0,0,0,0,0,0,1,0,1
baseline,44,timed,equal,17,10000,100000,7492,17491,0.04296875,unavailable,0,0,0,0,0,0,0,0,1,0,1
baseline,44,timed,equal,17,10000,100000,8599,18598,0.046142578,unavailable,0,0,0,0,0,0,0,0,1,0,1
baseline,44,timed,equal,17,10000,100000,18022,28021,0.041015625,unavailable,0,0,0,0,0,0,0,0,1,0,1
baseline,44,timed,equal,17,10000,100000,22234,32233,0.041503906,unavailable,0,0,0,0,0,0,0,0,2,0,1
baseline,44,timed,equal,17,10000,100000,28591,38590,0.069580078,unavailable,0,0,0,0,0,0,0,0,2,0,1
baseline,44,timed,equal,17,10000,100000,32764,42763,0.041015625,unavailable,0,0,0,0,0,0,0,0,2,0,1
baseline,44,timed,equal,17,10000,100000,34870,44869,0.041992188,unavailable,0,0,0,0,0,0,0,0,2,0,1
baseline,44,timed,equal,17,10000,100000,36976,46975,0.043945312,unavailable,0,0,0,0,0,0,0,0,2,0,1
baseline,44,timed,equal,17,10000,100000,39082,49081,0.041015625,unavailable,0,0,0,0,0,0,0,0,2,0,1
baseline,44,timed,equal,17,10000,100000,43294,53293,0.04296875,unavailable,0,0,0,0,0,0,0,0,2,0,1
baseline,44,timed,equal,17,10000,100000,45400,55399,0.051757812,unavailable,0,0,0,0,0,0,0,0,2,0,1
baseline,44,timed,equal,17,10000,100000,47506,57505,0.042480469,unavailable,0,0,0,0,0,0,0,0,2,0,1
baseline,44,timed,equal,17,10000,100000,49612,59611,0.045898438,unavailable,0,0,0,0,0,0,0,0,2,0,1
baseline,44,timed,equal,17,10000,100000,58036,68035,0.043212891,unavailable,0,0,0,0,0,0,0,0,3,0,1
baseline,44,timed,equal,17,10000,100000,66460,76459,0.040771484,unavailable,0,0,0,0,0,0,0,0,3,0,1
baseline,44,timed,equal,17,10000,100000,68566,78565,0.054199219,unavailable,0,0,0,0,0,0,0,0,3,0,1
baseline,44,timed,equal,17,10000,100000,74884,84883,0.051513672,unavailable,0,0,0,0,0,0,0,0,3,0,1
baseline,44,timed,equal,17,10000,100000,76990,86989,0.041015625,unavailable,0,0,0,0,0,0,0,0,3,0,1
baseline,44,timed,equal,17,10000,100000,79096,89095,0.043457031,unavailable,0,0,0,0,0,0,0,0,3,0,1
baseline,44,timed,equal,17,10000,100000,85414,95413,0.041992188,unavailable,0,0,0,0,0,0,0,0,3,0,1
baseline,44,timed,equal,17,10000,100000,87520,97519,0.047363281,unavailable,0,0,0,0,0,0,0,0,3,0,1
baseline,44,timed,equal,17,10000,100000,95938,105937,0.092041016,unavailable,0,0,0,0,0,0,0,0,4,0,1
baseline,44,timed,equal,17,10000,100000,95944,105943,0.087158203,unavailable,0,0,0,0,0,0,0,0,4,0,1
baseline,44,timed,equal,17,10000,100000,98050,108049,0.069580078,unavailable,0,0,0,0,0,0,0,0,4,0,1
baseline,44,diagnostic,equal,17,10000,100000,8346,18345,0.042724609,direct,0,0,0,0,0,15,1,15,1,0,1
baseline,44,diagnostic,equal,17,10000,100000,28015,38014,0.043701172,direct,0,0,0,0,0,16,1,16,2,0,1
baseline,44,diagnostic,equal,17,10000,100000,55546,65545,0.045410156,direct,0,0,0,0,0,17,1,17,3,0,1
baseline,44,diagnostic,equal,17,10000,100000,55605,65604,0.044677734,direct,0,0,0,0,0,17,1,17,3,0,1
baseline,44,diagnostic,equal,17,10000,100000,56115,66114,0.044433594,direct,0,0,0,0,0,17,1,17,3,0,1
baseline,44,diagnostic,equal,17,10000,100000,56448,66447,0.042480469,direct,0,0,0,0,0,17,1,17,3,0,1
baseline,44,diagnostic,equal,17,10000,100000,57290,67289,0.042724609,direct,0,0,0,0,0,17,1,17,3,0,1
baseline,44,diagnostic,equal,17,10000,100000,63140,73139,0.042724609,direct,0,0,0,0,0,17,1,17,3,0,1
baseline,44,diagnostic,equal,17,10000,100000,63772,73771,0.060546875,direct,0,0,0,0,0,17,1,17,3,0,1
baseline,44,diagnostic,equal,17,10000,100000,64030,74029,0.069824219,direct,0,0,0,0,0,17,1,17,3,0,1
baseline,44,diagnostic,equal,17,10000,100000,64545,74544,0.060791016,direct,0,0,0,0,0,17,1,17,3,0,1
baseline,44,diagnostic,equal,17,10000,100000,64873,74872,0.050537109,direct,0,0,0,0,0,17,1,17,3,0,1
baseline,44,diagnostic,equal,17,10000,100000,65715,75714,0.057861328,direct,0,0,0,0,0,17,1,17,3,0,1
baseline,44,diagnostic,equal,17,10000,100000,67355,77354,0.049560547,direct,0,0,0,0,0,17,1,17,3,0,1
baseline,44,diagnostic,equal,17,10000,100000,68243,78242,0.044189453,direct,0,0,0,0,0,17,1,17,3,0,1
baseline,44,diagnostic,equal,17,10000,100000,69928,79927,0.041992188,direct,0,0,0,0,0,17,1,17,3,0,1
baseline,44,diagnostic,equal,17,10000,100000,75785,85784,0.045166016,direct,0,0,0,0,0,17,1,17,3,0,1
baseline,44,diagnostic,equal,17,10000,100000,76668,86667,0.041992188,direct,0,0,0,0,0,17,1,17,3,0,1
baseline,44,diagnostic,equal,17,10000,100000,77510,87509,0.053955078,direct,0,0,0,0,0,17,1,17,3,0,1
baseline,44,diagnostic,equal,17,10000,100000,78595,88594,0.091552734,direct,0,0,0,0,0,17,1,17,3,0,1
baseline,44,diagnostic,equal,17,10000,100000,83058,93057,0.041748047,direct,0,0,0,0,0,17,1,17,3,0,1
baseline,44,diagnostic,equal,17,10000,100000,85093,95092,0.042480469,direct,0,0,0,0,0,17,1,17,3,0,1
baseline,44,diagnostic,equal,17,10000,100000,93518,103517,0.047363281,direct,0,0,0,0,0,17,1,17,4,0,1
baseline,44,diagnostic,equal,17,10000,100000,94050,104049,0.083740234,direct,0,0,0,0,0,17,1,17,4,0,1
baseline,44,diagnostic,equal,17,10000,100000,94361,104360,0.046630859,direct,0,0,0,0,0,17,1,17,4,0,1
open_dense,44,timed,equal,17,10000,100000,2935,12934,0.043457031,unavailable,0,0,0,0,0,0,0,0,1,0,1
open_dense,44,timed,equal,17,10000,100000,3280,13279,0.037841797,unavailable,0,0,0,0,0,0,0,0,1,0,1
open_dense,44,timed,equal,17,10000,100000,7492,17491,0.035644531,unavailable,0,0,0,0,0,0,0,0,1,0,1
open_dense,44,timed,equal,17,10000,100000,9598,19597,0.036132812,unavailable,0,0,0,0,0,0,0,0,1,0,1
open_dense,44,timed,equal,17,10000,100000,13810,23809,0.036132812,unavailable,0,0,0,0,0,0,0,0,1,0,1
open_dense,44,timed,equal,17,10000,100000,18022,28021,0.036621094,unavailable,0,0,0,0,0,0,0,0,1,0,1
open_dense,44,timed,equal,17,10000,100000,22234,32233,0.035644531,unavailable,0,0,0,0,0,0,0,0,2,0,1
open_dense,44,timed,equal,17,10000,100000,34870,44869,0.036865234,unavailable,0,0,0,0,0,0,0,0,2,0,1
open_dense,44,timed,equal,17,10000,100000,36976,46975,0.037841797,unavailable,0,0,0,0,0,0,0,0,2,0,1
open_dense,44,timed,equal,17,10000,100000,39082,49081,0.04296875,unavailable,0,0,0,0,0,0,0,0,2,0,1
open_dense,44,timed,equal,17,10000,100000,43294,53293,0.040771484,unavailable,0,0,0,0,0,0,0,0,2,0,1
open_dense,44,timed,equal,17,10000,100000,53824,63823,0.039550781,unavailable,0,0,0,0,0,0,0,0,2,0,1
open_dense,44,timed,equal,17,10000,100000,55930,65929,0.036865234,unavailable,0,0,0,0,0,0,0,0,3,0,1
open_dense,44,timed,equal,17,10000,100000,58036,68035,0.044189453,unavailable,0,0,0,0,0,0,0,0,3,0,1
open_dense,44,timed,equal,17,10000,100000,64354,74353,0.040283203,unavailable,0,0,0,0,0,0,0,0,3,0,1
open_dense,44,timed,equal,17,10000,100000,66460,76459,0.04296875,unavailable,0,0,0,0,0,0,0,0,3,0,1
open_dense,44,timed,equal,17,10000,100000,68566,78565,0.051269531,unavailable,0,0,0,0,0,0,0,0,3,0,1
open_dense,44,timed,equal,17,10000,100000,69939,79938,0.040283203,unavailable,0,0,0,0,0,0,0,0,3,0,1
open_dense,44,timed,equal,17,10000,100000,74884,84883,0.046386719,unavailable,0,0,0,0,0,0,0,0,3,0,1
open_dense,44,timed,equal,17,10000,100000,75717,85716,0.039794922,unavailable,0,0,0,0,0,0,0,0,3,0,1
open_dense,44,timed,equal,17,10000,100000,76990,86989,0.054443359,unavailable,0,0,0,0,0,0,0,0,3,0,1
open_dense,44,timed,equal,17,10000,100000,85414,95413,0.039550781,unavailable,0,0,0,0,0,0,0,0,3,0,1
open_dense,44,timed,equal,17,10000,100000,89626,99625,0.050537109,unavailable,0,0,0,0,0,0,0,0,4,0,1
open_dense,44,timed,equal,17,10000,100000,95944,105943,0.039550781,unavailable,0,0,0,0,0,0,0,0,4,0,1
open_dense,44,timed,equal,17,10000,100000,98050,108049,0.038330078,unavailable,0,0,0,0,0,0,0,0,4,0,1
open_dense,44,diagnostic,equal,17,10000,100000,1174,11173,0.059326172,direct,0,0,0,0,0,14,1,14,1,0,1
open_dense,44,diagnostic,equal,17,10000,100000,1320,11319,0.065429688,direct,0,0,0,0,0,14,1,14,1,0,1
open_dense,44,diagnostic,equal,17,10000,100000,6940,16939,0.05078125,direct,0,0,0,0,0,15,1,15,1,0,1
open_dense,44,diagnostic,equal,17,10000,100000,13810,23809,0.047119141,direct,0,0,0,0,0,15,1,15,1,0,1
open_dense,44,diagnostic,equal,17,10000,100000,13964,23963,0.056884766,direct,0,0,0,0,0,15,1,15,1,0,1
open_dense,44,diagnostic,equal,17,10000,100000,15369,25368,0.050048828,direct,0,0,0,0,0,15,1,15,1,0,1
open_dense,44,diagnostic,equal,17,10000,100000,15916,25915,0.052001953,direct,0,0,0,0,0,15,1,15,1,0,1
open_dense,44,diagnostic,equal,17,10000,100000,16774,26773,0.048339844,direct,0,0,0,0,0,15,1,15,1,0,1
open_dense,44,diagnostic,equal,17,10000,100000,18022,28021,0.050292969,direct,0,0,0,0,0,15,1,15,1,0,1
open_dense,44,diagnostic,equal,17,10000,100000,18179,28178,0.052978516,direct,0,0,0,0,0,15,1,15,1,0,1
open_dense,44,diagnostic,equal,17,10000,100000,20989,30988,0.047851562,direct,0,0,0,0,0,15,1,15,1,0,1
open_dense,44,diagnostic,equal,17,10000,100000,22233,32232,0.052001953,direct,0,0,0,0,0,15,1,15,2,0,1
open_dense,44,diagnostic,equal,17,10000,100000,26445,36444,0.052734375,direct,0,0,0,0,0,16,1,16,2,0,1
open_dense,44,diagnostic,equal,17,10000,100000,26609,36608,0.053466797,direct,0,0,0,0,0,16,1,16,2,0,1
open_dense,44,diagnostic,equal,17,10000,100000,44874,54873,0.051513672,direct,0,0,0,0,0,16,1,16,2,0,1
open_dense,44,diagnostic,equal,17,10000,100000,64031,74030,0.048828125,direct,0,0,0,0,0,17,1,17,3,0,1
open_dense,44,diagnostic,equal,17,10000,100000,68243,78242,0.047119141,direct,0,0,0,0,0,17,1,17,3,0,1
open_dense,44,diagnostic,equal,17,10000,100000,69086,79085,0.051757812,direct,0,0,0,0,0,17,1,17,3,0,1
open_dense,44,diagnostic,equal,17,10000,100000,72974,82973,0.046142578,direct,0,0,0,0,0,17,1,17,3,0,1
open_dense,44,diagnostic,equal,17,10000,100000,74141,84140,0.047363281,direct,0,0,0,0,0,17,1,17,3,0,1
open_dense,44,diagnostic,equal,17,10000,100000,75826,85825,0.052001953,direct,0,0,0,0,0,17,1,17,3,0,1
open_dense,44,diagnostic,equal,17,10000,100000,76668,86667,0.050048828,direct,0,0,0,0,0,17,1,17,3,0,1
open_dense,44,diagnostic,equal,17,10000,100000,77189,87188,0.049316406,direct,0,0,0,0,0,17,1,17,3,0,1
open_dense,44,diagnostic,equal,17,10000,100000,78594,88593,0.049804688,direct,0,0,0,0,0,17,1,17,3,0,1
open_dense,44,diagnostic,equal,17,10000,100000,85093,95092,0.055419922,direct,0,0,0,0,0,17,1,17,3,0,1
baseline,45,timed,duplicates,17,10000,100000,13303,23302,0.284179688,unavailable,0,0,0,0,0,0,0,0,1,0,1
baseline,45,timed,duplicates,17,10000,100000,16101,26100,0.260009766,unavailable,0,0,0,0,0,0,0,0,1,0,1
baseline,45,timed,duplicates,17,10000,100000,34641,44640,0.125976562,unavailable,0,0,0,0,0,0,0,0,1,0,1
baseline,45,timed,duplicates,17,10000,100000,36870,46869,0.128662109,unavailable,0,0,0,0,0,0,0,0,1,0,1
baseline,45,timed,duplicates,17,10000,100000,42146,52145,0.963378906,unavailable,0,0,0,0,0,0,0,0,1,0,1
baseline,45,timed,duplicates,17,10000,100000,43413,53412,2.688232422,unavailable,0,0,0,0,0,0,0,0,1,0,1
baseline,45,timed,duplicates,17,10000,100000,62386,72385,0.925537109,unavailable,0,0,0,0,0,0,0,0,1,0,1
baseline,45,timed,duplicates,17,10000,100000,64267,74266,4.59375,unavailable,0,0,0,0,0,0,0,0,1,0,1
baseline,45,timed,duplicates,17,10000,100000,65681,75680,1.145996094,unavailable,0,0,0,0,0,0,0,0,1,0,1
baseline,45,timed,duplicates,17,10000,100000,66384,76383,1.212402344,unavailable,0,0,0,0,0,0,0,0,1,0,1
baseline,45,timed,duplicates,17,10000,100000,66608,76607,1.169677734,unavailable,0,0,0,0,0,0,0,0,1,0,1
baseline,45,timed,duplicates,17,10000,100000,66983,76982,1.189453125,unavailable,0,0,0,0,0,0,0,0,1,0,1
baseline,45,timed,duplicates,17,10000,100000,68834,78833,0.142578125,unavailable,0,0,0,0,0,0,0,0,1,0,1
baseline,45,timed,duplicates,17,10000,100000,69340,79339,1.221435547,unavailable,0,0,0,0,0,0,0,0,1,0,1
baseline,45,timed,duplicates,17,10000,100000,70419,80418,0.966552734,unavailable,0,0,0,0,0,0,0,0,1,0,1
baseline,45,timed,duplicates,17,10000,100000,76042,86041,0.131347656,unavailable,0,0,0,0,0,0,0,0,1,0,1
baseline,45,timed,duplicates,17,10000,100000,81185,91184,0.128662109,unavailable,0,0,0,0,0,0,0,0,1,0,1
baseline,45,timed,duplicates,17,10000,100000,81639,91638,0.140380859,unavailable,0,0,0,0,0,0,0,0,1,0,1
baseline,45,timed,duplicates,17,10000,100000,81907,91906,0.130371094,unavailable,0,0,0,0,0,0,0,0,1,0,1
baseline,45,timed,duplicates,17,10000,100000,82118,92117,0.235107422,unavailable,0,0,0,0,0,0,0,0,1,0,1
baseline,45,timed,duplicates,17,10000,100000,82264,92263,0.134521484,unavailable,0,0,0,0,0,0,0,0,1,0,1
baseline,45,timed,duplicates,17,10000,100000,83356,93355,0.125,unavailable,0,0,0,0,0,0,0,0,1,0,1
baseline,45,timed,duplicates,17,10000,100000,87744,97743,0.127929688,unavailable,0,0,0,0,0,0,0,0,1,0,1
baseline,45,timed,duplicates,17,10000,100000,87913,97912,0.124267578,unavailable,0,0,0,0,0,0,0,0,1,0,1
baseline,45,timed,duplicates,17,10000,100000,89005,99004,0.128417969,unavailable,0,0,0,0,0,0,0,0,1,0,1
baseline,45,diagnostic,duplicates,17,10000,100000,13303,23302,0.294433594,large,512,1016,1,6,1023,16,1,16,1,0,3
baseline,45,diagnostic,duplicates,17,10000,100000,16101,26100,0.32421875,large,512,1016,1,6,1023,16,2,16,1,0,3
baseline,45,diagnostic,duplicates,17,10000,100000,22340,32339,0.175292969,large,256,504,1,5,510,14,1,14,1,0,3
baseline,45,diagnostic,duplicates,17,10000,100000,28798,38797,0.187988281,direct,0,0,0,0,0,15,2,15,2,0,1
baseline,45,diagnostic,duplicates,17,10000,100000,29357,39356,0.181884766,large,256,504,1,5,510,15,1,15,1,0,3
baseline,45,diagnostic,duplicates,17,10000,100000,42146,52145,1.073730469,large,2048,4088,1,8,4097,17,1,17,1,0,3
baseline,45,diagnostic,duplicates,17,10000,100000,43413,53412,2.116699219,large,4096,8184,1,9,8194,17,2,17,1,0,3
baseline,45,diagnostic,duplicates,17,10000,100000,62386,72385,1.402099609,large,2048,4088,1,8,4097,17,1,17,1,0,3
baseline,45,diagnostic,duplicates,17,10000,100000,64267,74266,5.675537109,large,8192,16376,1,10,16387,16,1,16,1,0,3
baseline,45,diagnostic,duplicates,17,10000,100000,65681,75680,1.445068359,large,2048,4088,1,8,4097,17,1,17,1,0,3
baseline,45,diagnostic,duplicates,17,10000,100000,66384,76383,1.385742188,large,2048,4088,1,8,4097,18,1,18,1,0,3
baseline,45,diagnostic,duplicates,17,10000,100000,66608,76607,1.469238281,large,2048,4088,1,8,4097,17,1,17,1,0,3
baseline,45,diagnostic,duplicates,17,10000,100000,66983,76982,1.416992188,large,2048,4088,1,8,4097,17,2,17,1,0,3
baseline,45,diagnostic,duplicates,17,10000,100000,68834,78833,0.157714844,large,256,504,1,5,510,17,1,17,1,0,2
baseline,45,diagnostic,duplicates,17,10000,100000,69340,79339,1.409179688,large,2048,4088,1,8,4097,17,1,17,1,0,3
baseline,45,diagnostic,duplicates,17,10000,100000,70419,80418,1.308837891,large,2048,4088,1,8,4097,17,1,17,1,0,3
baseline,45,diagnostic,duplicates,17,10000,100000,75304,85303,0.189697266,local,128,248,1,4,253,17,1,17,1,0,1
baseline,45,diagnostic,duplicates,17,10000,100000,76042,86041,0.159423828,large,256,504,1,5,510,17,2,17,1,0,2
baseline,45,diagnostic,duplicates,17,10000,100000,79546,89545,0.21875,local,8,8,1,0,9,17,1,17,2,0,1
baseline,45,diagnostic,duplicates,17,10000,100000,80763,90762,0.160888672,large,256,504,1,5,510,17,1,17,1,0,3
baseline,45,diagnostic,duplicates,17,10000,100000,81185,91184,0.170410156,large,256,504,1,5,510,16,1,16,1,0,3
baseline,45,diagnostic,duplicates,17,10000,100000,83356,93355,0.26953125,large,256,504,1,5,510,17,1,17,1,0,3
baseline,45,diagnostic,duplicates,17,10000,100000,84991,94990,0.203613281,direct,0,0,0,0,0,18,1,18,3,0,1
baseline,45,diagnostic,duplicates,17,10000,100000,87196,97195,0.156738281,large,256,504,1,5,510,17,1,17,1,0,2
baseline,45,diagnostic,duplicates,17,10000,100000,87744,97743,0.217529297,large,256,504,1,5,510,16,1,16,1,0,3
baseline,45,diagnostic,duplicates,17,10000,100000,89005,99004,0.205810547,large,256,504,1,5,510,17,2,17,1,0,3
baseline,45,diagnostic,duplicates,17,10000,100000,95161,105160,0.157470703,large,256,504,1,5,510,17,1,17,1,0,2
baseline,45,diagnostic,duplicates,17,10000,100000,97333,107332,0.204345703,large,256,504,1,5,510,17,1,17,1,0,3
baseline,45,diagnostic,duplicates,17,10000,100000,98606,108605,0.186035156,large,256,504,1,5,510,18,1,18,1,0,3
open_dense,45,timed,duplicates,17,10000,100000,135,10134,1.247802734,unavailable,0,0,0,0,0,0,0,0,1,0,1
open_dense,45,timed,duplicates,17,10000,100000,1006,11005,3.870605469,unavailable,0,0,0,0,0,0,0,0,2,0,1
open_dense,45,timed,duplicates,17,10000,100000,28274,38273,4.492919922,unavailable,0,0,0,0,0,0,0,0,1,0,1
open_dense,45,timed,duplicates,17,10000,100000,28594,38593,1.735351562,unavailable,0,0,0,0,0,0,0,0,1,0,1
open_dense,45,timed,duplicates,17,10000,100000,42489,52488,0.537841797,unavailable,0,0,0,0,0,0,0,0,2,0,1
open_dense,45,timed,duplicates,17,10000,100000,42563,52562,0.529541016,unavailable,0,0,0,0,0,0,0,0,2,0,1
open_dense,45,timed,duplicates,17,10000,100000,43055,53054,0.542480469,unavailable,0,0,0,0,0,0,0,0,2,0,1
open_dense,45,timed,duplicates,17,10000,100000,43315,53314,0.715576172,unavailable,0,0,0,0,0,0,0,0,2,0,1
open_dense,45,timed,duplicates,17,10000,100000,43326,53325,0.519775391,unavailable,0,0,0,0,0,0,0,0,2,0,1
open_dense,45,timed,duplicates,17,10000,100000,43359,53358,0.520263672,unavailable,0,0,0,0,0,0,0,0,2,0,1
open_dense,45,timed,duplicates,17,10000,100000,43498,53497,0.519042969,unavailable,0,0,0,0,0,0,0,0,2,0,1
open_dense,45,timed,duplicates,17,10000,100000,43744,53743,0.5234375,unavailable,0,0,0,0,0,0,0,0,2,0,1
open_dense,45,timed,duplicates,17,10000,100000,43749,53748,1.078125,unavailable,0,0,0,0,0,0,0,0,2,0,1
open_dense,45,timed,duplicates,17,10000,100000,43965,53964,0.517578125,unavailable,0,0,0,0,0,0,0,0,2,0,1
open_dense,45,timed,duplicates,17,10000,100000,43987,53986,0.590820312,unavailable,0,0,0,0,0,0,0,0,2,0,1
open_dense,45,timed,duplicates,17,10000,100000,44598,54597,0.520751953,unavailable,0,0,0,0,0,0,0,0,2,0,1
open_dense,45,timed,duplicates,17,10000,100000,44969,54968,0.563232422,unavailable,0,0,0,0,0,0,0,0,2,0,1
open_dense,45,timed,duplicates,17,10000,100000,45233,55232,0.517333984,unavailable,0,0,0,0,0,0,0,0,2,0,1
open_dense,45,timed,duplicates,17,10000,100000,45698,55697,0.623046875,unavailable,0,0,0,0,0,0,0,0,2,0,1
open_dense,45,timed,duplicates,17,10000,100000,49775,59774,1.080078125,unavailable,0,0,0,0,0,0,0,0,2,0,1
open_dense,45,timed,duplicates,17,10000,100000,50355,60354,1.106445312,unavailable,0,0,0,0,0,0,0,0,2,0,1
open_dense,45,timed,duplicates,17,10000,100000,53895,63894,0.558105469,unavailable,0,0,0,0,0,0,0,0,2,0,1
open_dense,45,timed,duplicates,17,10000,100000,54480,64479,0.570800781,unavailable,0,0,0,0,0,0,0,0,2,0,1
open_dense,45,timed,duplicates,17,10000,100000,54482,64481,0.553710938,unavailable,0,0,0,0,0,0,0,0,2,0,1
open_dense,45,timed,duplicates,17,10000,100000,54509,64508,38.061035156,unavailable,0,0,0,0,0,0,0,0,4,0,1
open_dense,45,diagnostic,duplicates,17,10000,100000,135,10134,1.194824219,large,2048,4088,1,8,4097,14,1,14,1,0,3
open_dense,45,diagnostic,duplicates,17,10000,100000,1006,11005,4.596191406,large,8192,16376,1,10,16387,15,1,15,2,0,3
open_dense,45,diagnostic,duplicates,17,10000,100000,28274,38273,5.634277344,large,8192,16376,1,10,16387,15,2,15,1,0,3
open_dense,45,diagnostic,duplicates,17,10000,100000,28594,38593,2.110351562,large,4096,8184,1,9,8194,16,1,16,1,0,3
open_dense,45,diagnostic,duplicates,17,10000,100000,42489,52488,0.748046875,large,1024,2040,1,7,2048,17,1,17,2,0,3
open_dense,45,diagnostic,duplicates,17,10000,100000,43315,53314,0.773681641,large,1024,2040,1,7,2048,17,1,17,2,0,3
open_dense,45,diagnostic,duplicates,17,10000,100000,43359,53358,0.784423828,large,1024,2040,1,7,2048,17,2,17,2,0,3
open_dense,45,diagnostic,duplicates,17,10000,100000,43498,53497,1.372070312,large,1024,2040,1,7,2048,17,1,17,2,0,3
open_dense,45,diagnostic,duplicates,17,10000,100000,43744,53743,1.220703125,large,1024,2040,1,7,2048,16,1,16,2,0,3
open_dense,45,diagnostic,duplicates,17,10000,100000,43749,53748,1.90625,large,2048,4088,1,8,4097,16,1,16,2,0,3
open_dense,45,diagnostic,duplicates,17,10000,100000,43965,53964,0.826660156,large,1024,2040,1,7,2048,17,1,17,2,0,3
open_dense,45,diagnostic,duplicates,17,10000,100000,43987,53986,0.831054688,large,1024,2040,1,7,2048,16,1,16,2,0,3
open_dense,45,diagnostic,duplicates,17,10000,100000,44113,54112,0.823730469,large,1024,2040,1,7,2048,17,1,17,2,0,3
open_dense,45,diagnostic,duplicates,17,10000,100000,44122,54121,0.796142578,large,1024,2040,1,7,2048,16,1,16,2,0,3
open_dense,45,diagnostic,duplicates,17,10000,100000,44598,54597,0.825195312,large,1024,2040,1,7,2048,16,1,16,2,0,3
open_dense,45,diagnostic,duplicates,17,10000,100000,44969,54968,0.842773438,large,1024,2040,1,7,2048,17,1,17,2,0,3
open_dense,45,diagnostic,duplicates,17,10000,100000,45233,55232,0.808105469,large,1024,2040,1,7,2048,17,1,17,2,0,3
open_dense,45,diagnostic,duplicates,17,10000,100000,45698,55697,0.811279297,large,1024,2040,1,7,2048,17,1,17,2,0,3
open_dense,45,diagnostic,duplicates,17,10000,100000,46270,56269,0.900878906,large,1024,2040,1,7,2048,16,1,16,2,0,3
open_dense,45,diagnostic,duplicates,17,10000,100000,49775,59774,1.766845703,large,2048,4088,1,8,4097,16,1,16,2,0,3
open_dense,45,diagnostic,duplicates,17,10000,100000,50355,60354,1.609375,large,2048,4088,1,8,4097,17,1,17,2,0,3
open_dense,45,diagnostic,duplicates,17,10000,100000,53895,63894,0.796875,large,1024,2040,1,7,2048,17,0,17,2,0,3
open_dense,45,diagnostic,duplicates,17,10000,100000,54480,64479,0.822509766,large,1024,2040,1,7,2048,17,1,17,2,0,3
open_dense,45,diagnostic,duplicates,17,10000,100000,54482,64481,0.753662109,large,1024,2040,1,7,2048,17,1,17,2,0,3
open_dense,45,diagnostic,duplicates,17,10000,100000,54509,64508,62.034423828,full,64508,130036,1,13,130050,16,2,16,4,1,7
baseline,46,timed,alternating,17,10000,100000,19494,29493,7.475097656,unavailable,0,0,0,0,0,0,0,0,1,0,1
baseline,46,timed,alternating,17,10000,100000,23712,33711,14.467773438,unavailable,0,0,0,0,0,0,0,0,1,0,1
baseline,46,timed,alternating,17,10000,100000,27866,37865,8.065429688,unavailable,0,0,0,0,0,0,0,0,1,0,1
baseline,46,timed,alternating,17,10000,100000,28936,38935,10.221679688,unavailable,0,0,0,0,0,0,0,0,1,0,1
baseline,46,timed,alternating,17,10000,100000,32116,42115,20.738037109,unavailable,0,0,0,0,0,0,0,0,1,0,1
baseline,46,timed,alternating,17,10000,100000,34256,44255,7.248535156,unavailable,0,0,0,0,0,0,0,0,1,0,1
baseline,46,timed,alternating,17,10000,100000,35216,45215,14.896240234,unavailable,0,0,0,0,0,0,0,0,1,0,1
baseline,46,timed,alternating,17,10000,100000,37876,47875,14.904296875,unavailable,0,0,0,0,0,0,0,0,1,0,1
baseline,46,timed,alternating,17,10000,100000,39214,49213,13.28515625,unavailable,0,0,0,0,0,0,0,0,1,0,1
baseline,46,timed,alternating,17,10000,100000,39828,49827,14.054443359,unavailable,0,0,0,0,0,0,0,0,1,0,1
baseline,46,timed,alternating,17,10000,100000,40080,50079,16.166503906,unavailable,0,0,0,0,0,0,0,0,1,0,1
baseline,46,timed,alternating,17,10000,100000,40206,50205,15.217041016,unavailable,0,0,0,0,0,0,0,0,1,0,1
baseline,46,timed,alternating,17,10000,100000,40332,50331,27.234863281,unavailable,0,0,0,0,0,0,0,0,4,0,1
baseline,46,timed,alternating,17,10000,100000,53698,63697,15.245117188,unavailable,0,0,0,0,0,0,0,0,1,0,1
baseline,46,timed,alternating,17,10000,100000,73010,83009,7.727783203,unavailable,0,0,0,0,0,0,0,0,1,0,1
baseline,46,timed,alternating,17,10000,100000,74474,84473,11.150390625,unavailable,0,0,0,0,0,0,0,0,1,0,1
baseline,46,timed,alternating,17,10000,100000,75828,85827,13.997802734,unavailable,0,0,0,0,0,0,0,0,1,0,1
baseline,46,timed,alternating,17,10000,100000,86704,96703,14.298339844,unavailable,0,0,0,0,0,0,0,0,1,0,1
baseline,46,timed,alternating,17,10000,100000,92134,102133,14.213623047,unavailable,0,0,0,0,0,0,0,0,1,0,1
baseline,46,timed,alternating,17,10000,100000,94842,104841,30.687988281,unavailable,0,0,0,0,0,0,0,0,1,0,1
baseline,46,timed,alternating,17,10000,100000,96196,106195,13.876708984,unavailable,0,0,0,0,0,0,0,0,1,0,1
baseline,46,timed,alternating,17,10000,100000,96826,106825,12.793945312,unavailable,0,0,0,0,0,0,0,0,1,0,1
baseline,46,timed,alternating,17,10000,100000,97188,107187,12.467285156,unavailable,0,0,0,0,0,0,0,0,1,0,1
baseline,46,timed,alternating,17,10000,100000,97314,107313,12.390380859,unavailable,0,0,0,0,0,0,0,0,1,0,1
baseline,46,timed,alternating,17,10000,100000,97440,107439,28.850097656,unavailable,0,0,0,0,0,0,0,0,1,0,1
baseline,46,diagnostic,alternating,17,10000,100000,23712,33711,18.617919922,large,32768,65528,1,12,65541,19,1,19,1,0,3
baseline,46,diagnostic,alternating,17,10000,100000,32116,42115,19.012939453,large,32768,65528,1,12,65541,19,1,19,1,0,3
baseline,46,diagnostic,alternating,17,10000,100000,35216,45215,22.881103516,large,32768,65528,1,12,65541,19,1,19,1,0,3
baseline,46,diagnostic,alternating,17,10000,100000,37876,47875,39.96484375,large,32768,65528,1,12,65541,19,2,19,1,0,3
baseline,46,diagnostic,alternating,17,10000,100000,38962,48961,13.447021484,large,16384,32760,1,11,32772,19,2,19,1,0,3
baseline,46,diagnostic,alternating,17,10000,100000,39088,49087,30.08203125,large,16384,32760,1,11,32772,19,1,19,1,0,3
baseline,46,diagnostic,alternating,17,10000,100000,39214,49213,27.645996094,large,32768,65528,1,12,65541,19,2,19,1,0,3
baseline,46,diagnostic,alternating,17,10000,100000,39828,49827,30.047363281,large,32768,65528,1,12,65541,19,2,19,1,0,3
baseline,46,diagnostic,alternating,17,10000,100000,39954,49953,16.476806641,large,16384,32760,1,11,32772,19,1,19,1,0,3
baseline,46,diagnostic,alternating,17,10000,100000,40080,50079,21.156005859,large,32768,65528,1,12,65541,19,2,19,1,0,3
baseline,46,diagnostic,alternating,17,10000,100000,40206,50205,19.21875,large,32768,65528,1,12,65541,19,2,19,1,0,3
baseline,46,diagnostic,alternating,17,10000,100000,40332,50331,38.838867188,full,50331,115859,1,13,115873,19,1,19,4,1,7
baseline,46,diagnostic,alternating,17,10000,100000,53698,63697,20.090087891,large,32768,65528,1,12,65541,20,2,20,1,0,3
baseline,46,diagnostic,alternating,17,10000,100000,75828,85827,18.935546875,large,32768,65528,1,12,65541,20,2,20,1,0,3
baseline,46,diagnostic,alternating,17,10000,100000,86704,96703,18.330078125,large,32768,65528,1,12,65541,21,2,21,1,0,3
baseline,46,diagnostic,alternating,17,10000,100000,92134,102133,23.887695312,large,32768,65528,1,12,65541,21,2,21,1,0,3
baseline,46,diagnostic,alternating,17,10000,100000,94842,104841,19.828613281,large,32768,65528,1,12,65541,21,2,21,1,0,3
baseline,46,diagnostic,alternating,17,10000,100000,96070,106069,22.132568359,large,16384,32760,1,11,32772,21,1,21,1,0,3
baseline,46,diagnostic,alternating,17,10000,100000,96196,106195,41.251220703,large,32768,65528,1,12,65541,21,2,21,1,0,3
baseline,46,diagnostic,alternating,17,10000,100000,96574,106573,14.035400391,large,16384,32760,1,11,32772,21,2,21,1,0,3
baseline,46,diagnostic,alternating,17,10000,100000,96700,106699,14.859130859,large,16384,32760,1,11,32772,21,2,21,1,0,3
baseline,46,diagnostic,alternating,17,10000,100000,96826,106825,27.507080078,large,32768,65528,1,12,65541,21,1,21,1,0,3
baseline,46,diagnostic,alternating,17,10000,100000,97188,107187,21.664550781,large,32768,65528,1,12,65541,21,2,21,1,0,3
baseline,46,diagnostic,alternating,17,10000,100000,97314,107313,21.346435547,large,32768,65528,1,12,65541,21,1,21,1,0,3
baseline,46,diagnostic,alternating,17,10000,100000,97440,107439,72.783935547,large,65536,131064,1,13,131078,21,1,21,1,0,3
open_dense,46,timed,alternating,17,10000,100000,23712,33711,14.058349609,unavailable,0,0,0,0,0,0,0,0,1,0,1
open_dense,46,timed,alternating,17,10000,100000,27866,37865,7.823974609,unavailable,0,0,0,0,0,0,0,0,1,0,1
open_dense,46,timed,alternating,17,10000,100000,30038,40037,15.614013672,unavailable,0,0,0,0,0,0,0,0,1,0,1
open_dense,46,timed,alternating,17,10000,100000,32116,42115,13.8046875,unavailable,0,0,0,0,0,0,0,0,1,0,1
open_dense,46,timed,alternating,17,10000,100000,34256,44255,8.025878906,unavailable,0,0,0,0,0,0,0,0,1,0,1
open_dense,46,timed,alternating,17,10000,100000,35216,45215,14.852783203,unavailable,0,0,0,0,0,0,0,0,1,0,1
open_dense,46,timed,alternating,17,10000,100000,37876,47875,16.77734375,unavailable,0,0,0,0,0,0,0,0,1,0,1
open_dense,46,timed,alternating,17,10000,100000,39214,49213,15.578857422,unavailable,0,0,0,0,0,0,0,0,1,0,1
open_dense,46,timed,alternating,17,10000,100000,39828,49827,14.919189453,unavailable,0,0,0,0,0,0,0,0,1,0,1
open_dense,46,timed,alternating,17,10000,100000,40080,50079,14.608886719,unavailable,0,0,0,0,0,0,0,0,1,0,1
open_dense,46,timed,alternating,17,10000,100000,40206,50205,13.512695312,unavailable,0,0,0,0,0,0,0,0,1,0,1
open_dense,46,timed,alternating,17,10000,100000,40332,50331,24.299560547,unavailable,0,0,0,0,0,0,0,0,4,0,1
open_dense,46,timed,alternating,17,10000,100000,53698,63697,13.067871094,unavailable,0,0,0,0,0,0,0,0,1,0,1
open_dense,46,timed,alternating,17,10000,100000,75576,85575,7.309082031,unavailable,0,0,0,0,0,0,0,0,1,0,1
open_dense,46,timed,alternating,17,10000,100000,75828,85827,23.390625,unavailable,0,0,0,0,0,0,0,0,1,0,1
open_dense,46,timed,alternating,17,10000,100000,86704,96703,13.804443359,unavailable,0,0,0,0,0,0,0,0,1,0,1
open_dense,46,timed,alternating,17,10000,100000,89458,99457,7.430419922,unavailable,0,0,0,0,0,0,0,0,1,0,1
open_dense,46,timed,alternating,17,10000,100000,90796,100795,7.436279297,unavailable,0,0,0,0,0,0,0,0,1,0,1
open_dense,46,timed,alternating,17,10000,100000,92134,102133,14.612304688,unavailable,0,0,0,0,0,0,0,0,1,0,1
open_dense,46,timed,alternating,17,10000,100000,94842,104841,38.500244141,unavailable,0,0,0,0,0,0,0,0,1,0,1
open_dense,46,timed,alternating,17,10000,100000,96196,106195,13.624023438,unavailable,0,0,0,0,0,0,0,0,1,0,1
open_dense,46,timed,alternating,17,10000,100000,96826,106825,13.191894531,unavailable,0,0,0,0,0,0,0,0,1,0,1
open_dense,46,timed,alternating,17,10000,100000,97188,107187,16.185791016,unavailable,0,0,0,0,0,0,0,0,1,0,1
open_dense,46,timed,alternating,17,10000,100000,97314,107313,12.455810547,unavailable,0,0,0,0,0,0,0,0,1,0,1
open_dense,46,timed,alternating,17,10000,100000,97440,107439,26.655273438,unavailable,0,0,0,0,0,0,0,0,1,0,1
open_dense,46,diagnostic,alternating,17,10000,100000,6938,16937,10.184570312,large,16384,32760,1,11,32772,17,2,17,1,0,2
open_dense,46,diagnostic,alternating,17,10000,100000,15340,25339,11.397216797,large,16384,32760,1,11,32772,18,1,18,1,0,3
open_dense,46,diagnostic,alternating,17,10000,100000,23712,33711,22.579345703,large,32768,65528,1,12,65541,19,1,19,1,0,3
open_dense,46,diagnostic,alternating,17,10000,100000,32116,42115,18.638916016,large,32768,65528,1,12,65541,19,1,19,1,0,3
open_dense,46,diagnostic,alternating,17,10000,100000,35216,45215,21.030761719,large,32768,65528,1,12,65541,19,1,19,1,0,3
open_dense,46,diagnostic,alternating,17,10000,100000,37876,47875,19.697265625,large,32768,65528,1,12,65541,19,2,19,1,0,3
open_dense,46,diagnostic,alternating,17,10000,100000,39214,49213,17.434814453,large,32768,65528,1,12,65541,19,2,19,1,0,3
open_dense,46,diagnostic,alternating,17,10000,100000,39828,49827,18.158691406,large,32768,65528,1,12,65541,19,2,19,1,0,3
open_dense,46,diagnostic,alternating,17,10000,100000,40080,50079,19.634033203,large,32768,65528,1,12,65541,19,2,19,1,0,3
open_dense,46,diagnostic,alternating,17,10000,100000,40206,50205,15.897705078,large,32768,65528,1,12,65541,19,2,19,1,0,3
open_dense,46,diagnostic,alternating,17,10000,100000,40332,50331,53.541992188,full,50331,115859,1,13,115873,19,1,19,4,1,7
open_dense,46,diagnostic,alternating,17,10000,100000,53698,63697,18.181640625,large,32768,65528,1,12,65541,20,2,20,1,0,3
open_dense,46,diagnostic,alternating,17,10000,100000,75828,85827,17.760986328,large,32768,65528,1,12,65541,20,2,20,1,0,3
open_dense,46,diagnostic,alternating,17,10000,100000,84028,94027,10.545410156,large,16384,32760,1,11,32772,21,1,21,1,0,3
open_dense,46,diagnostic,alternating,17,10000,100000,86452,96451,12.048583984,large,16384,32760,1,11,32772,21,2,21,1,0,3
open_dense,46,diagnostic,alternating,17,10000,100000,86578,96577,23.235351562,large,16384,32760,1,11,32772,21,2,21,1,0,3
open_dense,46,diagnostic,alternating,17,10000,100000,86704,96703,22.680908203,large,32768,65528,1,12,65541,21,2,21,1,0,3
open_dense,46,diagnostic,alternating,17,10000,100000,92134,102133,20.788330078,large,32768,65528,1,12,65541,21,2,21,1,0,3
open_dense,46,diagnostic,alternating,17,10000,100000,94842,104841,23.464599609,large,32768,65528,1,12,65541,21,2,21,1,0,3
open_dense,46,diagnostic,alternating,17,10000,100000,96196,106195,20.74609375,large,32768,65528,1,12,65541,21,2,21,1,0,3
open_dense,46,diagnostic,alternating,17,10000,100000,96826,106825,35.003417969,large,32768,65528,1,12,65541,21,1,21,1,0,3
open_dense,46,diagnostic,alternating,17,10000,100000,96952,106951,10.993896484,large,8192,16376,1,10,16387,21,2,21,1,0,1
open_dense,46,diagnostic,alternating,17,10000,100000,97062,107061,11.157958984,large,16384,32760,1,11,32772,21,1,21,1,0,3
open_dense,46,diagnostic,alternating,17,10000,100000,97188,107187,23.135986328,large,32768,65528,1,12,65541,21,2,21,1,0,3
open_dense,46,diagnostic,alternating,17,10000,100000,97314,107313,24.415527344,large,32768,65528,1,12,65541,21,1,21,1,0,3
open_dense,46,diagnostic,alternating,17,10000,100000,97440,107439,41.693115234,large,65536,131064,1,13,131078,21,1,21,1,0,3
baseline,47,timed,hotspot,17,10000,100000,5386,15385,0.044189453,unavailable,0,0,0,0,0,0,0,0,1,0,1
baseline,47,timed,hotspot,17,10000,100000,7492,17491,0.043701172,unavailable,0,0,0,0,0,0,0,0,1,0,1
baseline,47,timed,hotspot,17,10000,100000,13810,23809,0.042724609,unavailable,0,0,0,0,0,0,0,0,1,0,1
baseline,47,timed,hotspot,17,10000,100000,16284,26283,0.049804688,unavailable,0,0,0,0,0,0,0,0,1,0,1
baseline,47,timed,hotspot,17,10000,100000,18022,28021,0.063476562,unavailable,0,0,0,0,0,0,0,0,1,0,1
baseline,47,timed,hotspot,17,10000,100000,26446,36445,0.042724609,unavailable,0,0,0,0,0,0,0,0,1,0,1
baseline,47,timed,hotspot,17,10000,100000,28552,38551,0.045898438,unavailable,0,0,0,0,0,0,0,0,1,0,1
baseline,47,timed,hotspot,17,10000,100000,35963,45962,0.045898438,unavailable,0,0,0,0,0,0,0,0,1,0,1
baseline,47,timed,hotspot,17,10000,100000,36976,46975,0.043457031,unavailable,0,0,0,0,0,0,0,0,1,0,1
baseline,47,timed,hotspot,17,10000,100000,39082,49081,0.045410156,unavailable,0,0,0,0,0,0,0,0,1,0,1
baseline,47,timed,hotspot,17,10000,100000,43294,53293,0.054443359,unavailable,0,0,0,0,0,0,0,0,1,0,1
baseline,47,timed,hotspot,17,10000,100000,47506,57505,0.043701172,unavailable,0,0,0,0,0,0,0,0,1,0,1
baseline,47,timed,hotspot,17,10000,100000,49612,59611,0.045410156,unavailable,0,0,0,0,0,0,0,0,1,0,1
baseline,47,timed,hotspot,17,10000,100000,53824,63823,0.043457031,unavailable,0,0,0,0,0,0,0,0,1,0,1
baseline,47,timed,hotspot,17,10000,100000,58036,68035,0.044921875,unavailable,0,0,0,0,0,0,0,0,1,0,1
baseline,47,timed,hotspot,17,10000,100000,64354,74353,0.049072266,unavailable,0,0,0,0,0,0,0,0,1,0,1
baseline,47,timed,hotspot,17,10000,100000,66416,76415,0.194580078,unavailable,0,0,0,0,0,0,0,0,1,0,1
baseline,47,timed,hotspot,17,10000,100000,66460,76459,0.046386719,unavailable,0,0,0,0,0,0,0,0,1,0,1
baseline,47,timed,hotspot,17,10000,100000,68566,78565,0.043457031,unavailable,0,0,0,0,0,0,0,0,1,0,1
baseline,47,timed,hotspot,17,10000,100000,79096,89095,0.043701172,unavailable,0,0,0,0,0,0,0,0,1,0,1
baseline,47,timed,hotspot,17,10000,100000,80703,90702,0.251708984,unavailable,0,0,0,0,0,0,0,0,1,0,1
baseline,47,timed,hotspot,17,10000,100000,85414,95413,0.043945312,unavailable,0,0,0,0,0,0,0,0,1,0,1
baseline,47,timed,hotspot,17,10000,100000,87520,97519,0.04296875,unavailable,0,0,0,0,0,0,0,0,1,0,1
baseline,47,timed,hotspot,17,10000,100000,89626,99625,0.048095703,unavailable,0,0,0,0,0,0,0,0,1,0,1
baseline,47,timed,hotspot,17,10000,100000,98050,108049,0.043701172,unavailable,0,0,0,0,0,0,0,0,1,0,1
baseline,47,diagnostic,hotspot,17,10000,100000,18180,28179,0.053222656,direct,0,0,0,0,0,15,1,15,1,0,1
baseline,47,diagnostic,hotspot,17,10000,100000,19184,29183,0.133300781,direct,0,0,0,0,0,15,1,15,1,0,1
baseline,47,diagnostic,hotspot,17,10000,100000,44446,54445,0.061279297,direct,0,0,0,0,0,16,1,16,1,0,1
baseline,47,diagnostic,hotspot,17,10000,100000,47506,57505,0.060546875,direct,0,0,0,0,0,16,1,16,1,0,1
baseline,47,diagnostic,hotspot,17,10000,100000,47685,57684,0.058837891,direct,0,0,0,0,0,16,2,16,1,0,1
baseline,47,diagnostic,hotspot,17,10000,100000,47815,57814,0.056640625,direct,0,0,0,0,0,16,2,16,1,0,1
baseline,47,diagnostic,hotspot,17,10000,100000,52870,62869,0.052490234,direct,0,0,0,0,0,16,1,16,1,0,1
baseline,47,diagnostic,hotspot,17,10000,100000,54555,64554,0.0625,direct,0,0,0,0,0,16,2,16,1,0,1
baseline,47,diagnostic,hotspot,17,10000,100000,54710,64709,0.095214844,direct,0,0,0,0,0,16,1,16,1,0,1
baseline,47,diagnostic,hotspot,17,10000,100000,63140,73139,0.0546875,direct,0,0,0,0,0,17,1,17,1,0,1
baseline,47,diagnostic,hotspot,17,10000,100000,72975,82974,0.060546875,direct,0,0,0,0,0,17,2,17,1,0,1
baseline,47,diagnostic,hotspot,17,10000,100000,78145,88144,0.060302734,direct,0,0,0,0,0,17,2,17,1,0,1
baseline,47,diagnostic,hotspot,17,10000,100000,78736,88735,0.237304688,direct,0,0,0,0,0,17,1,17,1,0,1
baseline,47,diagnostic,hotspot,17,10000,100000,85620,95619,0.056640625,direct,0,0,0,0,0,17,1,17,1,0,1
baseline,47,diagnostic,hotspot,17,10000,100000,86570,96569,0.062988281,direct,0,0,0,0,0,17,1,17,1,0,1
baseline,47,diagnostic,hotspot,17,10000,100000,87025,97024,0.059326172,direct,0,0,0,0,0,17,2,17,1,0,1
baseline,47,diagnostic,hotspot,17,10000,100000,87520,97519,0.077880859,direct,0,0,0,0,0,17,1,17,1,0,1
baseline,47,diagnostic,hotspot,17,10000,100000,88430,98429,0.055175781,direct,0,0,0,0,0,17,1,17,1,0,1
baseline,47,diagnostic,hotspot,17,10000,100000,89835,99834,0.063232422,direct,0,0,0,0,0,17,2,17,1,0,1
baseline,47,diagnostic,hotspot,17,10000,100000,89940,99939,0.061523438,direct,0,0,0,0,0,17,1,17,1,0,1
baseline,47,diagnostic,hotspot,17,10000,100000,92886,102885,0.1640625,direct,0,0,0,0,0,17,1,17,1,0,1
baseline,47,diagnostic,hotspot,17,10000,100000,94995,104994,0.061279297,direct,0,0,0,0,0,17,2,17,1,0,1
baseline,47,diagnostic,hotspot,17,10000,100000,98050,108049,0.053710938,direct,0,0,0,0,0,17,1,17,1,0,1
baseline,47,diagnostic,hotspot,17,10000,100000,98265,108264,0.062988281,direct,0,0,0,0,0,17,2,17,1,0,1
baseline,47,diagnostic,hotspot,17,10000,100000,98365,108364,0.061767578,direct,0,0,0,0,0,17,2,17,1,0,1
open_dense,47,timed,hotspot,17,10000,100000,24340,34339,0.122802734,unavailable,0,0,0,0,0,0,0,0,1,0,1
open_dense,47,timed,hotspot,17,10000,100000,32764,42763,0.08203125,unavailable,0,0,0,0,0,0,0,0,1,0,1
open_dense,47,timed,hotspot,17,10000,100000,36976,46975,0.123535156,unavailable,0,0,0,0,0,0,0,0,1,0,1
open_dense,47,timed,hotspot,17,10000,100000,37258,47257,0.084228516,unavailable,0,0,0,0,0,0,0,0,1,0,1
open_dense,47,timed,hotspot,17,10000,100000,37559,47558,0.079101562,unavailable,0,0,0,0,0,0,0,0,1,0,1
open_dense,47,timed,hotspot,17,10000,100000,39082,49081,0.157226562,unavailable,0,0,0,0,0,0,0,0,1,0,1
open_dense,47,timed,hotspot,17,10000,100000,39723,49722,0.096923828,unavailable,0,0,0,0,0,0,0,0,1,0,1
open_dense,47,timed,hotspot,17,10000,100000,47506,57505,0.096679688,unavailable,0,0,0,0,0,0,0,0,1,0,1
open_dense,47,timed,hotspot,17,10000,100000,48815,58814,0.076904297,unavailable,0,0,0,0,0,0,0,0,1,0,1
open_dense,47,timed,hotspot,17,10000,100000,50976,60975,0.179443359,unavailable,0,0,0,0,0,0,0,0,1,0,1
open_dense,47,timed,hotspot,17,10000,100000,55930,65929,0.074707031,unavailable,0,0,0,0,0,0,0,0,1,0,1
open_dense,47,timed,hotspot,17,10000,100000,68566,78565,0.07421875,unavailable,0,0,0,0,0,0,0,0,1,0,1
open_dense,47,timed,hotspot,17,10000,100000,74813,84812,0.166259766,unavailable,0,0,0,0,0,0,0,0,1,0,1
open_dense,47,timed,hotspot,17,10000,100000,74884,84883,0.227539062,unavailable,0,0,0,0,0,0,0,0,1,0,1
open_dense,47,timed,hotspot,17,10000,100000,76258,86257,0.083496094,unavailable,0,0,0,0,0,0,0,0,1,0,1
open_dense,47,timed,hotspot,17,10000,100000,76480,86479,0.109130859,unavailable,0,0,0,0,0,0,0,0,1,0,1
open_dense,47,timed,hotspot,17,10000,100000,76990,86989,0.188964844,unavailable,0,0,0,0,0,0,0,0,1,0,1
open_dense,47,timed,hotspot,17,10000,100000,77703,87702,0.116943359,unavailable,0,0,0,0,0,0,0,0,1,0,1
open_dense,47,timed,hotspot,17,10000,100000,78644,88643,0.07421875,unavailable,0,0,0,0,0,0,0,0,1,0,1
open_dense,47,timed,hotspot,17,10000,100000,79096,89095,0.1875,unavailable,0,0,0,0,0,0,0,0,1,0,1
open_dense,47,timed,hotspot,17,10000,100000,79147,89146,0.125,unavailable,0,0,0,0,0,0,0,0,1,0,1
open_dense,47,timed,hotspot,17,10000,100000,85136,95135,0.145263672,unavailable,0,0,0,0,0,0,0,0,1,0,1
open_dense,47,timed,hotspot,17,10000,100000,85414,95413,0.171386719,unavailable,0,0,0,0,0,0,0,0,1,0,1
open_dense,47,timed,hotspot,17,10000,100000,86368,96367,0.078125,unavailable,0,0,0,0,0,0,0,0,1,0,1
open_dense,47,timed,hotspot,17,10000,100000,87520,97519,0.107910156,unavailable,0,0,0,0,0,0,0,0,1,0,1
open_dense,47,diagnostic,hotspot,17,10000,100000,1174,11173,0.093261719,direct,0,0,0,0,0,14,1,14,1,0,1
open_dense,47,diagnostic,hotspot,17,10000,100000,6940,16939,0.063232422,direct,0,0,0,0,0,15,1,15,1,0,1
open_dense,47,diagnostic,hotspot,17,10000,100000,23799,33798,0.053955078,direct,0,0,0,0,0,16,2,16,1,0,1
open_dense,47,diagnostic,hotspot,17,10000,100000,26446,36445,0.055908203,direct,0,0,0,0,0,16,1,16,1,0,1
open_dense,47,diagnostic,hotspot,17,10000,100000,26609,36608,0.054199219,direct,0,0,0,0,0,16,2,16,1,0,1
open_dense,47,diagnostic,hotspot,17,10000,100000,27610,37609,0.075683594,direct,0,0,0,0,0,16,1,16,1,0,1
open_dense,47,diagnostic,hotspot,17,10000,100000,28014,38013,0.118652344,direct,0,0,0,0,0,16,1,16,1,0,1
open_dense,47,diagnostic,hotspot,17,10000,100000,29295,39294,0.057373047,direct,0,0,0,0,0,16,2,16,1,0,1
open_dense,47,diagnostic,hotspot,17,10000,100000,32665,42664,0.051757812,direct,0,0,0,0,0,16,2,16,1,0,1
open_dense,47,diagnostic,hotspot,17,10000,100000,34350,44349,0.055419922,direct,0,0,0,0,0,16,1,16,1,0,1
open_dense,47,diagnostic,hotspot,17,10000,100000,42762,52761,0.052490234,direct,0,0,0,0,0,16,1,16,1,0,1
open_dense,47,diagnostic,hotspot,17,10000,100000,43294,53293,0.066650391,direct,0,0,0,0,0,16,1,16,1,0,1
open_dense,47,diagnostic,hotspot,17,10000,100000,44447,54446,0.056884766,direct,0,0,0,0,0,16,2,16,1,0,1
open_dense,47,diagnostic,hotspot,17,10000,100000,44874,54873,0.084716797,direct,0,0,0,0,0,16,1,16,1,0,1
open_dense,47,diagnostic,hotspot,17,10000,100000,45400,55399,0.086425781,direct,0,0,0,0,0,16,1,16,1,0,1
open_dense,47,diagnostic,hotspot,17,10000,100000,46131,56130,0.076660156,direct,0,0,0,0,0,16,2,16,1,0,1
open_dense,47,diagnostic,hotspot,17,10000,100000,47506,57505,0.051757812,direct,0,0,0,0,0,16,1,16,1,0,1
open_dense,47,diagnostic,hotspot,17,10000,100000,47684,57683,0.072265625,direct,0,0,0,0,0,16,1,16,1,0,1
open_dense,47,diagnostic,hotspot,17,10000,100000,49501,59500,0.056884766,direct,0,0,0,0,0,16,2,16,1,0,1
open_dense,47,diagnostic,hotspot,17,10000,100000,72974,82973,0.054199219,direct,0,0,0,0,0,17,1,17,1,0,1
open_dense,47,diagnostic,hotspot,17,10000,100000,79999,89998,0.059082031,direct,0,0,0,0,0,17,2,17,1,0,1
open_dense,47,diagnostic,hotspot,17,10000,100000,94049,104048,0.050292969,direct,0,0,0,0,0,17,2,17,1,0,1
open_dense,47,diagnostic,hotspot,17,10000,100000,95454,105453,0.052001953,direct,0,0,0,0,0,17,1,17,1,0,1
open_dense,47,diagnostic,hotspot,17,10000,100000,98050,108049,0.063964844,direct,0,0,0,0,0,17,1,17,1,0,1
open_dense,47,diagnostic,hotspot,17,10000,100000,98264,108263,0.051513672,direct,0,0,0,0,0,17,1,17,1,0,1
baseline,48,timed,timeline,3512641005,10000,100000,3973,13098,0.053222656,unavailable,0,0,0,0,0,0,0,0,2,0,1
baseline,48,timed,timeline,3512641005,10000,100000,4188,13279,0.109130859,unavailable,0,0,0,0,0,0,0,0,2,0,1
baseline,48,timed,timeline,3512641005,10000,100000,12116,19597,0.049804688,unavailable,0,0,0,0,0,0,0,0,3,0,1
baseline,48,timed,timeline,3512641005,10000,100000,14534,21509,0.053710938,unavailable,0,0,0,0,0,0,0,0,4,0,1
baseline,48,timed,timeline,3512641005,10000,100000,14776,21703,0.059326172,unavailable,0,0,0,0,0,0,0,0,4,0,1
baseline,48,timed,timeline,3512641005,10000,100000,26789,31306,20.897705078,unavailable,0,0,0,0,0,0,0,0,4,0,1
baseline,48,timed,timeline,3512641005,10000,100000,38493,40622,0.144042969,unavailable,0,0,0,0,0,0,0,0,4,0,1
baseline,48,timed,timeline,3512641005,10000,100000,42295,43694,0.048828125,unavailable,0,0,0,0,0,0,0,0,5,0,1
baseline,48,timed,timeline,3512641005,10000,100000,51354,50869,46.982421875,unavailable,0,0,0,0,0,0,0,0,4,0,1
baseline,48,timed,timeline,3512641005,10000,100000,53065,52234,0.056640625,unavailable,0,0,0,0,0,0,0,0,4,0,1
baseline,48,timed,timeline,3512641005,10000,100000,55707,54340,0.046630859,unavailable,0,0,0,0,0,0,0,0,4,0,1
baseline,48,timed,timeline,3512641005,10000,100000,58283,56446,0.046875,unavailable,0,0,0,0,0,0,0,0,2,0,1
baseline,48,timed,timeline,3512641005,10000,100000,60873,58552,0.063964844,unavailable,0,0,0,0,0,0,0,0,2,0,1
baseline,48,timed,timeline,3512641005,10000,100000,63457,60658,0.054443359,unavailable,0,0,0,0,0,0,0,0,4,0,1
baseline,48,timed,timeline,3512641005,10000,100000,66101,62764,0.048583984,unavailable,0,0,0,0,0,0,0,0,3,0,1
baseline,48,timed,timeline,3512641005,10000,100000,68745,64870,0.052246094,unavailable,0,0,0,0,0,0,0,0,4,0,1
baseline,48,timed,timeline,3512641005,10000,100000,71427,66976,0.062011719,unavailable,0,0,0,0,0,0,0,0,5,0,1
baseline,48,timed,timeline,3512641005,10000,100000,74035,69082,0.063476562,unavailable,0,0,0,0,0,0,0,0,5,0,1
baseline,48,timed,timeline,3512641005,10000,100000,76657,71188,0.054443359,unavailable,0,0,0,0,0,0,0,0,6,0,1
baseline,48,timed,timeline,3512641005,10000,100000,79337,73294,0.048828125,unavailable,0,0,0,0,0,0,0,0,6,0,1
baseline,48,timed,timeline,3512641005,10000,100000,80487,74198,92.360595703,unavailable,0,0,0,0,0,0,0,0,4,0,1
baseline,48,timed,timeline,3512641005,10000,100000,90969,82608,0.052978516,unavailable,0,0,0,0,0,0,0,0,3,0,1
baseline,48,timed,timeline,3512641005,10000,100000,93627,84714,0.086669922,unavailable,0,0,0,0,0,0,0,0,4,0,1
baseline,48,timed,timeline,3512641005,10000,100000,96265,86820,0.155029297,unavailable,0,0,0,0,0,0,0,0,4,0,1
baseline,48,timed,timeline,3512641005,10000,100000,98917,88926,0.072021484,unavailable,0,0,0,0,0,0,0,0,5,0,1
baseline,48,diagnostic,timeline,3512641005,10000,100000,2996,12341,0.041992188,direct,0,0,0,0,0,14,1,14,1,0,1
baseline,48,diagnostic,timeline,3512641005,10000,100000,5135,14026,0.043945312,direct,0,0,0,0,0,16,1,16,2,0,1
baseline,48,diagnostic,timeline,3512641005,10000,100000,16837,23404,0.041503906,direct,0,0,0,0,0,16,1,16,4,0,1
baseline,48,diagnostic,timeline,3512641005,10000,100000,18482,24705,0.041992188,direct,0,0,0,0,0,15,1,15,5,0,1
baseline,48,diagnostic,timeline,3512641005,10000,100000,26206,30835,0.010009766,local,8,8,1,0,9,15,0,15,6,0,2
baseline,48,diagnostic,timeline,3512641005,10000,100000,26381,30974,0.041992188,direct,0,0,0,0,0,17,1,17,6,0,1
baseline,48,diagnostic,timeline,3512641005,10000,100000,26789,31306,22.746826172,full,31306,64066,1,12,64079,17,1,17,4,1,7
baseline,48,diagnostic,timeline,3512641005,10000,100000,31581,35146,0.047607422,direct,0,0,0,0,0,17,1,17,2,0,1
baseline,48,diagnostic,timeline,3512641005,10000,100000,33374,36551,0.042236328,direct,0,0,0,0,0,18,1,18,3,0,1
baseline,48,diagnostic,timeline,3512641005,10000,100000,47456,47791,0.045410156,direct,0,0,0,0,0,18,1,18,6,0,1
baseline,48,diagnostic,timeline,3512641005,10000,100000,51288,50819,0.032226562,local,32,56,1,2,59,18,2,18,6,0,2
baseline,48,diagnostic,timeline,3512641005,10000,100000,51350,50869,0.006103516,local,8,8,1,0,9,17,0,17,6,0,2
baseline,48,diagnostic,timeline,3512641005,10000,100000,51354,50869,49.583496094,full,50869,116397,1,13,116411,17,0,17,4,1,7
baseline,48,diagnostic,timeline,3512641005,10000,100000,61301,58902,0.044921875,direct,0,0,0,0,0,18,1,18,2,0,1
baseline,48,diagnostic,timeline,3512641005,10000,100000,63016,60307,0.043945312,direct,0,0,0,0,0,17,1,17,3,0,1
baseline,48,diagnostic,timeline,3512641005,10000,100000,66536,63107,0.044677734,direct,0,0,0,0,0,17,1,17,4,0,1
baseline,48,diagnostic,timeline,3512641005,10000,100000,75886,70579,0.044189453,direct,0,0,0,0,0,18,1,18,6,0,1
baseline,48,diagnostic,timeline,3512641005,10000,100000,78337,72500,0.043945312,direct,0,0,0,0,0,18,1,18,6,0,1
baseline,48,diagnostic,timeline,3512641005,10000,100000,80487,74198,99.300292969,full,74198,205262,1,14,205277,17,0,17,4,1,7
baseline,48,diagnostic,timeline,3512641005,10000,100000,87588,79881,0.043701172,direct,0,0,0,0,0,19,1,19,2,0,1
baseline,48,diagnostic,timeline,3512641005,10000,100000,89355,81286,0.046386719,direct,0,0,0,0,0,19,1,19,3,0,1
baseline,48,diagnostic,timeline,3512641005,10000,100000,91064,82691,0.064453125,direct,0,0,0,0,0,19,1,19,3,0,1
baseline,48,diagnostic,timeline,3512641005,10000,100000,91608,83139,0.106201172,direct,0,0,0,0,0,16,0,16,3,0,1
baseline,48,diagnostic,timeline,3512641005,10000,100000,92857,84096,0.063232422,direct,0,0,0,0,0,19,1,19,3,0,1
baseline,48,diagnostic,timeline,3512641005,10000,100000,94626,85501,0.081542969,direct,0,0,0,0,0,19,1,19,4,0,1
baseline,48,diagnostic,timeline,3512641005,10000,100000,96387,86906,0.093505859,direct,0,0,0,0,0,19,2,19,4,0,1
baseline,48,diagnostic,timeline,3512641005,10000,100000,97708,87951,0.101318359,direct,0,0,0,0,0,18,1,18,4,0,1
baseline,48,diagnostic,timeline,3512641005,10000,100000,98166,88311,0.045898438,direct,0,0,0,0,0,19,1,19,5,0,1
open_dense,48,timed,timeline,3512641005,10000,100000,29584,33583,6.836914062,unavailable,0,0,0,0,0,0,0,0,5,0,1
open_dense,48,timed,timeline,3512641005,10000,100000,38367,40532,6.666503906,unavailable,0,0,0,0,0,0,0,0,5,0,1
open_dense,48,timed,timeline,3512641005,10000,100000,45077,45930,11.786865234,unavailable,0,0,0,0,0,0,0,0,5,0,1
open_dense,48,timed,timeline,3512641005,10000,100000,45288,46093,11.119628906,unavailable,0,0,0,0,0,0,0,0,6,0,1
open_dense,48,timed,timeline,3512641005,10000,100000,45628,46359,10.952880859,unavailable,0,0,0,0,0,0,0,0,6,0,1
open_dense,48,timed,timeline,3512641005,10000,100000,46920,47371,11.743408203,unavailable,0,0,0,0,0,0,0,0,6,0,1
open_dense,48,timed,timeline,3512641005,10000,100000,47238,47627,11.501464844,unavailable,0,0,0,0,0,0,0,0,6,0,1
open_dense,48,timed,timeline,3512641005,10000,100000,47399,47746,10.825439453,unavailable,0,0,0,0,0,0,0,0,6,0,1
open_dense,48,timed,timeline,3512641005,10000,100000,47651,47958,10.340820312,unavailable,0,0,0,0,0,0,0,0,6,0,1
open_dense,48,timed,timeline,3512641005,10000,100000,47772,48047,10.831787109,unavailable,0,0,0,0,0,0,0,0,6,0,1
open_dense,48,timed,timeline,3512641005,10000,100000,48525,48622,12.577392578,unavailable,0,0,0,0,0,0,0,0,6,0,1
open_dense,48,timed,timeline,3512641005,10000,100000,48750,48807,24.924804688,unavailable,0,0,0,0,0,0,0,0,3,0,1
open_dense,48,timed,timeline,3512641005,10000,100000,69594,65567,6.435546875,unavailable,0,0,0,0,0,0,0,0,6,0,1
open_dense,48,timed,timeline,3512641005,10000,100000,70135,65984,6.5703125,unavailable,0,0,0,0,0,0,0,0,6,0,1
open_dense,48,timed,timeline,3512641005,10000,100000,70335,66140,12.057128906,unavailable,0,0,0,0,0,0,0,0,5,0,1
open_dense,48,timed,timeline,3512641005,10000,100000,82054,75437,6.951171875,unavailable,0,0,0,0,0,0,0,0,5,0,1
open_dense,48,timed,timeline,3512641005,10000,100000,92771,84026,6.372558594,unavailable,0,0,0,0,0,0,0,0,6,0,1
open_dense,48,timed,timeline,3512641005,10000,100000,93667,84752,28.361572266,unavailable,0,0,0,0,0,0,0,0,5,0,1
open_dense,48,timed,timeline,3512641005,10000,100000,94080,85085,6.574707031,unavailable,0,0,0,0,0,0,0,0,6,0,1
open_dense,48,timed,timeline,3512641005,10000,100000,94568,85451,8.486816406,unavailable,0,0,0,0,0,0,0,0,6,0,1
open_dense,48,timed,timeline,3512641005,10000,100000,94881,85714,12.761230469,unavailable,0,0,0,0,0,0,0,0,6,0,1
open_dense,48,timed,timeline,3512641005,10000,100000,95377,86102,10.783447266,unavailable,0,0,0,0,0,0,0,0,6,0,1
open_dense,48,timed,timeline,3512641005,10000,100000,96504,86989,10.712158203,unavailable,0,0,0,0,0,0,0,0,6,0,1
open_dense,48,timed,timeline,3512641005,10000,100000,98806,88839,10.803955078,unavailable,0,0,0,0,0,0,0,0,6,0,1
open_dense,48,timed,timeline,3512641005,10000,100000,98941,88946,25.82421875,unavailable,0,0,0,0,0,0,0,0,5,0,1
open_dense,48,diagnostic,timeline,3512641005,10000,100000,29584,33583,7.593505859,large,8192,16376,1,10,16387,16,2,16,5,0,3
open_dense,48,diagnostic,timeline,3512641005,10000,100000,38367,40532,7.7421875,large,8192,16376,1,10,16387,17,2,17,5,0,3
open_dense,48,diagnostic,timeline,3512641005,10000,100000,45077,45930,16.450683594,large,16384,32760,1,11,32772,18,2,18,5,0,3
open_dense,48,diagnostic,timeline,3512641005,10000,100000,45288,46093,16.341064453,large,16384,32760,1,11,32772,17,0,17,6,0,3
open_dense,48,diagnostic,timeline,3512641005,10000,100000,45628,46359,17.235107422,large,16384,32760,1,11,32772,16,0,16,6,0,3
open_dense,48,diagnostic,timeline,3512641005,10000,100000,46773,47260,7.576171875,large,8192,16376,1,10,16387,17,2,17,6,0,3
open_dense,48,diagnostic,timeline,3512641005,10000,100000,46920,47371,15.636474609,large,16384,32760,1,11,32772,18,2,18,6,0,3
open_dense,48,diagnostic,timeline,3512641005,10000,100000,47238,47627,15.214111328,large,16384,32760,1,11,32772,16,0,16,6,0,3
open_dense,48,diagnostic,timeline,3512641005,10000,100000,47399,47746,18.198486328,large,16384,32760,1,11,32772,17,0,17,6,0,3
open_dense,48,diagnostic,timeline,3512641005,10000,100000,47651,47958,15.361328125,large,16384,32760,1,11,32772,17,0,17,6,0,3
open_dense,48,diagnostic,timeline,3512641005,10000,100000,47772,48047,15.040283203,large,16384,32760,1,11,32772,15,0,15,6,0,3
open_dense,48,diagnostic,timeline,3512641005,10000,100000,48525,48622,16.787597656,large,16384,32760,1,11,32772,18,1,18,6,0,3
open_dense,48,diagnostic,timeline,3512641005,10000,100000,48656,48727,8.884765625,large,8192,16376,1,10,16387,17,0,17,6,0,3
open_dense,48,diagnostic,timeline,3512641005,10000,100000,48750,48807,38.0390625,large,32768,65528,1,12,65541,16,0,16,3,0,3
open_dense,48,diagnostic,timeline,3512641005,10000,100000,69594,65567,7.666015625,large,8192,16376,1,10,16387,16,0,16,6,0,3
open_dense,48,diagnostic,timeline,3512641005,10000,100000,70335,66140,12.885742188,large,16384,32760,1,11,32772,15,0,15,5,0,3
open_dense,48,diagnostic,timeline,3512641005,10000,100000,92518,83829,7.741943359,large,8192,16376,1,10,16387,18,0,18,6,0,3
open_dense,48,diagnostic,timeline,3512641005,10000,100000,93667,84752,16.703857422,large,16384,32760,1,11,32772,18,0,18,5,0,3
open_dense,48,diagnostic,timeline,3512641005,10000,100000,94080,85085,8.396484375,large,8192,16376,1,10,16387,18,0,18,6,0,3
open_dense,48,diagnostic,timeline,3512641005,10000,100000,94568,85451,10.529052734,large,8192,16376,1,10,16387,18,0,18,6,0,3
open_dense,48,diagnostic,timeline,3512641005,10000,100000,94881,85714,19.858398438,large,16384,32760,1,11,32772,18,1,18,6,0,3
open_dense,48,diagnostic,timeline,3512641005,10000,100000,95377,86102,15.505371094,large,16384,32760,1,11,32772,18,0,18,6,0,3
open_dense,48,diagnostic,timeline,3512641005,10000,100000,96504,86989,15.128417969,large,16384,32760,1,11,32772,18,0,18,6,0,3
open_dense,48,diagnostic,timeline,3512641005,10000,100000,98806,88839,14.139892578,large,16384,32760,1,11,32772,19,2,19,6,0,3
open_dense,48,diagnostic,timeline,3512641005,10000,100000,98941,88946,32.643554688,large,32768,65528,1,12,65541,18,0,18,5,0,3
baseline,49,timed,priority,3512641005,10000,100000,7720,10743,0.208984375,unavailable,0,0,0,0,0,0,0,0,1,0,1
baseline,49,timed,priority,3512641005,10000,100000,8578,10842,0.198242188,unavailable,0,0,0,0,0,0,0,0,1,0,1
baseline,49,timed,priority,3512641005,10000,100000,8606,10844,0.195800781,unavailable,0,0,0,0,0,0,0,0,1,0,1
baseline,49,timed,priority,3512641005,10000,100000,10222,10985,0.198242188,unavailable,0,0,0,0,0,0,0,0,1,0,1
baseline,49,timed,priority,3512641005,10000,100000,11774,11125,0.206054688,unavailable,0,0,0,0,0,0,0,0,1,0,1
baseline,49,timed,priority,3512641005,10000,100000,15169,11447,0.212402344,unavailable,0,0,0,0,0,0,0,0,1,0,1
baseline,49,timed,priority,3512641005,10000,100000,35766,13423,0.211914062,unavailable,0,0,0,0,0,0,0,0,1,0,1
baseline,49,timed,priority,3512641005,10000,100000,51085,14892,0.262939453,unavailable,0,0,0,0,0,0,0,0,1,0,1
baseline,49,timed,priority,3512641005,10000,100000,64841,16199,7.479980469,unavailable,0,0,0,0,0,0,0,0,3,0,1
baseline,49,timed,priority,3512641005,10000,100000,76779,17381,0.195800781,unavailable,0,0,0,0,0,0,0,0,1,0,1
baseline,49,timed,priority,3512641005,10000,100000,81071,17875,0.220703125,unavailable,0,0,0,0,0,0,0,0,1,0,1
baseline,49,timed,priority,3512641005,10000,100000,82099,18011,0.192871094,unavailable,0,0,0,0,0,0,0,0,1,0,1
baseline,49,timed,priority,3512641005,10000,100000,82562,18052,0.251953125,unavailable,0,0,0,0,0,0,0,0,1,0,1
baseline,49,timed,priority,3512641005,10000,100000,85757,18408,0.386230469,unavailable,0,0,0,0,0,0,0,0,1,0,1
baseline,49,timed,priority,3512641005,10000,100000,88543,18626,0.214599609,unavailable,0,0,0,0,0,0,0,0,1,0,1
baseline,49,timed,priority,3512641005,10000,100000,89083,18689,0.217285156,unavailable,0,0,0,0,0,0,0,0,1,0,1
baseline,49,timed,priority,3512641005,10000,100000,89718,18733,0.209960938,unavailable,0,0,0,0,0,0,0,0,1,0,1
baseline,49,timed,priority,3512641005,10000,100000,91296,18887,0.238769531,unavailable,0,0,0,0,0,0,0,0,1,0,1
baseline,49,timed,priority,3512641005,10000,100000,92309,18990,0.196777344,unavailable,0,0,0,0,0,0,0,0,1,0,1
baseline,49,timed,priority,3512641005,10000,100000,92432,19005,0.192626953,unavailable,0,0,0,0,0,0,0,0,1,0,1
baseline,49,timed,priority,3512641005,10000,100000,92943,19092,0.386474609,unavailable,0,0,0,0,0,0,0,0,1,0,1
baseline,49,timed,priority,3512641005,10000,100000,96508,19480,0.389404297,unavailable,0,0,0,0,0,0,0,0,1,0,1
baseline,49,timed,priority,3512641005,10000,100000,98115,19687,0.193847656,unavailable,0,0,0,0,0,0,0,0,1,0,1
baseline,49,timed,priority,3512641005,10000,100000,99381,19817,0.188720703,unavailable,0,0,0,0,0,0,0,0,1,0,1
baseline,49,timed,priority,3512641005,10000,100000,99867,19879,0.190917969,unavailable,0,0,0,0,0,0,0,0,1,0,1
baseline,49,diagnostic,priority,3512641005,10000,100000,7720,10743,0.215576172,large,512,1016,1,6,1023,14,1,14,1,0,3
baseline,49,diagnostic,priority,3512641005,10000,100000,8578,10842,0.220458984,large,512,1016,1,6,1023,14,1,14,1,0,3
baseline,49,diagnostic,priority,3512641005,10000,100000,8606,10844,0.213623047,large,512,1016,1,6,1023,15,1,15,1,0,3
baseline,49,diagnostic,priority,3512641005,10000,100000,10222,10985,0.210205078,large,512,1016,1,6,1023,13,1,13,1,0,3
baseline,49,diagnostic,priority,3512641005,10000,100000,11774,11125,0.228515625,large,512,1016,1,6,1023,14,1,14,1,0,3
baseline,49,diagnostic,priority,3512641005,10000,100000,15169,11447,0.226074219,large,512,1016,1,6,1023,14,1,14,1,0,3
baseline,49,diagnostic,priority,3512641005,10000,100000,35766,13423,0.244384766,large,512,1016,1,6,1023,14,1,14,1,0,3
baseline,49,diagnostic,priority,3512641005,10000,100000,44115,14157,0.520751953,large,256,504,1,5,510,15,1,15,1,0,1
baseline,49,diagnostic,priority,3512641005,10000,100000,51085,14892,0.288818359,large,512,1016,1,6,1023,15,1,15,1,0,3
baseline,49,diagnostic,priority,3512641005,10000,100000,64841,16199,8.506347656,full,16199,32575,1,11,32587,14,1,14,3,1,7
baseline,49,diagnostic,priority,3512641005,10000,100000,76779,17381,0.221191406,large,512,1016,1,6,1023,15,1,15,1,0,3
baseline,49,diagnostic,priority,3512641005,10000,100000,81071,17875,0.239257812,large,512,1016,1,6,1023,14,1,14,1,0,3
baseline,49,diagnostic,priority,3512641005,10000,100000,82099,18011,0.2109375,large,512,1016,1,6,1023,15,1,15,1,0,3
baseline,49,diagnostic,priority,3512641005,10000,100000,82562,18052,0.214355469,large,512,1016,1,6,1023,14,1,14,1,0,3
baseline,49,diagnostic,priority,3512641005,10000,100000,85406,18368,0.205810547,large,512,1016,1,6,1023,15,1,15,1,0,3
baseline,49,diagnostic,priority,3512641005,10000,100000,85757,18408,0.427246094,large,1024,2040,1,7,2048,14,1,14,1,0,3
baseline,49,diagnostic,priority,3512641005,10000,100000,88543,18626,0.214355469,large,512,1016,1,6,1023,15,1,15,1,0,3
baseline,49,diagnostic,priority,3512641005,10000,100000,89083,18689,0.232177734,large,512,1016,1,6,1023,15,1,15,1,0,3
baseline,49,diagnostic,priority,3512641005,10000,100000,89718,18733,0.288085938,large,512,1016,1,6,1023,14,1,14,1,0,3
baseline,49,diagnostic,priority,3512641005,10000,100000,91296,18887,0.251464844,large,512,1016,1,6,1023,16,1,16,1,0,3
baseline,49,diagnostic,priority,3512641005,10000,100000,92309,18990,0.209472656,large,512,1016,1,6,1023,16,1,16,1,0,3
baseline,49,diagnostic,priority,3512641005,10000,100000,92432,19005,0.203369141,large,512,1016,1,6,1023,15,1,15,1,0,3
baseline,49,diagnostic,priority,3512641005,10000,100000,92943,19092,0.418701172,large,1024,2040,1,7,2048,15,1,15,1,0,3
baseline,49,diagnostic,priority,3512641005,10000,100000,96508,19480,0.420166016,large,1024,2040,1,7,2048,15,1,15,1,0,3
baseline,49,diagnostic,priority,3512641005,10000,100000,98115,19687,0.205810547,large,512,1016,1,6,1023,15,1,15,1,0,3
baseline,49,diagnostic,priority,3512641005,10000,100000,99867,19879,0.201171875,large,512,1016,1,6,1023,15,1,15,1,0,2
open_dense,49,timed,priority,3512641005,10000,100000,294,10039,3.602539062,unavailable,0,0,0,0,0,0,0,0,3,0,1
open_dense,49,timed,priority,3512641005,10000,100000,2112,10213,0.039550781,unavailable,0,0,0,0,0,0,0,0,3,0,1
open_dense,49,timed,priority,3512641005,10000,100000,7648,10731,0.230224609,unavailable,0,0,0,0,0,0,0,0,1,0,1
open_dense,49,timed,priority,3512641005,10000,100000,8286,10821,0.067871094,unavailable,0,0,0,0,0,0,0,0,1,0,1
open_dense,49,timed,priority,3512641005,10000,100000,9273,10875,0.679931641,unavailable,0,0,0,0,0,0,0,0,1,0,1
open_dense,49,timed,priority,3512641005,10000,100000,13352,11279,0.108154297,unavailable,0,0,0,0,0,0,0,0,0,0,1
open_dense,49,timed,priority,3512641005,10000,100000,24991,12330,0.062744141,unavailable,0,0,0,0,0,0,0,0,1,0,1
open_dense,49,timed,priority,3512641005,10000,100000,30311,12852,0.251464844,unavailable,0,0,0,0,0,0,0,0,1,0,1
open_dense,49,timed,priority,3512641005,10000,100000,43780,14141,0.036621094,unavailable,0,0,0,0,0,0,0,0,1,0,1
open_dense,49,timed,priority,3512641005,10000,100000,45652,14307,0.151611328,unavailable,0,0,0,0,0,0,0,0,1,0,1
open_dense,49,timed,priority,3512641005,10000,100000,52337,15048,0.041503906,unavailable,0,0,0,0,0,0,0,0,3,0,1
open_dense,49,timed,priority,3512641005,10000,100000,54525,15266,0.482421875,unavailable,0,0,0,0,0,0,0,0,1,0,1
open_dense,49,timed,priority,3512641005,10000,100000,58183,15594,3.420410156,unavailable,0,0,0,0,0,0,0,0,1,0,1
open_dense,49,timed,priority,3512641005,10000,100000,63905,16103,0.069091797,unavailable,0,0,0,0,0,0,0,0,3,0,1
open_dense,49,timed,priority,3512641005,10000,100000,69639,16749,0.072021484,unavailable,0,0,0,0,0,0,0,0,3,0,1
open_dense,49,timed,priority,3512641005,10000,100000,71441,16938,0.037841797,unavailable,0,0,0,0,0,0,0,0,5,0,1
open_dense,49,timed,priority,3512641005,10000,100000,79813,17710,0.061035156,unavailable,0,0,0,0,0,0,0,0,1,0,1
open_dense,49,timed,priority,3512641005,10000,100000,83605,18182,0.037841797,unavailable,0,0,0,0,0,0,0,0,3,0,1
open_dense,49,timed,priority,3512641005,10000,100000,85183,18342,0.037597656,unavailable,0,0,0,0,0,0,0,0,1,0,1
open_dense,49,timed,priority,3512641005,10000,100000,85811,18416,0.036132812,unavailable,0,0,0,0,0,0,0,0,3,0,1
open_dense,49,timed,priority,3512641005,10000,100000,86841,18487,0.105957031,unavailable,0,0,0,0,0,0,0,0,1,0,1
open_dense,49,timed,priority,3512641005,10000,100000,87123,18511,0.050048828,unavailable,0,0,0,0,0,0,0,0,3,0,1
open_dense,49,timed,priority,3512641005,10000,100000,96696,19505,0.065917969,unavailable,0,0,0,0,0,0,0,0,1,0,1
open_dense,49,timed,priority,3512641005,10000,100000,97097,19553,0.051269531,unavailable,0,0,0,0,0,0,0,0,1,0,1
open_dense,49,timed,priority,3512641005,10000,100000,98281,19689,0.127441406,unavailable,0,0,0,0,0,0,0,0,1,0,1
open_dense,49,diagnostic,priority,3512641005,10000,100000,294,10039,4.475830078,large,8192,16376,1,10,16387,14,1,14,3,0,3
open_dense,49,diagnostic,priority,3512641005,10000,100000,7648,10731,0.265136719,large,512,1016,1,6,1023,14,1,14,1,0,3
open_dense,49,diagnostic,priority,3512641005,10000,100000,8286,10821,0.079101562,local,128,248,1,4,253,14,1,14,1,0,3
open_dense,49,diagnostic,priority,3512641005,10000,100000,9273,10875,0.775390625,large,2048,4088,1,8,4097,14,1,14,1,0,3
open_dense,49,diagnostic,priority,3512641005,10000,100000,13352,11279,0.123779297,large,256,504,1,5,510,14,1,14,0,0,3
open_dense,49,diagnostic,priority,3512641005,10000,100000,24991,12330,0.067871094,local,128,248,1,4,253,14,0,14,1,0,3
open_dense,49,diagnostic,priority,3512641005,10000,100000,30311,12852,0.252929688,large,512,1016,1,6,1023,14,0,14,1,0,3
open_dense,49,diagnostic,priority,3512641005,10000,100000,37159,13565,0.059326172,local,8,8,1,0,9,14,1,14,3,0,1
open_dense,49,diagnostic,priority,3512641005,10000,100000,43780,14141,0.041259766,local,64,120,1,3,124,15,1,15,1,0,3
open_dense,49,diagnostic,priority,3512641005,10000,100000,45652,14307,0.136962891,large,256,504,1,5,510,14,1,14,1,0,3
open_dense,49,diagnostic,priority,3512641005,10000,100000,48009,14567,0.075683594,local,16,24,1,1,26,14,0,14,3,0,1
open_dense,49,diagnostic,priority,3512641005,10000,100000,50473,14847,0.056396484,direct,0,0,0,0,0,14,1,14,3,0,1
open_dense,49,diagnostic,priority,3512641005,10000,100000,52337,15048,0.04296875,local,64,120,1,3,124,15,1,15,3,0,3
open_dense,49,diagnostic,priority,3512641005,10000,100000,54525,15266,0.584472656,large,1024,2040,1,7,2048,15,1,15,1,0,3
open_dense,49,diagnostic,priority,3512641005,10000,100000,58183,15594,3.994873047,large,8192,16376,1,10,16387,14,1,14,1,0,3
open_dense,49,diagnostic,priority,3512641005,10000,100000,63905,16103,0.078369141,local,128,248,1,4,253,16,1,16,3,0,3
open_dense,49,diagnostic,priority,3512641005,10000,100000,69639,16749,0.082275391,local,128,248,1,4,253,15,1,15,3,0,3
open_dense,49,diagnostic,priority,3512641005,10000,100000,79244,17685,0.040771484,local,64,120,1,3,124,15,1,15,3,0,2
open_dense,49,diagnostic,priority,3512641005,10000,100000,79813,17710,0.069335938,local,128,248,1,4,253,15,1,15,1,0,3
open_dense,49,diagnostic,priority,3512641005,10000,100000,81650,17952,0.040771484,local,64,120,1,3,124,15,1,15,3,0,2
open_dense,49,diagnostic,priority,3512641005,10000,100000,83605,18182,0.043457031,local,64,120,1,3,124,15,1,15,3,0,3
open_dense,49,diagnostic,priority,3512641005,10000,100000,84578,18276,0.077880859,local,32,56,1,2,59,16,1,16,3,0,1
open_dense,49,diagnostic,priority,3512641005,10000,100000,85183,18342,0.040771484,local,64,120,1,3,124,14,1,14,1,0,2
open_dense,49,diagnostic,priority,3512641005,10000,100000,85811,18416,0.040771484,local,64,120,1,3,124,15,1,15,3,0,2
open_dense,49,diagnostic,priority,3512641005,10000,100000,86841,18487,0.116210938,large,256,504,1,5,510,15,1,15,1,0,3
open_dense,49,diagnostic,priority,3512641005,10000,100000,87257,18516,0.040771484,local,64,120,1,3,124,15,1,15,3,0,2
open_dense,49,diagnostic,priority,3512641005,10000,100000,95341,19344,0.061035156,local,32,56,1,2,59,14,1,14,1,0,1
open_dense,49,diagnostic,priority,3512641005,10000,100000,96696,19505,0.076660156,local,128,248,1,4,253,15,1,15,1,0,3
open_dense,49,diagnostic,priority,3512641005,10000,100000,98281,19689,0.141113281,large,256,504,1,5,510,15,1,15,1,0,3
open_dense,49,diagnostic,priority,3512641005,10000,100000,98336,19697,0.042480469,local,64,120,1,3,124,16,1,16,3,0,3
baseline,50,timed,local,3512641005,10000,100000,10340,10023,0.007080078,unavailable,0,0,0,0,0,0,0,0,4,0,1
baseline,50,timed,local,3512641005,10000,100000,18113,10017,0.007568359,unavailable,0,0,0,0,0,0,0,0,4,0,1
baseline,50,timed,local,3512641005,10000,100000,23862,10022,0.006347656,unavailable,0,0,0,0,0,0,0,0,1,0,1
baseline,50,timed,local,3512641005,10000,100000,31141,10034,0.007324219,unavailable,0,0,0,0,0,0,0,0,1,0,1
baseline,50,timed,local,3512641005,10000,100000,41166,10004,0.007324219,unavailable,0,0,0,0,0,0,0,0,1,0,1
baseline,50,timed,local,3512641005,10000,100000,50491,10022,0.006103516,unavailable,0,0,0,0,0,0,0,0,1,0,1
baseline,50,timed,local,3512641005,10000,100000,50892,10004,0.006347656,unavailable,0,0,0,0,0,0,0,0,1,0,1
baseline,50,timed,local,3512641005,10000,100000,53911,10004,0.006347656,unavailable,0,0,0,0,0,0,0,0,1,0,1
baseline,50,timed,local,3512641005,10000,100000,61875,9991,0.008056641,unavailable,0,0,0,0,0,0,0,0,5,0,1
baseline,50,timed,local,3512641005,10000,100000,62411,10010,0.01171875,unavailable,0,0,0,0,0,0,0,0,2,0,1
baseline,50,timed,local,3512641005,10000,100000,63612,9988,0.007080078,unavailable,0,0,0,0,0,0,0,0,1,0,1
baseline,50,timed,local,3512641005,10000,100000,65107,9979,0.0078125,unavailable,0,0,0,0,0,0,0,0,1,0,1
baseline,50,timed,local,3512641005,10000,100000,66118,9993,0.006347656,unavailable,0,0,0,0,0,0,0,0,1,0,1
baseline,50,timed,local,3512641005,10000,100000,70272,10026,0.007324219,unavailable,0,0,0,0,0,0,0,0,1,0,1
baseline,50,timed,local,3512641005,10000,100000,70374,10030,0.006103516,unavailable,0,0,0,0,0,0,0,0,1,0,1
baseline,50,timed,local,3512641005,10000,100000,75051,10006,0.006835938,unavailable,0,0,0,0,0,0,0,0,1,0,1
baseline,50,timed,local,3512641005,10000,100000,75123,10005,0.006103516,unavailable,0,0,0,0,0,0,0,0,1,0,1
baseline,50,timed,local,3512641005,10000,100000,86067,10004,0.009033203,unavailable,0,0,0,0,0,0,0,0,1,0,1
baseline,50,timed,local,3512641005,10000,100000,89301,9996,0.006103516,unavailable,0,0,0,0,0,0,0,0,1,0,1
baseline,50,timed,local,3512641005,10000,100000,90958,9977,0.006591797,unavailable,0,0,0,0,0,0,0,0,1,0,1
baseline,50,timed,local,3512641005,10000,100000,94867,9973,0.005859375,unavailable,0,0,0,0,0,0,0,0,1,0,1
baseline,50,timed,local,3512641005,10000,100000,95157,9971,0.007568359,unavailable,0,0,0,0,0,0,0,0,1,0,1
baseline,50,timed,local,3512641005,10000,100000,98607,9983,0.008544922,unavailable,0,0,0,0,0,0,0,0,1,0,1
baseline,50,timed,local,3512641005,10000,100000,99104,9979,0.007080078,unavailable,0,0,0,0,0,0,0,0,1,0,1
baseline,50,timed,local,3512641005,10000,100000,99444,9995,0.006347656,unavailable,0,0,0,0,0,0,0,0,1,0,1
baseline,50,diagnostic,local,3512641005,10000,100000,343,10014,0.019042969,direct,0,0,0,0,0,13,0,13,1,0,1
baseline,50,diagnostic,local,3512641005,10000,100000,6074,10056,0.027099609,direct,0,0,0,0,0,14,0,14,3,0,1
baseline,50,diagnostic,local,3512641005,10000,100000,12301,10025,0.007324219,local,8,8,1,0,9,15,1,15,1,0,1
baseline,50,diagnostic,local,3512641005,10000,100000,21539,9997,0.008056641,local,8,8,1,0,9,14,2,14,1,0,1
baseline,50,diagnostic,local,3512641005,10000,100000,27925,9987,0.096191406,direct,0,0,0,0,0,13,2,13,2,0,1
baseline,50,diagnostic,local,3512641005,10000,100000,30784,10033,0.005859375,local,16,24,1,1,26,14,2,14,1,0,2
baseline,50,diagnostic,local,3512641005,10000,100000,31141,10034,0.008300781,local,16,24,1,1,26,14,1,14,1,0,3
baseline,50,diagnostic,local,3512641005,10000,100000,31896,10029,0.006835938,local,8,8,1,0,9,13,0,13,1,0,1
baseline,50,diagnostic,local,3512641005,10000,100000,41166,10004,0.007568359,local,16,24,1,1,26,13,0,13,1,0,3
baseline,50,diagnostic,local,3512641005,10000,100000,41692,10002,0.008056641,direct,0,0,0,0,0,14,1,14,3,0,1
baseline,50,diagnostic,local,3512641005,10000,100000,50491,10022,0.007324219,local,16,24,1,1,26,15,1,15,1,0,3
baseline,50,diagnostic,local,3512641005,10000,100000,50892,10004,0.007080078,local,16,24,1,1,26,12,2,12,1,0,3
baseline,50,diagnostic,local,3512641005,10000,100000,53158,10008,0.006347656,local,16,24,1,1,26,13,0,13,1,0,2
baseline,50,diagnostic,local,3512641005,10000,100000,53911,10004,0.006835938,local,16,24,1,1,26,13,0,13,1,0,3
baseline,50,diagnostic,local,3512641005,10000,100000,57942,9972,0.006591797,local,16,24,1,1,26,13,0,13,1,0,3
baseline,50,diagnostic,local,3512641005,10000,100000,58107,9976,0.0078125,direct,0,0,0,0,0,13,0,13,1,0,1
baseline,50,diagnostic,local,3512641005,10000,100000,63612,9988,0.008056641,local,16,24,1,1,26,13,0,13,1,0,3
baseline,50,diagnostic,local,3512641005,10000,100000,63797,9987,0.006103516,local,16,24,1,1,26,14,1,14,1,0,2
baseline,50,diagnostic,local,3512641005,10000,100000,65107,9979,0.008789062,local,16,24,1,1,26,14,1,14,1,0,3
baseline,50,diagnostic,local,3512641005,10000,100000,66118,9993,0.008300781,local,16,24,1,1,26,13,0,13,1,0,3
baseline,50,diagnostic,local,3512641005,10000,100000,66322,9997,0.031738281,direct,0,0,0,0,0,12,0,12,5,0,1
baseline,50,diagnostic,local,3512641005,10000,100000,66860,10003,0.033935547,local,8,8,1,0,9,14,1,14,1,0,3
baseline,50,diagnostic,local,3512641005,10000,100000,70272,10026,0.007324219,local,16,24,1,1,26,13,0,13,1,0,3
baseline,50,diagnostic,local,3512641005,10000,100000,70374,10030,0.006103516,local,16,24,1,1,26,13,1,13,1,0,2
baseline,50,diagnostic,local,3512641005,10000,100000,75051,10006,0.007080078,local,16,24,1,1,26,13,0,13,1,0,3
baseline,50,diagnostic,local,3512641005,10000,100000,75123,10005,0.006103516,local,16,24,1,1,26,14,1,14,1,0,2
baseline,50,diagnostic,local,3512641005,10000,100000,86067,10004,0.010742188,local,16,24,1,1,26,13,0,13,1,0,3
baseline,50,diagnostic,local,3512641005,10000,100000,89301,9996,0.006347656,local,16,24,1,1,26,12,0,12,1,0,2
baseline,50,diagnostic,local,3512641005,10000,100000,90958,9977,0.006103516,local,16,24,1,1,26,13,0,13,1,0,2
baseline,50,diagnostic,local,3512641005,10000,100000,94867,9973,0.005859375,local,16,24,1,1,26,13,2,13,1,0,2
baseline,50,diagnostic,local,3512641005,10000,100000,95157,9971,0.007568359,local,16,24,1,1,26,13,0,13,1,0,3
baseline,50,diagnostic,local,3512641005,10000,100000,98607,9983,0.007568359,local,16,24,1,1,26,14,0,14,1,0,3
baseline,50,diagnostic,local,3512641005,10000,100000,99104,9979,0.006591797,local,16,24,1,1,26,14,2,14,1,0,3
baseline,50,diagnostic,local,3512641005,10000,100000,99444,9995,0.006103516,local,16,24,1,1,26,12,0,12,1,0,2
open_dense,50,timed,local,3512641005,10000,100000,10340,10023,0.006591797,unavailable,0,0,0,0,0,0,0,0,4,0,1
open_dense,50,timed,local,3512641005,10000,100000,20733,10004,0.018066406,unavailable,0,0,0,0,0,0,0,0,3,0,1
open_dense,50,timed,local,3512641005,10000,100000,31141,10034,0.007324219,unavailable,0,0,0,0,0,0,0,0,1,0,1
open_dense,50,timed,local,3512641005,10000,100000,41166,10004,0.006591797,unavailable,0,0,0,0,0,0,0,0,1,0,1
open_dense,50,timed,local,3512641005,10000,100000,50892,10004,0.006835938,unavailable,0,0,0,0,0,0,0,0,1,0,1
open_dense,50,timed,local,3512641005,10000,100000,63612,9988,0.006835938,unavailable,0,0,0,0,0,0,0,0,1,0,1
open_dense,50,timed,local,3512641005,10000,100000,65107,9979,0.008056641,unavailable,0,0,0,0,0,0,0,0,1,0,1
open_dense,50,timed,local,3512641005,10000,100000,70272,10026,0.007324219,unavailable,0,0,0,0,0,0,0,0,1,0,1
open_dense,50,timed,local,3512641005,10000,100000,75051,10006,0.006591797,unavailable,0,0,0,0,0,0,0,0,1,0,1
open_dense,50,timed,local,3512641005,10000,100000,76482,10013,0.008300781,unavailable,0,0,0,0,0,0,0,0,2,0,1
open_dense,50,timed,local,3512641005,10000,100000,86067,10004,0.009521484,unavailable,0,0,0,0,0,0,0,0,1,0,1
open_dense,50,timed,local,3512641005,10000,100000,89301,9996,0.006347656,unavailable,0,0,0,0,0,0,0,0,1,0,1
open_dense,50,timed,local,3512641005,10000,100000,90958,9977,0.006835938,unavailable,0,0,0,0,0,0,0,0,1,0,1
open_dense,50,timed,local,3512641005,10000,100000,94867,9973,0.006347656,unavailable,0,0,0,0,0,0,0,0,1,0,1
open_dense,50,timed,local,3512641005,10000,100000,95157,9971,0.007568359,unavailable,0,0,0,0,0,0,0,0,1,0,1
open_dense,50,timed,local,3512641005,10000,100000,96088,9983,0.014648438,unavailable,0,0,0,0,0,0,0,0,4,0,1
open_dense,50,timed,local,3512641005,10000,100000,96886,9984,0.010009766,unavailable,0,0,0,0,0,0,0,0,1,0,1
open_dense,50,timed,local,3512641005,10000,100000,96888,9984,0.006835938,unavailable,0,0,0,0,0,0,0,0,4,0,1
open_dense,50,timed,local,3512641005,10000,100000,96904,9984,0.012451172,unavailable,0,0,0,0,0,0,0,0,1,0,1
open_dense,50,timed,local,3512641005,10000,100000,97000,9987,0.008544922,unavailable,0,0,0,0,0,0,0,0,1,0,1
open_dense,50,timed,local,3512641005,10000,100000,97070,9986,0.006835938,unavailable,0,0,0,0,0,0,0,0,1,0,1
open_dense,50,timed,local,3512641005,10000,100000,98061,9993,0.011474609,unavailable,0,0,0,0,0,0,0,0,5,0,1
open_dense,50,timed,local,3512641005,10000,100000,98607,9983,0.010498047,unavailable,0,0,0,0,0,0,0,0,1,0,1
open_dense,50,timed,local,3512641005,10000,100000,99104,9979,0.010009766,unavailable,0,0,0,0,0,0,0,0,1,0,1
open_dense,50,timed,local,3512641005,10000,100000,99444,9995,0.010986328,unavailable,0,0,0,0,0,0,0,0,1,0,1
open_dense,50,diagnostic,local,3512641005,10000,100000,1226,10010,0.010009766,direct,0,0,0,0,0,14,0,14,2,0,1
open_dense,50,diagnostic,local,3512641005,10000,100000,6074,10056,0.026855469,direct,0,0,0,0,0,14,0,14,3,0,1
open_dense,50,diagnostic,local,3512641005,10000,100000,12301,10025,0.006591797,local,8,8,1,0,9,15,1,15,1,0,3
open_dense,50,diagnostic,local,3512641005,10000,100000,30784,10033,0.005859375,local,16,24,1,1,26,14,2,14,1,0,2
open_dense,50,diagnostic,local,3512641005,10000,100000,31141,10034,0.008544922,local,16,24,1,1,26,14,1,14,1,0,3
open_dense,50,diagnostic,local,3512641005,10000,100000,41166,10004,0.007568359,local,16,24,1,1,26,13,0,13,1,0,3
open_dense,50,diagnostic,local,3512641005,10000,100000,50491,10022,0.007324219,local,16,24,1,1,26,15,1,15,1,0,3
open_dense,50,diagnostic,local,3512641005,10000,100000,50892,10004,0.007080078,local,16,24,1,1,26,12,2,12,1,0,3
open_dense,50,diagnostic,local,3512641005,10000,100000,53158,10008,0.006835938,local,16,24,1,1,26,13,0,13,1,0,3
open_dense,50,diagnostic,local,3512641005,10000,100000,53911,10004,0.007324219,local,16,24,1,1,26,13,0,13,1,0,3
open_dense,50,diagnostic,local,3512641005,10000,100000,57942,9972,0.006835938,local,16,24,1,1,26,13,0,13,1,0,3
open_dense,50,diagnostic,local,3512641005,10000,100000,63612,9988,0.008056641,local,16,24,1,1,26,13,0,13,1,0,3
open_dense,50,diagnostic,local,3512641005,10000,100000,63797,9987,0.006347656,local,16,24,1,1,26,14,1,14,1,0,2
open_dense,50,diagnostic,local,3512641005,10000,100000,65107,9979,0.009277344,local,16,24,1,1,26,14,1,14,1,0,3
open_dense,50,diagnostic,local,3512641005,10000,100000,66118,9993,0.007080078,local,16,24,1,1,26,13,0,13,1,0,3
open_dense,50,diagnostic,local,3512641005,10000,100000,70272,10026,0.0078125,local,16,24,1,1,26,13,0,13,1,0,3
open_dense,50,diagnostic,local,3512641005,10000,100000,70374,10030,0.006591797,local,16,24,1,1,26,13,1,13,1,0,3
open_dense,50,diagnostic,local,3512641005,10000,100000,75051,10006,0.007080078,local,16,24,1,1,26,13,0,13,1,0,3
open_dense,50,diagnostic,local,3512641005,10000,100000,75123,10005,0.006835938,local,16,24,1,1,26,14,1,14,1,0,3
open_dense,50,diagnostic,local,3512641005,10000,100000,86067,10004,0.010986328,local,16,24,1,1,26,13,0,13,1,0,3
open_dense,50,diagnostic,local,3512641005,10000,100000,89301,9996,0.006835938,local,16,24,1,1,26,12,0,12,1,0,3
open_dense,50,diagnostic,local,3512641005,10000,100000,90958,9977,0.007080078,local,16,24,1,1,26,13,0,13,1,0,3
open_dense,50,diagnostic,local,3512641005,10000,100000,94867,9973,0.007080078,local,16,24,1,1,26,13,2,13,1,0,3
open_dense,50,diagnostic,local,3512641005,10000,100000,95157,9971,0.008544922,local,16,24,1,1,26,13,0,13,1,0,3
open_dense,50,diagnostic,local,3512641005,10000,100000,98607,9983,0.008544922,local,16,24,1,1,26,14,0,14,1,0,3
open_dense,50,diagnostic,local,3512641005,10000,100000,99104,9979,0.007568359,local,16,24,1,1,26,14,2,14,1,0,3
open_dense,50,diagnostic,local,3512641005,10000,100000,99444,9995,0.007324219,local,16,24,1,1,26,12,0,12,1,0,3
baseline,51,timed,churn,3512641005,10000,100000,3842,10042,0.004394531,unavailable,0,0,0,0,0,0,0,0,1,0,1
baseline,51,timed,churn,3512641005,10000,100000,19019,9949,0.107666016,unavailable,0,0,0,0,0,0,0,0,3,0,1
baseline,51,timed,churn,3512641005,10000,100000,19607,9952,0.004150391,unavailable,0,0,0,0,0,0,0,0,2,0,1
baseline,51,timed,churn,3512641005,10000,100000,20338,9942,0.005859375,unavailable,0,0,0,0,0,0,0,0,1,0,1
baseline,51,timed,churn,3512641005,10000,100000,21570,9980,0.005126953,unavailable,0,0,0,0,0,0,0,0,1,0,1
baseline,51,timed,churn,3512641005,10000,100000,26602,9894,0.004150391,unavailable,0,0,0,0,0,0,0,0,1,0,1
baseline,51,timed,churn,3512641005,10000,100000,34946,9847,0.007080078,unavailable,0,0,0,0,0,0,0,0,2,0,1
baseline,51,timed,churn,3512641005,10000,100000,42435,9878,0.004150391,unavailable,0,0,0,0,0,0,0,0,2,0,1
baseline,51,timed,churn,3512641005,10000,100000,46913,9756,0.00390625,unavailable,0,0,0,0,0,0,0,0,1,0,1
baseline,51,timed,churn,3512641005,10000,100000,53649,9687,0.00390625,unavailable,0,0,0,0,0,0,0,0,3,0,1
baseline,51,timed,churn,3512641005,10000,100000,66804,9646,0.011474609,unavailable,0,0,0,0,0,0,0,0,1,0,1
baseline,51,timed,churn,3512641005,10000,100000,83448,9704,0.00390625,unavailable,0,0,0,0,0,0,0,0,4,0,1
baseline,51,timed,churn,3512641005,10000,100000,90089,9782,0.00390625,unavailable,0,0,0,0,0,0,0,0,1,0,1
baseline,51,timed,churn,3512641005,10000,100000,92333,9751,0.005371094,unavailable,0,0,0,0,0,0,0,0,1,0,1
baseline,51,timed,churn,3512641005,10000,100000,94537,9775,0.005859375,unavailable,0,0,0,0,0,0,0,0,3,0,1
baseline,51,timed,churn,3512641005,10000,100000,96740,9778,0.004638672,unavailable,0,0,0,0,0,0,0,0,6,0,1
baseline,51,timed,churn,3512641005,10000,100000,98255,9781,0.021484375,unavailable,0,0,0,0,0,0,0,0,1,0,1
baseline,51,timed,churn,3512641005,10000,100000,98631,9784,0.015869141,unavailable,0,0,0,0,0,0,0,0,1,0,1
baseline,51,timed,churn,3512641005,10000,100000,98633,9783,0.003662109,unavailable,0,0,0,0,0,0,0,0,1,0,1
baseline,51,timed,churn,3512641005,10000,100000,98634,9784,0.004638672,unavailable,0,0,0,0,0,0,0,0,2,0,1
baseline,51,timed,churn,3512641005,10000,100000,98637,9784,0.004150391,unavailable,0,0,0,0,0,0,0,0,2,0,1
baseline,51,timed,churn,3512641005,10000,100000,98640,9784,0.00390625,unavailable,0,0,0,0,0,0,0,0,3,0,1
baseline,51,timed,churn,3512641005,10000,100000,98721,9796,0.008300781,unavailable,0,0,0,0,0,0,0,0,1,0,1
baseline,51,timed,churn,3512641005,10000,100000,98762,9796,0.022949219,unavailable,0,0,0,0,0,0,0,0,1,0,1
baseline,51,timed,churn,3512641005,10000,100000,98884,9788,0.003662109,unavailable,0,0,0,0,0,0,0,0,1,0,1
baseline,51,diagnostic,churn,3512641005,10000,100000,2717,10046,0.072753906,direct,0,0,0,0,0,13,2,13,2,0,1
baseline,51,diagnostic,churn,3512641005,10000,100000,10958,10013,0.023193359,direct,0,0,0,0,0,13,2,13,1,0,1
baseline,51,diagnostic,churn,3512641005,10000,100000,16443,9948,0.050048828,direct,0,0,0,0,0,13,0,13,1,0,1
baseline,51,diagnostic,churn,3512641005,10000,100000,20338,9942,0.010742188,local,8,8,1,0,9,13,0,13,1,0,2
baseline,51,diagnostic,churn,3512641005,10000,100000,25952,9901,0.154296875,direct,0,0,0,0,0,14,1,14,2,0,1
baseline,51,diagnostic,churn,3512641005,10000,100000,26064,9905,0.037841797,direct,0,0,0,0,0,13,2,13,1,0,1
baseline,51,diagnostic,churn,3512641005,10000,100000,27195,9868,0.025634766,direct,0,0,0,0,0,13,2,13,2,0,1
baseline,51,diagnostic,churn,3512641005,10000,100000,38724,9878,0.004638672,local,8,8,1,0,9,14,2,14,1,0,2
baseline,51,diagnostic,churn,3512641005,10000,100000,38941,9884,0.031738281,direct,0,0,0,0,0,12,0,12,1,0,1
baseline,51,diagnostic,churn,3512641005,10000,100000,40091,9897,0.005126953,local,8,8,1,0,9,13,0,13,1,0,2
baseline,51,diagnostic,churn,3512641005,10000,100000,53784,9693,0.079345703,direct,0,0,0,0,0,14,2,14,1,0,1
baseline,51,diagnostic,churn,3512641005,10000,100000,53914,9698,0.126464844,direct,0,0,0,0,0,13,0,13,4,0,1
baseline,51,diagnostic,churn,3512641005,10000,100000,55074,9726,0.014404297,direct,0,0,0,0,0,15,2,15,2,0,1
baseline,51,diagnostic,churn,3512641005,10000,100000,55079,9726,0.004394531,local,8,8,1,0,9,13,0,13,1,0,2
baseline,51,diagnostic,churn,3512641005,10000,100000,59884,9695,0.004150391,local,8,8,1,0,9,14,0,14,1,0,2
baseline,51,diagnostic,churn,3512641005,10000,100000,61738,9693,0.006591797,local,8,8,1,0,9,13,0,13,1,0,2
baseline,51,diagnostic,churn,3512641005,10000,100000,66407,9640,0.045898438,direct,0,0,0,0,0,14,0,14,1,0,1
baseline,51,diagnostic,churn,3512641005,10000,100000,67488,9618,0.004150391,local,8,8,1,0,9,14,1,14,1,0,2
baseline,51,diagnostic,churn,3512641005,10000,100000,68550,9620,0.035888672,direct,0,0,0,0,0,13,0,13,1,0,1
baseline,51,diagnostic,churn,3512641005,10000,100000,69902,9572,0.017089844,direct,0,0,0,0,0,13,0,13,5,0,1
baseline,51,diagnostic,churn,3512641005,10000,100000,69960,9572,0.010498047,local,8,8,1,0,9,12,0,12,1,0,2
baseline,51,diagnostic,churn,3512641005,10000,100000,71475,9604,0.011230469,local,8,8,1,0,9,13,1,13,1,0,2
baseline,51,diagnostic,churn,3512641005,10000,100000,72372,9599,0.004394531,local,8,8,1,0,9,13,0,13,1,0,2
baseline,51,diagnostic,churn,3512641005,10000,100000,73291,9608,0.006103516,local,8,8,1,0,9,14,0,14,1,0,2
baseline,51,diagnostic,churn,3512641005,10000,100000,80703,9716,0.029785156,direct,0,0,0,0,0,13,0,13,1,0,1
baseline,51,diagnostic,churn,3512641005,10000,100000,80814,9728,0.004150391,local,8,8,1,0,9,14,0,14,1,0,2
baseline,51,diagnostic,churn,3512641005,10000,100000,93460,9748,0.004394531,local,8,8,1,0,9,13,2,13,1,0,2
baseline,51,diagnostic,churn,3512641005,10000,100000,95804,9788,0.107910156,direct,0,0,0,0,0,13,0,13,1,0,1
baseline,51,diagnostic,churn,3512641005,10000,100000,95933,9784,0.010009766,local,8,8,1,0,9,15,1,15,1,0,2
baseline,51,diagnostic,churn,3512641005,10000,100000,95988,9778,0.004394531,local,8,8,1,0,9,13,0,13,1,0,2
baseline,51,diagnostic,churn,3512641005,10000,100000,96420,9794,0.013427734,local,8,8,1,0,9,14,2,14,1,0,3
baseline,51,diagnostic,churn,3512641005,10000,100000,96617,9776,0.011230469,local,8,8,1,0,9,13,2,13,1,0,2
baseline,51,diagnostic,churn,3512641005,10000,100000,97023,9767,0.011474609,local,8,8,1,0,9,13,2,13,1,0,2
baseline,51,diagnostic,churn,3512641005,10000,100000,97766,9772,0.014648438,direct,0,0,0,0,0,15,1,15,2,0,1
baseline,51,diagnostic,churn,3512641005,10000,100000,98025,9776,0.015136719,local,8,8,1,0,9,14,1,14,1,0,3
baseline,51,diagnostic,churn,3512641005,10000,100000,98059,9780,0.034912109,direct,0,0,0,0,0,14,2,14,2,0,1
baseline,51,diagnostic,churn,3512641005,10000,100000,98211,9778,0.079589844,direct,0,0,0,0,0,15,2,15,4,0,1
baseline,51,diagnostic,churn,3512641005,10000,100000,98401,9790,0.125732422,direct,0,0,0,0,0,15,1,15,2,0,1
baseline,51,diagnostic,churn,3512641005,10000,100000,98402,9790,0.013183594,direct,0,0,0,0,0,14,0,14,1,0,1
baseline,51,diagnostic,churn,3512641005,10000,100000,98408,9788,0.013427734,direct,0,0,0,0,0,14,2,14,2,0,1
baseline,51,diagnostic,churn,3512641005,10000,100000,98721,9796,0.016601562,local,8,8,1,0,9,14,2,14,1,0,3
baseline,51,diagnostic,churn,3512641005,10000,100000,98884,9788,0.018066406,local,8,8,1,0,9,13,2,13,1,0,3
baseline,51,diagnostic,churn,3512641005,10000,100000,99186,9798,0.012939453,local,8,8,1,0,9,14,2,14,1,0,2
baseline,51,diagnostic,churn,3512641005,10000,100000,99471,9817,0.008789062,local,8,8,1,0,9,13,0,13,1,0,2
baseline,51,diagnostic,churn,3512641005,10000,100000,99569,9829,0.006591797,local,8,8,1,0,9,13,2,13,1,0,2
baseline,51,diagnostic,churn,3512641005,10000,100000,99823,9846,0.008544922,local,8,8,1,0,9,15,1,15,1,0,2
open_dense,51,timed,churn,3512641005,10000,100000,20338,9942,0.013671875,unavailable,0,0,0,0,0,0,0,0,1,0,1
open_dense,51,timed,churn,3512641005,10000,100000,50681,9742,0.015380859,unavailable,0,0,0,0,0,0,0,0,3,0,1
open_dense,51,timed,churn,3512641005,10000,100000,62544,9704,0.046386719,unavailable,0,0,0,0,0,0,0,0,2,0,1
open_dense,51,timed,churn,3512641005,10000,100000,64652,9672,0.013671875,unavailable,0,0,0,0,0,0,0,0,2,0,1
open_dense,51,timed,churn,3512641005,10000,100000,76677,9641,0.013427734,unavailable,0,0,0,0,0,0,0,0,1,0,1
open_dense,51,timed,churn,3512641005,10000,100000,76754,9642,0.014160156,unavailable,0,0,0,0,0,0,0,0,4,0,1
open_dense,51,timed,churn,3512641005,10000,100000,77714,9681,0.014404297,unavailable,0,0,0,0,0,0,0,0,3,0,1
open_dense,51,timed,churn,3512641005,10000,100000,77794,9682,0.013427734,unavailable,0,0,0,0,0,0,0,0,1,0,1
open_dense,51,timed,churn,3512641005,10000,100000,77870,9678,0.013427734,unavailable,0,0,0,0,0,0,0,0,5,0,1
open_dense,51,timed,churn,3512641005,10000,100000,78013,9696,0.013427734,unavailable,0,0,0,0,0,0,0,0,1,0,1
open_dense,51,timed,churn,3512641005,10000,100000,78087,9691,0.012939453,unavailable,0,0,0,0,0,0,0,0,2,0,1
open_dense,51,timed,churn,3512641005,10000,100000,78152,9688,0.015380859,unavailable,0,0,0,0,0,0,0,0,1,0,1
open_dense,51,timed,churn,3512641005,10000,100000,78230,9686,0.013183594,unavailable,0,0,0,0,0,0,0,0,1,0,1
open_dense,51,timed,churn,3512641005,10000,100000,80306,9726,0.030273438,unavailable,0,0,0,0,0,0,0,0,5,0,1
open_dense,51,timed,churn,3512641005,10000,100000,81279,9722,0.033447266,unavailable,0,0,0,0,0,0,0,0,1,0,1
open_dense,51,timed,churn,3512641005,10000,100000,81911,9719,0.050537109,unavailable,0,0,0,0,0,0,0,0,3,0,1
open_dense,51,timed,churn,3512641005,10000,100000,83433,9699,0.0546875,unavailable,0,0,0,0,0,0,0,0,6,0,1
open_dense,51,timed,churn,3512641005,10000,100000,83496,9711,0.013916016,unavailable,0,0,0,0,0,0,0,0,6,0,1
open_dense,51,timed,churn,3512641005,10000,100000,83815,9698,0.029052734,unavailable,0,0,0,0,0,0,0,0,1,0,1
open_dense,51,timed,churn,3512641005,10000,100000,83949,9696,0.019042969,unavailable,0,0,0,0,0,0,0,0,1,0,1
open_dense,51,timed,churn,3512641005,10000,100000,83963,9698,0.095214844,unavailable,0,0,0,0,0,0,0,0,3,0,1
open_dense,51,timed,churn,3512641005,10000,100000,84220,9692,0.013183594,unavailable,0,0,0,0,0,0,0,0,1,0,1
open_dense,51,timed,churn,3512641005,10000,100000,84498,9688,0.0234375,unavailable,0,0,0,0,0,0,0,0,1,0,1
open_dense,51,timed,churn,3512641005,10000,100000,89238,9766,0.056152344,unavailable,0,0,0,0,0,0,0,0,3,0,1
open_dense,51,timed,churn,3512641005,10000,100000,89627,9753,0.072753906,unavailable,0,0,0,0,0,0,0,0,1,0,1
open_dense,51,diagnostic,churn,3512641005,10000,100000,448,10024,0.006103516,direct,0,0,0,0,0,13,0,13,2,0,1
open_dense,51,diagnostic,churn,3512641005,10000,100000,1243,10032,0.006835938,direct,0,0,0,0,0,13,0,13,2,0,1
open_dense,51,diagnostic,churn,3512641005,10000,100000,6336,10019,0.014892578,direct,0,0,0,0,0,12,0,12,1,0,1
open_dense,51,diagnostic,churn,3512641005,10000,100000,6340,10019,0.005615234,direct,0,0,0,0,0,14,2,14,2,0,1
open_dense,51,diagnostic,churn,3512641005,10000,100000,7850,9978,0.006591797,direct,0,0,0,0,0,13,0,13,2,0,1
open_dense,51,diagnostic,churn,3512641005,10000,100000,16444,9949,0.029296875,direct,0,0,0,0,0,13,0,13,1,0,1
open_dense,51,diagnostic,churn,3512641005,10000,100000,17219,9925,0.026367188,direct,0,0,0,0,0,13,2,13,2,0,1
open_dense,51,diagnostic,churn,3512641005,10000,100000,20338,9942,0.007324219,local,8,8,1,0,9,13,0,13,1,0,3
open_dense,51,diagnostic,churn,3512641005,10000,100000,21375,9975,0.01953125,direct,0,0,0,0,0,13,0,13,4,0,1
open_dense,51,diagnostic,churn,3512641005,10000,100000,26976,9882,0.006347656,direct,0,0,0,0,0,13,0,13,4,0,1
open_dense,51,diagnostic,churn,3512641005,10000,100000,31691,9846,0.018066406,direct,0,0,0,0,0,15,1,15,1,0,1
open_dense,51,diagnostic,churn,3512641005,10000,100000,33888,9812,0.105712891,direct,0,0,0,0,0,12,1,12,3,0,1
open_dense,51,diagnostic,churn,3512641005,10000,100000,35441,9841,0.012939453,direct,0,0,0,0,0,15,1,15,2,0,1
open_dense,51,diagnostic,churn,3512641005,10000,100000,35444,9842,0.009521484,direct,0,0,0,0,0,13,0,13,2,0,1
open_dense,51,diagnostic,churn,3512641005,10000,100000,38381,9884,0.013183594,direct,0,0,0,0,0,14,1,14,3,0,1
open_dense,51,diagnostic,churn,3512641005,10000,100000,38382,9885,0.014160156,direct,0,0,0,0,0,13,0,13,3,0,1
open_dense,51,diagnostic,churn,3512641005,10000,100000,38724,9878,0.005371094,local,8,8,1,0,9,14,2,14,1,0,3
open_dense,51,diagnostic,churn,3512641005,10000,100000,40091,9897,0.004394531,local,8,8,1,0,9,13,0,13,1,0,2
open_dense,51,diagnostic,churn,3512641005,10000,100000,43125,9872,0.004394531,local,8,8,1,0,9,14,0,14,1,0,2
open_dense,51,diagnostic,churn,3512641005,10000,100000,44210,9851,0.012939453,direct,0,0,0,0,0,13,0,13,1,0,1
open_dense,51,diagnostic,churn,3512641005,10000,100000,45327,9819,0.003662109,local,8,8,1,0,9,15,1,15,1,0,2
open_dense,51,diagnostic,churn,3512641005,10000,100000,47130,9759,0.021728516,direct,0,0,0,0,0,13,1,13,3,0,1
open_dense,51,diagnostic,churn,3512641005,10000,100000,52910,9716,0.013671875,direct,0,0,0,0,0,13,0,13,3,0,1
open_dense,51,diagnostic,churn,3512641005,10000,100000,54793,9720,0.006347656,direct,0,0,0,0,0,13,0,13,4,0,1
open_dense,51,diagnostic,churn,3512641005,10000,100000,55079,9726,0.009521484,local,8,8,1,0,9,13,0,13,1,0,3
open_dense,51,diagnostic,churn,3512641005,10000,100000,59884,9695,0.00390625,local,8,8,1,0,9,14,0,14,1,0,2
open_dense,51,diagnostic,churn,3512641005,10000,100000,60003,9688,0.012939453,direct,0,0,0,0,0,14,0,14,1,0,1
open_dense,51,diagnostic,churn,3512641005,10000,100000,60747,9690,0.004394531,local,8,8,1,0,9,13,0,13,1,0,2
open_dense,51,diagnostic,churn,3512641005,10000,100000,61595,9702,0.044921875,direct,0,0,0,0,0,13,0,13,2,0,1
open_dense,51,diagnostic,churn,3512641005,10000,100000,61738,9693,0.003417969,local,8,8,1,0,9,13,0,13,1,0,2
open_dense,51,diagnostic,churn,3512641005,10000,100000,69960,9572,0.003417969,local,8,8,1,0,9,12,0,12,1,0,2
open_dense,51,diagnostic,churn,3512641005,10000,100000,70446,9603,0.003662109,local,8,8,1,0,9,13,1,13,1,0,2
open_dense,51,diagnostic,churn,3512641005,10000,100000,71157,9603,0.003662109,local,8,8,1,0,9,13,0,13,1,0,2
open_dense,51,diagnostic,churn,3512641005,10000,100000,72372,9599,0.004150391,local,8,8,1,0,9,13,0,13,1,0,2
open_dense,51,diagnostic,churn,3512641005,10000,100000,77386,9680,0.003173828,local,8,8,1,0,9,15,1,15,1,0,2
open_dense,51,diagnostic,churn,3512641005,10000,100000,77586,9681,0.003173828,local,8,8,1,0,9,14,0,14,1,0,2
open_dense,51,diagnostic,churn,3512641005,10000,100000,79844,9731,0.003173828,local,8,8,1,0,9,14,2,14,1,0,2
open_dense,51,diagnostic,churn,3512641005,10000,100000,82681,9711,0.004638672,local,8,8,1,0,9,13,0,13,1,0,2
open_dense,51,diagnostic,churn,3512641005,10000,100000,83856,9698,0.003173828,local,8,8,1,0,9,14,2,14,1,0,2
open_dense,51,diagnostic,churn,3512641005,10000,100000,85342,9715,0.003417969,local,8,8,1,0,9,14,1,14,1,0,2
open_dense,51,diagnostic,churn,3512641005,10000,100000,89482,9769,0.003417969,local,8,8,1,0,9,13,2,13,1,0,2
open_dense,51,diagnostic,churn,3512641005,10000,100000,90986,9786,0.003173828,local,8,8,1,0,9,13,0,13,1,0,2
open_dense,51,diagnostic,churn,3512641005,10000,100000,96617,9776,0.003173828,local,8,8,1,0,9,13,2,13,1,0,2
open_dense,51,diagnostic,churn,3512641005,10000,100000,97023,9767,0.004882812,local,8,8,1,0,9,13,2,13,1,0,2
open_dense,51,diagnostic,churn,3512641005,10000,100000,97173,9752,0.009033203,direct,0,0,0,0,0,15,2,15,4,0,1
open_dense,51,diagnostic,churn,3512641005,10000,100000,98025,9776,0.003417969,local,8,8,1,0,9,14,1,14,1,0,2
open_dense,51,diagnostic,churn,3512641005,10000,100000,99823,9846,0.003417969,local,8,8,1,0,9,15,1,15,1,0,2
baseline,52,timed,churn,3512641005,50000,500000,2443,50033,0.045166016,unavailable,0,0,0,0,0,0,0,0,1,0,1
baseline,52,timed,churn,3512641005,50000,500000,34738,49825,0.018798828,unavailable,0,0,0,0,0,0,0,0,2,0,1
baseline,52,timed,churn,3512641005,50000,500000,35191,49858,0.032958984,unavailable,0,0,0,0,0,0,0,0,1,0,1
baseline,52,timed,churn,3512641005,50000,500000,41709,49858,0.041992188,unavailable,0,0,0,0,0,0,0,0,2,0,1
baseline,52,timed,churn,3512641005,50000,500000,43243,49868,0.317138672,unavailable,0,0,0,0,0,0,0,0,3,0,1
baseline,52,timed,churn,3512641005,50000,500000,43875,49842,0.026367188,unavailable,0,0,0,0,0,0,0,0,3,0,1
baseline,52,timed,churn,3512641005,50000,500000,50399,49758,0.015869141,unavailable,0,0,0,0,0,0,0,0,3,0,1
baseline,52,timed,churn,3512641005,50000,500000,72732,49596,0.015869141,unavailable,0,0,0,0,0,0,0,0,2,0,1
baseline,52,timed,churn,3512641005,50000,500000,92107,49752,0.015869141,unavailable,0,0,0,0,0,0,0,0,2,0,1
baseline,52,timed,churn,3512641005,50000,500000,136980,49993,0.119628906,unavailable,0,0,0,0,0,0,0,0,1,0,1
baseline,52,timed,churn,3512641005,50000,500000,172121,50007,0.033447266,unavailable,0,0,0,0,0,0,0,0,4,0,1
baseline,52,timed,churn,3512641005,50000,500000,194819,50128,0.016357422,unavailable,0,0,0,0,0,0,0,0,3,0,1
baseline,52,timed,churn,3512641005,50000,500000,218296,50071,0.05859375,unavailable,0,0,0,0,0,0,0,0,2,0,1
baseline,52,timed,churn,3512641005,50000,500000,267307,49886,0.022705078,unavailable,0,0,0,0,0,0,0,0,2,0,1
baseline,52,timed,churn,3512641005,50000,500000,278332,49824,0.084960938,unavailable,0,0,0,0,0,0,0,0,1,0,1
baseline,52,timed,churn,3512641005,50000,500000,347248,49863,0.104248047,unavailable,0,0,0,0,0,0,0,0,5,0,1
baseline,52,timed,churn,3512641005,50000,500000,350001,49820,0.017333984,unavailable,0,0,0,0,0,0,0,0,2,0,1
baseline,52,timed,churn,3512641005,50000,500000,350088,49815,1.689453125,unavailable,0,0,0,0,0,0,0,0,1,0,1
baseline,52,timed,churn,3512641005,50000,500000,350090,49814,0.024169922,unavailable,0,0,0,0,0,0,0,0,2,0,1
baseline,52,timed,churn,3512641005,50000,500000,350093,49814,0.015625,unavailable,0,0,0,0,0,0,0,0,5,0,1
baseline,52,timed,churn,3512641005,50000,500000,350157,49803,0.020507812,unavailable,0,0,0,0,0,0,0,0,2,0,1
baseline,52,timed,churn,3512641005,50000,500000,353958,49750,0.026855469,unavailable,0,0,0,0,0,0,0,0,3,0,1
baseline,52,timed,churn,3512641005,50000,500000,412254,49728,0.103027344,unavailable,0,0,0,0,0,0,0,0,2,0,1
baseline,52,timed,churn,3512641005,50000,500000,448241,49752,0.061035156,unavailable,0,0,0,0,0,0,0,0,3,0,1
baseline,52,timed,churn,3512641005,50000,500000,459997,49753,0.095214844,unavailable,0,0,0,0,0,0,0,0,1,0,1
baseline,52,diagnostic,churn,3512641005,50000,500000,14195,49971,0.080566406,direct,0,0,0,0,0,16,2,16,1,0,1
baseline,52,diagnostic,churn,3512641005,50000,500000,69748,49562,0.039306641,direct,0,0,0,0,0,16,2,16,2,0,1
baseline,52,diagnostic,churn,3512641005,50000,500000,75359,49661,0.030761719,direct,0,0,0,0,0,16,0,16,1,0,1
baseline,52,diagnostic,churn,3512641005,50000,500000,78046,49697,0.036376953,direct,0,0,0,0,0,15,0,15,2,0,1
baseline,52,diagnostic,churn,3512641005,50000,500000,97334,49764,0.015625,local,8,8,1,0,9,17,2,17,2,0,2
baseline,52,diagnostic,churn,3512641005,50000,500000,147739,50031,0.096923828,direct,0,0,0,0,0,16,2,16,4,0,1
baseline,52,diagnostic,churn,3512641005,50000,500000,154620,50014,0.035644531,local,8,8,1,0,9,16,1,16,2,0,3
baseline,52,diagnostic,churn,3512641005,50000,500000,194752,50133,0.043701172,direct,0,0,0,0,0,15,0,15,3,0,1
baseline,52,diagnostic,churn,3512641005,50000,500000,197947,50165,0.059570312,direct,0,0,0,0,0,16,1,16,3,0,1
baseline,52,diagnostic,churn,3512641005,50000,500000,208629,50077,0.1015625,direct,0,0,0,0,0,16,0,16,3,0,1
baseline,52,diagnostic,churn,3512641005,50000,500000,208916,50083,0.010253906,local,16,24,1,1,26,17,2,17,2,0,2
baseline,52,diagnostic,churn,3512641005,50000,500000,221328,50033,0.100097656,direct,0,0,0,0,0,17,0,17,1,0,1
baseline,52,diagnostic,churn,3512641005,50000,500000,241723,50006,0.009521484,local,16,24,1,1,26,16,0,16,1,0,2
baseline,52,diagnostic,churn,3512641005,50000,500000,260219,49866,0.067626953,direct,0,0,0,0,0,16,0,16,2,0,1
baseline,52,diagnostic,churn,3512641005,50000,500000,310829,49909,0.010986328,local,16,24,1,1,26,16,0,16,2,0,2
baseline,52,diagnostic,churn,3512641005,50000,500000,324610,50021,0.012939453,local,8,8,1,0,9,16,0,16,2,0,2
baseline,52,diagnostic,churn,3512641005,50000,500000,326094,50017,0.015380859,local,8,8,1,0,9,17,2,17,2,0,2
baseline,52,diagnostic,churn,3512641005,50000,500000,341379,49949,0.011962891,local,16,24,1,1,26,18,1,18,2,0,2
baseline,52,diagnostic,churn,3512641005,50000,500000,352705,49743,0.014892578,local,8,8,1,0,9,16,1,16,2,0,2
baseline,52,diagnostic,churn,3512641005,50000,500000,353351,49735,0.039794922,direct,0,0,0,0,0,17,0,17,3,0,1
baseline,52,diagnostic,churn,3512641005,50000,500000,354391,49752,0.051513672,direct,0,0,0,0,0,16,2,16,1,0,1
baseline,52,diagnostic,churn,3512641005,50000,500000,354897,49766,0.017578125,local,8,8,1,0,9,18,1,18,2,0,2
baseline,52,diagnostic,churn,3512641005,50000,500000,356334,49751,0.027587891,local,16,24,1,1,26,14,0,14,1,0,2
baseline,52,diagnostic,churn,3512641005,50000,500000,358554,49737,0.012695312,local,8,8,1,0,9,17,2,17,2,0,2
baseline,52,diagnostic,churn,3512641005,50000,500000,365931,49659,0.012451172,local,8,8,1,0,9,15,0,15,2,0,2
baseline,52,diagnostic,churn,3512641005,50000,500000,368086,49685,0.034179688,direct,0,0,0,0,0,16,0,16,4,0,1
baseline,52,diagnostic,churn,3512641005,50000,500000,372937,49693,0.060302734,direct,0,0,0,0,0,17,2,17,6,0,1
baseline,52,diagnostic,churn,3512641005,50000,500000,379345,49708,0.044677734,direct,0,0,0,0,0,16,1,16,1,0,1
baseline,52,diagnostic,churn,3512641005,50000,500000,379613,49712,0.014648438,local,8,8,1,0,9,17,0,17,2,0,2
baseline,52,diagnostic,churn,3512641005,50000,500000,379751,49712,0.012939453,local,8,8,1,0,9,17,0,17,2,0,2
baseline,52,diagnostic,churn,3512641005,50000,500000,379883,49714,0.67578125,direct,0,0,0,0,0,15,2,15,2,0,1
baseline,52,diagnostic,churn,3512641005,50000,500000,380673,49715,0.109130859,direct,0,0,0,0,0,16,2,16,2,0,1
baseline,52,diagnostic,churn,3512641005,50000,500000,380845,49711,0.033447266,direct,0,0,0,0,0,18,2,18,5,0,1
baseline,52,diagnostic,churn,3512641005,50000,500000,385352,49803,0.052246094,direct,0,0,0,0,0,15,0,15,3,0,1
baseline,52,diagnostic,churn,3512641005,50000,500000,387949,49724,0.012451172,local,8,8,1,0,9,16,1,16,2,0,2
baseline,52,diagnostic,churn,3512641005,50000,500000,388668,49756,0.015136719,local,8,8,1,0,9,18,2,18,2,0,2
baseline,52,diagnostic,churn,3512641005,50000,500000,388882,49750,0.014892578,local,8,8,1,0,9,15,0,15,1,0,2
baseline,52,diagnostic,churn,3512641005,50000,500000,389733,49733,0.015136719,local,8,8,1,0,9,17,2,17,1,0,2
baseline,52,diagnostic,churn,3512641005,50000,500000,404037,49715,0.05078125,direct,0,0,0,0,0,13,0,13,3,0,1
baseline,52,diagnostic,churn,3512641005,50000,500000,405397,49713,0.010009766,local,16,24,1,1,26,16,2,16,2,0,2
baseline,52,diagnostic,churn,3512641005,50000,500000,419443,49874,0.043701172,direct,0,0,0,0,0,16,0,16,3,0,1
baseline,52,diagnostic,churn,3512641005,50000,500000,428110,49764,0.011230469,local,16,24,1,1,26,16,0,16,2,0,2
baseline,52,diagnostic,churn,3512641005,50000,500000,445567,49810,0.116455078,direct,0,0,0,0,0,17,2,17,4,0,1
baseline,52,diagnostic,churn,3512641005,50000,500000,449125,49736,0.009521484,local,16,24,1,1,26,16,0,16,1,0,2
baseline,52,diagnostic,churn,3512641005,50000,500000,477123,49607,0.05859375,direct,0,0,0,0,0,16,0,16,2,0,1
baseline,52,diagnostic,churn,3512641005,50000,500000,481502,49535,0.015136719,local,16,24,1,1,26,15,0,15,1,0,2
baseline,52,diagnostic,churn,3512641005,50000,500000,485035,49543,1.657958984,direct,0,0,0,0,0,17,2,17,2,0,1
baseline,52,diagnostic,churn,3512641005,50000,500000,485608,49536,0.018798828,local,8,8,1,0,9,17,1,17,1,0,2
baseline,52,diagnostic,churn,3512641005,50000,500000,497883,49542,0.012451172,local,16,24,1,1,26,17,2,17,2,0,2
open_dense,52,timed,churn,3512641005,50000,500000,58249,49728,0.047851562,unavailable,0,0,0,0,0,0,0,0,2,0,1
open_dense,52,timed,churn,3512641005,50000,500000,84849,49693,0.081054688,unavailable,0,0,0,0,0,0,0,0,2,0,1
open_dense,52,timed,churn,3512641005,50000,500000,156955,49985,0.032958984,unavailable,0,0,0,0,0,0,0,0,3,0,1
open_dense,52,timed,churn,3512641005,50000,500000,158420,49935,0.101318359,unavailable,0,0,0,0,0,0,0,0,1,0,1
open_dense,52,timed,churn,3512641005,50000,500000,164713,49899,0.029052734,unavailable,0,0,0,0,0,0,0,0,2,0,1
open_dense,52,timed,churn,3512641005,50000,500000,164969,49910,0.072998047,unavailable,0,0,0,0,0,0,0,0,3,0,1
open_dense,52,timed,churn,3512641005,50000,500000,167527,49953,0.052001953,unavailable,0,0,0,0,0,0,0,0,2,0,1
open_dense,52,timed,churn,3512641005,50000,500000,168677,49941,0.030029297,unavailable,0,0,0,0,0,0,0,0,2,0,1
open_dense,52,timed,churn,3512641005,50000,500000,170201,49994,0.042724609,unavailable,0,0,0,0,0,0,0,0,3,0,1
open_dense,52,timed,churn,3512641005,50000,500000,171955,50002,0.037109375,unavailable,0,0,0,0,0,0,0,0,1,0,1
open_dense,52,timed,churn,3512641005,50000,500000,175400,50128,0.056640625,unavailable,0,0,0,0,0,0,0,0,2,0,1
open_dense,52,timed,churn,3512641005,50000,500000,175542,50118,0.039306641,unavailable,0,0,0,0,0,0,0,0,2,0,1
open_dense,52,timed,churn,3512641005,50000,500000,177134,50090,0.031494141,unavailable,0,0,0,0,0,0,0,0,2,0,1
open_dense,52,timed,churn,3512641005,50000,500000,180975,50095,0.041992188,unavailable,0,0,0,0,0,0,0,0,4,0,1
open_dense,52,timed,churn,3512641005,50000,500000,282052,49798,0.048339844,unavailable,0,0,0,0,0,0,0,0,2,0,1
open_dense,52,timed,churn,3512641005,50000,500000,319793,49945,0.051025391,unavailable,0,0,0,0,0,0,0,0,4,0,1
open_dense,52,timed,churn,3512641005,50000,500000,445952,49796,0.036376953,unavailable,0,0,0,0,0,0,0,0,3,0,1
open_dense,52,timed,churn,3512641005,50000,500000,446303,49787,0.04296875,unavailable,0,0,0,0,0,0,0,0,1,0,1
open_dense,52,timed,churn,3512641005,50000,500000,446526,49768,0.037597656,unavailable,0,0,0,0,0,0,0,0,2,0,1
open_dense,52,timed,churn,3512641005,50000,500000,447035,49756,0.026611328,unavailable,0,0,0,0,0,0,0,0,3,0,1
open_dense,52,timed,churn,3512641005,50000,500000,447093,49740,0.270996094,unavailable,0,0,0,0,0,0,0,0,3,0,1
open_dense,52,timed,churn,3512641005,50000,500000,449301,49734,0.058349609,unavailable,0,0,0,0,0,0,0,0,4,0,1
open_dense,52,timed,churn,3512641005,50000,500000,449363,49736,0.042236328,unavailable,0,0,0,0,0,0,0,0,1,0,1
open_dense,52,timed,churn,3512641005,50000,500000,449462,49724,0.040283203,unavailable,0,0,0,0,0,0,0,0,2,0,1
open_dense,52,timed,churn,3512641005,50000,500000,488734,49588,0.058837891,unavailable,0,0,0,0,0,0,0,0,1,0,1
open_dense,52,diagnostic,churn,3512641005,50000,500000,3192,50040,0.244384766,direct,0,0,0,0,0,16,2,16,3,0,1
open_dense,52,diagnostic,churn,3512641005,50000,500000,7208,50014,0.034912109,direct,0,0,0,0,0,15,0,15,3,0,1
open_dense,52,diagnostic,churn,3512641005,50000,500000,18994,49946,0.047607422,direct,0,0,0,0,0,16,0,16,2,0,1
open_dense,52,diagnostic,churn,3512641005,50000,500000,40584,49893,0.065673828,direct,0,0,0,0,0,15,0,15,1,0,1
open_dense,52,diagnostic,churn,3512641005,50000,500000,97334,49764,0.012207031,local,8,8,1,0,9,17,2,17,2,0,2
open_dense,52,diagnostic,churn,3512641005,50000,500000,136240,49936,0.068603516,direct,0,0,0,0,0,17,1,17,1,0,1
open_dense,52,diagnostic,churn,3512641005,50000,500000,137866,49977,0.009765625,local,8,8,1,0,9,15,0,15,2,0,2
open_dense,52,diagnostic,churn,3512641005,50000,500000,142603,50009,0.011474609,local,8,8,1,0,9,16,2,16,2,0,2
open_dense,52,diagnostic,churn,3512641005,50000,500000,146490,50051,0.012939453,local,8,8,1,0,9,16,1,16,2,0,2
open_dense,52,diagnostic,churn,3512641005,50000,500000,148381,50043,0.013183594,local,8,8,1,0,9,15,0,15,1,0,2
open_dense,52,diagnostic,churn,3512641005,50000,500000,154620,50014,0.023681641,local,8,8,1,0,9,16,1,16,2,0,2
open_dense,52,diagnostic,churn,3512641005,50000,500000,186594,50169,0.048583984,direct,0,0,0,0,0,17,0,17,4,0,1
open_dense,52,diagnostic,churn,3512641005,50000,500000,194983,50122,0.102783203,direct,0,0,0,0,0,15,0,15,2,0,1
open_dense,52,diagnostic,churn,3512641005,50000,500000,208916,50083,0.011230469,local,16,24,1,1,26,17,2,17,2,0,2
open_dense,52,diagnostic,churn,3512641005,50000,500000,241723,50006,0.009277344,local,16,24,1,1,26,16,0,16,1,0,2
open_dense,52,diagnostic,churn,3512641005,50000,500000,270840,49905,0.032958984,direct,0,0,0,0,0,17,1,17,3,0,1
open_dense,52,diagnostic,churn,3512641005,50000,500000,279623,49825,0.037353516,direct,0,0,0,0,0,15,0,15,2,0,1
open_dense,52,diagnostic,churn,3512641005,50000,500000,307785,49889,0.046630859,direct,0,0,0,0,0,16,0,16,2,0,1
open_dense,52,diagnostic,churn,3512641005,50000,500000,310829,49909,0.010498047,local,16,24,1,1,26,16,0,16,2,0,2
open_dense,52,diagnostic,churn,3512641005,50000,500000,341379,49949,0.011962891,local,16,24,1,1,26,18,1,18,2,0,2
open_dense,52,diagnostic,churn,3512641005,50000,500000,356334,49751,0.015380859,local,16,24,1,1,26,14,0,14,1,0,2
open_dense,52,diagnostic,churn,3512641005,50000,500000,357915,49740,0.102539062,direct,0,0,0,0,0,17,1,17,4,0,1
open_dense,52,diagnostic,churn,3512641005,50000,500000,359350,49718,0.016601562,local,8,8,1,0,9,14,0,14,1,0,2
open_dense,52,diagnostic,churn,3512641005,50000,500000,363313,49658,0.029541016,direct,0,0,0,0,0,18,1,18,2,0,1
open_dense,52,diagnostic,churn,3512641005,50000,500000,368683,49669,0.017333984,local,8,8,1,0,9,16,0,16,2,0,2
open_dense,52,diagnostic,churn,3512641005,50000,500000,368763,49666,0.012695312,local,8,8,1,0,9,16,2,16,2,0,2
open_dense,52,diagnostic,churn,3512641005,50000,500000,369095,49648,0.009521484,local,8,8,1,0,9,16,1,16,2,0,2
open_dense,52,diagnostic,churn,3512641005,50000,500000,369575,49657,0.775634766,direct,0,0,0,0,0,16,2,16,2,0,1
open_dense,52,diagnostic,churn,3512641005,50000,500000,369757,49669,0.011230469,local,8,8,1,0,9,17,2,17,2,0,2
open_dense,52,diagnostic,churn,3512641005,50000,500000,369848,49664,0.337402344,direct,0,0,0,0,0,17,1,17,3,0,1
open_dense,52,diagnostic,churn,3512641005,50000,500000,372148,49687,0.038330078,direct,0,0,0,0,0,15,0,15,2,0,1
open_dense,52,diagnostic,churn,3512641005,50000,500000,372979,49695,0.036865234,direct,0,0,0,0,0,16,0,16,5,0,1
open_dense,52,diagnostic,churn,3512641005,50000,500000,374055,49676,0.061767578,direct,0,0,0,0,0,16,1,16,2,0,1
open_dense,52,diagnostic,churn,3512641005,50000,500000,379782,49717,0.112548828,direct,0,0,0,0,0,15,1,15,3,0,1
open_dense,52,diagnostic,churn,3512641005,50000,500000,381783,49749,0.039550781,direct,0,0,0,0,0,16,0,16,4,0,1
open_dense,52,diagnostic,churn,3512641005,50000,500000,382043,49759,0.041015625,direct,0,0,0,0,0,16,0,16,4,0,1
open_dense,52,diagnostic,churn,3512641005,50000,500000,390205,49738,0.033935547,direct,0,0,0,0,0,16,0,16,3,0,1
open_dense,52,diagnostic,churn,3512641005,50000,500000,391163,49724,0.009765625,local,8,8,1,0,9,16,0,16,1,0,2
open_dense,52,diagnostic,churn,3512641005,50000,500000,392495,49718,0.01171875,local,8,8,1,0,9,16,1,16,2,0,2
open_dense,52,diagnostic,churn,3512641005,50000,500000,393345,49738,0.030273438,direct,0,0,0,0,0,16,0,16,1,0,1
open_dense,52,diagnostic,churn,3512641005,50000,500000,403506,49737,0.034423828,direct,0,0,0,0,0,17,2,17,4,0,1
open_dense,52,diagnostic,churn,3512641005,50000,500000,405397,49713,0.010986328,local,16,24,1,1,26,16,2,16,2,0,2
open_dense,52,diagnostic,churn,3512641005,50000,500000,419788,49868,0.102294922,direct,0,0,0,0,0,17,1,17,1,0,1
open_dense,52,diagnostic,churn,3512641005,50000,500000,424094,49853,0.034667969,direct,0,0,0,0,0,16,1,16,5,0,1
open_dense,52,diagnostic,churn,3512641005,50000,500000,428110,49764,0.013427734,local,16,24,1,1,26,16,0,16,2,0,2
open_dense,52,diagnostic,churn,3512641005,50000,500000,435784,49814,0.013427734,local,8,8,1,0,9,17,1,17,1,0,2
open_dense,52,diagnostic,churn,3512641005,50000,500000,449125,49736,0.009033203,local,16,24,1,1,26,16,0,16,1,0,2
open_dense,52,diagnostic,churn,3512641005,50000,500000,481502,49535,0.014160156,local,16,24,1,1,26,15,0,15,1,0,2
open_dense,52,diagnostic,churn,3512641005,50000,500000,494970,49514,0.010742188,local,8,8,1,0,9,17,0,17,1,0,2
open_dense,52,diagnostic,churn,3512641005,50000,500000,497883,49542,0.01171875,local,16,24,1,1,26,17,2,17,2,0,2
