strategy,run,build,workload,seed,initial,operations,operation,resident,depth_mean,depth_p95,depth_p99,depth_max,display_mean,display_max,lk1_mean,lk1_max,resident_path_bytes,lk1_payload_bytes,path_digest,alloc_calls,requested_bytes,live_bytes,peak_live_bytes,path_object_bytes,path_step_bytes,tree_node_bytes
baseline,1,timed,timeline,17,1000,10000,0,1000,0.999,1,1,1,3.999,4,13.992,14,47984,13992,c37bd93d2bb7b1c8,,,,,,,
baseline,1,timed,timeline,17,1000,10000,1000,1834,1.03108,1,2,3,4.125954,12,14.248637,30,88496,26132,c559b1f1244d0af3,,,,,,,
baseline,1,timed,timeline,17,1000,10000,2000,2590,1.031274,1,2,3,4.126255,12,14.250193,30,124992,36908,e6ccf27c591929f8,,,,,,,
baseline,1,timed,timeline,17,1000,10000,3000,3378,1.028715,1,2,3,4.115749,12,14.229722,30,162944,48068,1f2004cbdcf00851,,,,,,,
baseline,1,timed,timeline,17,1000,10000,4000,4168,1.028311,1,2,3,4.113964,12,14.226488,30,201040,59296,68ef2dee4d7181a8,,,,,,,
baseline,1,timed,timeline,17,1000,10000,5000,4980,1.109639,2,2,3,4.439157,12,14.877108,30,243448,74088,3249be79bccfd376,,,,,,,
baseline,1,timed,timeline,17,1000,10000,6000,5794,1.243355,2,2,3,4.973939,12,15.946842,30,289432,92396,481791192d839d4b,,,,,,,
baseline,1,timed,timeline,17,1000,10000,7000,6604,1.34252,2,2,3,5.370533,12,16.740157,30,335136,110552,2d3439d5240db962,,,,,,,
baseline,1,timed,timeline,17,1000,10000,8000,7422,1.417542,2,2,3,5.670574,12,17.34034,30,381112,128700,d7eb7e5aee3ccad6,,,,,,,
baseline,1,timed,timeline,17,1000,10000,9000,8224,1.477505,2,2,3,5.910384,12,17.820039,30,426264,146552,7f5bb789a01bade1,,,,,,,
baseline,1,timed,timeline,17,1000,10000,10000,9020,1.605211,3,3,3,6.421175,12,18.841685,30,482384,169952,42e6346969b50cf0,,,,,,,
baseline,1,diagnostic,timeline,17,1000,10000,0,1000,0.999,1,1,1,3.999,4,13.992,14,47984,13992,c37bd93d2bb7b1c8,3001,96040,96040,96040,32000,15984,48000
baseline,1,diagnostic,timeline,17,1000,10000,1000,1834,1.03108,1,2,3,4.125954,12,14.248637,30,88496,26132,c559b1f1244d0af3,5752,185464,176584,176584,58688,29808,88032
baseline,1,diagnostic,timeline,17,1000,10000,2000,2590,1.031274,1,2,3,4.126255,12,14.250193,30,124992,36908,e6ccf27c591929f8,8386,270424,249368,249368,82880,42112,124320
baseline,1,diagnostic,timeline,17,1000,10000,3000,3378,1.028715,1,2,3,4.115749,12,14.229722,30,162944,48068,1f2004cbdcf00851,11068,356728,325144,325144,108096,54848,162144
baseline,1,diagnostic,timeline,17,1000,10000,4000,4168,1.028311,1,2,3,4.113964,12,14.226488,30,201040,59296,68ef2dee4d7181a8,13753,443200,401160,401160,133376,67664,200064
baseline,1,diagnostic,timeline,17,1000,10000,5000,4980,1.109639,2,2,3,4.439157,12,14.877108,30,243448,74088,3249be79bccfd376,16471,540520,482544,482544,159360,84088,239040
baseline,1,diagnostic,timeline,17,1000,10000,6000,5794,1.243355,2,2,3,4.973939,12,15.946842,30,289432,92396,481791192d839d4b,19192,648664,567600,567600,185408,104024,278112
baseline,1,diagnostic,timeline,17,1000,10000,7000,6604,1.34252,2,2,3,5.370533,12,16.740157,30,335136,110552,2d3439d5240db962,21907,756688,652184,652184,211328,123808,316992
baseline,1,diagnostic,timeline,17,1000,10000,8000,7422,1.417542,2,2,3,5.670574,12,17.34034,30,381112,128700,d7eb7e5aee3ccad6,24634,864976,737424,737424,237504,143608,356256
baseline,1,diagnostic,timeline,17,1000,10000,9000,8224,1.477505,2,2,3,5.910384,12,17.820039,30,426264,146552,7f5bb789a01bade1,27337,972640,821072,821072,263168,163096,394752
baseline,1,diagnostic,timeline,17,1000,10000,10000,9020,1.605211,3,3,3,6.421175,12,18.841685,30,482384,169952,42e6346969b50cf0,30031,1108264,915400,915400,288640,193744,432960
open_dense,1,timed,timeline,17,1000,10000,0,1000,0.999,1,1,1,3.999,4,13.992,14,47984,13992,c37bd93d2bb7b1c8,,,,,,,
open_dense,1,timed,timeline,17,1000,10000,1000,1834,1.03108,1,2,3,4.125954,12,14.248637,30,88496,26132,c559b1f1244d0af3,,,,,,,
open_dense,1,timed,timeline,17,1000,10000,2000,2590,1.031274,1,2,3,4.126255,12,14.250193,30,124992,36908,e6ccf27c591929f8,,,,,,,
open_dense,1,timed,timeline,17,1000,10000,3000,3378,1.028715,1,2,3,4.115749,12,14.229722,30,162944,48068,1f2004cbdcf00851,,,,,,,
open_dense,1,timed,timeline,17,1000,10000,4000,4168,1.028311,1,2,3,4.113964,12,14.226488,30,201040,59296,68ef2dee4d7181a8,,,,,,,
open_dense,1,timed,timeline,17,1000,10000,5000,4980,1.109639,2,2,3,4.439157,12,14.877108,30,243448,74088,3249be79bccfd376,,,,,,,
open_dense,1,timed,timeline,17,1000,10000,6000,5794,1.243355,2,2,3,4.973939,12,15.946842,30,289432,92396,481791192d839d4b,,,,,,,
open_dense,1,timed,timeline,17,1000,10000,7000,6604,1.34252,2,2,3,5.370533,12,16.740157,30,335136,110552,2d3439d5240db962,,,,,,,
open_dense,1,timed,timeline,17,1000,10000,8000,7422,1.417542,2,2,3,5.670574,12,17.34034,30,381112,128700,d7eb7e5aee3ccad6,,,,,,,
open_dense,1,timed,timeline,17,1000,10000,9000,8224,1.477505,2,2,3,5.910384,12,17.820039,30,426264,146552,7f5bb789a01bade1,,,,,,,
open_dense,1,timed,timeline,17,1000,10000,10000,9020,1.605211,3,3,3,6.421175,12,18.841685,30,482384,169952,42e6346969b50cf0,,,,,,,
open_dense,1,diagnostic,timeline,17,1000,10000,0,1000,0.999,1,1,1,3.999,4,13.992,14,47984,13992,c37bd93d2bb7b1c8,3001,96040,96040,96040,32000,15984,48000
open_dense,1,diagnostic,timeline,17,1000,10000,1000,1834,1.03108,1,2,3,4.125954,12,14.248637,30,88496,26132,c559b1f1244d0af3,5752,185464,176584,176584,58688,29808,88032
open_dense,1,diagnostic,timeline,17,1000,10000,2000,2590,1.031274,1,2,3,4.126255,12,14.250193,30,124992,36908,e6ccf27c591929f8,8386,270424,249368,249368,82880,42112,124320
open_dense,1,diagnostic,timeline,17,1000,10000,3000,3378,1.028715,1,2,3,4.115749,12,14.229722,30,162944,48068,1f2004cbdcf00851,11068,356728,325144,325144,108096,54848,162144
open_dense,1,diagnostic,timeline,17,1000,10000,4000,4168,1.028311,1,2,3,4.113964,12,14.226488,30,201040,59296,68ef2dee4d7181a8,13753,443200,401160,401160,133376,67664,200064
open_dense,1,diagnostic,timeline,17,1000,10000,5000,4980,1.109639,2,2,3,4.439157,12,14.877108,30,243448,74088,3249be79bccfd376,16471,540520,482544,482544,159360,84088,239040
open_dense,1,diagnostic,timeline,17,1000,10000,6000,5794,1.243355,2,2,3,4.973939,12,15.946842,30,289432,92396,481791192d839d4b,19192,648664,567600,567600,185408,104024,278112
open_dense,1,diagnostic,timeline,17,1000,10000,7000,6604,1.34252,2,2,3,5.370533,12,16.740157,30,335136,110552,2d3439d5240db962,21907,756688,652184,652184,211328,123808,316992
open_dense,1,diagnostic,timeline,17,1000,10000,8000,7422,1.417542,2,2,3,5.670574,12,17.34034,30,381112,128700,d7eb7e5aee3ccad6,24634,864976,737424,737424,237504,143608,356256
open_dense,1,diagnostic,timeline,17,1000,10000,9000,8224,1.477505,2,2,3,5.910384,12,17.820039,30,426264,146552,7f5bb789a01bade1,27337,972640,821072,821072,263168,163096,394752
open_dense,1,diagnostic,timeline,17,1000,10000,10000,9020,1.605211,3,3,3,6.421175,12,18.841685,30,482384,169952,42e6346969b50cf0,30031,1108264,915400,915400,288640,193744,432960
baseline,2,timed,timeline,305419896,1000,10000,0,1000,0.999,1,1,1,3.999,4,13.992,14,47984,13992,c37bd93d2bb7b1c8,,,,,,,
baseline,2,timed,timeline,305419896,1000,10000,1000,1826,1.026835,1,2,4,4.108981,16,14.214677,38,88064,25956,6ecf0ac742435af5,,,,,,,
baseline,2,timed,timeline,305419896,1000,10000,2000,2612,1.027182,1,2,4,4.109877,16,14.217458,38,125976,37136,12220c0f63845814,,,,,,,
baseline,2,timed,timeline,305419896,1000,10000,3000,3418,1.027501,1,2,4,4.110884,16,14.220012,38,164848,48604,042e02542b21210c,,,,,,,
baseline,2,timed,timeline,305419896,1000,10000,4000,4234,1.026453,1,2,4,4.106519,16,14.21162,38,204168,60172,b52fb5c224fcebcc,,,,,,,
baseline,2,timed,timeline,305419896,1000,10000,5000,5030,1.111928,2,2,4,4.44831,16,14.895427,38,245992,74924,0ad13ea0b91622d7,,,,,,,
baseline,2,timed,timeline,305419896,1000,10000,6000,5810,1.241824,2,2,4,4.967814,16,15.934596,38,290176,92580,62d920a91ad50eb0,,,,,,,
baseline,2,timed,timeline,305419896,1000,10000,7000,6608,1.341102,2,2,4,5.364861,16,16.728814,38,335288,110544,abef37ddb71eb2c5,,,,,,,
baseline,2,timed,timeline,305419896,1000,10000,8000,7414,1.418263,2,2,4,5.673456,16,17.346102,38,380760,128604,48c96e5e1567c989,,,,,,,
baseline,2,timed,timeline,305419896,1000,10000,9000,8192,1.479736,2,2,4,5.919312,16,17.837891,38,424744,146128,e7de749db7090ee5,,,,,,,
baseline,2,timed,timeline,305419896,1000,10000,10000,8994,1.602513,3,3,4,6.410385,16,18.820102,38,480360,169268,f0335bb62b0ee0bf,,,,,,,
baseline,2,diagnostic,timeline,305419896,1000,10000,0,1000,0.999,1,1,1,3.999,4,13.992,14,47984,13992,c37bd93d2bb7b1c8,3001,96040,96040,96040,32000,15984,48000
baseline,2,diagnostic,timeline,305419896,1000,10000,1000,1826,1.026835,1,2,4,4.108981,16,14.214677,38,88064,25956,6ecf0ac742435af5,5740,184920,175768,175768,58432,29632,87648
baseline,2,diagnostic,timeline,305419896,1000,10000,2000,2612,1.027182,1,2,4,4.109877,16,14.217458,38,125976,37136,12220c0f63845814,8419,271320,251408,251504,83584,42392,125376
baseline,2,diagnostic,timeline,305419896,1000,10000,3000,3418,1.027501,1,2,4,4.110884,16,14.220012,38,164848,48604,042e02542b21210c,11128,358560,328968,328968,109376,55472,164064
baseline,2,diagnostic,timeline,305419896,1000,10000,4000,4234,1.026453,1,2,4,4.106519,16,14.21162,38,204168,60172,b52fb5c224fcebcc,13852,446208,407456,407456,135488,68680,203232
baseline,2,diagnostic,timeline,305419896,1000,10000,5000,5030,1.111928,2,2,4,4.44831,16,14.895427,38,245992,74924,0ad13ea0b91622d7,16546,543312,487488,487488,160960,85032,241440
baseline,2,diagnostic,timeline,305419896,1000,10000,6000,5810,1.241824,2,2,4,4.967814,16,15.934596,38,290176,92580,62d920a91ad50eb0,19216,649560,569112,569112,185920,104256,278880
baseline,2,diagnostic,timeline,305419896,1000,10000,7000,6608,1.341102,2,2,4,5.364861,16,16.728814,38,335288,110544,abef37ddb71eb2c5,21913,756816,652528,652624,211456,123832,317184
baseline,2,diagnostic,timeline,305419896,1000,10000,8000,7414,1.418263,2,2,4,5.673456,16,17.346102,38,380760,128604,48c96e5e1567c989,24622,864696,736688,736688,237248,143512,355872
baseline,2,diagnostic,timeline,305419896,1000,10000,9000,8192,1.479736,2,2,4,5.919312,16,17.837891,38,424744,146128,e7de749db7090ee5,27289,971088,818016,818016,262144,162600,393216
baseline,2,diagnostic,timeline,305419896,1000,10000,10000,8994,1.602513,3,3,4,6.410385,16,18.820102,38,480360,169268,f0335bb62b0ee0bf,29992,1104912,912128,912232,287808,192552,431712
open_dense,2,timed,timeline,305419896,1000,10000,0,1000,0.999,1,1,1,3.999,4,13.992,14,47984,13992,c37bd93d2bb7b1c8,,,,,,,
open_dense,2,timed,timeline,305419896,1000,10000,1000,1826,1.026835,1,2,4,4.108981,16,14.214677,38,88064,25956,6ecf0ac742435af5,,,,,,,
open_dense,2,timed,timeline,305419896,1000,10000,2000,2612,1.027182,1,2,4,4.109877,16,14.217458,38,125976,37136,12220c0f63845814,,,,,,,
open_dense,2,timed,timeline,305419896,1000,10000,3000,3418,1.027501,1,2,4,4.110884,16,14.220012,38,164848,48604,042e02542b21210c,,,,,,,
open_dense,2,timed,timeline,305419896,1000,10000,4000,4234,1.026453,1,2,4,4.106519,16,14.21162,38,204168,60172,b52fb5c224fcebcc,,,,,,,
open_dense,2,timed,timeline,305419896,1000,10000,5000,5030,1.111928,2,2,4,4.44831,16,14.895427,38,245992,74924,0ad13ea0b91622d7,,,,,,,
open_dense,2,timed,timeline,305419896,1000,10000,6000,5810,1.241824,2,2,4,4.967814,16,15.934596,38,290176,92580,62d920a91ad50eb0,,,,,,,
open_dense,2,timed,timeline,305419896,1000,10000,7000,6608,1.341102,2,2,4,5.364861,16,16.728814,38,335288,110544,abef37ddb71eb2c5,,,,,,,
open_dense,2,timed,timeline,305419896,1000,10000,8000,7414,1.418263,2,2,4,5.673456,16,17.346102,38,380760,128604,48c96e5e1567c989,,,,,,,
open_dense,2,timed,timeline,305419896,1000,10000,9000,8192,1.479736,2,2,4,5.919312,16,17.837891,38,424744,146128,e7de749db7090ee5,,,,,,,
open_dense,2,timed,timeline,305419896,1000,10000,10000,8994,1.602513,3,3,4,6.410385,16,18.820102,38,480360,169268,f0335bb62b0ee0bf,,,,,,,
open_dense,2,diagnostic,timeline,305419896,1000,10000,0,1000,0.999,1,1,1,3.999,4,13.992,14,47984,13992,c37bd93d2bb7b1c8,3001,96040,96040,96040,32000,15984,48000
open_dense,2,diagnostic,timeline,305419896,1000,10000,1000,1826,1.026835,1,2,4,4.108981,16,14.214677,38,88064,25956,6ecf0ac742435af5,5740,184920,175768,175768,58432,29632,87648
open_dense,2,diagnostic,timeline,305419896,1000,10000,2000,2612,1.027182,1,2,4,4.109877,16,14.217458,38,125976,37136,12220c0f63845814,8419,271320,251408,251504,83584,42392,125376
open_dense,2,diagnostic,timeline,305419896,1000,10000,3000,3418,1.027501,1,2,4,4.110884,16,14.220012,38,164848,48604,042e02542b21210c,11128,358560,328968,328968,109376,55472,164064
open_dense,2,diagnostic,timeline,305419896,1000,10000,4000,4234,1.026453,1,2,4,4.106519,16,14.21162,38,204168,60172,b52fb5c224fcebcc,13852,446208,407456,407456,135488,68680,203232
open_dense,2,diagnostic,timeline,305419896,1000,10000,5000,5030,1.111928,2,2,4,4.44831,16,14.895427,38,245992,74924,0ad13ea0b91622d7,16546,543312,487488,487488,160960,85032,241440
open_dense,2,diagnostic,timeline,305419896,1000,10000,6000,5810,1.241824,2,2,4,4.967814,16,15.934596,38,290176,92580,62d920a91ad50eb0,19216,649560,569112,569112,185920,104256,278880
open_dense,2,diagnostic,timeline,305419896,1000,10000,7000,6608,1.341102,2,2,4,5.364861,16,16.728814,38,335288,110544,abef37ddb71eb2c5,21913,756816,652528,652624,211456,123832,317184
open_dense,2,diagnostic,timeline,305419896,1000,10000,8000,7414,1.418263,2,2,4,5.673456,16,17.346102,38,380760,128604,48c96e5e1567c989,24622,864696,736688,736688,237248,143512,355872
open_dense,2,diagnostic,timeline,305419896,1000,10000,9000,8192,1.479736,2,2,4,5.919312,16,17.837891,38,424744,146128,e7de749db7090ee5,27289,971088,818016,818016,262144,162600,393216
open_dense,2,diagnostic,timeline,305419896,1000,10000,10000,8994,1.602513,3,3,4,6.410385,16,18.820102,38,480360,169268,f0335bb62b0ee0bf,29992,1104912,912128,912232,287808,192552,431712
baseline,3,timed,priority,17,1000,10000,0,1000,2.204,3,3,3,8.819,12,23.632,30,59480,23632,ab8d5cbf1ebe5814,,,,,,,
baseline,3,timed,priority,17,1000,10000,1000,1105,2.030769,3,4,5,8.123077,20,22.246154,46,63256,24582,ad010b9a3d9da6de,,,,,,,
baseline,3,timed,priority,17,1000,10000,2000,1219,1.772765,3,4,5,7.091058,20,20.182116,46,67536,24602,b0a35204719e4669,,,,,,,
baseline,3,timed,priority,17,1000,10000,3000,1309,1.747899,4,5,6,6.991597,24,19.983193,54,73512,26158,434e7ed28817e084,,,,,,,
baseline,3,timed,priority,17,1000,10000,4000,1402,1.797432,4,5,6,7.189729,24,20.379458,54,80128,28572,a5fe5c5e4d557bdb,,,,,,,
baseline,3,timed,priority,17,1000,10000,5000,1485,1.810774,4,6,6,7.243098,24,20.486195,54,85744,30422,958828c30380a4fb,,,,,,,
baseline,3,timed,priority,17,1000,10000,6000,1616,1.607673,4,5,6,6.430693,24,18.861386,54,89512,30480,4903692d6677b60f,,,,,,,
baseline,3,timed,priority,17,1000,10000,7000,1687,1.540012,4,5,6,6.160047,24,18.320095,54,91784,30906,52ae934b9d837a07,,,,,,,
baseline,3,timed,priority,17,1000,10000,8000,1762,1.560726,4,6,6,6.242906,24,18.485812,54,96784,32572,e5d25f9b067e961e,,,,,,,
baseline,3,timed,priority,17,1000,10000,9000,1902,1.626183,4,5,6,6.504732,24,19.009464,54,106320,36156,d4ebbc56b542a496,,,,,,,
baseline,3,timed,priority,17,1000,10000,10000,1983,1.658598,4,5,6,6.634392,24,19.268785,54,111384,38210,7d51d3853fa4b26e,,,,,,,
baseline,3,diagnostic,priority,17,1000,10000,0,1000,2.204,3,3,3,8.819,12,23.632,30,59480,23632,ab8d5cbf1ebe5814,8252,432104,107536,170600,32000,27480,48000
baseline,3,diagnostic,priority,17,1000,10000,1000,1105,2.030769,3,4,5,8.123077,20,22.246154,46,63256,24582,ad010b9a3d9da6de,10568,525488,116352,170600,35360,27896,53040
baseline,3,diagnostic,priority,17,1000,10000,2000,1219,1.772765,3,4,5,7.091058,20,20.182116,46,67536,24602,b0a35204719e4669,15126,754376,126104,170600,39008,28528,58512
baseline,3,diagnostic,priority,17,1000,10000,3000,1309,1.747899,4,5,6,6.991597,24,19.983193,54,73512,26158,434e7ed28817e084,18916,937776,136400,170600,41888,31624,62832
baseline,3,diagnostic,priority,17,1000,10000,4000,1402,1.797432,4,5,6,7.189729,24,20.379458,54,80128,28572,a5fe5c5e4d557bdb,21800,1066120,147480,170600,44864,35264,67296
baseline,3,diagnostic,priority,17,1000,10000,5000,1485,1.810774,4,6,6,7.243098,24,20.486195,54,85744,30422,958828c30380a4fb,24877,1207776,157080,170600,47520,38224,71280
baseline,3,diagnostic,priority,17,1000,10000,6000,1616,1.607673,4,5,6,6.430693,24,18.861386,54,89512,30480,4903692d6677b60f,28930,1392592,167136,170640,51712,37800,77568
baseline,3,diagnostic,priority,17,1000,10000,7000,1687,1.540012,4,5,6,6.160047,24,18.320095,54,91784,30906,52ae934b9d837a07,33559,1625688,172816,196008,53984,37800,80976
baseline,3,diagnostic,priority,17,1000,10000,8000,1762,1.560726,4,6,6,6.242906,24,18.485812,54,96784,32572,e5d25f9b067e961e,36028,1723072,181416,196008,56384,40400,84576
baseline,3,diagnostic,priority,17,1000,10000,9000,1902,1.626183,4,5,6,6.504732,24,19.009464,54,106320,36156,d4ebbc56b542a496,38912,1851560,197672,197784,60864,45456,91296
baseline,3,diagnostic,priority,17,1000,10000,10000,1983,1.658598,4,5,6,6.634392,24,19.268785,54,111384,38210,7d51d3853fa4b26e,41510,1957256,206624,207464,63456,47928,95184
open_dense,3,timed,priority,17,1000,10000,0,1000,2.28,3,5,6,9.12,24,24.24,54,61160,24240,03c271ea826eb868,,,,,,,
open_dense,3,timed,priority,17,1000,10000,1000,1105,2.378281,4,6,6,9.513122,24,25.026244,54,69528,27654,0837a3703ec8e43f,,,,,,,
open_dense,3,timed,priority,17,1000,10000,2000,1219,2.461034,4,5,6,9.844135,24,25.688269,54,78408,31314,1a0bf79702f8d879,,,,,,,
open_dense,3,timed,priority,17,1000,10000,3000,1309,2.576776,5,6,6,10.307105,24,26.614209,54,86688,34838,34c1d02a91e0304a,,,,,,,
open_dense,3,timed,priority,17,1000,10000,4000,1402,2.616262,5,6,6,10.46505,24,26.9301,54,93688,37756,05034a81c56f3594,,,,,,,
open_dense,3,timed,priority,17,1000,10000,5000,1485,2.40404,4,6,6,9.616162,24,25.232323,54,95944,37470,4324fcc9ddd3734a,,,,,,,
open_dense,3,timed,priority,17,1000,10000,6000,1616,2.52599,5,6,6,10.10396,24,26.207921,54,107408,42352,b237fe2960b1c0b0,,,,,,,
open_dense,3,timed,priority,17,1000,10000,7000,1687,2.653231,5,6,6,10.612922,24,27.225845,54,115312,45930,e3aeb8c8e8eda60d,,,,,,,
open_dense,3,timed,priority,17,1000,10000,8000,1762,2.69126,5,6,6,10.76504,24,27.530079,54,121176,48508,e726ce1063352eeb,,,,,,,
open_dense,3,timed,priority,17,1000,10000,9000,1902,2.718191,5,6,6,10.872766,24,27.745531,54,130952,52772,545589e9eb26f92b,,,,,,,
open_dense,3,timed,priority,17,1000,10000,10000,1983,2.708018,5,6,6,10.832073,24,27.664145,54,136352,54858,ebd5b51ecf15d614,,,,,,,
open_dense,3,diagnostic,priority,17,1000,10000,0,1000,2.28,3,5,6,9.12,24,24.24,54,61160,24240,03c271ea826eb868,6539,331384,109216,138512,32000,29160,48000
open_dense,3,diagnostic,priority,17,1000,10000,1000,1105,2.378281,4,6,6,9.513122,24,25.026244,54,69528,27654,0837a3703ec8e43f,10059,509016,122624,138512,35360,34168,53040
open_dense,3,diagnostic,priority,17,1000,10000,2000,1219,2.461034,4,5,6,9.844135,24,25.688269,54,78408,31314,1a0bf79702f8d879,13119,660496,136976,138512,39008,39400,58512
open_dense,3,diagnostic,priority,17,1000,10000,3000,1309,2.576776,5,6,6,10.307105,24,26.614209,54,86688,34838,34c1d02a91e0304a,15771,791304,149576,149872,41888,44800,62832
open_dense,3,diagnostic,priority,17,1000,10000,4000,1402,2.616262,5,6,6,10.46505,24,26.9301,54,93688,37756,05034a81c56f3594,18617,932600,161040,161232,44864,48824,67296
open_dense,3,diagnostic,priority,17,1000,10000,5000,1485,2.40404,4,6,6,9.616162,24,25.232323,54,95944,37470,4324fcc9ddd3734a,22614,1135040,167280,180200,47520,48424,71280
open_dense,3,diagnostic,priority,17,1000,10000,6000,1616,2.52599,5,6,6,10.10396,24,26.207921,54,107408,42352,b237fe2960b1c0b0,25355,1272488,185032,185504,51712,55696,77568
open_dense,3,diagnostic,priority,17,1000,10000,7000,1687,2.653231,5,6,6,10.612922,24,27.225845,54,115312,45930,e3aeb8c8e8eda60d,28270,1422528,196344,198176,53984,61328,80976
open_dense,3,diagnostic,priority,17,1000,10000,8000,1762,2.69126,5,6,6,10.76504,24,27.530079,54,121176,48508,e726ce1063352eeb,31291,1580304,205808,206784,56384,64792,84576
open_dense,3,diagnostic,priority,17,1000,10000,9000,1902,2.718191,5,6,6,10.872766,24,27.745531,54,130952,52772,545589e9eb26f92b,34601,1756680,222304,223160,60864,70088,91296
open_dense,3,diagnostic,priority,17,1000,10000,10000,1983,2.708018,5,6,6,10.832073,24,27.664145,54,136352,54858,ebd5b51ecf15d614,39107,2004632,231592,244760,63456,72896,95184
baseline,4,timed,priority,305419896,1000,10000,0,1000,1.663,4,5,6,6.655,24,19.304,54,55768,19304,c3ed64839e306a4a,,,,,,,
baseline,4,timed,priority,305419896,1000,10000,1000,1099,1.645132,4,5,6,6.583258,24,19.161056,54,61384,21058,8e76190184c9c794,,,,,,,
baseline,4,timed,priority,305419896,1000,10000,2000,1165,1.491845,4,5,6,5.969957,24,17.934764,54,62432,20894,ee5286a6d1165f6b,,,,,,,
baseline,4,timed,priority,305419896,1000,10000,3000,1301,1.433513,3,5,6,5.736357,24,17.468101,54,69008,22726,358513ceeae0702c,,,,,,,
baseline,4,timed,priority,305419896,1000,10000,4000,1388,1.5,4,5,6,6.002161,24,18.0,54,75160,24984,0a209b0a3ccf5a72,,,,,,,
baseline,4,timed,priority,305419896,1000,10000,5000,1511,1.584381,4,5,6,6.337525,24,18.67505,54,83400,28218,0ecf9765844ddd05,,,,,,,
baseline,4,timed,priority,305419896,1000,10000,6000,1627,1.580209,4,5,6,6.320836,24,18.641672,54,89648,30330,303c5a9b151f35a7,,,,,,,
baseline,4,timed,priority,305419896,1000,10000,7000,1747,1.597596,4,5,6,6.390384,24,18.780767,54,96712,32810,d346b8c63ac02a5a,,,,,,,
baseline,4,timed,priority,305419896,1000,10000,8000,1873,1.40897,4,5,6,5.635878,24,17.271757,54,99344,32350,04d9fd68b0e3895b,,,,,,,
baseline,4,timed,priority,305419896,1000,10000,9000,1959,1.416029,4,5,6,5.664114,24,17.328229,54,104088,33946,c2ecf81888428224,,,,,,,
baseline,4,timed,priority,305419896,1000,10000,10000,2049,1.471938,4,5,6,5.88775,24,17.7755,54,110648,36422,3c05bfcfc54534c5,,,,,,,
baseline,4,diagnostic,priority,305419896,1000,10000,0,1000,1.663,4,5,6,6.655,24,19.304,54,55768,19304,c3ed64839e306a4a,4764,217248,103824,104312,32000,23768,48000
baseline,4,diagnostic,priority,305419896,1000,10000,1000,1099,1.645132,4,5,6,6.583258,24,19.161056,54,61384,21058,8e76190184c9c794,7783,348328,114192,116904,35168,26216,52752
baseline,4,diagnostic,priority,305419896,1000,10000,2000,1165,1.491845,4,5,6,5.969957,24,17.934764,54,62432,20894,ee5286a6d1165f6b,10451,456376,118408,119544,37280,25152,55920
baseline,4,diagnostic,priority,305419896,1000,10000,3000,1301,1.433513,3,5,6,5.736357,24,17.468101,54,69008,22726,358513ceeae0702c,13599,586400,131512,134864,41632,27376,62448
baseline,4,diagnostic,priority,305419896,1000,10000,4000,1388,1.5,4,5,6,6.002161,24,18.0,54,75160,24984,0a209b0a3ccf5a72,16107,685992,141840,142384,44416,30744,66624
baseline,4,diagnostic,priority,305419896,1000,10000,5000,1511,1.584381,4,5,6,6.337525,24,18.67505,54,83400,28218,0ecf9765844ddd05,18802,798600,155984,156656,48352,35048,72528
baseline,4,diagnostic,priority,305419896,1000,10000,6000,1627,1.580209,4,5,6,6.320836,24,18.641672,54,89648,30330,303c5a9b151f35a7,21468,908816,167800,168632,52064,37584,78096
baseline,4,diagnostic,priority,305419896,1000,10000,7000,1747,1.597596,4,5,6,6.390384,24,18.780767,54,96712,32810,d346b8c63ac02a5a,24179,1021304,180624,182504,55904,40808,83856
baseline,4,diagnostic,priority,305419896,1000,10000,8000,1873,1.40897,4,5,6,5.635878,24,17.271757,54,99344,32350,04d9fd68b0e3895b,27921,1181648,189304,208928,59936,39408,89904
baseline,4,diagnostic,priority,305419896,1000,10000,9000,1959,1.416029,4,5,6,5.664114,24,17.328229,54,104088,33946,c2ecf81888428224,30267,1268608,198176,208928,62688,41400,94032
baseline,4,diagnostic,priority,305419896,1000,10000,10000,2049,1.471938,4,5,6,5.88775,24,17.7755,54,110648,36422,3c05bfcfc54534c5,32719,1364776,209056,209760,65568,45080,98352
open_dense,4,timed,priority,305419896,1000,10000,0,1000,1.663,4,5,6,6.655,24,19.304,54,55768,19304,c3ed64839e306a4a,,,,,,,
open_dense,4,timed,priority,305419896,1000,10000,1000,1099,1.645132,4,5,6,6.583258,24,19.161056,54,61384,21058,8e76190184c9c794,,,,,,,
open_dense,4,timed,priority,305419896,1000,10000,2000,1165,1.491845,4,5,6,5.969957,24,17.934764,54,62432,20894,ee5286a6d1165f6b,,,,,,,
open_dense,4,timed,priority,305419896,1000,10000,3000,1301,1.433513,3,5,6,5.736357,24,17.468101,54,69008,22726,358513ceeae0702c,,,,,,,
open_dense,4,timed,priority,305419896,1000,10000,4000,1388,1.5,4,5,6,6.002161,24,18.0,54,75160,24984,0a209b0a3ccf5a72,,,,,,,
open_dense,4,timed,priority,305419896,1000,10000,5000,1511,1.584381,4,5,6,6.337525,24,18.67505,54,83400,28218,0ecf9765844ddd05,,,,,,,
open_dense,4,timed,priority,305419896,1000,10000,6000,1627,1.580209,4,5,6,6.320836,24,18.641672,54,89648,30330,303c5a9b151f35a7,,,,,,,
open_dense,4,timed,priority,305419896,1000,10000,7000,1747,1.597596,4,5,6,6.390384,24,18.780767,54,96712,32810,d346b8c63ac02a5a,,,,,,,
open_dense,4,timed,priority,305419896,1000,10000,8000,1873,1.40897,4,5,6,5.635878,24,17.271757,54,99344,32350,04d9fd68b0e3895b,,,,,,,
open_dense,4,timed,priority,305419896,1000,10000,9000,1959,1.416029,4,5,6,5.664114,24,17.328229,54,104088,33946,c2ecf81888428224,,,,,,,
open_dense,4,timed,priority,305419896,1000,10000,10000,2049,1.471938,4,5,6,5.88775,24,17.7755,54,110648,36422,3c05bfcfc54534c5,,,,,,,
open_dense,4,diagnostic,priority,305419896,1000,10000,0,1000,1.663,4,5,6,6.655,24,19.304,54,55768,19304,c3ed64839e306a4a,4764,217248,103824,104312,32000,23768,48000
open_dense,4,diagnostic,priority,305419896,1000,10000,1000,1099,1.645132,4,5,6,6.583258,24,19.161056,54,61384,21058,8e76190184c9c794,7783,348328,114192,116904,35168,26216,52752
open_dense,4,diagnostic,priority,305419896,1000,10000,2000,1165,1.491845,4,5,6,5.969957,24,17.934764,54,62432,20894,ee5286a6d1165f6b,10451,456376,118408,119544,37280,25152,55920
open_dense,4,diagnostic,priority,305419896,1000,10000,3000,1301,1.433513,3,5,6,5.736357,24,17.468101,54,69008,22726,358513ceeae0702c,13599,586400,131512,134864,41632,27376,62448
open_dense,4,diagnostic,priority,305419896,1000,10000,4000,1388,1.5,4,5,6,6.002161,24,18.0,54,75160,24984,0a209b0a3ccf5a72,16107,685992,141840,142384,44416,30744,66624
open_dense,4,diagnostic,priority,305419896,1000,10000,5000,1511,1.584381,4,5,6,6.337525,24,18.67505,54,83400,28218,0ecf9765844ddd05,18802,798600,155984,156656,48352,35048,72528
open_dense,4,diagnostic,priority,305419896,1000,10000,6000,1627,1.580209,4,5,6,6.320836,24,18.641672,54,89648,30330,303c5a9b151f35a7,21468,908816,167800,168632,52064,37584,78096
open_dense,4,diagnostic,priority,305419896,1000,10000,7000,1747,1.597596,4,5,6,6.390384,24,18.780767,54,96712,32810,d346b8c63ac02a5a,24179,1021304,180624,182504,55904,40808,83856
open_dense,4,diagnostic,priority,305419896,1000,10000,8000,1873,1.40897,4,5,6,5.635878,24,17.271757,54,99344,32350,04d9fd68b0e3895b,27921,1181648,189304,208928,59936,39408,89904
open_dense,4,diagnostic,priority,305419896,1000,10000,9000,1959,1.416029,4,5,6,5.664114,24,17.328229,54,104088,33946,c2ecf81888428224,30267,1268608,198176,208928,62688,41400,94032
open_dense,4,diagnostic,priority,305419896,1000,10000,10000,2049,1.471938,4,5,6,5.88775,24,17.7755,54,110648,36422,3c05bfcfc54534c5,32719,1364776,209056,209760,65568,45080,98352
baseline,5,timed,local,17,1000,10000,0,1000,0.999,1,1,1,3.999,4,13.992,14,47984,13992,c37bd93d2bb7b1c8,,,,,,,
baseline,5,timed,local,17,1000,10000,1000,1039,1.622714,3,4,5,6.490857,20,18.981713,46,56744,19722,f9fbd928d87b0bd6,,,,,,,
baseline,5,timed,local,17,1000,10000,2000,1045,1.956938,4,5,6,7.827751,24,21.655502,54,62192,22630,58c44c1e5ac0e7b4,,,,,,,
baseline,5,timed,local,17,1000,10000,3000,1032,2.045543,4,6,6,8.182171,24,22.364341,54,62968,23080,db52e57ff012336f,,,,,,,
baseline,5,timed,local,17,1000,10000,4000,1036,2.110039,5,6,6,8.44305,24,22.880309,54,64048,23704,df4b60ececeec039,,,,,,,
baseline,5,timed,local,17,1000,10000,5000,1065,2.140845,5,6,6,8.56338,24,23.126761,54,66376,24630,a470e27dcefc213e,,,,,,,
baseline,5,timed,local,17,1000,10000,6000,1050,2.150476,5,6,6,8.604762,24,23.20381,54,65304,24364,60c6a5923ada3c46,,,,,,,
baseline,5,timed,local,17,1000,10000,7000,1040,2.174038,5,6,6,8.699038,24,23.392308,54,65144,24328,31007d4cb22dd8a2,,,,,,,
baseline,5,timed,local,17,1000,10000,8000,1017,2.122911,5,6,6,8.494592,24,22.983284,54,62816,23374,42c4a2d7e1f43461,,,,,,,
baseline,5,timed,local,17,1000,10000,9000,1014,2.142012,5,6,6,8.571006,24,23.136095,54,62976,23460,0ea312c9c9f04bae,,,,,,,
baseline,5,timed,local,17,1000,10000,10000,1005,2.181095,5,6,6,8.727363,24,23.448756,54,63080,23566,3932d22f56efa5ef,,,,,,,
baseline,5,diagnostic,local,17,1000,10000,0,1000,0.999,1,1,1,3.999,4,13.992,14,47984,13992,c37bd93d2bb7b1c8,3001,96040,96040,96040,32000,15984,48000
baseline,5,diagnostic,local,17,1000,10000,1000,1039,1.622714,3,4,5,6.490857,20,18.981713,46,56744,19722,f9fbd928d87b0bd6,5761,203560,106672,106784,33248,23496,49872
baseline,5,diagnostic,local,17,1000,10000,2000,1045,1.956938,4,5,6,7.827751,24,21.655502,54,62192,22630,58c44c1e5ac0e7b4,8473,313040,112408,112408,33440,28752,50160
baseline,5,diagnostic,local,17,1000,10000,3000,1032,2.045543,4,6,6,8.182171,24,22.364341,54,62968,23080,db52e57ff012336f,11199,425864,112560,112992,33024,29944,49536
baseline,5,diagnostic,local,17,1000,10000,4000,1036,2.110039,5,6,6,8.44305,24,22.880309,54,64048,23704,df4b60ececeec039,13994,543688,113832,114872,33152,30896,49728
baseline,5,diagnostic,local,17,1000,10000,5000,1065,2.140845,5,6,6,8.56338,24,23.126761,54,66376,24630,a470e27dcefc213e,16883,663800,117552,118552,34080,32296,51120
baseline,5,diagnostic,local,17,1000,10000,6000,1050,2.150476,5,6,6,8.604762,24,23.20381,54,65304,24364,60c6a5923ada3c46,19717,784240,115760,118736,33600,31704,50400
baseline,5,diagnostic,local,17,1000,10000,7000,1040,2.174038,5,6,6,8.699038,24,23.392308,54,65144,24328,31007d4cb22dd8a2,22608,907240,115120,118736,33280,31864,49920
baseline,5,diagnostic,local,17,1000,10000,8000,1017,2.122911,5,6,6,8.494592,24,22.983284,54,62816,23374,42c4a2d7e1f43461,25460,1027152,111688,118736,32544,30272,48816
baseline,5,diagnostic,local,17,1000,10000,9000,1014,2.142012,5,6,6,8.571006,24,23.136095,54,62976,23460,0ea312c9c9f04bae,28286,1149480,111704,118736,32448,30528,48672
baseline,5,diagnostic,local,17,1000,10000,10000,1005,2.181095,5,6,6,8.727363,24,23.448756,54,63080,23566,3932d22f56efa5ef,31127,1271168,111376,118736,32160,30920,48240
open_dense,5,timed,local,17,1000,10000,0,1000,0.999,1,1,1,3.999,4,13.992,14,47984,13992,c37bd93d2bb7b1c8,,,,,,,
open_dense,5,timed,local,17,1000,10000,1000,1039,1.622714,3,4,5,6.490857,20,18.981713,46,56744,19722,f9fbd928d87b0bd6,,,,,,,
open_dense,5,timed,local,17,1000,10000,2000,1045,1.956938,4,5,6,7.827751,24,21.655502,54,62192,22630,58c44c1e5ac0e7b4,,,,,,,
open_dense,5,timed,local,17,1000,10000,3000,1032,2.045543,4,6,6,8.182171,24,22.364341,54,62968,23080,db52e57ff012336f,,,,,,,
open_dense,5,timed,local,17,1000,10000,4000,1036,2.110039,5,6,6,8.44305,24,22.880309,54,64048,23704,df4b60ececeec039,,,,,,,
open_dense,5,timed,local,17,1000,10000,5000,1065,2.140845,5,6,6,8.56338,24,23.126761,54,66376,24630,a470e27dcefc213e,,,,,,,
open_dense,5,timed,local,17,1000,10000,6000,1050,2.150476,5,6,6,8.604762,24,23.20381,54,65304,24364,60c6a5923ada3c46,,,,,,,
open_dense,5,timed,local,17,1000,10000,7000,1040,2.174038,5,6,6,8.699038,24,23.392308,54,65144,24328,31007d4cb22dd8a2,,,,,,,
open_dense,5,timed,local,17,1000,10000,8000,1017,2.122911,5,6,6,8.494592,24,22.983284,54,62816,23374,42c4a2d7e1f43461,,,,,,,
open_dense,5,timed,local,17,1000,10000,9000,1014,2.142012,5,6,6,8.571006,24,23.136095,54,62976,23460,0ea312c9c9f04bae,,,,,,,
open_dense,5,timed,local,17,1000,10000,10000,1005,2.181095,5,6,6,8.727363,24,23.448756,54,63080,23566,3932d22f56efa5ef,,,,,,,
open_dense,5,diagnostic,local,17,1000,10000,0,1000,0.999,1,1,1,3.999,4,13.992,14,47984,13992,c37bd93d2bb7b1c8,3001,96040,96040,96040,32000,15984,48000
open_dense,5,diagnostic,local,17,1000,10000,1000,1039,1.622714,3,4,5,6.490857,20,18.981713,46,56744,19722,f9fbd928d87b0bd6,5761,203560,106672,106784,33248,23496,49872
open_dense,5,diagnostic,local,17,1000,10000,2000,1045,1.956938,4,5,6,7.827751,24,21.655502,54,62192,22630,58c44c1e5ac0e7b4,8473,313040,112408,112408,33440,28752,50160
open_dense,5,diagnostic,local,17,1000,10000,3000,1032,2.045543,4,6,6,8.182171,24,22.364341,54,62968,23080,db52e57ff012336f,11199,425864,112560,112992,33024,29944,49536
open_dense,5,diagnostic,local,17,1000,10000,4000,1036,2.110039,5,6,6,8.44305,24,22.880309,54,64048,23704,df4b60ececeec039,13994,543688,113832,114872,33152,30896,49728
open_dense,5,diagnostic,local,17,1000,10000,5000,1065,2.140845,5,6,6,8.56338,24,23.126761,54,66376,24630,a470e27dcefc213e,16883,663800,117552,118552,34080,32296,51120
open_dense,5,diagnostic,local,17,1000,10000,6000,1050,2.150476,5,6,6,8.604762,24,23.20381,54,65304,24364,60c6a5923ada3c46,19717,784240,115760,118736,33600,31704,50400
open_dense,5,diagnostic,local,17,1000,10000,7000,1040,2.174038,5,6,6,8.699038,24,23.392308,54,65144,24328,31007d4cb22dd8a2,22608,907240,115120,118736,33280,31864,49920
open_dense,5,diagnostic,local,17,1000,10000,8000,1017,2.122911,5,6,6,8.494592,24,22.983284,54,62816,23374,42c4a2d7e1f43461,25460,1027152,111688,118736,32544,30272,48816
open_dense,5,diagnostic,local,17,1000,10000,9000,1014,2.142012,5,6,6,8.571006,24,23.136095,54,62976,23460,0ea312c9c9f04bae,28286,1149480,111704,118736,32448,30528,48672
open_dense,5,diagnostic,local,17,1000,10000,10000,1005,2.181095,5,6,6,8.727363,24,23.448756,54,63080,23566,3932d22f56efa5ef,31127,1271168,111376,118736,32160,30920,48240
baseline,6,timed,local,305419896,1000,10000,0,1000,0.999,1,1,1,3.999,4,13.992,14,47984,13992,c37bd93d2bb7b1c8,,,,,,,
baseline,6,timed,local,305419896,1000,10000,1000,1019,1.612365,3,4,5,6.44946,20,18.898921,46,55536,19258,c4001a654d83d353,,,,,,,
baseline,6,timed,local,305419896,1000,10000,2000,1007,1.933466,4,5,6,7.736842,24,21.467726,54,59616,21618,82f83cce396fc73e,,,,,,,
baseline,6,timed,local,305419896,1000,10000,3000,989,2.061678,5,6,6,8.246714,24,22.493428,54,60528,22246,5f8151e0363ef2c6,,,,,,,
baseline,6,timed,local,305419896,1000,10000,4000,1005,2.146269,5,6,6,8.58806,24,23.170149,54,62704,23286,4b18b6206566c2b6,,,,,,,
baseline,6,timed,local,305419896,1000,10000,5000,1018,2.146365,5,6,6,8.585462,24,23.170923,54,63256,23588,75db614786994310,,,,,,,
baseline,6,timed,local,305419896,1000,10000,6000,1000,2.167,5,6,6,8.671,24,23.336,54,62808,23336,07f0babab805157c,,,,,,,
baseline,6,timed,local,305419896,1000,10000,7000,995,2.101508,5,6,6,8.409045,24,22.81206,54,61104,22698,702cf88d1c71933b,,,,,,,
baseline,6,timed,local,305419896,1000,10000,8000,976,2.080943,5,6,6,8.32377,24,22.647541,54,59712,22104,d6a69e1215d7bb5d,,,,,,,
baseline,6,timed,local,305419896,1000,10000,9000,961,2.164412,5,6,6,8.657648,24,23.315297,54,59896,22406,0a945cf2bd6d7e53,,,,,,,
baseline,6,timed,local,305419896,1000,10000,10000,967,2.015512,5,6,6,8.06515,24,22.124095,54,58136,21394,6acb6a8b0c83f261,,,,,,,
baseline,6,diagnostic,local,305419896,1000,10000,0,1000,0.999,1,1,1,3.999,4,13.992,14,47984,13992,c37bd93d2bb7b1c8,3001,96040,96040,96040,32000,15984,48000
baseline,6,diagnostic,local,305419896,1000,10000,1000,1019,1.612365,3,4,5,6.44946,20,18.898921,46,55536,19258,c4001a654d83d353,5731,201808,104504,104568,32608,22928,48912
baseline,6,diagnostic,local,305419896,1000,10000,2000,1007,1.933466,4,5,6,7.736842,24,21.467726,54,59616,21618,82f83cce396fc73e,8451,311960,108008,109248,32224,27392,48336
baseline,6,diagnostic,local,305419896,1000,10000,3000,989,2.061678,5,6,6,8.246714,24,22.493428,54,60528,22246,5f8151e0363ef2c6,11255,429392,108056,110656,31648,28880,47472
baseline,6,diagnostic,local,305419896,1000,10000,4000,1005,2.146269,5,6,6,8.58806,24,23.170149,54,62704,23286,4b18b6206566c2b6,14049,548024,111000,111208,32160,30544,48240
baseline,6,diagnostic,local,305419896,1000,10000,5000,1018,2.146365,5,6,6,8.585462,24,23.170923,54,63256,23588,75db614786994310,16839,666864,112176,112968,32576,30680,48864
baseline,6,diagnostic,local,305419896,1000,10000,6000,1000,2.167,5,6,6,8.671,24,23.336,54,62808,23336,07f0babab805157c,19596,784360,110864,113336,32000,30808,48000
baseline,6,diagnostic,local,305419896,1000,10000,7000,995,2.101508,5,6,6,8.409045,24,22.81206,54,61104,22698,702cf88d1c71933b,22431,902776,108920,113336,31840,29264,47760
baseline,6,diagnostic,local,305419896,1000,10000,8000,976,2.080943,5,6,6,8.32377,24,22.647541,54,59712,22104,d6a69e1215d7bb5d,25272,1021264,106616,113336,31232,28480,46848
baseline,6,diagnostic,local,305419896,1000,10000,9000,961,2.164412,5,6,6,8.657648,24,23.315297,54,59896,22406,0a945cf2bd6d7e53,28035,1139624,106080,113336,30752,29144,46128
baseline,6,diagnostic,local,305419896,1000,10000,10000,967,2.015512,5,6,6,8.06515,24,22.124095,54,58136,21394,6acb6a8b0c83f261,30933,1259272,104608,113336,30944,27192,46416
open_dense,6,timed,local,305419896,1000,10000,0,1000,0.999,1,1,1,3.999,4,13.992,14,47984,13992,c37bd93d2bb7b1c8,,,,,,,
open_dense,6,timed,local,305419896,1000,10000,1000,1019,1.612365,3,4,5,6.44946,20,18.898921,46,55536,19258,c4001a654d83d353,,,,,,,
open_dense,6,timed,local,305419896,1000,10000,2000,1007,1.933466,4,5,6,7.736842,24,21.467726,54,59616,21618,82f83cce396fc73e,,,,,,,
open_dense,6,timed,local,305419896,1000,10000,3000,989,2.061678,5,6,6,8.246714,24,22.493428,54,60528,22246,5f8151e0363ef2c6,,,,,,,
open_dense,6,timed,local,305419896,1000,10000,4000,1005,2.146269,5,6,6,8.58806,24,23.170149,54,62704,23286,4b18b6206566c2b6,,,,,,,
open_dense,6,timed,local,305419896,1000,10000,5000,1018,2.146365,5,6,6,8.585462,24,23.170923,54,63256,23588,75db614786994310,,,,,,,
open_dense,6,timed,local,305419896,1000,10000,6000,1000,2.167,5,6,6,8.671,24,23.336,54,62808,23336,07f0babab805157c,,,,,,,
open_dense,6,timed,local,305419896,1000,10000,7000,995,2.101508,5,6,6,8.409045,24,22.81206,54,61104,22698,702cf88d1c71933b,,,,,,,
open_dense,6,timed,local,305419896,1000,10000,8000,976,2.080943,5,6,6,8.32377,24,22.647541,54,59712,22104,d6a69e1215d7bb5d,,,,,,,
open_dense,6,timed,local,305419896,1000,10000,9000,961,2.164412,5,6,6,8.657648,24,23.315297,54,59896,22406,0a945cf2bd6d7e53,,,,,,,
open_dense,6,timed,local,305419896,1000,10000,10000,967,2.015512,5,6,6,8.06515,24,22.124095,54,58136,21394,6acb6a8b0c83f261,,,,,,,
open_dense,6,diagnostic,local,305419896,1000,10000,0,1000,0.999,1,1,1,3.999,4,13.992,14,47984,13992,c37bd93d2bb7b1c8,3001,96040,96040,96040,32000,15984,48000
open_dense,6,diagnostic,local,305419896,1000,10000,1000,1019,1.612365,3,4,5,6.44946,20,18.898921,46,55536,19258,c4001a654d83d353,5731,201808,104504,104568,32608,22928,48912
open_dense,6,diagnostic,local,305419896,1000,10000,2000,1007,1.933466,4,5,6,7.736842,24,21.467726,54,59616,21618,82f83cce396fc73e,8451,311960,108008,109248,32224,27392,48336
open_dense,6,diagnostic,local,305419896,1000,10000,3000,989,2.061678,5,6,6,8.246714,24,22.493428,54,60528,22246,5f8151e0363ef2c6,11255,429392,108056,110656,31648,28880,47472
open_dense,6,diagnostic,local,305419896,1000,10000,4000,1005,2.146269,5,6,6,8.58806,24,23.170149,54,62704,23286,4b18b6206566c2b6,14049,548024,111000,111208,32160,30544,48240
open_dense,6,diagnostic,local,305419896,1000,10000,5000,1018,2.146365,5,6,6,8.585462,24,23.170923,54,63256,23588,75db614786994310,16839,666864,112176,112968,32576,30680,48864
open_dense,6,diagnostic,local,305419896,1000,10000,6000,1000,2.167,5,6,6,8.671,24,23.336,54,62808,23336,07f0babab805157c,19596,784360,110864,113336,32000,30808,48000
open_dense,6,diagnostic,local,305419896,1000,10000,7000,995,2.101508,5,6,6,8.409045,24,22.81206,54,61104,22698,702cf88d1c71933b,22431,902776,108920,113336,31840,29264,47760
open_dense,6,diagnostic,local,305419896,1000,10000,8000,976,2.080943,5,6,6,8.32377,24,22.647541,54,59712,22104,d6a69e1215d7bb5d,25272,1021264,106616,113336,31232,28480,46848
open_dense,6,diagnostic,local,305419896,1000,10000,9000,961,2.164412,5,6,6,8.657648,24,23.315297,54,59896,22406,0a945cf2bd6d7e53,28035,1139624,106080,113336,30752,29144,46128
open_dense,6,diagnostic,local,305419896,1000,10000,10000,967,2.015512,5,6,6,8.06515,24,22.124095,54,58136,21394,6acb6a8b0c83f261,30933,1259272,104608,113336,30944,27192,46416
baseline,7,timed,churn,17,1000,10000,0,1000,0.999,1,1,1,3.999,4,13.992,14,47984,13992,c37bd93d2bb7b1c8,,,,,,,
baseline,7,timed,churn,17,1000,10000,1000,1002,1.341317,2,3,4,5.368263,16,16.730539,38,51208,16764,e183b6ef0e492a2b,,,,,,,
baseline,7,timed,churn,17,1000,10000,2000,970,1.429897,3,4,4,5.72268,16,17.439175,38,50600,16916,b3f11ff8286f92b9,,,,,,,
baseline,7,timed,churn,17,1000,10000,3000,984,1.526423,3,4,5,6.10874,20,18.211382,46,52480,17920,1b5115f14887c96f,,,,,,,
baseline,7,timed,churn,17,1000,10000,4000,982,1.620163,3,4,5,6.483707,20,18.961303,46,53672,18620,5875ac2878653a78,,,,,,,
baseline,7,timed,churn,17,1000,10000,5000,969,1.733746,4,5,5,6.93808,20,19.869969,46,54496,19254,dd71f1531d21de1a,,,,,,,
baseline,7,timed,churn,17,1000,10000,6000,956,1.76046,4,5,6,7.044979,24,20.083682,54,54432,19200,3ccfd8ab41509ccc,,,,,,,
baseline,7,timed,churn,17,1000,10000,7000,988,1.780364,4,5,6,7.124494,24,20.242915,54,56600,20000,9dc948cecaff06e4,,,,,,,
baseline,7,timed,churn,17,1000,10000,8000,995,1.81407,4,6,6,7.259296,24,20.512563,54,57240,20410,fe305b4f5eb49ea8,,,,,,,
baseline,7,timed,churn,17,1000,10000,9000,1010,1.820792,4,5,6,7.283168,24,20.566337,54,58176,20772,97abf7ce93faaf0e,,,,,,,
baseline,7,timed,churn,17,1000,10000,10000,1013,1.876604,4,5,6,7.506417,24,21.012833,54,59272,21286,ee414e3fc15d6cdc,,,,,,,
baseline,7,diagnostic,churn,17,1000,10000,0,1000,0.999,1,1,1,3.999,4,13.992,14,47984,13992,c37bd93d2bb7b1c8,3001,96040,96040,96040,32000,15984,48000
baseline,7,diagnostic,churn,17,1000,10000,1000,1002,1.341317,2,3,4,5.368263,16,16.730539,38,51208,16764,e183b6ef0e492a2b,5088,174440,99360,100016,32064,19144,48096
baseline,7,diagnostic,churn,17,1000,10000,2000,970,1.429897,3,4,4,5.72268,16,17.439175,38,50600,16916,b3f11ff8286f92b9,7143,249784,97216,100416,31040,19560,46560
baseline,7,diagnostic,churn,17,1000,10000,3000,984,1.526423,3,4,5,6.10874,20,18.211382,46,52480,17920,1b5115f14887c96f,9264,328328,99768,100416,31488,20992,47232
baseline,7,diagnostic,churn,17,1000,10000,4000,982,1.620163,3,4,5,6.483707,20,18.961303,46,53672,18620,5875ac2878653a78,11358,408000,100864,100944,31424,22248,47136
baseline,7,diagnostic,churn,17,1000,10000,5000,969,1.733746,4,5,5,6.93808,20,19.869969,46,54496,19254,dd71f1531d21de1a,13460,489440,101064,101072,31008,23488,46512
baseline,7,diagnostic,churn,17,1000,10000,6000,956,1.76046,4,5,6,7.044979,24,20.083682,54,54432,19200,3ccfd8ab41509ccc,15559,570592,100376,101632,30592,23840,45888
baseline,7,diagnostic,churn,17,1000,10000,7000,988,1.780364,4,5,6,7.124494,24,20.242915,54,56600,20000,9dc948cecaff06e4,17722,654984,104080,104736,31616,24984,47424
baseline,7,diagnostic,churn,17,1000,10000,8000,995,1.81407,4,6,6,7.259296,24,20.512563,54,57240,20410,fe305b4f5eb49ea8,19870,739208,105056,106288,31840,25400,47760
baseline,7,diagnostic,churn,17,1000,10000,9000,1010,1.820792,4,5,6,7.283168,24,20.566337,54,58176,20772,97abf7ce93faaf0e,22089,826856,106712,107216,32320,25856,48480
baseline,7,diagnostic,churn,17,1000,10000,10000,1013,1.876604,4,5,6,7.506417,24,21.012833,54,59272,21286,ee414e3fc15d6cdc,24216,912248,107952,108296,32416,26856,48624
open_dense,7,timed,churn,17,1000,10000,0,1000,0.999,1,1,1,3.999,4,13.992,14,47984,13992,c37bd93d2bb7b1c8,,,,,,,
open_dense,7,timed,churn,17,1000,10000,1000,1002,1.341317,2,3,4,5.368263,16,16.730539,38,51208,16764,e183b6ef0e492a2b,,,,,,,
open_dense,7,timed,churn,17,1000,10000,2000,970,1.429897,3,4,4,5.72268,16,17.439175,38,50600,16916,b3f11ff8286f92b9,,,,,,,
open_dense,7,timed,churn,17,1000,10000,3000,984,1.526423,3,4,5,6.10874,20,18.211382,46,52480,17920,1b5115f14887c96f,,,,,,,
open_dense,7,timed,churn,17,1000,10000,4000,982,1.620163,3,4,5,6.483707,20,18.961303,46,53672,18620,5875ac2878653a78,,,,,,,
open_dense,7,timed,churn,17,1000,10000,5000,969,1.733746,4,5,5,6.93808,20,19.869969,46,54496,19254,dd71f1531d21de1a,,,,,,,
open_dense,7,timed,churn,17,1000,10000,6000,956,1.76046,4,5,6,7.044979,24,20.083682,54,54432,19200,3ccfd8ab41509ccc,,,,,,,
open_dense,7,timed,churn,17,1000,10000,7000,988,1.780364,4,5,6,7.124494,24,20.242915,54,56600,20000,9dc948cecaff06e4,,,,,,,
open_dense,7,timed,churn,17,1000,10000,8000,995,1.81407,4,6,6,7.259296,24,20.512563,54,57240,20410,fe305b4f5eb49ea8,,,,,,,
open_dense,7,timed,churn,17,1000,10000,9000,1010,1.820792,4,5,6,7.283168,24,20.566337,54,58176,20772,97abf7ce93faaf0e,,,,,,,
open_dense,7,timed,churn,17,1000,10000,10000,1013,1.876604,4,5,6,7.506417,24,21.012833,54,59272,21286,ee414e3fc15d6cdc,,,,,,,
open_dense,7,diagnostic,churn,17,1000,10000,0,1000,0.999,1,1,1,3.999,4,13.992,14,47984,13992,c37bd93d2bb7b1c8,3001,96040,96040,96040,32000,15984,48000
open_dense,7,diagnostic,churn,17,1000,10000,1000,1002,1.341317,2,3,4,5.368263,16,16.730539,38,51208,16764,e183b6ef0e492a2b,5088,174440,99360,100016,32064,19144,48096
open_dense,7,diagnostic,churn,17,1000,10000,2000,970,1.429897,3,4,4,5.72268,16,17.439175,38,50600,16916,b3f11ff8286f92b9,7143,249784,97216,100416,31040,19560,46560
open_dense,7,diagnostic,churn,17,1000,10000,3000,984,1.526423,3,4,5,6.10874,20,18.211382,46,52480,17920,1b5115f14887c96f,9264,328328,99768,100416,31488,20992,47232
open_dense,7,diagnostic,churn,17,1000,10000,4000,982,1.620163,3,4,5,6.483707,20,18.961303,46,53672,18620,5875ac2878653a78,11358,408000,100864,100944,31424,22248,47136
open_dense,7,diagnostic,churn,17,1000,10000,5000,969,1.733746,4,5,5,6.93808,20,19.869969,46,54496,19254,dd71f1531d21de1a,13460,489440,101064,101072,31008,23488,46512
open_dense,7,diagnostic,churn,17,1000,10000,6000,956,1.76046,4,5,6,7.044979,24,20.083682,54,54432,19200,3ccfd8ab41509ccc,15559,570592,100376,101632,30592,23840,45888
open_dense,7,diagnostic,churn,17,1000,10000,7000,988,1.780364,4,5,6,7.124494,24,20.242915,54,56600,20000,9dc948cecaff06e4,17722,654984,104080,104736,31616,24984,47424
open_dense,7,diagnostic,churn,17,1000,10000,8000,995,1.81407,4,6,6,7.259296,24,20.512563,54,57240,20410,fe305b4f5eb49ea8,19870,739208,105056,106288,31840,25400,47760
open_dense,7,diagnostic,churn,17,1000,10000,9000,1010,1.820792,4,5,6,7.283168,24,20.566337,54,58176,20772,97abf7ce93faaf0e,22089,826856,106712,107216,32320,25856,48480
open_dense,7,diagnostic,churn,17,1000,10000,10000,1013,1.876604,4,5,6,7.506417,24,21.012833,54,59272,21286,ee414e3fc15d6cdc,24216,912248,107952,108296,32416,26856,48624
baseline,8,timed,churn,305419896,1000,10000,0,1000,0.999,1,1,1,3.999,4,13.992,14,47984,13992,c37bd93d2bb7b1c8,,,,,,,
baseline,8,timed,churn,305419896,1000,10000,1000,1013,1.326752,2,3,3,5.30997,12,16.614018,30,51560,16830,280e7f753a0409c5,,,,,,,
baseline,8,timed,churn,305419896,1000,10000,2000,971,1.46447,3,3,4,5.857878,16,17.715757,38,50992,17202,e41cca169eec7c08,,,,,,,
baseline,8,timed,churn,305419896,1000,10000,3000,958,1.559499,3,4,4,6.241127,16,18.475992,38,51496,17700,e27508b0604b1f39,,,,,,,
baseline,8,timed,churn,305419896,1000,10000,4000,976,1.608607,3,4,5,6.4375,20,18.868852,46,53104,18416,609c9f2c6325a9af,,,,,,,
baseline,8,timed,churn,305419896,1000,10000,5000,982,1.694501,4,4,5,6.781059,20,19.556008,46,54432,19204,c0fa05de6681bf03,,,,,,,
baseline,8,timed,churn,305419896,1000,10000,6000,962,1.756757,4,5,6,7.030146,24,20.054054,54,54184,19292,68ff5516578fd6df,,,,,,,
baseline,8,timed,churn,305419896,1000,10000,7000,972,1.81893,4,5,6,7.278807,24,20.55144,54,55792,19976,cd91adbb82a7cc41,,,,,,,
baseline,8,timed,churn,305419896,1000,10000,8000,972,1.789095,4,5,6,7.159465,24,20.312757,54,55576,19744,03a942217cafca93,,,,,,,
baseline,8,timed,churn,305419896,1000,10000,9000,973,1.807811,4,5,6,7.234327,24,20.462487,54,55992,19910,2950879e349d358e,,,,,,,
baseline,8,timed,churn,305419896,1000,10000,10000,957,1.77534,4,5,6,7.101358,24,20.202717,54,54496,19334,0e0e08d71b7b454e,,,,,,,
baseline,8,diagnostic,churn,305419896,1000,10000,0,1000,0.999,1,1,1,3.999,4,13.992,14,47984,13992,c37bd93d2bb7b1c8,3001,96040,96040,96040,32000,15984,48000
baseline,8,diagnostic,churn,305419896,1000,10000,1000,1013,1.326752,2,3,3,5.30997,12,16.614018,30,51560,16830,280e7f753a0409c5,5065,173016,100240,101272,32416,19144,48624
baseline,8,diagnostic,churn,305419896,1000,10000,2000,971,1.46447,3,3,4,5.857878,16,17.715757,38,50992,17202,e41cca169eec7c08,7066,246824,97656,101272,31072,19920,46608
baseline,8,diagnostic,churn,305419896,1000,10000,3000,958,1.559499,3,4,4,6.241127,16,18.475992,38,51496,17700,e27508b0604b1f39,9177,325680,97536,101272,30656,20840,45984
baseline,8,diagnostic,churn,305419896,1000,10000,4000,976,1.608607,3,4,5,6.4375,20,18.868852,46,53104,18416,609c9f2c6325a9af,11333,406896,100008,101272,31232,21872,46848
baseline,8,diagnostic,churn,305419896,1000,10000,5000,982,1.694501,4,4,5,6.781059,20,19.556008,46,54432,19204,c0fa05de6681bf03,13436,488536,101624,102632,31424,23008,47136
baseline,8,diagnostic,churn,305419896,1000,10000,6000,962,1.756757,4,5,6,7.030146,24,20.054054,54,54184,19292,68ff5516578fd6df,15530,569312,100416,103120,30784,23400,46176
baseline,8,diagnostic,churn,305419896,1000,10000,7000,972,1.81893,4,5,6,7.278807,24,20.55144,54,55792,19976,cd91adbb82a7cc41,17672,653736,102504,103928,31104,24688,46656
baseline,8,diagnostic,churn,305419896,1000,10000,8000,972,1.789095,4,5,6,7.159465,24,20.312757,54,55576,19744,03a942217cafca93,19795,736152,102288,103928,31104,24472,46656
baseline,8,diagnostic,churn,305419896,1000,10000,9000,973,1.807811,4,5,6,7.234327,24,20.462487,54,55992,19910,2950879e349d358e,22021,823336,102752,105528,31136,24856,46704
baseline,8,diagnostic,churn,305419896,1000,10000,10000,957,1.77534,4,5,6,7.101358,24,20.202717,54,54496,19334,0e0e08d71b7b454e,24109,903960,100488,105528,30624,23872,45936
open_dense,8,timed,churn,305419896,1000,10000,0,1000,0.999,1,1,1,3.999,4,13.992,14,47984,13992,c37bd93d2bb7b1c8,,,,,,,
open_dense,8,timed,churn,305419896,1000,10000,1000,1013,1.326752,2,3,3,5.30997,12,16.614018,30,51560,16830,280e7f753a0409c5,,,,,,,
open_dense,8,timed,churn,305419896,1000,10000,2000,971,1.46447,3,3,4,5.857878,16,17.715757,38,50992,17202,e41cca169eec7c08,,,,,,,
open_dense,8,timed,churn,305419896,1000,10000,3000,958,1.559499,3,4,4,6.241127,16,18.475992,38,51496,17700,e27508b0604b1f39,,,,,,,
open_dense,8,timed,churn,305419896,1000,10000,4000,976,1.608607,3,4,5,6.4375,20,18.868852,46,53104,18416,609c9f2c6325a9af,,,,,,,
open_dense,8,timed,churn,305419896,1000,10000,5000,982,1.694501,4,4,5,6.781059,20,19.556008,46,54432,19204,c0fa05de6681bf03,,,,,,,
open_dense,8,timed,churn,305419896,1000,10000,6000,962,1.756757,4,5,6,7.030146,24,20.054054,54,54184,19292,68ff5516578fd6df,,,,,,,
open_dense,8,timed,churn,305419896,1000,10000,7000,972,1.81893,4,5,6,7.278807,24,20.55144,54,55792,19976,cd91adbb82a7cc41,,,,,,,
open_dense,8,timed,churn,305419896,1000,10000,8000,972,1.789095,4,5,6,7.159465,24,20.312757,54,55576,19744,03a942217cafca93,,,,,,,
open_dense,8,timed,churn,305419896,1000,10000,9000,973,1.807811,4,5,6,7.234327,24,20.462487,54,55992,19910,2950879e349d358e,,,,,,,
open_dense,8,timed,churn,305419896,1000,10000,10000,957,1.77534,4,5,6,7.101358,24,20.202717,54,54496,19334,0e0e08d71b7b454e,,,,,,,
open_dense,8,diagnostic,churn,305419896,1000,10000,0,1000,0.999,1,1,1,3.999,4,13.992,14,47984,13992,c37bd93d2bb7b1c8,3001,96040,96040,96040,32000,15984,48000
open_dense,8,diagnostic,churn,305419896,1000,10000,1000,1013,1.326752,2,3,3,5.30997,12,16.614018,30,51560,16830,280e7f753a0409c5,5065,173016,100240,101272,32416,19144,48624
open_dense,8,diagnostic,churn,305419896,1000,10000,2000,971,1.46447,3,3,4,5.857878,16,17.715757,38,50992,17202,e41cca169eec7c08,7066,246824,97656,101272,31072,19920,46608
open_dense,8,diagnostic,churn,305419896,1000,10000,3000,958,1.559499,3,4,4,6.241127,16,18.475992,38,51496,17700,e27508b0604b1f39,9177,325680,97536,101272,30656,20840,45984
open_dense,8,diagnostic,churn,305419896,1000,10000,4000,976,1.608607,3,4,5,6.4375,20,18.868852,46,53104,18416,609c9f2c6325a9af,11333,406896,100008,101272,31232,21872,46848
open_dense,8,diagnostic,churn,305419896,1000,10000,5000,982,1.694501,4,4,5,6.781059,20,19.556008,46,54432,19204,c0fa05de6681bf03,13436,488536,101624,102632,31424,23008,47136
open_dense,8,diagnostic,churn,305419896,1000,10000,6000,962,1.756757,4,5,6,7.030146,24,20.054054,54,54184,19292,68ff5516578fd6df,15530,569312,100416,103120,30784,23400,46176
open_dense,8,diagnostic,churn,305419896,1000,10000,7000,972,1.81893,4,5,6,7.278807,24,20.55144,54,55792,19976,cd91adbb82a7cc41,17672,653736,102504,103928,31104,24688,46656
open_dense,8,diagnostic,churn,305419896,1000,10000,8000,972,1.789095,4,5,6,7.159465,24,20.312757,54,55576,19744,03a942217cafca93,19795,736152,102288,103928,31104,24472,46656
open_dense,8,diagnostic,churn,305419896,1000,10000,9000,973,1.807811,4,5,6,7.234327,24,20.462487,54,55992,19910,2950879e349d358e,22021,823336,102752,105528,31136,24856,46704
open_dense,8,diagnostic,churn,305419896,1000,10000,10000,957,1.77534,4,5,6,7.101358,24,20.202717,54,54496,19334,0e0e08d71b7b454e,24109,903960,100488,105528,30624,23872,45936
baseline,9,timed,timeline,17,10000,100000,0,10000,0.9999,1,1,1,3.9999,4,13.9992,14,479984,139992,e683f3560ca72cf4,,,,,,,
baseline,9,timed,timeline,17,10000,100000,10000,18020,1.440899,3,3,3,5.763762,12,17.527192,30,943136,315840,e6bc66f0e8101f2a,,,,,,,
baseline,9,timed,timeline,17,10000,100000,20000,26034,2.277599,5,5,5,9.110509,20,24.220788,46,1621160,630564,25f58a8f1a3e34e1,,,,,,,
baseline,9,timed,timeline,17,10000,100000,30000,33970,3.279129,4,4,4,13.116603,16,32.233029,38,2702888,1094956,a4219770eb1e3daa,,,,,,,
baseline,9,timed,timeline,17,10000,100000,40000,41976,3.232037,4,4,4,12.928221,16,31.856299,38,3239344,1337200,c1b1c11d98f5dd0e,,,,,,,
baseline,9,timed,timeline,17,10000,100000,50000,49980,3.560124,6,6,6,14.240556,24,34.480992,54,4086312,1723360,178f7556446357ee,,,,,,,
baseline,9,timed,timeline,17,10000,100000,60000,57866,3.554989,4,4,4,14.220008,16,34.439913,38,4870952,1992900,af3f5b1f718c8a65,,,,,,,
baseline,9,timed,timeline,17,10000,100000,70000,65898,3.511685,4,4,4,14.046784,16,34.093478,38,5415048,2246692,e4e4fb0e06098b74,,,,,,,
baseline,9,timed,timeline,17,10000,100000,80000,73862,3.724581,6,6,6,14.898365,24,35.796648,54,6289056,2644012,2685ceb3de420a69,,,,,,,
baseline,9,timed,timeline,17,10000,100000,90000,81904,3.633901,4,4,4,14.535639,16,35.071205,38,7133896,2872472,84c0bb6ab286360d,,,,,,,
baseline,9,timed,timeline,17,10000,100000,100000,89886,3.662027,4,5,5,14.648143,20,35.29622,46,7770544,3172636,fd465be287ec7a91,,,,,,,
baseline,9,diagnostic,timeline,17,10000,100000,0,10000,0.9999,1,1,1,3.9999,4,13.9992,14,479984,139992,e683f3560ca72cf4,30001,960040,960040,960040,320000,159984,480000
baseline,9,diagnostic,timeline,17,10000,100000,10000,18020,1.440899,3,3,3,5.763762,12,17.527192,30,943136,315840,e6bc66f0e8101f2a,57031,2047936,1808152,1808152,576640,366496,864960
baseline,9,diagnostic,timeline,17,10000,100000,20000,26034,2.277599,5,5,5,9.110509,20,24.220788,46,1621160,630564,25f58a8f1a3e34e1,84052,3656312,2870848,2870848,833088,788072,1249632
baseline,9,diagnostic,timeline,17,10000,100000,30000,33970,3.279129,4,4,4,13.116603,16,32.233029,38,2702888,1094956,a4219770eb1e3daa,239253,15448968,4333504,6803632,1087040,1615848,1630560
baseline,9,diagnostic,timeline,17,10000,100000,40000,41976,3.232037,4,4,4,12.928221,16,31.856299,38,3239344,1337200,c1b1c11d98f5dd0e,266262,16803576,5254248,6803632,1343232,1896112,2014848
baseline,9,diagnostic,timeline,17,10000,100000,50000,49980,3.560124,6,6,6,14.240556,24,34.480992,54,4086312,1723360,178f7556446357ee,293268,18798472,6485408,6803632,1599360,2486952,2399040
baseline,9,diagnostic,timeline,17,10000,100000,60000,57866,3.554989,4,4,4,14.220008,16,34.439913,38,4870952,1992900,af3f5b1f718c8a65,552890,38640312,7648576,11871168,1851712,3019240,2777568
baseline,9,diagnostic,timeline,17,10000,100000,70000,65898,3.511685,4,4,4,14.046784,16,34.093478,38,5415048,2246692,e4e4fb0e06098b74,579938,40026088,8578208,11871168,2108736,3306312,3163104
baseline,9,diagnostic,timeline,17,10000,100000,80000,73862,3.724581,6,6,6,14.898365,24,35.796648,54,6289056,2644012,2685ceb3de420a69,606884,42088120,9834488,11871168,2363584,3925472,3545376
baseline,9,diagnostic,timeline,17,10000,100000,90000,81904,3.633901,4,4,4,14.535639,16,35.071205,38,7133896,2872472,84c0bb6ab286360d,1044294,76486400,11065344,17717360,2620928,4512968,3931392
baseline,9,diagnostic,timeline,17,10000,100000,100000,89886,3.662027,4,5,5,14.648143,20,35.29622,46,7770544,3172636,fd465be287ec7a91,1071267,78079192,12085128,17717360,2876352,4894192,4314528
open_dense,9,timed,timeline,17,10000,100000,0,10000,0.9999,1,1,1,3.9999,4,13.9992,14,479984,139992,e683f3560ca72cf4,,,,,,,
open_dense,9,timed,timeline,17,10000,100000,10000,18020,1.440899,3,3,3,5.763762,12,17.527192,30,943136,315840,e6bc66f0e8101f2a,,,,,,,
open_dense,9,timed,timeline,17,10000,100000,20000,26034,2.277599,5,5,5,9.110509,20,24.220788,46,1621160,630564,25f58a8f1a3e34e1,,,,,,,
open_dense,9,timed,timeline,17,10000,100000,30000,33970,2.95287,5,5,6,11.811569,24,29.622961,54,2533480,1006292,cce6321faa5dee7a,,,,,,,
open_dense,9,timed,timeline,17,10000,100000,40000,41976,3.42086,6,6,6,13.68351,24,33.366876,54,3446144,1400608,c9ef441baffd7754,,,,,,,
open_dense,9,timed,timeline,17,10000,100000,50000,49980,2.646178,4,4,6,10.584774,24,27.169428,54,3266640,1357928,5dad80b0c1e906be,,,,,,,
open_dense,9,timed,timeline,17,10000,100000,60000,57866,2.992742,5,6,6,11.971019,24,29.941935,54,4093704,1732620,019b69e391f68cf1,,,,,,,
open_dense,9,timed,timeline,17,10000,100000,70000,65898,3.382622,6,6,6,13.530532,24,33.060973,54,5016688,2178652,64b7ba5d83debb31,,,,,,,
open_dense,9,timed,timeline,17,10000,100000,80000,73862,3.471366,6,6,6,13.885503,24,33.770924,54,5878176,2494388,3ace14f3dce34c9d,,,,,,,
open_dense,9,timed,timeline,17,10000,100000,90000,81904,3.588311,5,6,6,14.353279,24,34.706486,54,6796800,2842600,7a775601ed5d48d8,,,,,,,
open_dense,9,timed,timeline,17,10000,100000,100000,89886,3.816123,6,6,6,15.264524,24,36.528981,54,7708856,3283444,9eeb1a424fba46e9,,,,,,,
open_dense,9,diagnostic,timeline,17,10000,100000,0,10000,0.9999,1,1,1,3.9999,4,13.9992,14,479984,139992,e683f3560ca72cf4,30001,960040,960040,960040,320000,159984,480000
open_dense,9,diagnostic,timeline,17,10000,100000,10000,18020,1.440899,3,3,3,5.763762,12,17.527192,30,943136,315840,e6bc66f0e8101f2a,57031,2047936,1808152,1808152,576640,366496,864960
open_dense,9,diagnostic,timeline,17,10000,100000,20000,26034,2.277599,5,5,5,9.110509,20,24.220788,46,1621160,630564,25f58a8f1a3e34e1,84052,3656312,2870848,2870848,833088,788072,1249632
open_dense,9,diagnostic,timeline,17,10000,100000,30000,33970,2.95287,5,5,6,11.811569,24,29.622961,54,2533480,1006292,cce6321faa5dee7a,476598,43073736,4164096,5162216,1087040,1446440,1630560
open_dense,9,diagnostic,timeline,17,10000,100000,40000,41976,3.42086,6,6,6,13.68351,24,33.366876,54,3446144,1400608,c9ef441baffd7754,923637,88054032,5461048,6412600,1343232,2102912,2014848
open_dense,9,diagnostic,timeline,17,10000,100000,50000,49980,2.646178,4,4,6,10.584774,24,27.169428,54,3266640,1357928,5dad80b0c1e906be,3090805,309427560,5665736,9492072,1599360,1667280,2399040
open_dense,9,diagnostic,timeline,17,10000,100000,60000,57866,2.992742,5,6,6,11.971019,24,29.941935,54,4093704,1732620,019b69e391f68cf1,3117634,311356584,6871328,9492072,1851712,2241992,2777568
open_dense,9,diagnostic,timeline,17,10000,100000,70000,65898,3.382622,6,6,6,13.530532,24,33.060973,54,5016688,2178652,64b7ba5d83debb31,3788932,379106528,8179848,9492072,2108736,2907952,3163104
open_dense,9,diagnostic,timeline,17,10000,100000,80000,73862,3.471366,6,6,6,13.885503,24,33.770924,54,5878176,2494388,3ace14f3dce34c9d,4300802,430900464,9423608,10451752,2363584,3514592,3545376
open_dense,9,diagnostic,timeline,17,10000,100000,90000,81904,3.588311,5,6,6,14.353279,24,34.706486,54,6796800,2842600,7a775601ed5d48d8,5149205,516964872,10728248,12553736,2620928,4175872,3931392
open_dense,9,diagnostic,timeline,17,10000,100000,100000,89886,3.816123,6,6,6,15.264524,24,36.528981,54,7708856,3283444,9eeb1a424fba46e9,5765616,579186816,12023440,12959936,2876352,4832504,4314528
baseline,10,timed,timeline,305419896,10000,100000,0,10000,0.9999,1,1,1,3.9999,4,13.9992,14,479984,139992,e683f3560ca72cf4,,,,,,,
baseline,10,timed,timeline,305419896,10000,100000,10000,17994,1.436868,3,3,3,5.747638,12,17.494943,30,940840,314804,59e57be19d8ba348,,,,,,,
baseline,10,timed,timeline,305419896,10000,100000,20000,25958,2.269975,5,5,5,9.080014,20,24.159797,46,1613264,627140,327a9dd3f4b12fdd,,,,,,,
baseline,10,timed,timeline,305419896,10000,100000,30000,33956,3.279921,4,4,4,13.119773,16,32.239369,38,2701272,1094720,3e016143e8ac2921,,,,,,,
baseline,10,timed,timeline,305419896,10000,100000,40000,41894,3.233279,4,4,4,12.933189,16,31.866234,38,3232960,1335004,55669d66503379d9,,,,,,,
baseline,10,timed,timeline,305419896,10000,100000,50000,49906,3.562938,6,6,6,14.251813,24,34.503507,54,4081688,1721932,c8aedcbf3ebb1765,,,,,,,
baseline,10,timed,timeline,305419896,10000,100000,60000,57918,3.555164,4,4,4,14.220709,16,34.441314,38,4877152,1994772,c2b40492ce2cad3c,,,,,,,
baseline,10,timed,timeline,305419896,10000,100000,70000,65922,3.509132,4,4,4,14.036574,16,34.073056,38,5419000,2246164,0646de44ba771c3e,,,,,,,
baseline,10,timed,timeline,305419896,10000,100000,80000,73924,3.717169,5,6,6,14.868717,24,35.737352,54,6288832,2641848,122a5409f29faf23,,,,,,,
baseline,10,timed,timeline,305419896,10000,100000,90000,81852,3.636307,4,4,4,14.545265,16,35.090456,38,7133208,2872224,ff36ea6b24a1a47b,,,,,,,
baseline,10,timed,timeline,305419896,10000,100000,100000,89760,3.658612,4,5,5,14.634481,20,35.268895,46,7755200,3165736,e25667c0f839dc08,,,,,,,
baseline,10,diagnostic,timeline,305419896,10000,100000,0,10000,0.9999,1,1,1,3.9999,4,13.9992,14,479984,139992,e683f3560ca72cf4,30001,960040,960040,960040,320000,159984,480000
baseline,10,diagnostic,timeline,305419896,10000,100000,10000,17994,1.436868,3,3,3,5.747638,12,17.494943,30,940840,314804,59e57be19d8ba348,56992,2044224,1804608,1804712,575808,365032,863712
baseline,10,diagnostic,timeline,305419896,10000,100000,20000,25958,2.269975,5,5,5,9.080014,20,24.159797,46,1613264,627140,327a9dd3f4b12fdd,83938,3643880,2859304,2859304,830656,782608,1245984
baseline,10,diagnostic,timeline,305419896,10000,100000,30000,33956,3.279921,4,4,4,13.119773,16,32.239369,38,2701272,1094720,3e016143e8ac2921,239120,15435968,4331216,6788016,1086592,1614680,1629888
baseline,10,diagnostic,timeline,305419896,10000,100000,40000,41894,3.233279,4,4,4,12.933189,16,31.866234,38,3232960,1335004,55669d66503379d9,266027,16785984,5243928,6788016,1340608,1892352,2010912
baseline,10,diagnostic,timeline,305419896,10000,100000,50000,49906,3.562938,6,6,6,14.251813,24,34.503507,54,4081688,1721932,c8aedcbf3ebb1765,293045,18783752,6477232,6788016,1596992,2484696,2395488
baseline,10,diagnostic,timeline,305419896,10000,100000,60000,57918,3.555164,4,4,4,14.220709,16,34.441314,38,4877152,1994772,c2b40492ce2cad3c,553292,40155568,7657272,11898624,1853376,3023776,2780064
baseline,10,diagnostic,timeline,305419896,10000,100000,70000,65922,3.509132,4,4,4,14.036574,16,34.073056,38,5419000,2246164,0646de44ba771c3e,580298,41535368,8583312,11898624,2109504,3309496,3164256
baseline,10,diagnostic,timeline,305419896,10000,100000,80000,73924,3.717169,5,6,6,14.868717,24,35.737352,54,6288832,2641848,122a5409f29faf23,607301,43584160,9837240,11898624,2365568,3923264,3548352
baseline,10,diagnostic,timeline,305419896,10000,100000,90000,81852,3.636307,4,4,4,14.545265,16,35.090456,38,7133208,2872224,ff36ea6b24a1a47b,1044866,79479432,11062160,17755464,2619264,4513944,3928896
baseline,10,diagnostic,timeline,305419896,10000,100000,100000,89760,3.658612,4,5,5,14.634481,20,35.268895,46,7755200,3165736,e25667c0f839dc08,1071728,81046816,12063736,17755464,2872320,4882880,4308480
open_dense,10,timed,timeline,305419896,10000,100000,0,10000,0.9999,1,1,1,3.9999,4,13.9992,14,479984,139992,e683f3560ca72cf4,,,,,,,
open_dense,10,timed,timeline,305419896,10000,100000,10000,17994,1.436868,3,3,3,5.747638,12,17.494943,30,940840,314804,59e57be19d8ba348,,,,,,,
open_dense,10,timed,timeline,305419896,10000,100000,20000,25958,2.269975,5,5,5,9.080014,20,24.159797,46,1613264,627140,327a9dd3f4b12fdd,,,,,,,
open_dense,10,timed,timeline,305419896,10000,100000,30000,33956,3.144452,6,6,6,12.577895,24,31.155613,54,2529216,1057920,e5616a0a420d9ad6,,,,,,,
open_dense,10,timed,timeline,305419896,10000,100000,40000,41894,3.027689,5,6,6,12.110827,24,30.221511,54,2863064,1266100,4e05d85e7e304430,,,,,,,
open_dense,10,timed,timeline,305419896,10000,100000,50000,49906,3.140284,4,5,6,12.561195,24,31.12227,54,3358368,1553188,c4b24e41a952399d,,,,,,,
open_dense,10,timed,timeline,305419896,10000,100000,60000,57918,3.500311,6,6,6,14.001295,24,34.002486,54,4281032,1969356,721135b82feb24dc,,,,,,,
open_dense,10,timed,timeline,305419896,10000,100000,70000,65922,3.628455,5,6,6,14.513865,24,35.027639,54,5199344,2309092,808237f0b624e058,,,,,,,
open_dense,10,timed,timeline,305419896,10000,100000,80000,73924,3.774836,5,5,6,15.099386,24,36.198691,54,6115336,2675952,f22701c301912646,,,,,,,
open_dense,10,timed,timeline,305419896,10000,100000,90000,81852,3.939647,5,6,6,15.758625,24,37.517177,54,7024304,3070856,ceb39cee7ce769c9,,,,,,,
open_dense,10,timed,timeline,305419896,10000,100000,100000,89760,4.128766,6,6,6,16.515096,24,39.030125,54,7925224,3503344,0431c74456bc581e,,,,,,,
open_dense,10,diagnostic,timeline,305419896,10000,100000,0,10000,0.9999,1,1,1,3.9999,4,13.9992,14,479984,139992,e683f3560ca72cf4,30001,960040,960040,960040,320000,159984,480000
open_dense,10,diagnostic,timeline,305419896,10000,100000,10000,17994,1.436868,3,3,3,5.747638,12,17.494943,30,940840,314804,59e57be19d8ba348,56992,2044224,1804608,1804712,575808,365032,863712
open_dense,10,diagnostic,timeline,305419896,10000,100000,20000,25958,2.269975,5,5,5,9.080014,20,24.159797,46,1613264,627140,327a9dd3f4b12fdd,83938,3643880,2859304,2859304,830656,782608,1245984
open_dense,10,diagnostic,timeline,305419896,10000,100000,30000,33956,3.144452,6,6,6,12.577895,24,31.155613,54,2529216,1057920,e5616a0a420d9ad6,459061,41239760,4159160,4349448,1086592,1442624,1629888
open_dense,10,diagnostic,timeline,305419896,10000,100000,40000,41894,3.027689,5,6,6,12.110827,24,30.221511,54,2863064,1266100,4e05d85e7e304430,892298,83652960,4874032,5986192,1340608,1522456,2010912
open_dense,10,diagnostic,timeline,305419896,10000,100000,50000,49906,3.140284,4,5,6,12.561195,24,31.12227,54,3358368,1553188,c4b24e41a952399d,1578944,152117104,5753912,7632800,1596992,1761376,2395488
open_dense,10,diagnostic,timeline,305419896,10000,100000,60000,57918,3.500311,6,6,6,14.001295,24,34.002486,54,4281032,1969356,721135b82feb24dc,1747410,168611824,7061152,7632800,1853376,2427656,2780064
open_dense,10,diagnostic,timeline,305419896,10000,100000,70000,65922,3.628455,5,6,6,14.513865,24,35.027639,54,5199344,2309092,808237f0b624e058,2345834,229238040,8363656,10028600,2109504,3089840,3164256
open_dense,10,diagnostic,timeline,305419896,10000,100000,80000,73924,3.774836,5,5,6,15.099386,24,36.198691,54,6115336,2675952,f22701c301912646,3072341,302927528,9663744,11728136,2365568,3749768,3548352
open_dense,10,diagnostic,timeline,305419896,10000,100000,90000,81852,3.939647,5,6,6,15.758625,24,37.517177,54,7024304,3070856,ceb39cee7ce769c9,3762379,372798640,10953256,11969760,2619264,4405040,3928896
open_dense,10,diagnostic,timeline,305419896,10000,100000,100000,89760,4.128766,6,6,6,16.515096,24,39.030125,54,7925224,3503344,0431c74456bc581e,6263381,631307944,12233760,16412424,2872320,5052904,4308480
baseline,11,timed,timeline,2654435769,10000,100000,0,10000,0.9999,1,1,1,3.9999,4,13.9992,14,479984,139992,e683f3560ca72cf4,,,,,,,
baseline,11,timed,timeline,2654435769,10000,100000,10000,17944,1.437974,3,3,3,5.752062,12,17.50379,30,938616,314088,8e2983b711dd84e9,,,,,,,
baseline,11,timed,timeline,2654435769,10000,100000,20000,25954,2.276104,5,5,5,9.104531,20,24.208831,46,1614744,628316,30cbdf355e645f54,,,,,,,
baseline,11,timed,timeline,2654435769,10000,100000,30000,33884,3.284116,4,4,4,13.136554,16,32.272931,38,2698632,1093536,7fd43e6593f9c676,,,,,,,
baseline,11,timed,timeline,2654435769,10000,100000,40000,41828,3.228292,4,4,4,12.91324,16,31.826336,38,3227832,1331232,57a4e6a7d8933773,,,,,,,
baseline,11,timed,timeline,2654435769,10000,100000,50000,49752,3.548903,6,6,6,14.195671,24,34.39122,54,4060904,1711032,bce8f23e72b7cd40,,,,,,,
baseline,11,timed,timeline,2654435769,10000,100000,60000,57804,3.560169,4,4,4,14.240727,16,34.481351,38,4872768,1993160,220fea1895974640,,,,,,,
baseline,11,timed,timeline,2654435769,10000,100000,70000,65894,3.507072,4,4,4,14.028333,16,34.056576,38,5417800,2244124,9f905f9ebdf85999,,,,,,,
baseline,11,timed,timeline,2654435769,10000,100000,80000,73832,3.710221,5,6,6,14.840923,24,35.681764,54,6274616,2634456,6ad2b35e41e75f09,,,,,,,
baseline,11,timed,timeline,2654435769,10000,100000,90000,81814,3.637018,4,4,4,14.548109,16,35.096145,38,7133880,2871356,d10b79837a05feec,,,,,,,
baseline,11,timed,timeline,2654435769,10000,100000,100000,89818,3.659033,4,5,5,14.636164,20,35.272262,46,7763984,3168084,6d9c38df4b8a67a7,,,,,,,
baseline,11,diagnostic,timeline,2654435769,10000,100000,0,10000,0.9999,1,1,1,3.9999,4,13.9992,14,479984,139992,e683f3560ca72cf4,30001,960040,960040,960040,320000,159984,480000
baseline,11,diagnostic,timeline,2654435769,10000,100000,10000,17944,1.437974,3,3,3,5.752062,12,17.50379,30,938616,314088,8e2983b711dd84e9,56917,2042672,1799984,1799984,574208,364408,861312
baseline,11,diagnostic,timeline,2654435769,10000,100000,20000,25954,2.276104,5,5,5,9.104531,20,24.208831,46,1614744,628316,30cbdf355e645f54,83932,3646992,2860592,2860592,830528,784216,1245792
baseline,11,diagnostic,timeline,2654435769,10000,100000,30000,33884,3.284116,4,4,4,13.136554,16,32.272931,38,2698632,1093536,7fd43e6593f9c676,239102,15451440,4325120,6805424,1084288,1614344,1626432
baseline,11,diagnostic,timeline,2654435769,10000,100000,40000,41828,3.228292,4,4,4,12.91324,16,31.826336,38,3227832,1331232,57a4e6a7d8933773,266018,16795800,5235632,6805424,1338496,1889336,2007744
baseline,11,diagnostic,timeline,2654435769,10000,100000,50000,49752,3.548903,6,6,6,14.195671,24,34.39122,54,4060904,1711032,bce8f23e72b7cd40,292904,18770016,6449056,6805424,1592064,2468840,2388096
baseline,11,diagnostic,timeline,2654435769,10000,100000,60000,57804,3.560169,4,4,4,14.240727,16,34.481351,38,4872768,1993160,220fea1895974640,553093,40152712,7647416,11897328,1849728,3023040,2774592
baseline,11,diagnostic,timeline,2654435769,10000,100000,70000,65894,3.507072,4,4,4,14.028333,16,34.056576,38,5417800,2244124,9f905f9ebdf85999,580228,41533264,8580768,11897328,2108608,3309192,3162912
baseline,11,diagnostic,timeline,2654435769,10000,100000,80000,73832,3.710221,5,6,6,14.840923,24,35.681764,54,6274616,2634456,6ad2b35e41e75f09,607135,43563000,9818608,11897328,2362624,3911992,3543936
baseline,11,diagnostic,timeline,2654435769,10000,100000,90000,81814,3.637018,4,4,4,14.548109,16,35.096145,38,7133880,2871356,d10b79837a05feec,1045057,80974376,11061008,18633592,2618048,4515832,3927072
baseline,11,diagnostic,timeline,2654435769,10000,100000,100000,89818,3.659033,4,5,5,14.636164,20,35.272262,46,7763984,3168084,6d9c38df4b8a67a7,1072063,82549984,12075304,18633592,2874176,4889808,4311264
open_dense,11,timed,timeline,2654435769,10000,100000,0,10000,0.9999,1,1,1,3.9999,4,13.9992,14,479984,139992,e683f3560ca72cf4,,,,,,,
open_dense,11,timed,timeline,2654435769,10000,100000,10000,17944,1.437974,3,3,3,5.752062,12,17.50379,30,938616,314088,8e2983b711dd84e9,,,,,,,
open_dense,11,timed,timeline,2654435769,10000,100000,20000,25954,2.276104,5,5,5,9.104531,20,24.208831,46,1614744,628316,30cbdf355e645f54,,,,,,,
open_dense,11,timed,timeline,2654435769,10000,100000,30000,33884,2.954492,5,5,6,11.818056,24,29.635934,54,2527312,1004184,332f002b9493f9a0,,,,,,,
open_dense,11,timed,timeline,2654435769,10000,100000,40000,41828,3.383332,5,6,6,13.533399,24,33.066654,54,3431504,1383112,12a04b0387ad9da1,,,,,,,
open_dense,11,timed,timeline,2654435769,10000,100000,50000,49752,3.826419,6,6,6,15.305736,24,36.611352,54,4334032,1821488,c149718a03ca72c2,,,,,,,
open_dense,11,timed,timeline,2654435769,10000,100000,60000,57804,3.513874,5,6,6,14.05555,24,34.110996,54,4403992,1971752,710bef5973075c2b,,,,,,,
open_dense,11,timed,timeline,2654435769,10000,100000,70000,65894,3.744089,6,6,6,14.976401,24,35.952712,54,5362440,2369068,50e73717031f1b81,,,,,,,
open_dense,11,timed,timeline,2654435769,10000,100000,80000,73832,3.909551,6,6,6,15.638246,24,37.276411,54,6241288,2752192,5839804a732d349b,,,,,,,
open_dense,11,timed,timeline,2654435769,10000,100000,90000,81814,4.027453,6,6,6,16.109847,24,38.21962,54,7151888,3126900,28ea4859e32d0f8c,,,,,,,
open_dense,11,timed,timeline,2654435769,10000,100000,100000,89818,4.209758,6,6,6,16.839063,24,39.67806,54,8061552,3563804,ce55fee00a2e3814,,,,,,,
open_dense,11,diagnostic,timeline,2654435769,10000,100000,0,10000,0.9999,1,1,1,3.9999,4,13.9992,14,479984,139992,e683f3560ca72cf4,30001,960040,960040,960040,320000,159984,480000
open_dense,11,diagnostic,timeline,2654435769,10000,100000,10000,17944,1.437974,3,3,3,5.752062,12,17.50379,30,938616,314088,8e2983b711dd84e9,56917,2042672,1799984,1799984,574208,364408,861312
open_dense,11,diagnostic,timeline,2654435769,10000,100000,20000,25954,2.276104,5,5,5,9.104531,20,24.208831,46,1614744,628316,30cbdf355e645f54,83932,3646992,2860592,2860592,830528,784216,1245792
open_dense,11,diagnostic,timeline,2654435769,10000,100000,30000,33884,2.954492,5,5,6,11.818056,24,29.635934,54,2527312,1004184,332f002b9493f9a0,482201,43670312,4153800,5095672,1084288,1443024,1626432
open_dense,11,diagnostic,timeline,2654435769,10000,100000,40000,41828,3.383332,5,6,6,13.533399,24,33.066654,54,3431504,1383112,12a04b0387ad9da1,998633,95795720,5439304,6319808,1338496,2093008,2007744
open_dense,11,diagnostic,timeline,2654435769,10000,100000,50000,49752,3.826419,6,6,6,15.305736,24,36.611352,54,4334032,1821488,c149718a03ca72c2,1484935,144679312,6722184,6771480,1592064,2741968,2388096
open_dense,11,diagnostic,timeline,2654435769,10000,100000,60000,57804,3.513874,5,6,6,14.05555,24,34.110996,54,4403992,1971752,710bef5973075c2b,2773601,275510208,7178640,10447784,1849728,2554264,2774592
open_dense,11,diagnostic,timeline,2654435769,10000,100000,70000,65894,3.744089,6,6,6,14.976401,24,35.952712,54,5362440,2369068,50e73717031f1b81,3373812,336252448,8525408,10447784,2108608,3253832,3162912
open_dense,11,diagnostic,timeline,2654435769,10000,100000,80000,73832,3.909551,6,6,6,15.638246,24,37.276411,54,6241288,2752192,5839804a732d349b,3800371,379320040,9785280,10763016,2362624,3878664,3543936
open_dense,11,diagnostic,timeline,2654435769,10000,100000,90000,81814,4.027453,6,6,6,16.109847,24,38.21962,54,7151888,3126900,28ea4859e32d0f8c,5037800,505781952,11079016,13165264,2618048,4533840,3927072
open_dense,11,diagnostic,timeline,2654435769,10000,100000,100000,89818,4.209758,6,6,6,16.839063,24,39.67806,54,8061552,3563804,ce55fee00a2e3814,9944664,1016094352,12372872,16566896,2874176,5187376,4311264
baseline,12,timed,timeline,826366246,10000,100000,0,10000,0.9999,1,1,1,3.9999,4,13.9992,14,479984,139992,e683f3560ca72cf4,,,,,,,
baseline,12,timed,timeline,826366246,10000,100000,10000,18064,1.438607,3,3,4,5.754595,16,17.508857,38,944896,316280,ddc931464b54ea25,,,,,,,
baseline,12,timed,timeline,826366246,10000,100000,20000,26036,2.280343,5,5,5,9.121486,20,24.242741,46,1623376,631184,5b43b26606ebdffb,,,,,,,
baseline,12,timed,timeline,826366246,10000,100000,30000,34122,3.270266,4,4,4,13.08115,16,32.162124,38,2709072,1097436,0d851f91220cd7a4,,,,,,,
baseline,12,timed,timeline,826366246,10000,100000,40000,42200,3.234621,4,4,4,12.938555,16,31.876967,38,3254056,1345208,33d2a235d8fbb5f4,,,,,,,
baseline,12,timed,timeline,826366246,10000,100000,50000,50256,3.570579,6,6,6,14.282374,24,34.564629,54,4116408,1737080,750a58ced0a356b7,,,,,,,
baseline,12,timed,timeline,826366246,10000,100000,60000,58294,3.549199,4,4,5,14.196796,20,34.393591,46,4902632,2004940,b6f81f1d9bd79856,,,,,,,
baseline,12,timed,timeline,826366246,10000,100000,70000,66304,3.513046,4,4,5,14.052184,20,34.104368,46,5449384,2261256,6a0191a1881e6672,,,,,,,
baseline,12,timed,timeline,826366246,10000,100000,80000,74360,3.728295,6,6,7,14.913179,28,35.826358,62,6336512,2664048,267dcd20af71050c,,,,,,,
baseline,12,timed,timeline,826366246,10000,100000,90000,82246,3.633587,4,4,4,14.534385,16,35.068696,38,7163688,2884260,5814eb26a3d346f9,,,,,,,
baseline,12,timed,timeline,826366246,10000,100000,100000,90238,3.66697,4,5,5,14.667912,20,35.335757,46,7812968,3188628,23a4d80e1ef2912a,,,,,,,
baseline,12,diagnostic,timeline,826366246,10000,100000,0,10000,0.9999,1,1,1,3.9999,4,13.9992,14,479984,139992,e683f3560ca72cf4,30001,960040,960040,960040,320000,159984,480000
baseline,12,diagnostic,timeline,826366246,10000,100000,10000,18064,1.438607,3,3,4,5.754595,16,17.508857,38,944896,316280,ddc931464b54ea25,57097,2049328,1812024,1812120,578048,366848,867072
baseline,12,diagnostic,timeline,826366246,10000,100000,20000,26036,2.280343,5,5,5,9.121486,20,24.242741,46,1623376,631184,5b43b26606ebdffb,84055,3660952,2873160,2873160,833152,790224,1249728
baseline,12,diagnostic,timeline,826366246,10000,100000,30000,34122,3.270266,4,4,4,13.08115,16,32.162124,38,2709072,1097436,0d851f91220cd7a4,239317,15432328,4346984,6778200,1091904,1617168,1637856
baseline,12,diagnostic,timeline,826366246,10000,100000,40000,42200,3.234621,4,4,4,12.938555,16,31.876967,38,3254056,1345208,33d2a235d8fbb5f4,266434,16800256,5279712,6778200,1350400,1903656,2025600
baseline,12,diagnostic,timeline,826366246,10000,100000,50000,50256,3.570579,6,6,6,14.282374,24,34.564629,54,4116408,1737080,750a58ced0a356b7,293518,18821984,6528752,6778200,1608192,2508216,2412288
baseline,12,diagnostic,timeline,826366246,10000,100000,60000,58294,3.549199,4,4,5,14.196796,20,34.393591,46,4902632,2004940,b6f81f1d9bd79856,553790,38684216,7700800,11923024,1865408,3037224,2798112
baseline,12,diagnostic,timeline,826366246,10000,100000,70000,66304,3.513046,4,4,5,14.052184,20,34.104368,46,5449384,2261256,6a0191a1881e6672,580805,40076944,8632032,11923024,2121728,3327656,3182592
baseline,12,diagnostic,timeline,826366246,10000,100000,80000,74360,3.728295,6,6,7,14.913179,28,35.826358,62,6336512,2664048,267dcd20af71050c,607889,42157960,9905848,11923024,2379520,3956992,3569280
baseline,12,diagnostic,timeline,826366246,10000,100000,90000,82246,3.633587,4,4,4,14.534385,16,35.068696,38,7163688,2884260,5814eb26a3d346f9,1045617,78037088,11111552,17784256,2631872,4531816,3947808
baseline,12,diagnostic,timeline,826366246,10000,100000,100000,90238,3.66697,4,5,5,14.667912,20,35.335757,46,7812968,3188628,23a4d80e1ef2912a,1072605,79652400,12144448,17784256,2887616,4925352,4331424
open_dense,12,timed,timeline,826366246,10000,100000,0,10000,0.9999,1,1,1,3.9999,4,13.9992,14,479984,139992,e683f3560ca72cf4,,,,,,,
open_dense,12,timed,timeline,826366246,10000,100000,10000,18064,1.438607,3,3,4,5.754595,16,17.508857,38,944896,316280,ddc931464b54ea25,,,,,,,
open_dense,12,timed,timeline,826366246,10000,100000,20000,26036,2.280343,5,5,5,9.121486,20,24.242741,46,1623376,631184,5b43b26606ebdffb,,,,,,,
open_dense,12,timed,timeline,826366246,10000,100000,30000,34122,3.150695,6,6,6,12.602866,24,31.205557,54,2543728,1064796,b2f944ae4c79719d,,,,,,,
open_dense,12,timed,timeline,826366246,10000,100000,40000,42200,3.3109,5,6,6,13.243673,24,32.487204,54,3350784,1370960,7291c4c0a8a15c71,,,,,,,
open_dense,12,timed,timeline,826366246,10000,100000,50000,50256,3.669094,6,6,6,14.676437,24,35.352754,54,4333120,1776688,8573b5b22d31d290,,,,,,,
open_dense,12,timed,timeline,826366246,10000,100000,60000,58294,3.89263,6,6,6,15.570522,24,37.141044,54,5179880,2165100,ea0be178a66e2571,,,,,,,
open_dense,12,timed,timeline,826366246,10000,100000,70000,66304,4.07446,6,6,6,16.29784,24,38.595681,54,6089576,2559048,78663cb812b62e4d,,,,,,,
open_dense,12,timed,timeline,826366246,10000,100000,80000,74360,4.285073,6,6,6,17.14029,24,40.280581,54,6995088,2995264,384c6c4922b0645f,,,,,,,
open_dense,12,timed,timeline,826366246,10000,100000,90000,82246,2.074618,4,5,5,8.29847,20,22.596941,46,4844400,1858508,c80f8c23e3d3b327,,,,,,,
open_dense,12,timed,timeline,826366246,10000,100000,100000,90238,2.414714,6,6,6,9.658858,24,25.317715,54,5769944,2284620,3a8d263579e1db9a,,,,,,,
open_dense,12,diagnostic,timeline,826366246,10000,100000,0,10000,0.9999,1,1,1,3.9999,4,13.9992,14,479984,139992,e683f3560ca72cf4,30001,960040,960040,960040,320000,159984,480000
open_dense,12,diagnostic,timeline,826366246,10000,100000,10000,18064,1.438607,3,3,4,5.754595,16,17.508857,38,944896,316280,ddc931464b54ea25,57097,2049328,1812024,1812120,578048,366848,867072
open_dense,12,diagnostic,timeline,826366246,10000,100000,20000,26036,2.280343,5,5,5,9.121486,20,24.242741,46,1623376,631184,5b43b26606ebdffb,84055,3660952,2873160,2873160,833152,790224,1249728
open_dense,12,diagnostic,timeline,826366246,10000,100000,30000,34122,3.150695,6,6,6,12.602866,24,31.205557,54,2543728,1064796,b2f944ae4c79719d,436498,38943440,4181640,4421336,1091904,1451824,1637856
open_dense,12,diagnostic,timeline,826366246,10000,100000,40000,42200,3.3109,5,6,6,13.243673,24,32.487204,54,3350784,1370960,7291c4c0a8a15c71,1341323,130685328,5376440,6985264,1350400,2000384,2025600
open_dense,12,diagnostic,timeline,826366246,10000,100000,50000,50256,3.669094,6,6,6,14.676437,24,35.352754,54,4333120,1776688,8573b5b22d31d290,1894613,186531176,6745464,7761608,1608192,2724928,2412288
open_dense,12,diagnostic,timeline,826366246,10000,100000,60000,58294,3.89263,6,6,6,15.570522,24,37.141044,54,5179880,2165100,ea0be178a66e2571,2347876,232440488,7978048,9029960,1865408,3314472,2798112
open_dense,12,diagnostic,timeline,826366246,10000,100000,70000,66304,4.07446,6,6,6,16.29784,24,38.595681,54,6089576,2559048,78663cb812b62e4d,4104299,413281984,9272224,11288288,2121728,3967848,3182592
open_dense,12,diagnostic,timeline,826366246,10000,100000,80000,74360,4.285073,6,6,6,17.14029,24,40.280581,54,6995088,2995264,384c6c4922b0645f,11173741,1148738520,10564424,14753800,2379520,4615568,3569280
open_dense,12,diagnostic,timeline,826366246,10000,100000,90000,82246,2.074618,4,5,5,8.29847,20,22.596941,46,4844400,1858508,c80f8c23e3d3b327,13209384,1352421560,8792264,15655912,2631872,2212528,3947808
open_dense,12,diagnostic,timeline,826366246,10000,100000,100000,90238,2.414714,6,6,6,9.658858,24,25.317715,54,5769944,2284620,3a8d263579e1db9a,13369512,1368036160,10101424,15655912,2887616,2882328,4331424
baseline,13,timed,timeline,12648430,10000,100000,0,10000,0.9999,1,1,1,3.9999,4,13.9992,14,479984,139992,e683f3560ca72cf4,,,,,,,
baseline,13,timed,timeline,12648430,10000,100000,10000,18006,1.440464,3,3,3,5.761857,12,17.523714,30,942328,315532,3bbb6bb3ba62e226,,,,,,,
baseline,13,timed,timeline,12648430,10000,100000,20000,25876,2.278598,5,5,5,9.114392,20,24.228783,46,1611272,626944,686d4378037365e5,,,,,,,
baseline,13,timed,timeline,12648430,10000,100000,30000,33894,3.273706,4,4,4,13.094914,16,32.18965,38,2692400,1091036,f4e90ac412cc7c0f,,,,,,,
baseline,13,timed,timeline,12648430,10000,100000,40000,41878,3.231363,4,4,4,12.925522,16,31.8509,38,3228144,1333852,01f61a853f396902,,,,,,,
baseline,13,timed,timeline,12648430,10000,100000,50000,49782,3.560664,6,6,6,14.242718,24,34.485316,54,4069000,1716748,e9258f001dee2df2,,,,,,,
baseline,13,timed,timeline,12648430,10000,100000,60000,57780,3.551073,4,4,4,14.204344,16,34.408584,38,4859808,1988128,a387448cbfa71746,,,,,,,
baseline,13,timed,timeline,12648430,10000,100000,70000,65754,3.509444,4,4,4,14.037823,16,34.075554,38,5400824,2240604,f4aa363fa8a25286,,,,,,,
baseline,13,timed,timeline,12648430,10000,100000,80000,73752,3.721716,6,6,6,14.886905,24,35.773728,54,6275928,2638384,8c5158981f473ff9,,,,,,,
baseline,13,timed,timeline,12648430,10000,100000,90000,81834,3.63371,4,4,4,14.534875,16,35.069678,38,7127824,2869892,202ef5ab5385c685,,,,,,,
baseline,13,timed,timeline,12648430,10000,100000,100000,89868,3.664007,4,5,5,14.656062,20,35.312058,46,7774904,3173424,7dcb541698e507d5,,,,,,,
baseline,13,diagnostic,timeline,12648430,10000,100000,0,10000,0.9999,1,1,1,3.9999,4,13.9992,14,479984,139992,e683f3560ca72cf4,30001,960040,960040,960040,320000,159984,480000
baseline,13,diagnostic,timeline,12648430,10000,100000,10000,18006,1.440464,3,3,3,5.761857,12,17.523714,30,942328,315532,3bbb6bb3ba62e226,57010,2047952,1806672,1806672,576192,366136,864288
baseline,13,diagnostic,timeline,12648430,10000,100000,20000,25876,2.278598,5,5,5,9.114392,20,24.228783,46,1611272,626944,686d4378037365e5,83815,3644288,2853376,2853376,828032,783240,1242048
baseline,13,diagnostic,timeline,12648430,10000,100000,30000,33894,3.273706,4,4,4,13.094914,16,32.18965,38,2692400,1091036,f4e90ac412cc7c0f,238795,15411400,4319368,6761296,1084608,1607792,1626912
baseline,13,diagnostic,timeline,12648430,10000,100000,40000,41878,3.231363,4,4,4,12.925522,16,31.8509,38,3228144,1333852,01f61a853f396902,265771,16767096,5238344,6761296,1340096,1888048,2010144
baseline,13,diagnostic,timeline,12648430,10000,100000,50000,49782,3.560664,6,6,6,14.242718,24,34.485316,54,4069000,1716748,e9258f001dee2df2,292627,18755944,6458592,6761296,1593024,2475976,2389536
baseline,13,diagnostic,timeline,12648430,10000,100000,60000,57780,3.551073,4,4,4,14.204344,16,34.408584,38,4859808,1988128,a387448cbfa71746,552097,38581776,7633304,11831368,1848960,3010848,2773440
baseline,13,diagnostic,timeline,12648430,10000,100000,70000,65754,3.509444,4,4,4,14.037823,16,34.075554,38,5400824,2240604,f4aa363fa8a25286,579058,39966232,8557072,11831368,2104128,3296696,3156192
baseline,13,diagnostic,timeline,12648430,10000,100000,80000,73752,3.721716,6,6,6,14.886905,24,35.773728,54,6275928,2638384,8c5158981f473ff9,606055,42026280,9816080,11831368,2360064,3915864,3540096
baseline,13,diagnostic,timeline,12648430,10000,100000,90000,81834,3.63371,4,4,4,14.534875,16,35.069678,38,7127824,2869892,202ef5ab5385c685,1043401,80843848,11055912,18590168,2618688,4509136,3928032
baseline,13,diagnostic,timeline,12648430,10000,100000,100000,89868,3.664007,4,5,5,14.656062,20,35.312058,46,7774904,3173424,7dcb541698e507d5,1070452,82451176,12088624,18590168,2875776,4899128,4313664
open_dense,13,timed,timeline,12648430,10000,100000,0,10000,0.9999,1,1,1,3.9999,4,13.9992,14,479984,139992,e683f3560ca72cf4,,,,,,,
open_dense,13,timed,timeline,12648430,10000,100000,10000,18006,1.440464,3,3,3,5.761857,12,17.523714,30,942328,315532,3bbb6bb3ba62e226,,,,,,,
open_dense,13,timed,timeline,12648430,10000,100000,20000,25876,2.278598,5,5,5,9.114392,20,24.228783,46,1611272,626944,686d4378037365e5,,,,,,,
open_dense,13,timed,timeline,12648430,10000,100000,30000,33894,3.154924,6,6,6,12.619697,24,31.239393,54,2528248,1058828,1f1b0a3e549edde4,,,,,,,
open_dense,13,timed,timeline,12648430,10000,100000,40000,41878,3.478461,6,6,6,13.913845,24,33.82769,54,3437632,1416636,9d4320168eacee06,,,,,,,
open_dense,13,timed,timeline,12648430,10000,100000,50000,49782,2.086819,3,4,5,8.347274,20,22.694548,46,2917728,1129780,1eb1cb1cd19f6141,,,,,,,
open_dense,13,timed,timeline,12648430,10000,100000,60000,57780,2.513551,5,6,6,10.054206,24,26.108411,54,3747896,1508544,d830d0b94ec4d2f9,,,,,,,
open_dense,13,timed,timeline,12648430,10000,100000,70000,65754,2.581075,4,4,6,10.3243,24,26.648599,54,4090304,1752252,130d40b5874b18d1,,,,,,,
open_dense,13,timed,timeline,12648430,10000,100000,80000,73752,2.924748,6,6,6,11.698991,24,29.397982,54,5016144,2168160,f8530abcd2b4b321,,,,,,,
open_dense,13,timed,timeline,12648430,10000,100000,90000,81834,3.160569,6,6,6,12.642276,24,31.284552,54,5947384,2560140,862fd9a57685dd41,,,,,,,
open_dense,13,timed,timeline,12648430,10000,100000,100000,89868,3.103352,5,5,6,12.413406,24,30.826813,54,6271520,2770344,313f7a33b9fe9efb,,,,,,,
open_dense,13,diagnostic,timeline,12648430,10000,100000,0,10000,0.9999,1,1,1,3.9999,4,13.9992,14,479984,139992,e683f3560ca72cf4,30001,960040,960040,960040,320000,159984,480000
open_dense,13,diagnostic,timeline,12648430,10000,100000,10000,18006,1.440464,3,3,3,5.761857,12,17.523714,30,942328,315532,3bbb6bb3ba62e226,57010,2047952,1806672,1806672,576192,366136,864288
open_dense,13,diagnostic,timeline,12648430,10000,100000,20000,25876,2.278598,5,5,5,9.114392,20,24.228783,46,1611272,626944,686d4378037365e5,83815,3644288,2853376,2853376,828032,783240,1242048
open_dense,13,diagnostic,timeline,12648430,10000,100000,30000,33894,3.154924,6,6,6,12.619697,24,31.239393,54,2528248,1058828,1f1b0a3e549edde4,441796,39422480,4155216,4626304,1084608,1443640,1626912
open_dense,13,diagnostic,timeline,12648430,10000,100000,40000,41878,3.478461,6,6,6,13.913845,24,33.82769,54,3437632,1416636,9d4320168eacee06,1204410,117052520,5447832,7525608,1340096,2097536,2010144
open_dense,13,diagnostic,timeline,12648430,10000,100000,50000,49782,2.086819,3,4,5,8.347274,20,22.694548,46,2917728,1129780,1eb1cb1cd19f6141,2894278,287792704,5307320,8546320,1593024,1324704,2389536
open_dense,13,diagnostic,timeline,12648430,10000,100000,60000,57780,2.513551,5,6,6,10.054206,24,26.108411,54,3747896,1508544,d830d0b94ec4d2f9,2921275,289711304,6521392,8546320,1848960,1898936,2773440
open_dense,13,diagnostic,timeline,12648430,10000,100000,70000,65754,2.581075,4,4,6,10.3243,24,26.648599,54,4090304,1752252,130d40b5874b18d1,3751826,372557768,7246552,8952456,2104128,1986176,3156192
open_dense,13,diagnostic,timeline,12648430,10000,100000,80000,73752,2.924748,6,6,6,11.698991,24,29.397982,54,5016144,2168160,f8530abcd2b4b321,3815839,378432872,8556296,8952456,2360064,2656080,3540096
open_dense,13,diagnostic,timeline,12648430,10000,100000,90000,81834,3.160569,6,6,6,12.642276,24,31.284552,54,5947384,2560140,862fd9a57685dd41,4325982,429810136,9875472,10089280,2618688,3328696,3928032
open_dense,13,diagnostic,timeline,12648430,10000,100000,100000,89868,3.103352,5,5,6,12.413406,24,30.826813,54,6271520,2770344,313f7a33b9fe9efb,5509781,548666072,10585240,14446936,2875776,3395744,4313664
baseline,14,timed,priority,17,10000,100000,0,10000,2.3541,4,5,6,9.4167,24,24.8328,54,620368,248328,077ff11f51ebb72e,,,,,,,
baseline,14,timed,priority,17,10000,100000,10000,10986,1.707537,3,5,6,6.830147,24,19.660295,54,609288,215988,0d0b2e305dc97f04,,,,,,,
baseline,14,timed,priority,17,10000,100000,20000,12067,1.408469,3,5,6,5.633878,24,17.267755,54,634968,208370,a921b0a7203f3d82,,,,,,,
baseline,14,timed,priority,17,10000,100000,30000,13188,1.491128,4,5,6,5.964513,24,17.929026,54,708872,236448,c1cac4dbe8fed97d,,,,,,,
baseline,14,timed,priority,17,10000,100000,40000,14310,1.573585,4,5,6,6.29434,24,18.588679,54,785056,266004,7e9d7c103c82add7,,,,,,,
baseline,14,timed,priority,17,10000,100000,50000,15496,1.64636,4,5,6,6.585441,24,19.170883,54,864688,297072,b101dab88638121a,,,,,,,
baseline,14,timed,priority,17,10000,100000,60000,16507,2.800812,3,4,6,11.203247,24,28.406494,54,1135344,468906,dbc8f6b25d32f831,,,,,,,
baseline,14,timed,priority,17,10000,100000,70000,17584,2.391208,4,5,6,9.564832,24,25.129663,54,1108600,441880,b0ec6a5cdedbf63a,,,,,,,
baseline,14,timed,priority,17,10000,100000,80000,18590,1.92114,4,5,6,7.684562,24,21.369123,54,1064152,397252,b33e1678302e9fe2,,,,,,,
baseline,14,timed,priority,17,10000,100000,90000,19476,1.494865,3,5,6,5.979462,24,17.958924,54,1035096,349768,0245ef921494741b,,,,,,,
baseline,14,timed,priority,17,10000,100000,100000,20539,1.388042,3,5,6,5.552169,24,17.104338,54,1073488,351306,fac6d83c09596794,,,,,,,
baseline,14,diagnostic,priority,17,10000,100000,0,10000,2.3541,4,5,6,9.4167,24,24.8328,54,620368,248328,077ff11f51ebb72e,51116,2632216,1100424,1100424,320000,300368,480000
baseline,14,diagnostic,priority,17,10000,100000,10000,10986,1.707537,3,5,6,6.830147,24,19.660295,54,609288,215988,0d0b2e305dc97f04,105385,5344304,1136672,1155224,351552,257736,527328
baseline,14,diagnostic,priority,17,10000,100000,20000,12067,1.408469,3,5,6,5.633878,24,17.267755,54,634968,208370,a921b0a7203f3d82,155713,7690632,1214240,1214312,386144,248824,579216
baseline,14,diagnostic,priority,17,10000,100000,30000,13188,1.491128,4,5,6,5.964513,24,17.929026,54,708872,236448,c1cac4dbe8fed97d,186152,8969160,1341952,1341952,422016,286856,633024
baseline,14,diagnostic,priority,17,10000,100000,40000,14310,1.573585,4,5,6,6.29434,24,18.588679,54,785056,266004,7e9d7c103c82add7,216397,10262232,1471992,1472384,457920,327136,686880
baseline,14,diagnostic,priority,17,10000,100000,50000,15496,1.64636,4,5,6,6.585441,24,19.170883,54,864688,297072,b101dab88638121a,243804,11405648,1608552,1609440,495872,368816,743808
baseline,14,diagnostic,priority,17,10000,100000,60000,16507,2.800812,3,4,6,11.203247,24,28.406494,54,1135344,468906,dbc8f6b25d32f831,341763,17544432,1927736,3051792,528224,607120,792336
baseline,14,diagnostic,priority,17,10000,100000,70000,17584,2.391208,4,5,6,9.564832,24,25.129663,54,1108600,441880,b0ec6a5cdedbf63a,386314,19844392,1952688,3051792,562688,545912,844032
baseline,14,diagnostic,priority,17,10000,100000,80000,18590,1.92114,4,5,6,7.684562,24,21.369123,54,1064152,397252,b33e1678302e9fe2,450760,23135976,1956528,3051792,594880,469272,892320
baseline,14,diagnostic,priority,17,10000,100000,90000,19476,1.494865,3,5,6,5.979462,24,17.958924,54,1035096,349768,0245ef921494741b,526622,26917304,1970000,3051792,623232,411864,934848
baseline,14,diagnostic,priority,17,10000,100000,100000,20539,1.388042,3,5,6,5.552169,24,17.104338,54,1073488,351306,fac6d83c09596794,570957,28889776,2059416,3051792,657248,416240,985872
open_dense,14,timed,priority,17,10000,100000,0,10000,2.7425,5,5,6,10.97,24,27.94,54,687896,279400,9e77da1997d45bca,,,,,,,
open_dense,14,timed,priority,17,10000,100000,10000,10986,2.243037,4,5,6,8.972146,24,23.944293,54,673632,263052,06ba2a9238e62243,,,,,,,
open_dense,14,timed,priority,17,10000,100000,20000,12067,2.476092,4,6,6,9.904367,24,25.808735,54,786448,311434,a65dcc04b51d83db,,,,,,,
open_dense,14,timed,priority,17,10000,100000,30000,13188,2.579542,5,6,6,10.318168,24,26.636336,54,880448,351280,2621b4cb68b169d4,,,,,,,
open_dense,14,timed,priority,17,10000,100000,40000,14310,2.553669,4,6,6,10.214675,24,26.42935,54,947632,378204,a1027c2f4fec536c,,,,,,,
open_dense,14,timed,priority,17,10000,100000,50000,15496,2.642295,5,6,6,10.569179,24,27.138358,54,1046312,420536,783a4acf9db88458,,,,,,,
open_dense,14,timed,priority,17,10000,100000,60000,16507,2.690192,5,6,6,10.760768,24,27.521536,54,1124120,454298,d92237c5102f6dfd,,,,,,,
open_dense,14,timed,priority,17,10000,100000,70000,17584,2.716902,5,6,6,10.867607,24,27.735214,54,1203952,487696,ba4a5f9b17f30a39,,,,,,,
open_dense,14,timed,priority,17,10000,100000,80000,18590,2.722431,5,6,6,10.889726,24,27.779451,54,1269968,516420,25b8881ce02d0065,,,,,,,
open_dense,14,timed,priority,17,10000,100000,90000,19476,2.773978,5,6,6,11.095913,24,28.191826,54,1345344,549064,ca3aba721eada9c4,,,,,,,
open_dense,14,timed,priority,17,10000,100000,100000,20539,1.361264,3,5,6,5.445056,24,16.890111,54,1066992,346906,5814cd2d9334ab6e,,,,,,,
open_dense,14,diagnostic,priority,17,10000,100000,0,10000,2.7425,5,5,6,10.97,24,27.94,54,687896,279400,9e77da1997d45bca,79971,4686928,1167952,1213656,320000,367896,480000
open_dense,14,diagnostic,priority,17,10000,100000,10000,10986,2.243037,4,5,6,8.972146,24,23.944293,54,673632,263052,06ba2a9238e62243,137206,7605536,1201016,1759416,351552,322080,527328
open_dense,14,diagnostic,priority,17,10000,100000,20000,12067,2.476092,4,6,6,9.904367,24,25.808735,54,786448,311434,a65dcc04b51d83db,165226,8964656,1365720,1759416,386144,400304,579216
open_dense,14,diagnostic,priority,17,10000,100000,30000,13188,2.579542,5,6,6,10.318168,24,26.636336,54,880448,351280,2621b4cb68b169d4,195303,10470872,1513528,1759416,422016,458432,633024
open_dense,14,diagnostic,priority,17,10000,100000,40000,14310,2.553669,4,6,6,10.214675,24,26.42935,54,947632,378204,a1027c2f4fec536c,246486,13134328,1634568,1908544,457920,489712,686880
open_dense,14,diagnostic,priority,17,10000,100000,50000,15496,2.642295,5,6,6,10.569179,24,27.138358,54,1046312,420536,783a4acf9db88458,276879,14684784,1790176,1908544,495872,550440,743808
open_dense,14,diagnostic,priority,17,10000,100000,60000,16507,2.690192,5,6,6,10.760768,24,27.521536,54,1124120,454298,d92237c5102f6dfd,313377,16612256,1916512,1982504,528224,595896,792336
open_dense,14,diagnostic,priority,17,10000,100000,70000,17584,2.716902,5,6,6,10.867607,24,27.735214,54,1203952,487696,ba4a5f9b17f30a39,346980,18402096,2048040,2049208,562688,641264,844032
open_dense,14,diagnostic,priority,17,10000,100000,80000,18590,2.722431,5,6,6,10.889726,24,27.779451,54,1269968,516420,25b8881ce02d0065,398492,21178816,2162344,2454464,594880,675088,892320
open_dense,14,diagnostic,priority,17,10000,100000,90000,19476,2.773978,5,6,6,11.095913,24,28.191826,54,1345344,549064,ca3aba721eada9c4,435288,23197944,2280248,2454464,623232,722112,934848
open_dense,14,diagnostic,priority,17,10000,100000,100000,20539,1.361264,3,5,6,5.445056,24,16.890111,54,1066992,346906,5814cd2d9334ab6e,530115,27536360,2052920,3386704,657248,409744,985872
baseline,15,timed,priority,305419896,10000,100000,0,10000,2.0715,4,5,6,8.3059,25,22.572,54,588232,225720,602b63039a07399e,,,,,,,
baseline,15,timed,priority,305419896,10000,100000,10000,11106,2.476049,3,5,6,9.904196,24,25.808392,54,712560,286628,edde2500b6addcf3,,,,,,,
baseline,15,timed,priority,305419896,10000,100000,20000,12111,1.663034,3,5,6,6.652134,24,19.304269,54,663872,233794,04bf4e3ddf749710,,,,,,,
baseline,15,timed,priority,305419896,10000,100000,30000,13178,1.367279,3,5,6,5.469115,24,16.93823,54,683992,223212,15f644399808c2a1,,,,,,,
baseline,15,timed,priority,305419896,10000,100000,40000,14158,1.421599,3,5,6,5.686396,24,17.372793,54,748864,245964,217390295aac38e4,,,,,,,
baseline,15,timed,priority,305419896,10000,100000,50000,15164,1.44388,3,5,6,5.775521,24,17.551042,54,809656,266144,900684268650bb21,,,,,,,
baseline,15,timed,priority,305419896,10000,100000,60000,16107,1.521761,4,5,6,6.087043,24,18.174086,54,876224,292730,4e652963a2581689,,,,,,,
baseline,15,timed,priority,305419896,10000,100000,70000,17034,1.569332,4,5,6,6.277328,24,18.554655,54,937392,316060,cb8eff9dc1cac163,,,,,,,
baseline,15,timed,priority,305419896,10000,100000,80000,17939,1.593679,4,5,6,6.374714,24,18.749429,54,992176,336346,b4cade9e0ddc1074,,,,,,,
baseline,15,timed,priority,305419896,10000,100000,90000,18971,1.657741,4,5,6,6.630963,24,19.261926,54,1064496,365418,6415a7bc459a5803,,,,,,,
baseline,15,timed,priority,305419896,10000,100000,100000,19986,2.933103,4,4,6,11.732413,24,29.464825,54,1426400,588884,ff116120353b8e4a,,,,,,,
baseline,15,diagnostic,priority,305419896,10000,100000,0,10000,2.0715,4,5,6,8.3059,25,22.572,54,588232,225720,602b63039a07399e,50026,2474704,1068288,1068288,320000,268232,480000
baseline,15,diagnostic,priority,305419896,10000,100000,10000,11106,2.476049,3,5,6,9.904196,24,25.808392,54,712560,286628,edde2500b6addcf3,136638,7563248,1245704,1995936,355392,357168,533088
baseline,15,diagnostic,priority,305419896,10000,100000,20000,12111,1.663034,3,5,6,6.652134,24,19.304269,54,663872,233794,04bf4e3ddf749710,197414,10625544,1245256,1995936,387552,276320,581328
baseline,15,diagnostic,priority,305419896,10000,100000,30000,13178,1.367279,3,5,6,5.469115,24,16.93823,54,683992,223212,15f644399808c2a1,248476,13019744,1316592,1995936,421696,262296,632544
baseline,15,diagnostic,priority,305419896,10000,100000,40000,14158,1.421599,3,5,6,5.686396,24,17.372793,54,748864,245964,217390295aac38e4,280811,14418824,1428504,1995936,453056,295808,679584
baseline,15,diagnostic,priority,305419896,10000,100000,50000,15164,1.44388,3,5,6,5.775521,24,17.551042,54,809656,266144,900684268650bb21,313270,15763368,1537584,1995936,485248,324408,727872
baseline,15,diagnostic,priority,305419896,10000,100000,60000,16107,1.521761,4,5,6,6.087043,24,18.174086,54,876224,292730,4e652963a2581689,338310,16745432,1649416,1995936,515424,360800,773136
baseline,15,diagnostic,priority,305419896,10000,100000,70000,17034,1.569332,4,5,6,6.277328,24,18.554655,54,937392,316060,cb8eff9dc1cac163,366933,17938192,1755080,1995936,545088,392304,817632
baseline,15,diagnostic,priority,305419896,10000,100000,80000,17939,1.593679,4,5,6,6.374714,24,18.749429,54,992176,336346,b4cade9e0ddc1074,393935,19037224,1853304,1995936,574048,418128,861072
baseline,15,diagnostic,priority,305419896,10000,100000,90000,18971,1.657741,4,5,6,6.630963,24,19.261926,54,1064496,365418,6415a7bc459a5803,421747,20219008,1975160,1995936,607072,457424,910608
baseline,15,diagnostic,priority,305419896,10000,100000,100000,19986,2.933103,4,4,6,11.732413,24,29.464825,54,1426400,588884,ff116120353b8e4a,558275,29800840,2385784,4224664,639552,786848,959328
open_dense,15,timed,priority,305419896,10000,100000,0,10000,2.0715,4,5,6,8.3059,25,22.572,54,588232,225720,602b63039a07399e,,,,,,,
open_dense,15,timed,priority,305419896,10000,100000,10000,11106,1.692869,4,5,6,6.798667,24,19.54295,54,619760,217044,5a31e4b06720a513,,,,,,,
open_dense,15,timed,priority,305419896,10000,100000,20000,12111,1.835604,4,5,6,7.373214,24,20.684832,54,704528,250514,c12c8a0ee67a21fe,,,,,,,
open_dense,15,timed,priority,305419896,10000,100000,30000,13178,1.895659,4,6,6,7.61504,24,21.165275,54,778496,278916,8c28a246c45fcc74,,,,,,,
open_dense,15,timed,priority,305419896,10000,100000,40000,14158,1.951829,4,6,6,7.840161,24,21.614635,54,846336,306020,656c11798065eafd,,,,,,,
open_dense,15,timed,priority,305419896,10000,100000,50000,15164,1.988723,4,6,6,7.987404,24,21.909786,54,913592,332240,7c6cb2d4ebac1d7d,,,,,,,
open_dense,15,timed,priority,305419896,10000,100000,60000,16107,2.006084,4,6,6,8.054697,24,22.048674,54,974680,355138,2a7ea032cc4c2663,,,,,,,
open_dense,15,timed,priority,305419896,10000,100000,70000,17034,2.025302,4,6,6,8.131502,24,22.202419,54,1034632,378196,1ab2ca4b7093be3e,,,,,,,
open_dense,15,timed,priority,305419896,10000,100000,80000,17939,2.011149,4,6,6,8.07453,24,22.089191,54,1087032,396258,b7f856e56b843e02,,,,,,,
open_dense,15,timed,priority,305419896,10000,100000,90000,18971,2.025407,4,6,6,8.131569,24,22.203258,54,1151824,421218,11d23f07fc9c8890,,,,,,,
open_dense,15,timed,priority,305419896,10000,100000,100000,19986,2.036175,4,6,6,8.174572,24,22.289403,54,1215248,445476,6eee03cc7e454d10,,,,,,,
open_dense,15,diagnostic,priority,305419896,10000,100000,0,10000,2.0715,4,5,6,8.3059,25,22.572,54,588232,225720,602b63039a07399e,50026,2474704,1068288,1068288,320000,268232,480000
open_dense,15,diagnostic,priority,305419896,10000,100000,10000,11106,1.692869,4,5,6,6.798667,24,19.54295,54,619760,217044,5a31e4b06720a513,100907,4814968,1152904,1350728,355392,264368,533088
open_dense,15,diagnostic,priority,305419896,10000,100000,20000,12111,1.835604,4,5,6,7.373214,24,20.684832,54,704528,250514,c12c8a0ee67a21fe,132385,6253032,1285912,1350728,387552,316976,581328
open_dense,15,diagnostic,priority,305419896,10000,100000,30000,13178,1.895659,4,6,6,7.61504,24,21.165275,54,778496,278916,8c28a246c45fcc74,162425,7636128,1411096,1411520,421696,356800,632544
open_dense,15,diagnostic,priority,305419896,10000,100000,40000,14158,1.951829,4,6,6,7.840161,24,21.614635,54,846336,306020,656c11798065eafd,191178,8917720,1525976,1528512,453056,393280,679584
open_dense,15,diagnostic,priority,305419896,10000,100000,50000,15164,1.988723,4,6,6,7.987404,24,21.909786,54,913592,332240,7c6cb2d4ebac1d7d,220783,10291976,1641520,1642488,485248,428344,727872
open_dense,15,diagnostic,priority,305419896,10000,100000,60000,16107,2.006084,4,6,6,8.054697,24,22.048674,54,974680,355138,2a7ea032cc4c2663,250665,11641216,1747872,1748296,515424,459256,773136
open_dense,15,diagnostic,priority,305419896,10000,100000,70000,17034,2.025302,4,6,6,8.131502,24,22.202419,54,1034632,378196,1ab2ca4b7093be3e,280460,13029936,1852320,1852688,545088,489544,817632
open_dense,15,diagnostic,priority,305419896,10000,100000,80000,17939,2.011149,4,6,6,8.07453,24,22.089191,54,1087032,396258,b7f856e56b843e02,311552,14477936,1948160,1948872,574048,512984,861072
open_dense,15,diagnostic,priority,305419896,10000,100000,90000,18971,2.025407,4,6,6,8.131569,24,22.203258,54,1151824,421218,11d23f07fc9c8890,341832,15877280,2062488,2063584,607072,544752,910608
open_dense,15,diagnostic,priority,305419896,10000,100000,100000,19986,2.036175,4,6,6,8.174572,24,22.289403,54,1215248,445476,6eee03cc7e454d10,373175,17347400,2174632,2175584,639552,575696,959328
baseline,16,timed,priority,2654435769,10000,100000,0,10000,2.4928,4,5,6,9.9715,24,25.9424,54,641408,259424,86454844c04cc7dc,,,,,,,
baseline,16,timed,priority,2654435769,10000,100000,10000,10906,1.737667,3,5,6,6.950669,24,19.901339,54,609160,217044,51acf7dd0fd72b31,,,,,,,
baseline,16,timed,priority,2654435769,10000,100000,20000,11841,1.524533,3,5,6,6.098134,24,18.196267,54,637632,215462,f84ac031605bdfc4,,,,,,,
baseline,16,timed,priority,2654435769,10000,100000,30000,12741,1.527274,4,5,6,6.109097,24,18.218193,54,691320,232118,d3903ad0e7c9a1fc,,,,,,,
baseline,16,timed,priority,2654435769,10000,100000,40000,13823,1.650293,4,5,6,6.601172,24,19.202344,54,772728,265434,3d5e06be5d984e08,,,,,,,
baseline,16,timed,priority,2654435769,10000,100000,50000,14806,2.67297,3,4,6,10.691882,24,27.383763,54,991768,405444,e96c4a7793dbe531,,,,,,,
baseline,16,timed,priority,2654435769,10000,100000,60000,15774,2.066755,4,5,6,8.267022,24,22.534043,54,931928,355452,78e25505071689e5,,,,,,,
baseline,16,timed,priority,2654435769,10000,100000,70000,16732,1.65826,4,5,6,6.633038,24,19.266077,54,917152,322360,fbb5c9270d5f5846,,,,,,,
baseline,16,timed,priority,2654435769,10000,100000,80000,17808,1.481469,3,5,6,5.925876,24,17.851752,54,950608,317904,ca97954a52570c2c,,,,,,,
baseline,16,timed,priority,2654435769,10000,100000,90000,18825,1.54162,4,5,6,6.166481,24,18.332961,54,1022592,345118,643cdca62f640443,,,,,,,
baseline,16,timed,priority,2654435769,10000,100000,100000,19828,1.621646,4,5,6,6.486585,24,18.973169,54,1097912,376200,8c287cb91226fc41,,,,,,,
baseline,16,diagnostic,priority,2654435769,10000,100000,0,10000,2.4928,4,5,6,9.9715,24,25.9424,54,641408,259424,86454844c04cc7dc,65353,3527904,1121464,1121896,320000,321408,480000
baseline,16,diagnostic,priority,2654435769,10000,100000,10000,10906,1.737667,3,5,6,6.950669,24,19.901339,54,609160,217044,51acf7dd0fd72b31,124547,6524432,1132704,1182472,348992,260168,523488
baseline,16,diagnostic,priority,2654435769,10000,100000,20000,11841,1.524533,3,5,6,6.098134,24,18.196267,54,637632,215462,f84ac031605bdfc4,171548,8789296,1206056,1210080,378912,258720,568368
baseline,16,diagnostic,priority,2654435769,10000,100000,30000,12741,1.527274,4,5,6,6.109097,24,18.218193,54,691320,232118,d3903ad0e7c9a1fc,212660,10700856,1302944,1344912,407712,283608,611568
baseline,16,diagnostic,priority,2654435769,10000,100000,40000,13823,1.650293,4,5,6,6.601172,24,19.202344,54,772728,265434,3d5e06be5d984e08,239817,11851480,1436288,1436472,442336,330392,663504
baseline,16,diagnostic,priority,2654435769,10000,100000,50000,14806,2.67297,3,4,6,10.691882,24,27.383763,54,991768,405444,e96c4a7793dbe531,337706,17699040,1702512,2681000,473792,517976,710688
baseline,16,diagnostic,priority,2654435769,10000,100000,60000,15774,2.066755,4,5,6,8.267022,24,22.534043,54,931928,355452,78e25505071689e5,389998,20329088,1689136,2681000,504768,427160,757152
baseline,16,diagnostic,priority,2654435769,10000,100000,70000,16732,1.65826,4,5,6,6.633038,24,19.266077,54,917152,322360,fbb5c9270d5f5846,449451,23263952,1720344,2681000,535424,381728,803136
baseline,16,diagnostic,priority,2654435769,10000,100000,80000,17808,1.481469,3,5,6,5.925876,24,17.851752,54,950608,317904,ca97954a52570c2c,500601,25734752,1805448,2681000,569856,380752,854784
baseline,16,diagnostic,priority,2654435769,10000,100000,90000,18825,1.54162,4,5,6,6.166481,24,18.332961,54,1022592,345118,643cdca62f640443,532744,27162904,1926248,2681000,602400,420192,903600
baseline,16,diagnostic,priority,2654435769,10000,100000,100000,19828,1.621646,4,5,6,6.486585,24,18.973169,54,1097912,376200,8c287cb91226fc41,563788,28507880,2049712,2681000,634496,463416,951744
open_dense,16,timed,priority,2654435769,10000,100000,0,10000,2.0516,4,5,6,8.2067,24,22.4128,54,584712,224128,e8206d24f96cacdf,,,,,,,
open_dense,16,timed,priority,2654435769,10000,100000,10000,10906,2.229415,4,6,6,8.917935,24,23.83532,54,670232,259948,a33e6ee844f3bb6e,,,,,,,
open_dense,16,timed,priority,2654435769,10000,100000,20000,11841,2.34237,4,6,6,9.369732,24,24.738958,54,754792,292934,7ab8058f81d14270,,,,,,,
open_dense,16,timed,priority,2654435769,10000,100000,30000,12741,2.417942,5,6,6,9.672004,24,25.343537,54,829768,322902,0587fe91fde160c4,,,,,,,
open_dense,16,timed,priority,2654435769,10000,100000,40000,13823,2.418071,5,6,6,9.672502,24,25.344571,54,898680,350338,009d18978a38eb3e,,,,,,,
open_dense,16,timed,priority,2654435769,10000,100000,50000,14806,2.440835,5,6,6,9.763542,24,25.526678,54,969080,377948,c024be36f4a27970,,,,,,,
open_dense,16,timed,priority,2654435769,10000,100000,60000,15774,2.449474,5,6,6,9.798085,24,25.595791,54,1033544,403748,ebdfaa7a01c27821,,,,,,,
open_dense,16,timed,priority,2654435769,10000,100000,70000,16732,2.4593,5,6,6,9.837198,24,25.674396,54,1096016,429584,d0c6e0fd77bbc26d,,,,,,,
open_dense,16,timed,priority,2654435769,10000,100000,80000,17808,2.457323,5,6,6,9.82929,24,25.65858,54,1163768,456928,0393aaf8b0f97057,,,,,,,
open_dense,16,timed,priority,2654435769,10000,100000,90000,18825,2.467357,5,6,6,9.869429,24,25.738858,54,1231152,484534,05fcc4f39ae139e1,,,,,,,
open_dense,16,timed,priority,2654435769,10000,100000,100000,19828,2.41159,5,6,6,9.646359,24,25.292717,54,1281608,501504,8b5dc93ef582d6de,,,,,,,
open_dense,16,diagnostic,priority,2654435769,10000,100000,0,10000,2.0516,4,5,6,8.2067,24,22.4128,54,584712,224128,e8206d24f96cacdf,63337,3167072,1064768,1064768,320000,264712,480000
open_dense,16,diagnostic,priority,2654435769,10000,100000,10000,10906,2.229415,4,6,6,8.917935,24,23.83532,54,670232,259948,a33e6ee844f3bb6e,110096,5658448,1193776,1229616,348992,321240,523488
open_dense,16,diagnostic,priority,2654435769,10000,100000,20000,11841,2.34237,4,6,6,9.369732,24,24.738958,54,754792,292934,7ab8058f81d14270,178980,9372328,1323216,1323216,378912,375880,568368
open_dense,16,diagnostic,priority,2654435769,10000,100000,30000,12741,2.417942,5,6,6,9.672004,24,25.343537,54,829768,322902,0587fe91fde160c4,222385,11630976,1441392,1453848,407712,422056,611568
open_dense,16,diagnostic,priority,2654435769,10000,100000,40000,13823,2.418071,5,6,6,9.672502,24,25.344571,54,898680,350338,009d18978a38eb3e,258784,13500344,1562240,1584144,442336,456344,663504
open_dense,16,diagnostic,priority,2654435769,10000,100000,50000,14806,2.440835,5,6,6,9.763542,24,25.526678,54,969080,377948,c024be36f4a27970,297995,15552568,1679824,1686520,473792,495288,710688
open_dense,16,diagnostic,priority,2654435769,10000,100000,60000,15774,2.449474,5,6,6,9.798085,24,25.595791,54,1033544,403748,ebdfaa7a01c27821,336771,17582848,1790752,1807112,504768,528776,757152
open_dense,16,diagnostic,priority,2654435769,10000,100000,70000,16732,2.4593,5,6,6,9.837198,24,25.674396,54,1096016,429584,d0c6e0fd77bbc26d,376178,19658360,1899208,1913112,535424,560592,803136
open_dense,16,diagnostic,priority,2654435769,10000,100000,80000,17808,2.457323,5,6,6,9.82929,24,25.65858,54,1163768,456928,0393aaf8b0f97057,416698,21800752,2018608,2020944,569856,593912,854784
open_dense,16,diagnostic,priority,2654435769,10000,100000,90000,18825,2.467357,5,6,6,9.869429,24,25.738858,54,1231152,484534,05fcc4f39ae139e1,457393,23954664,2134808,2174072,602400,628752,903600
open_dense,16,diagnostic,priority,2654435769,10000,100000,100000,19828,2.41159,5,6,6,9.646359,24,25.292717,54,1281608,501504,8b5dc93ef582d6de,517117,27134280,2233408,2387376,634496,647112,951744
baseline,17,timed,priority,826366246,10000,100000,0,10000,1.9082,4,4,6,7.6328,24,21.2656,54,567024,212656,c1c72bd147b7a040,,,,,,,
baseline,17,timed,priority,826366246,10000,100000,10000,11000,2.033909,4,5,6,8.135636,24,22.271273,54,654208,244984,ef0c0350560c3d4a,,,,,,,
baseline,17,timed,priority,826366246,10000,100000,20000,12022,2.097155,5,6,6,8.388621,24,22.777242,54,732984,273828,b6538013ddacfb72,,,,,,,
baseline,17,timed,priority,826366246,10000,100000,30000,12983,2.063005,4,6,6,8.252022,24,22.504044,54,787824,292170,38291c2cfda22736,,,,,,,
baseline,17,timed,priority,826366246,10000,100000,40000,13982,2.05221,4,6,6,8.20884,24,22.41768,54,846608,313444,a6ab4f96c47679ef,,,,,,,
baseline,17,timed,priority,826366246,10000,100000,50000,14908,2.046016,4,6,6,8.184062,24,22.368124,54,903776,333464,a53562a628b67755,,,,,,,
baseline,17,timed,priority,826366246,10000,100000,60000,15953,2.061869,5,6,6,8.247477,24,22.494954,54,971208,358862,0fa25f0f5d7e9889,,,,,,,
baseline,17,timed,priority,826366246,10000,100000,70000,16955,2.062636,4,6,6,8.250546,24,22.501091,54,1031824,381506,732da3e468efc59e,,,,,,,
baseline,17,timed,priority,826366246,10000,100000,80000,18069,2.006697,4,6,6,8.026786,24,22.053572,54,1086152,398486,efb05b3367ee5dbc,,,,,,,
baseline,17,timed,priority,826366246,10000,100000,90000,19117,1.809175,4,5,6,7.2367,24,20.473401,54,1103936,391390,4877605a2693817d,,,,,,,
baseline,17,timed,priority,826366246,10000,100000,100000,20085,1.866368,4,6,6,7.465472,24,20.930943,54,1176728,420398,5b691d4124cc39b9,,,,,,,
baseline,17,diagnostic,priority,826366246,10000,100000,0,10000,1.9082,4,4,6,7.6328,24,21.2656,54,567024,212656,c1c72bd147b7a040,47733,2246168,1047080,1047080,320000,247024,480000
baseline,17,diagnostic,priority,826366246,10000,100000,10000,11000,2.033909,4,5,6,8.135636,24,22.271273,54,654208,244984,ef0c0350560c3d4a,90399,4428704,1182264,1236360,352000,302208,528000
baseline,17,diagnostic,priority,826366246,10000,100000,20000,12022,2.097155,5,6,6,8.388621,24,22.777242,54,732984,273828,b6538013ddacfb72,132664,6566616,1310096,1319240,384704,348280,577056
baseline,17,diagnostic,priority,826366246,10000,100000,30000,12983,2.063005,4,6,6,8.252022,24,22.504044,54,787824,292170,38291c2cfda22736,175209,8728696,1411064,1471696,415456,372368,623184
baseline,17,diagnostic,priority,826366246,10000,100000,40000,13982,2.05221,4,6,6,8.20884,24,22.41768,54,846608,313444,a6ab4f96c47679ef,210306,10403432,1517800,1523168,447424,399184,671136
baseline,17,diagnostic,priority,826366246,10000,100000,50000,14908,2.046016,4,6,6,8.184062,24,22.368124,54,903776,333464,a53562a628b67755,245793,12137840,1619416,1628344,477056,426720,715584
baseline,17,diagnostic,priority,826366246,10000,100000,60000,15953,2.061869,5,6,6,8.247477,24,22.494954,54,971208,358862,0fa25f0f5d7e9889,278876,13707800,1737008,1737368,510496,460712,765744
baseline,17,diagnostic,priority,826366246,10000,100000,70000,16955,2.062636,4,6,6,8.250546,24,22.501091,54,1031824,381506,732da3e468efc59e,313084,15371888,1845720,1856280,542560,489264,813840
baseline,17,diagnostic,priority,826366246,10000,100000,80000,18069,2.006697,4,6,6,8.026786,24,22.053572,54,1086152,398486,efb05b3367ee5dbc,351648,17213672,1953520,1960104,578208,507944,867312
baseline,17,diagnostic,priority,826366246,10000,100000,90000,19117,1.809175,4,5,6,7.2367,24,20.473401,54,1103936,391390,4877605a2693817d,407873,19853656,2021608,2282520,611744,492192,917616
baseline,17,diagnostic,priority,826366246,10000,100000,100000,20085,1.866368,4,6,6,7.465472,24,20.930943,54,1176728,420398,5b691d4124cc39b9,437298,21212760,2140864,2282520,642720,534008,964080
open_dense,17,timed,priority,826366246,10000,100000,0,10000,2.2089,4,5,6,8.8359,24,23.6712,54,600560,236712,30e0f36d9a78b69b,,,,,,,
open_dense,17,timed,priority,826366246,10000,100000,10000,11000,1.905636,4,5,6,7.622818,24,21.245091,54,642160,233696,628f88e4808779e3,,,,,,,
open_dense,17,timed,priority,826366246,10000,100000,20000,12022,2.13833,5,6,6,8.553568,24,23.106638,54,738720,277788,7ac0a8be3597de0d,,,,,,,
open_dense,17,timed,priority,826366246,10000,100000,30000,12983,2.917585,3,3,6,11.670338,24,29.340676,54,917184,380930,31f8408466703ed9,,,,,,,
open_dense,17,timed,priority,826366246,10000,100000,40000,13982,2.511801,4,5,6,10.047204,24,26.094407,54,901400,364852,181038b07833fe57,,,,,,,
open_dense,17,timed,priority,826366246,10000,100000,50000,14908,1.765428,4,5,6,7.061712,24,20.123424,54,828376,300000,0b51cfab1ec100a6,,,,,,,
open_dense,17,timed,priority,826366246,10000,100000,60000,15953,1.548612,3,5,6,6.194446,24,18.388892,54,859536,293358,8c6f14aaeeb83ed3,,,,,,,
open_dense,17,timed,priority,826366246,10000,100000,70000,16955,1.411619,3,5,6,5.646476,24,17.292952,54,894072,293202,3fdd1a1b5f97b4f5,,,,,,,
open_dense,17,timed,priority,826366246,10000,100000,80000,18069,1.514804,4,5,6,6.059217,24,18.118435,54,978416,327382,85683169d1c79e39,,,,,,,
open_dense,17,timed,priority,826366246,10000,100000,90000,19117,1.580373,4,5,6,6.321494,24,18.642988,54,1051368,356398,03f9c0cce09d221a,,,,,,,
open_dense,17,timed,priority,826366246,10000,100000,100000,20085,1.596415,4,5,6,6.385661,24,18.771322,54,1110112,377022,cbac5910ba90bb9c,,,,,,,
open_dense,17,diagnostic,priority,826366246,10000,100000,0,10000,2.2089,4,5,6,8.8359,24,23.6712,54,600560,236712,30e0f36d9a78b69b,51406,2578000,1080616,1080616,320000,280560,480000
open_dense,17,diagnostic,priority,826366246,10000,100000,10000,11000,1.905636,4,5,6,7.622818,24,21.245091,54,642160,233696,628f88e4808779e3,143766,7604800,1170216,1503392,352000,290160,528000
open_dense,17,diagnostic,priority,826366246,10000,100000,20000,12022,2.13833,5,6,6,8.553568,24,23.106638,54,738720,277788,7ac0a8be3597de0d,195081,10309368,1315832,1503392,384704,354016,577056
open_dense,17,diagnostic,priority,826366246,10000,100000,30000,12983,2.917585,3,3,6,11.670338,24,29.340676,54,917184,380930,31f8408466703ed9,303452,16076816,1540424,2532472,415456,501728,623184
open_dense,17,diagnostic,priority,826366246,10000,100000,40000,13982,2.511801,4,5,6,10.047204,24,26.094407,54,901400,364852,181038b07833fe57,342247,18067024,1572592,2532472,447424,453976,671136
open_dense,17,diagnostic,priority,826366246,10000,100000,50000,14908,1.765428,4,5,6,7.061712,24,20.123424,54,828376,300000,0b51cfab1ec100a6,401510,21003672,1544016,2532472,477056,351320,715584
open_dense,17,diagnostic,priority,826366246,10000,100000,60000,15953,1.548612,3,5,6,6.194446,24,18.388892,54,859536,293358,8c6f14aaeeb83ed3,457893,23770992,1625336,2532472,510496,349040,765744
open_dense,17,diagnostic,priority,826366246,10000,100000,70000,16955,1.411619,3,5,6,5.646476,24,17.292952,54,894072,293202,3fdd1a1b5f97b4f5,499109,25603368,1707968,2532472,542560,351512,813840
open_dense,17,diagnostic,priority,826366246,10000,100000,80000,18069,1.514804,4,5,6,6.059217,24,18.118435,54,978416,327382,85683169d1c79e39,526899,26768448,1845784,2532472,578208,400208,867312
open_dense,17,diagnostic,priority,826366246,10000,100000,90000,19117,1.580373,4,5,6,6.321494,24,18.642988,54,1051368,356398,03f9c0cce09d221a,555372,27960264,1969040,2532472,611744,439624,917616
open_dense,17,diagnostic,priority,826366246,10000,100000,100000,20085,1.596415,4,5,6,6.385661,24,18.771322,54,1110112,377022,cbac5910ba90bb9c,586687,29305856,2074248,2532472,642720,467392,964080
baseline,18,timed,priority,12648430,10000,100000,0,10000,1.9972,4,5,6,7.9889,24,21.9776,54,581744,219776,51e499e005d806d7,,,,,,,
baseline,18,timed,priority,12648430,10000,100000,10000,10927,2.204539,4,6,6,8.818157,24,23.636314,54,674832,258274,890b412725196ec4,,,,,,,
baseline,18,timed,priority,12648430,10000,100000,20000,11925,1.684109,4,5,6,6.736436,24,19.472872,54,670992,232214,4990dced8f6790a6,,,,,,,
baseline,18,timed,priority,12648430,10000,100000,30000,12870,1.769153,4,5,6,7.076612,24,20.153225,54,739056,259372,e58f9658bd769d73,,,,,,,
baseline,18,timed,priority,12648430,10000,100000,40000,13952,1.797162,4,5,6,7.188647,24,20.377294,54,806000,284304,17bf8ed50b722d28,,,,,,,
baseline,18,timed,priority,12648430,10000,100000,50000,14927,1.862531,4,6,6,7.450124,24,20.900248,54,873768,311978,60c89a69900bff79,,,,,,,
baseline,18,timed,priority,12648430,10000,100000,60000,15826,1.90067,4,6,6,7.602679,24,21.205358,54,934864,335596,5dc6c7dbe8c3d34f,,,,,,,
baseline,18,timed,priority,12648430,10000,100000,70000,16963,1.922537,4,6,6,7.690149,24,21.380298,54,1007232,362674,cf69659c6c0f441e,,,,,,,
baseline,18,timed,priority,12648430,10000,100000,80000,18036,1.935074,4,6,6,7.740297,24,21.480594,54,1074432,387424,318f01902e78f796,,,,,,,
baseline,18,timed,priority,12648430,10000,100000,90000,19157,1.935585,4,6,6,7.74234,24,21.484679,54,1140408,411582,6d12d8a3d2da82d1,,,,,,,
baseline,18,timed,priority,12648430,10000,100000,100000,20058,1.921228,4,6,6,7.684914,24,21.369828,54,1189968,428636,55aa117b7a4192a6,,,,,,,
baseline,18,diagnostic,priority,12648430,10000,100000,0,10000,1.9972,4,5,6,7.9889,24,21.9776,54,581744,219776,51e499e005d806d7,73313,3751360,1061800,1061800,320000,261744,480000
baseline,18,diagnostic,priority,12648430,10000,100000,10000,10927,2.204539,4,6,6,8.818157,24,23.636314,54,674832,258274,890b412725196ec4,111488,5663472,1199384,1199928,349664,325168,524496
baseline,18,diagnostic,priority,12648430,10000,100000,20000,11925,1.684109,4,5,6,6.736436,24,19.472872,54,670992,232214,4990dced8f6790a6,176140,8790872,1243448,1496880,381600,289392,572400
baseline,18,diagnostic,priority,12648430,10000,100000,30000,12870,1.769153,4,5,6,7.076612,24,20.153225,54,739056,259372,e58f9658bd769d73,204467,10045824,1356872,1496880,411840,327216,617760
baseline,18,diagnostic,priority,12648430,10000,100000,40000,13952,1.797162,4,5,6,7.188647,24,20.377294,54,806000,284304,17bf8ed50b722d28,233340,11300808,1475752,1496880,446464,359536,669696
baseline,18,diagnostic,priority,12648430,10000,100000,50000,14927,1.862531,4,6,6,7.450124,24,20.900248,54,873768,311978,60c89a69900bff79,261046,12537928,1590320,1590960,477664,396104,716496
baseline,18,diagnostic,priority,12648430,10000,100000,60000,15826,1.90067,4,6,6,7.602679,24,21.205358,54,934864,335596,5dc6c7dbe8c3d34f,288552,13731488,1694568,1696112,506432,428432,759648
baseline,18,diagnostic,priority,12648430,10000,100000,70000,16963,1.922537,4,6,6,7.690149,24,21.380298,54,1007232,362674,cf69659c6c0f441e,319250,15148144,1821512,1837176,542816,464416,814224
baseline,18,diagnostic,priority,12648430,10000,100000,80000,18036,1.935074,4,6,6,7.740297,24,21.480594,54,1074432,387424,318f01902e78f796,348541,16473200,1940216,1940584,577152,497280,865728
baseline,18,diagnostic,priority,12648430,10000,100000,90000,19157,1.935585,4,6,6,7.74234,24,21.484679,54,1140408,411582,6d12d8a3d2da82d1,378161,17808840,2060000,2061064,613024,527384,919536
baseline,18,diagnostic,priority,12648430,10000,100000,100000,20058,1.921228,4,6,6,7.684914,24,21.369828,54,1189968,428636,55aa117b7a4192a6,410562,19315968,2152808,2153648,641856,548112,962784
open_dense,18,timed,priority,12648430,10000,100000,0,10000,1.7499,4,5,6,6.9996,24,19.9992,54,558016,199992,421cffee6d1248f3,,,,,,,
open_dense,18,timed,priority,12648430,10000,100000,10000,10927,2.085202,4,5,6,8.341082,24,22.681614,54,658200,247842,f0bf1efa1e180b98,,,,,,,
open_dense,18,timed,priority,12648430,10000,100000,20000,11925,1.686289,4,5,6,6.745409,24,19.490314,54,671952,232422,62534f40452211e7,,,,,,,
open_dense,18,timed,priority,12648430,10000,100000,30000,12870,1.783761,4,6,6,7.135276,24,20.270085,54,741840,260876,b2547d6abe5e464a,,,,,,,
open_dense,18,timed,priority,12648430,10000,100000,40000,13952,1.837514,4,6,6,7.350272,24,20.700115,54,813184,288808,420efca27a2b825b,,,,,,,
open_dense,18,timed,priority,12648430,10000,100000,50000,14927,1.896898,4,6,6,7.587794,24,21.175186,54,880776,316082,88fbed89721592a9,,,,,,,
open_dense,18,timed,priority,12648430,10000,100000,60000,15826,1.903892,4,6,6,7.615759,24,21.231139,54,934832,336004,011b2c98cf5f7957,,,,,,,
open_dense,18,timed,priority,12648430,10000,100000,70000,16963,1.932323,4,6,6,7.72947,24,21.458586,54,1008144,364002,a9c7b8814bff7def,,,,,,,
open_dense,18,timed,priority,12648430,10000,100000,80000,18036,1.952983,4,6,6,7.824573,24,21.623863,54,1078272,390008,6064874dd5e32d50,,,,,,,
open_dense,18,timed,priority,12648430,10000,100000,90000,19157,1.958657,4,6,6,7.859268,24,21.669259,54,1145744,415118,b41848cd45a25c47,,,,,,,
open_dense,18,timed,priority,12648430,10000,100000,100000,20058,1.970137,4,6,6,7.916143,24,21.761093,54,1202128,436484,acf3b794c530454f,,,,,,,
open_dense,18,diagnostic,priority,12648430,10000,100000,0,10000,1.7499,4,5,6,6.9996,24,19.9992,54,558016,199992,421cffee6d1248f3,79112,3936688,1038072,1038704,320000,238016,480000
open_dense,18,diagnostic,priority,12648430,10000,100000,10000,10927,2.085202,4,5,6,8.341082,24,22.681614,54,658200,247842,f0bf1efa1e180b98,113290,5580720,1182752,1182888,349664,308536,524496
open_dense,18,diagnostic,priority,12648430,10000,100000,20000,11925,1.686289,4,5,6,6.745409,24,19.490314,54,671952,232422,62534f40452211e7,172139,8427840,1244408,1496744,381600,290352,572400
open_dense,18,diagnostic,priority,12648430,10000,100000,30000,12870,1.783761,4,6,6,7.135276,24,20.270085,54,741840,260876,b2547d6abe5e464a,199301,9592512,1359656,1496744,411840,330000,617760
open_dense,18,diagnostic,priority,12648430,10000,100000,40000,13952,1.837514,4,6,6,7.350272,24,20.700115,54,813184,288808,420efca27a2b825b,227312,10826160,1482936,1496744,446464,366720,669696
open_dense,18,diagnostic,priority,12648430,10000,100000,50000,14927,1.896898,4,6,6,7.587794,24,21.175186,54,880776,316082,88fbed89721592a9,255889,12107432,1597328,1598336,477664,403112,716496
open_dense,18,diagnostic,priority,12648430,10000,100000,60000,15826,1.903892,4,6,6,7.615759,24,21.231139,54,934832,336004,011b2c98cf5f7957,285815,13457720,1694536,1695176,506432,428400,759648
open_dense,18,diagnostic,priority,12648430,10000,100000,70000,16963,1.932323,4,6,6,7.72947,24,21.458586,54,1008144,364002,a9c7b8814bff7def,314825,14752592,1822424,1837408,542816,465328,814224
open_dense,18,diagnostic,priority,12648430,10000,100000,80000,18036,1.952983,4,6,6,7.824573,24,21.623863,54,1078272,390008,6064874dd5e32d50,345075,16150064,1944056,1944384,577152,501120,865728
open_dense,18,diagnostic,priority,12648430,10000,100000,90000,19157,1.958657,4,6,6,7.859268,24,21.669259,54,1145744,415118,b41848cd45a25c47,372781,17375816,2065336,2066584,613024,532720,919536
open_dense,18,diagnostic,priority,12648430,10000,100000,100000,20058,1.970137,4,6,6,7.916143,24,21.761093,54,1202128,436484,acf3b794c530454f,401745,18701568,2164968,2166552,641856,560272,962784
baseline,19,timed,local,17,10000,100000,0,10000,0.9999,1,1,1,3.9999,4,13.9992,14,479984,139992,e683f3560ca72cf4,,,,,,,
baseline,19,timed,local,17,10000,100000,10000,10005,1.628786,3,4,6,6.515442,24,19.030285,54,546776,190398,2ba8d624225989b3,,,,,,,
baseline,19,timed,local,17,10000,100000,20000,10019,1.981934,4,5,6,7.928037,24,21.855475,54,599096,218970,c93659dd44b20ad9,,,,,,,
baseline,19,timed,local,17,10000,100000,30000,9975,2.10396,5,6,6,8.41614,24,22.831679,54,615720,227746,fbf97c7bce8240b1,,,,,,,
baseline,19,timed,local,17,10000,100000,40000,9936,2.125302,5,6,6,8.50151,24,23.002415,54,616624,228552,633e0593d4f35739,,,,,,,
baseline,19,timed,local,17,10000,100000,50000,9961,2.132115,5,6,6,8.528762,24,23.056922,54,618056,229670,3afc885438cfd330,,,,,,,
baseline,19,timed,local,17,10000,100000,60000,9869,2.123721,5,6,6,8.495187,24,22.989766,54,609480,226886,019a43da2fe72e80,,,,,,,
baseline,19,timed,local,17,10000,100000,70000,9940,2.129477,5,6,6,8.517907,24,23.035815,54,613632,228976,7c30bd367ff83335,,,,,,,
baseline,19,timed,local,17,10000,100000,80000,9939,2.159573,5,6,6,8.638595,24,23.276587,54,616976,231346,b287c1e4b6a2a1f8,,,,,,,
baseline,19,timed,local,17,10000,100000,90000,9889,2.143594,5,6,6,8.574679,24,23.148751,54,611464,228918,b4388da7e71fae8e,,,,,,,
baseline,19,timed,local,17,10000,100000,100000,9923,2.17011,5,6,6,8.680742,24,23.360879,54,617552,231810,65a5c71236ff9999,,,,,,,
baseline,19,diagnostic,local,17,10000,100000,0,10000,0.9999,1,1,1,3.9999,4,13.9992,14,479984,139992,e683f3560ca72cf4,30001,960040,960040,960040,320000,159984,480000
baseline,19,diagnostic,local,17,10000,100000,10000,10005,1.628786,3,4,6,6.515442,24,19.030285,54,546776,190398,2ba8d624225989b3,57145,2023656,1027072,1027640,320160,226616,480240
baseline,19,diagnostic,local,17,10000,100000,20000,10019,1.981934,4,5,6,7.928037,24,21.855475,54,599096,218970,c93659dd44b20ad9,84459,3139368,1080064,1080064,320608,278488,480912
baseline,19,diagnostic,local,17,10000,100000,30000,9975,2.10396,5,6,6,8.41614,24,22.831679,54,615720,227746,fbf97c7bce8240b1,112443,4305976,1094576,1094680,319200,296520,478800
baseline,19,diagnostic,local,17,10000,100000,40000,9936,2.125302,5,6,6,8.50151,24,23.002415,54,616624,228552,633e0593d4f35739,140691,5497064,1093608,1099232,317952,298672,476928
baseline,19,diagnostic,local,17,10000,100000,50000,9961,2.132115,5,6,6,8.528762,24,23.056922,54,618056,229670,3afc885438cfd330,169151,6700176,1096240,1099304,318752,299304,478128
baseline,19,diagnostic,local,17,10000,100000,60000,9869,2.123721,5,6,6,8.495187,24,22.989766,54,609480,226886,019a43da2fe72e80,197881,7916264,1083248,1099304,315808,293672,473712
baseline,19,diagnostic,local,17,10000,100000,70000,9940,2.129477,5,6,6,8.517907,24,23.035815,54,613632,228976,7c30bd367ff83335,226667,9139072,1090808,1099304,318080,295552,477120
baseline,19,diagnostic,local,17,10000,100000,80000,9939,2.159573,5,6,6,8.638595,24,23.276587,54,616976,231346,b287c1e4b6a2a1f8,255341,10366952,1094104,1099304,318048,298928,477072
baseline,19,diagnostic,local,17,10000,100000,90000,9889,2.143594,5,6,6,8.574679,24,23.148751,54,611464,228918,b4388da7e71fae8e,284153,11593112,1086192,1100552,316448,295016,474672
baseline,19,diagnostic,local,17,10000,100000,100000,9923,2.17011,5,6,6,8.680742,24,23.360879,54,617552,231810,65a5c71236ff9999,312639,12813048,1093912,1100552,317536,300016,476304
open_dense,19,timed,local,17,10000,100000,0,10000,0.9999,1,1,1,3.9999,4,13.9992,14,479984,139992,e683f3560ca72cf4,,,,,,,
open_dense,19,timed,local,17,10000,100000,10000,10005,1.628786,3,4,6,6.515442,24,19.030285,54,546776,190398,2ba8d624225989b3,,,,,,,
open_dense,19,timed,local,17,10000,100000,20000,10019,1.981934,4,5,6,7.928037,24,21.855475,54,599096,218970,c93659dd44b20ad9,,,,,,,
open_dense,19,timed,local,17,10000,100000,30000,9975,2.10396,5,6,6,8.41614,24,22.831679,54,615720,227746,fbf97c7bce8240b1,,,,,,,
open_dense,19,timed,local,17,10000,100000,40000,9936,2.125302,5,6,6,8.50151,24,23.002415,54,616624,228552,633e0593d4f35739,,,,,,,
open_dense,19,timed,local,17,10000,100000,50000,9961,2.132115,5,6,6,8.528762,24,23.056922,54,618056,229670,3afc885438cfd330,,,,,,,
open_dense,19,timed,local,17,10000,100000,60000,9869,2.123721,5,6,6,8.495187,24,22.989766,54,609480,226886,019a43da2fe72e80,,,,,,,
open_dense,19,timed,local,17,10000,100000,70000,9940,2.129477,5,6,6,8.517907,24,23.035815,54,613632,228976,7c30bd367ff83335,,,,,,,
open_dense,19,timed,local,17,10000,100000,80000,9939,2.159573,5,6,6,8.638595,24,23.276587,54,616976,231346,b287c1e4b6a2a1f8,,,,,,,
open_dense,19,timed,local,17,10000,100000,90000,9889,2.143594,5,6,6,8.574679,24,23.148751,54,611464,228918,b4388da7e71fae8e,,,,,,,
open_dense,19,timed,local,17,10000,100000,100000,9923,2.17011,5,6,6,8.680742,24,23.360879,54,617552,231810,65a5c71236ff9999,,,,,,,
open_dense,19,diagnostic,local,17,10000,100000,0,10000,0.9999,1,1,1,3.9999,4,13.9992,14,479984,139992,e683f3560ca72cf4,30001,960040,960040,960040,320000,159984,480000
open_dense,19,diagnostic,local,17,10000,100000,10000,10005,1.628786,3,4,6,6.515442,24,19.030285,54,546776,190398,2ba8d624225989b3,57145,2023656,1027072,1027640,320160,226616,480240
open_dense,19,diagnostic,local,17,10000,100000,20000,10019,1.981934,4,5,6,7.928037,24,21.855475,54,599096,218970,c93659dd44b20ad9,84459,3139368,1080064,1080064,320608,278488,480912
open_dense,19,diagnostic,local,17,10000,100000,30000,9975,2.10396,5,6,6,8.41614,24,22.831679,54,615720,227746,fbf97c7bce8240b1,112443,4305976,1094576,1094680,319200,296520,478800
open_dense,19,diagnostic,local,17,10000,100000,40000,9936,2.125302,5,6,6,8.50151,24,23.002415,54,616624,228552,633e0593d4f35739,140691,5497064,1093608,1099232,317952,298672,476928
open_dense,19,diagnostic,local,17,10000,100000,50000,9961,2.132115,5,6,6,8.528762,24,23.056922,54,618056,229670,3afc885438cfd330,169151,6700176,1096240,1099304,318752,299304,478128
open_dense,19,diagnostic,local,17,10000,100000,60000,9869,2.123721,5,6,6,8.495187,24,22.989766,54,609480,226886,019a43da2fe72e80,197881,7916264,1083248,1099304,315808,293672,473712
open_dense,19,diagnostic,local,17,10000,100000,70000,9940,2.129477,5,6,6,8.517907,24,23.035815,54,613632,228976,7c30bd367ff83335,226667,9139072,1090808,1099304,318080,295552,477120
open_dense,19,diagnostic,local,17,10000,100000,80000,9939,2.159573,5,6,6,8.638595,24,23.276587,54,616976,231346,b287c1e4b6a2a1f8,255341,10366952,1094104,1099304,318048,298928,477072
open_dense,19,diagnostic,local,17,10000,100000,90000,9889,2.143594,5,6,6,8.574679,24,23.148751,54,611464,228918,b4388da7e71fae8e,284153,11593112,1086192,1100552,316448,295016,474672
open_dense,19,diagnostic,local,17,10000,100000,100000,9923,2.17011,5,6,6,8.680742,24,23.360879,54,617552,231810,65a5c71236ff9999,312639,12813048,1093912,1100552,317536,300016,476304
baseline,20,timed,local,305419896,10000,100000,0,10000,0.9999,1,1,1,3.9999,4,13.9992,14,479984,139992,e683f3560ca72cf4,,,,,,,
baseline,20,timed,local,305419896,10000,100000,10000,9967,1.625263,3,4,6,6.501053,24,19.002107,54,544528,189394,d69a4aaf69e015a3,,,,,,,
baseline,20,timed,local,305419896,10000,100000,20000,9960,1.977108,4,5,6,7.908434,24,21.816867,54,595128,217296,6b3f30c111aa5487,,,,,,,
baseline,20,timed,local,305419896,10000,100000,30000,9925,2.088967,4,6,6,8.356171,24,22.711738,54,609672,225414,983f4d63892329ac,,,,,,,
baseline,20,timed,local,305419896,10000,100000,40000,9909,2.132909,5,6,6,8.531638,24,23.063276,54,615232,228534,e2097eab75466ce8,,,,,,,
baseline,20,timed,local,305419896,10000,100000,50000,9929,2.163461,5,6,6,8.654144,24,23.307685,54,619968,231422,2bba939910c6660f,,,,,,,
baseline,20,timed,local,305419896,10000,100000,60000,9921,2.167221,5,6,6,8.669187,24,23.337768,54,618792,231534,34a6bfccd786667f,,,,,,,
baseline,20,timed,local,305419896,10000,100000,70000,9860,2.157099,5,6,6,8.628702,24,23.256795,54,612880,229312,4aca111f32ce4204,,,,,,,
baseline,20,timed,local,305419896,10000,100000,80000,9838,2.134682,5,6,6,8.538727,24,23.077455,54,608280,227036,f5c4442ef4475111,,,,,,,
baseline,20,timed,local,305419896,10000,100000,90000,9828,2.151201,5,6,6,8.604803,24,23.209605,54,610152,228104,3e6787ab35919ede,,,,,,,
baseline,20,timed,local,305419896,10000,100000,100000,9828,2.155169,5,6,6,8.620676,24,23.241351,54,609744,228416,1c0c94fd2d3516a0,,,,,,,
baseline,20,diagnostic,local,305419896,10000,100000,0,10000,0.9999,1,1,1,3.9999,4,13.9992,14,479984,139992,e683f3560ca72cf4,30001,960040,960040,960040,320000,159984,480000
baseline,20,diagnostic,local,305419896,10000,100000,10000,9967,1.625263,3,4,6,6.501053,24,19.002107,54,544528,189394,d69a4aaf69e015a3,56899,2013280,1023000,1023232,318944,225584,478416
baseline,20,diagnostic,local,305419896,10000,100000,20000,9960,1.977108,4,5,6,7.908434,24,21.816867,54,595128,217296,6b3f30c111aa5487,84160,3126960,1073264,1073656,318720,276408,478080
baseline,20,diagnostic,local,305419896,10000,100000,30000,9925,2.088967,4,6,6,8.356171,24,22.711738,54,609672,225414,983f4d63892329ac,111846,4275104,1086128,1087704,317600,292072,476400
baseline,20,diagnostic,local,305419896,10000,100000,40000,9909,2.132909,5,6,6,8.531638,24,23.063276,54,615232,228534,e2097eab75466ce8,140130,5463848,1090920,1093440,317088,298144,475632
baseline,20,diagnostic,local,305419896,10000,100000,50000,9929,2.163461,5,6,6,8.654144,24,23.307685,54,619968,231422,2bba939910c6660f,168588,6670176,1096616,1098880,317728,302240,476592
baseline,20,diagnostic,local,305419896,10000,100000,60000,9921,2.167221,5,6,6,8.669187,24,23.337768,54,618792,231534,34a6bfccd786667f,197441,7896648,1095056,1098880,317472,301320,476208
baseline,20,diagnostic,local,305419896,10000,100000,70000,9860,2.157099,5,6,6,8.628702,24,23.256795,54,612880,229312,4aca111f32ce4204,225644,9094416,1086216,1098880,315520,297360,473280
baseline,20,diagnostic,local,305419896,10000,100000,80000,9838,2.134682,5,6,6,8.538727,24,23.077455,54,608280,227036,f5c4442ef4475111,254165,10303880,1080560,1098880,314816,293464,472224
baseline,20,diagnostic,local,305419896,10000,100000,90000,9828,2.151201,5,6,6,8.604803,24,23.209605,54,610152,228104,3e6787ab35919ede,282723,11529720,1081952,1098880,314496,295656,471744
baseline,20,diagnostic,local,305419896,10000,100000,100000,9828,2.155169,5,6,6,8.620676,24,23.241351,54,609744,228416,1c0c94fd2d3516a0,311689,12776384,1081544,1098880,314496,295248,471744
open_dense,20,timed,local,305419896,10000,100000,0,10000,0.9999,1,1,1,3.9999,4,13.9992,14,479984,139992,e683f3560ca72cf4,,,,,,,
open_dense,20,timed,local,305419896,10000,100000,10000,9967,1.625263,3,4,6,6.501053,24,19.002107,54,544528,189394,d69a4aaf69e015a3,,,,,,,
open_dense,20,timed,local,305419896,10000,100000,20000,9960,1.977108,4,5,6,7.908434,24,21.816867,54,595128,217296,6b3f30c111aa5487,,,,,,,
open_dense,20,timed,local,305419896,10000,100000,30000,9925,2.088967,4,6,6,8.356171,24,22.711738,54,609672,225414,983f4d63892329ac,,,,,,,
open_dense,20,timed,local,305419896,10000,100000,40000,9909,2.132909,5,6,6,8.531638,24,23.063276,54,615232,228534,e2097eab75466ce8,,,,,,,
open_dense,20,timed,local,305419896,10000,100000,50000,9929,2.163461,5,6,6,8.654144,24,23.307685,54,619968,231422,2bba939910c6660f,,,,,,,
open_dense,20,timed,local,305419896,10000,100000,60000,9921,2.167221,5,6,6,8.669187,24,23.337768,54,618792,231534,34a6bfccd786667f,,,,,,,
open_dense,20,timed,local,305419896,10000,100000,70000,9860,2.157099,5,6,6,8.628702,24,23.256795,54,612880,229312,4aca111f32ce4204,,,,,,,
open_dense,20,timed,local,305419896,10000,100000,80000,9838,2.134682,5,6,6,8.538727,24,23.077455,54,608280,227036,f5c4442ef4475111,,,,,,,
open_dense,20,timed,local,305419896,10000,100000,90000,9828,2.151201,5,6,6,8.604803,24,23.209605,54,610152,228104,3e6787ab35919ede,,,,,,,
open_dense,20,timed,local,305419896,10000,100000,100000,9828,2.155169,5,6,6,8.620676,24,23.241351,54,609744,228416,1c0c94fd2d3516a0,,,,,,,
open_dense,20,diagnostic,local,305419896,10000,100000,0,10000,0.9999,1,1,1,3.9999,4,13.9992,14,479984,139992,e683f3560ca72cf4,30001,960040,960040,960040,320000,159984,480000
open_dense,20,diagnostic,local,305419896,10000,100000,10000,9967,1.625263,3,4,6,6.501053,24,19.002107,54,544528,189394,d69a4aaf69e015a3,56899,2013280,1023000,1023232,318944,225584,478416
open_dense,20,diagnostic,local,305419896,10000,100000,20000,9960,1.977108,4,5,6,7.908434,24,21.816867,54,595128,217296,6b3f30c111aa5487,84160,3126960,1073264,1073656,318720,276408,478080
open_dense,20,diagnostic,local,305419896,10000,100000,30000,9925,2.088967,4,6,6,8.356171,24,22.711738,54,609672,225414,983f4d63892329ac,111846,4275104,1086128,1087704,317600,292072,476400
open_dense,20,diagnostic,local,305419896,10000,100000,40000,9909,2.132909,5,6,6,8.531638,24,23.063276,54,615232,228534,e2097eab75466ce8,140130,5463848,1090920,1093440,317088,298144,475632
open_dense,20,diagnostic,local,305419896,10000,100000,50000,9929,2.163461,5,6,6,8.654144,24,23.307685,54,619968,231422,2bba939910c6660f,168588,6670176,1096616,1098880,317728,302240,476592
open_dense,20,diagnostic,local,305419896,10000,100000,60000,9921,2.167221,5,6,6,8.669187,24,23.337768,54,618792,231534,34a6bfccd786667f,197441,7896648,1095056,1098880,317472,301320,476208
open_dense,20,diagnostic,local,305419896,10000,100000,70000,9860,2.157099,5,6,6,8.628702,24,23.256795,54,612880,229312,4aca111f32ce4204,225644,9094416,1086216,1098880,315520,297360,473280
open_dense,20,diagnostic,local,305419896,10000,100000,80000,9838,2.134682,5,6,6,8.538727,24,23.077455,54,608280,227036,f5c4442ef4475111,254165,10303880,1080560,1098880,314816,293464,472224
open_dense,20,diagnostic,local,305419896,10000,100000,90000,9828,2.151201,5,6,6,8.604803,24,23.209605,54,610152,228104,3e6787ab35919ede,282723,11529720,1081952,1098880,314496,295656,471744
open_dense,20,diagnostic,local,305419896,10000,100000,100000,9828,2.155169,5,6,6,8.620676,24,23.241351,54,609744,228416,1c0c94fd2d3516a0,311689,12776384,1081544,1098880,314496,295248,471744
baseline,21,timed,local,2654435769,10000,100000,0,10000,0.9999,1,1,1,3.9999,4,13.9992,14,479984,139992,e683f3560ca72cf4,,,,,,,
baseline,21,timed,local,2654435769,10000,100000,10000,10075,1.623424,3,4,6,6.493697,24,18.987395,54,549808,191298,54e7b563eb550e56,,,,,,,
baseline,21,timed,local,2654435769,10000,100000,20000,10069,1.97388,4,5,6,7.895819,24,21.791042,54,600712,219414,e3fde6764a9daa6f,,,,,,,
baseline,21,timed,local,2654435769,10000,100000,30000,10118,2.103874,4,5,6,8.415794,24,22.830994,54,623472,231004,d7be409f642c934f,,,,,,,
baseline,21,timed,local,2654435769,10000,100000,40000,10071,2.133552,5,6,6,8.534207,24,23.068414,54,624952,232322,ec5cd7a2983b1848,,,,,,,
baseline,21,timed,local,2654435769,10000,100000,50000,10048,2.148985,5,6,6,8.596238,24,23.191879,54,624624,233032,82bf7e3eb0535149,,,,,,,
baseline,21,timed,local,2654435769,10000,100000,60000,10030,2.154536,5,6,6,8.618445,24,23.236291,54,623480,233060,5c9119b2bbd416d9,,,,,,,
baseline,21,timed,local,2654435769,10000,100000,70000,9947,2.162662,5,6,6,8.65095,24,23.301297,54,617480,231778,833d4d6c612ecf62,,,,,,,
baseline,21,timed,local,2654435769,10000,100000,80000,9939,2.1804,5,6,6,8.721602,24,23.443204,54,620744,233002,fd06bd65001f349e,,,,,,,
baseline,21,timed,local,2654435769,10000,100000,90000,10019,2.198623,5,6,6,8.79479,24,23.588981,54,627304,236338,09dd99bbe7941cb9,,,,,,,
baseline,21,timed,local,2654435769,10000,100000,100000,9991,2.180062,5,6,6,8.720548,24,23.440496,54,624176,234194,b93e27df36244f46,,,,,,,
baseline,21,diagnostic,local,2654435769,10000,100000,0,10000,0.9999,1,1,1,3.9999,4,13.9992,14,479984,139992,e683f3560ca72cf4,30001,960040,960040,960040,320000,159984,480000
baseline,21,diagnostic,local,2654435769,10000,100000,10000,10075,1.623424,3,4,6,6.493697,24,18.987395,54,549808,191298,54e7b563eb550e56,57115,2021264,1033464,1033464,322400,227408,483600
baseline,21,diagnostic,local,2654435769,10000,100000,20000,10069,1.97388,4,5,6,7.895819,24,21.791042,54,600712,219414,e3fde6764a9daa6f,84446,3137288,1084080,1084312,322208,278504,483312
baseline,21,diagnostic,local,2654435769,10000,100000,30000,10118,2.103874,4,5,6,8.415794,24,22.830994,54,623472,231004,d7be409f642c934f,112383,4297640,1109192,1110480,323776,299696,485664
baseline,21,diagnostic,local,2654435769,10000,100000,40000,10071,2.133552,5,6,6,8.534207,24,23.068414,54,624952,232322,ec5cd7a2983b1848,140823,5491496,1108416,1111736,322272,302680,483408
baseline,21,diagnostic,local,2654435769,10000,100000,50000,10048,2.148985,5,6,6,8.596238,24,23.191879,54,624624,233032,82bf7e3eb0535149,169225,6695632,1106984,1111736,321536,303088,482304
baseline,21,diagnostic,local,2654435769,10000,100000,60000,10030,2.154536,5,6,6,8.618445,24,23.236291,54,623480,233060,5c9119b2bbd416d9,197473,7896552,1104976,1111736,320960,302520,481440
baseline,21,diagnostic,local,2654435769,10000,100000,70000,9947,2.162662,5,6,6,8.65095,24,23.301297,54,617480,231778,833d4d6c612ecf62,226113,9119048,1094992,1111736,318304,299176,477456
baseline,21,diagnostic,local,2654435769,10000,100000,80000,9939,2.1804,5,6,6,8.721602,24,23.443204,54,620744,233002,fd06bd65001f349e,254720,10347568,1097872,1111736,318048,302696,477072
baseline,21,diagnostic,local,2654435769,10000,100000,90000,10019,2.198623,5,6,6,8.79479,24,23.588981,54,627304,236338,09dd99bbe7941cb9,283631,11588712,1108272,1111736,320608,306696,480912
baseline,21,diagnostic,local,2654435769,10000,100000,100000,9991,2.180062,5,6,6,8.720548,24,23.440496,54,624176,234194,b93e27df36244f46,312490,12823448,1103800,1111736,319712,304464,479568
open_dense,21,timed,local,2654435769,10000,100000,0,10000,0.9999,1,1,1,3.9999,4,13.9992,14,479984,139992,e683f3560ca72cf4,,,,,,,
open_dense,21,timed,local,2654435769,10000,100000,10000,10075,1.623424,3,4,6,6.493697,24,18.987395,54,549808,191298,54e7b563eb550e56,,,,,,,
open_dense,21,timed,local,2654435769,10000,100000,20000,10069,1.97388,4,5,6,7.895819,24,21.791042,54,600712,219414,e3fde6764a9daa6f,,,,,,,
open_dense,21,timed,local,2654435769,10000,100000,30000,10118,2.103874,4,5,6,8.415794,24,22.830994,54,623472,231004,d7be409f642c934f,,,,,,,
open_dense,21,timed,local,2654435769,10000,100000,40000,10071,2.133552,5,6,6,8.534207,24,23.068414,54,624952,232322,ec5cd7a2983b1848,,,,,,,
open_dense,21,timed,local,2654435769,10000,100000,50000,10048,2.148985,5,6,6,8.596238,24,23.191879,54,624624,233032,82bf7e3eb0535149,,,,,,,
open_dense,21,timed,local,2654435769,10000,100000,60000,10030,2.154536,5,6,6,8.618445,24,23.236291,54,623480,233060,5c9119b2bbd416d9,,,,,,,
open_dense,21,timed,local,2654435769,10000,100000,70000,9947,2.162662,5,6,6,8.65095,24,23.301297,54,617480,231778,833d4d6c612ecf62,,,,,,,
open_dense,21,timed,local,2654435769,10000,100000,80000,9939,2.1804,5,6,6,8.721602,24,23.443204,54,620744,233002,fd06bd65001f349e,,,,,,,
open_dense,21,timed,local,2654435769,10000,100000,90000,10019,2.198623,5,6,6,8.79479,24,23.588981,54,627304,236338,09dd99bbe7941cb9,,,,,,,
open_dense,21,timed,local,2654435769,10000,100000,100000,9991,2.180062,5,6,6,8.720548,24,23.440496,54,624176,234194,b93e27df36244f46,,,,,,,
open_dense,21,diagnostic,local,2654435769,10000,100000,0,10000,0.9999,1,1,1,3.9999,4,13.9992,14,479984,139992,e683f3560ca72cf4,30001,960040,960040,960040,320000,159984,480000
open_dense,21,diagnostic,local,2654435769,10000,100000,10000,10075,1.623424,3,4,6,6.493697,24,18.987395,54,549808,191298,54e7b563eb550e56,57115,2021264,1033464,1033464,322400,227408,483600
open_dense,21,diagnostic,local,2654435769,10000,100000,20000,10069,1.97388,4,5,6,7.895819,24,21.791042,54,600712,219414,e3fde6764a9daa6f,84446,3137288,1084080,1084312,322208,278504,483312
open_dense,21,diagnostic,local,2654435769,10000,100000,30000,10118,2.103874,4,5,6,8.415794,24,22.830994,54,623472,231004,d7be409f642c934f,112383,4297640,1109192,1110480,323776,299696,485664
open_dense,21,diagnostic,local,2654435769,10000,100000,40000,10071,2.133552,5,6,6,8.534207,24,23.068414,54,624952,232322,ec5cd7a2983b1848,140823,5491496,1108416,1111736,322272,302680,483408
open_dense,21,diagnostic,local,2654435769,10000,100000,50000,10048,2.148985,5,6,6,8.596238,24,23.191879,54,624624,233032,82bf7e3eb0535149,169225,6695632,1106984,1111736,321536,303088,482304
open_dense,21,diagnostic,local,2654435769,10000,100000,60000,10030,2.154536,5,6,6,8.618445,24,23.236291,54,623480,233060,5c9119b2bbd416d9,197473,7896552,1104976,1111736,320960,302520,481440
open_dense,21,diagnostic,local,2654435769,10000,100000,70000,9947,2.162662,5,6,6,8.65095,24,23.301297,54,617480,231778,833d4d6c612ecf62,226113,9119048,1094992,1111736,318304,299176,477456
open_dense,21,diagnostic,local,2654435769,10000,100000,80000,9939,2.1804,5,6,6,8.721602,24,23.443204,54,620744,233002,fd06bd65001f349e,254720,10347568,1097872,1111736,318048,302696,477072
open_dense,21,diagnostic,local,2654435769,10000,100000,90000,10019,2.198623,5,6,6,8.79479,24,23.588981,54,627304,236338,09dd99bbe7941cb9,283631,11588712,1108272,1111736,320608,306696,480912
open_dense,21,diagnostic,local,2654435769,10000,100000,100000,9991,2.180062,5,6,6,8.720548,24,23.440496,54,624176,234194,b93e27df36244f46,312490,12823448,1103800,1111736,319712,304464,479568
baseline,22,timed,local,826366246,10000,100000,0,10000,0.9999,1,1,1,3.9999,4,13.9992,14,479984,139992,e683f3560ca72cf4,,,,,,,
baseline,22,timed,local,826366246,10000,100000,10000,10022,1.638196,3,4,6,6.552784,24,19.105568,54,548912,191476,5c788d6dbf31d672,,,,,,,
baseline,22,timed,local,826366246,10000,100000,20000,10087,1.9655,4,5,6,7.862298,24,21.724001,54,601136,219130,f910e65b418ba219,,,,,,,
baseline,22,timed,local,826366246,10000,100000,30000,10081,2.113878,5,6,6,8.455808,24,22.911021,54,622728,230966,ec442414bb0268e6,,,,,,,
baseline,22,timed,local,826366246,10000,100000,40000,10048,2.167297,5,6,6,8.669188,24,23.338376,54,628992,234504,fce94460c5c1fa6c,,,,,,,
baseline,22,timed,local,826366246,10000,100000,50000,10043,2.16051,5,6,6,8.642338,24,23.284078,54,626488,233842,6484c24d38fb98bd,,,,,,,
baseline,22,timed,local,826366246,10000,100000,60000,10067,2.166882,5,6,6,8.667826,24,23.335055,54,628232,234914,b3683f37526c1b4b,,,,,,,
baseline,22,timed,local,826366246,10000,100000,70000,10044,2.168757,5,6,6,8.675329,24,23.35006,54,626392,234528,e85351bb8ab22a40,,,,,,,
baseline,22,timed,local,826366246,10000,100000,80000,10046,2.166235,5,6,6,8.66524,24,23.329883,54,625448,234372,d0c8ab3f0f908181,,,,,,,
baseline,22,timed,local,826366246,10000,100000,90000,9947,2.148588,5,6,6,8.594652,24,23.1887,54,616744,230658,e2300ca6655bf912,,,,,,,
baseline,22,timed,local,826366246,10000,100000,100000,9954,2.140948,5,6,6,8.564095,24,23.127587,54,614968,230212,42baa4a35e747e53,,,,,,,
baseline,22,diagnostic,local,826366246,10000,100000,0,10000,0.9999,1,1,1,3.9999,4,13.9992,14,479984,139992,e683f3560ca72cf4,30001,960040,960040,960040,320000,159984,480000
baseline,22,diagnostic,local,826366246,10000,100000,10000,10022,1.638196,3,4,6,6.552784,24,19.105568,54,548912,191476,5c788d6dbf31d672,57088,2022528,1030024,1030112,320704,228208,481056
baseline,22,diagnostic,local,826366246,10000,100000,20000,10087,1.9655,4,5,6,7.862298,24,21.724001,54,601136,219130,f910e65b418ba219,84465,3138432,1085368,1085368,322784,278352,484176
baseline,22,diagnostic,local,826366246,10000,100000,30000,10081,2.113878,5,6,6,8.455808,24,22.911021,54,622728,230966,ec442414bb0268e6,112380,4302816,1106672,1110408,322592,300136,483888
baseline,22,diagnostic,local,826366246,10000,100000,40000,10048,2.167297,5,6,6,8.669188,24,23.338376,54,628992,234504,fce94460c5c1fa6c,140471,5490552,1111352,1114768,321536,307456,482304
baseline,22,diagnostic,local,826366246,10000,100000,50000,10043,2.16051,5,6,6,8.642338,24,23.284078,54,626488,233842,6484c24d38fb98bd,169128,6705688,1108608,1114768,321376,305112,482064
baseline,22,diagnostic,local,826366246,10000,100000,60000,10067,2.166882,5,6,6,8.667826,24,23.335055,54,628232,234914,b3683f37526c1b4b,197575,7921976,1111504,1114768,322144,306088,483216
baseline,22,diagnostic,local,826366246,10000,100000,70000,10044,2.168757,5,6,6,8.675329,24,23.35006,54,626392,234528,e85351bb8ab22a40,226219,9148040,1108560,1114768,321408,304984,482112
baseline,22,diagnostic,local,826366246,10000,100000,80000,10046,2.166235,5,6,6,8.66524,24,23.329883,54,625448,234372,d0c8ab3f0f908181,255443,10408840,1107712,1114768,321472,303976,482208
baseline,22,diagnostic,local,826366246,10000,100000,90000,9947,2.148588,5,6,6,8.594652,24,23.1887,54,616744,230658,e2300ca6655bf912,283971,11628024,1094256,1114768,318304,298440,477456
baseline,22,diagnostic,local,826366246,10000,100000,100000,9954,2.140948,5,6,6,8.564095,24,23.127587,54,614968,230212,42baa4a35e747e53,312749,12858752,1092816,1114768,318528,296440,477792
open_dense,22,timed,local,826366246,10000,100000,0,10000,0.9999,1,1,1,3.9999,4,13.9992,14,479984,139992,e683f3560ca72cf4,,,,,,,
open_dense,22,timed,local,826366246,10000,100000,10000,10022,1.638196,3,4,6,6.552784,24,19.105568,54,548912,191476,5c788d6dbf31d672,,,,,,,
open_dense,22,timed,local,826366246,10000,100000,20000,10087,1.9655,4,5,6,7.862298,24,21.724001,54,601136,219130,f910e65b418ba219,,,,,,,
open_dense,22,timed,local,826366246,10000,100000,30000,10081,2.113878,5,6,6,8.455808,24,22.911021,54,622728,230966,ec442414bb0268e6,,,,,,,
open_dense,22,timed,local,826366246,10000,100000,40000,10048,2.167297,5,6,6,8.669188,24,23.338376,54,628992,234504,fce94460c5c1fa6c,,,,,,,
open_dense,22,timed,local,826366246,10000,100000,50000,10043,2.16051,5,6,6,8.642338,24,23.284078,54,626488,233842,6484c24d38fb98bd,,,,,,,
open_dense,22,timed,local,826366246,10000,100000,60000,10067,2.166882,5,6,6,8.667826,24,23.335055,54,628232,234914,b3683f37526c1b4b,,,,,,,
open_dense,22,timed,local,826366246,10000,100000,70000,10044,2.168757,5,6,6,8.675329,24,23.35006,54,626392,234528,e85351bb8ab22a40,,,,,,,
open_dense,22,timed,local,826366246,10000,100000,80000,10046,2.166235,5,6,6,8.66524,24,23.329883,54,625448,234372,d0c8ab3f0f908181,,,,,,,
open_dense,22,timed,local,826366246,10000,100000,90000,9947,2.148588,5,6,6,8.594652,24,23.1887,54,616744,230658,e2300ca6655bf912,,,,,,,
open_dense,22,timed,local,826366246,10000,100000,100000,9954,2.140948,5,6,6,8.564095,24,23.127587,54,614968,230212,42baa4a35e747e53,,,,,,,
open_dense,22,diagnostic,local,826366246,10000,100000,0,10000,0.9999,1,1,1,3.9999,4,13.9992,14,479984,139992,e683f3560ca72cf4,30001,960040,960040,960040,320000,159984,480000
open_dense,22,diagnostic,local,826366246,10000,100000,10000,10022,1.638196,3,4,6,6.552784,24,19.105568,54,548912,191476,5c788d6dbf31d672,57088,2022528,1030024,1030112,320704,228208,481056
open_dense,22,diagnostic,local,826366246,10000,100000,20000,10087,1.9655,4,5,6,7.862298,24,21.724001,54,601136,219130,f910e65b418ba219,84465,3138432,1085368,1085368,322784,278352,484176
open_dense,22,diagnostic,local,826366246,10000,100000,30000,10081,2.113878,5,6,6,8.455808,24,22.911021,54,622728,230966,ec442414bb0268e6,112380,4302816,1106672,1110408,322592,300136,483888
open_dense,22,diagnostic,local,826366246,10000,100000,40000,10048,2.167297,5,6,6,8.669188,24,23.338376,54,628992,234504,fce94460c5c1fa6c,140471,5490552,1111352,1114768,321536,307456,482304
open_dense,22,diagnostic,local,826366246,10000,100000,50000,10043,2.16051,5,6,6,8.642338,24,23.284078,54,626488,233842,6484c24d38fb98bd,169128,6705688,1108608,1114768,321376,305112,482064
open_dense,22,diagnostic,local,826366246,10000,100000,60000,10067,2.166882,5,6,6,8.667826,24,23.335055,54,628232,234914,b3683f37526c1b4b,197575,7921976,1111504,1114768,322144,306088,483216
open_dense,22,diagnostic,local,826366246,10000,100000,70000,10044,2.168757,5,6,6,8.675329,24,23.35006,54,626392,234528,e85351bb8ab22a40,226219,9148040,1108560,1114768,321408,304984,482112
open_dense,22,diagnostic,local,826366246,10000,100000,80000,10046,2.166235,5,6,6,8.66524,24,23.329883,54,625448,234372,d0c8ab3f0f908181,255443,10408840,1107712,1114768,321472,303976,482208
open_dense,22,diagnostic,local,826366246,10000,100000,90000,9947,2.148588,5,6,6,8.594652,24,23.1887,54,616744,230658,e2300ca6655bf912,283971,11628024,1094256,1114768,318304,298440,477456
open_dense,22,diagnostic,local,826366246,10000,100000,100000,9954,2.140948,5,6,6,8.564095,24,23.127587,54,614968,230212,42baa4a35e747e53,312749,12858752,1092816,1114768,318528,296440,477792
baseline,23,timed,local,12648430,10000,100000,0,10000,0.9999,1,1,1,3.9999,4,13.9992,14,479984,139992,e683f3560ca72cf4,,,,,,,
baseline,23,timed,local,12648430,10000,100000,10000,9925,1.616222,3,4,6,6.464887,24,18.929773,54,540512,187878,28d9f88119dfb658,,,,,,,
baseline,23,timed,local,12648430,10000,100000,20000,9943,1.965805,4,5,6,7.863522,24,21.726441,54,592160,216026,b6037a87075b9f6e,,,,,,,
baseline,23,timed,local,12648430,10000,100000,30000,9949,2.072068,4,5,6,8.288572,24,22.57654,54,608880,224614,00e181a9eca499e7,,,,,,,
baseline,23,timed,local,12648430,10000,100000,40000,9966,2.115392,5,6,6,8.46187,24,22.923139,54,615776,228452,1b4e791ae9116115,,,,,,,
baseline,23,timed,local,12648430,10000,100000,50000,9905,2.165371,5,6,6,8.661787,24,23.322968,54,618544,231014,41698420cc8293ce,,,,,,,
baseline,23,timed,local,12648430,10000,100000,60000,9919,2.13459,5,6,6,8.538663,24,23.076721,54,612768,228898,ccfa709e8ca3c24e,,,,,,,
baseline,23,timed,local,12648430,10000,100000,70000,9936,2.162943,5,6,6,8.651771,24,23.303543,54,618360,231544,c08d1b80520dba7f,,,,,,,
baseline,23,timed,local,12648430,10000,100000,80000,9874,2.148268,5,6,6,8.593377,24,23.186145,54,611360,228940,fc93d1e9776d0f68,,,,,,,
baseline,23,timed,local,12648430,10000,100000,90000,9816,2.15057,5,6,6,8.602588,24,23.204564,54,608512,227776,f8df2e25c240fdd7,,,,,,,
baseline,23,timed,local,12648430,10000,100000,100000,9828,2.143671,5,6,6,8.57499,24,23.149369,54,608680,227512,2454b76b638fbab7,,,,,,,
baseline,23,diagnostic,local,12648430,10000,100000,0,10000,0.9999,1,1,1,3.9999,4,13.9992,14,479984,139992,e683f3560ca72cf4,30001,960040,960040,960040,320000,159984,480000
baseline,23,diagnostic,local,12648430,10000,100000,10000,9925,1.616222,3,4,6,6.464887,24,18.929773,54,540512,187878,28d9f88119dfb658,56844,2007736,1016968,1018104,317600,222912,476400
baseline,23,diagnostic,local,12648430,10000,100000,20000,9943,1.965805,4,5,6,7.863522,24,21.726441,54,592160,216026,b6037a87075b9f6e,84182,3118424,1069480,1069480,318176,273984,477264
baseline,23,diagnostic,local,12648430,10000,100000,30000,9949,2.072068,4,5,6,8.288572,24,22.57654,54,608880,224614,00e181a9eca499e7,112623,4301184,1086488,1091208,318368,290512,477552
baseline,23,diagnostic,local,12648430,10000,100000,40000,9966,2.115392,5,6,6,8.46187,24,22.923139,54,615776,228452,1b4e791ae9116115,141101,5498328,1094200,1096160,318912,296864,478368
baseline,23,diagnostic,local,12648430,10000,100000,50000,9905,2.165371,5,6,6,8.661787,24,23.322968,54,618544,231014,41698420cc8293ce,169153,6683904,1094040,1096696,316960,301584,475440
baseline,23,diagnostic,local,12648430,10000,100000,60000,9919,2.13459,5,6,6,8.538663,24,23.076721,54,612768,228898,ccfa709e8ca3c24e,197977,7906368,1088936,1096696,317408,295360,476112
baseline,23,diagnostic,local,12648430,10000,100000,70000,9936,2.162943,5,6,6,8.651771,24,23.303543,54,618360,231544,c08d1b80520dba7f,226460,9123800,1095344,1099240,317952,300408,476928
baseline,23,diagnostic,local,12648430,10000,100000,80000,9874,2.148268,5,6,6,8.593377,24,23.186145,54,611360,228940,fc93d1e9776d0f68,255189,10351216,1085368,1099240,315968,295392,473952
baseline,23,diagnostic,local,12648430,10000,100000,90000,9816,2.15057,5,6,6,8.602588,24,23.204564,54,608512,227776,f8df2e25c240fdd7,283591,11560056,1079736,1099240,314112,294400,471168
baseline,23,diagnostic,local,12648430,10000,100000,100000,9828,2.143671,5,6,6,8.57499,24,23.149369,54,608680,227512,2454b76b638fbab7,312058,12777920,1080480,1099240,314496,294184,471744
open_dense,23,timed,local,12648430,10000,100000,0,10000,0.9999,1,1,1,3.9999,4,13.9992,14,479984,139992,e683f3560ca72cf4,,,,,,,
open_dense,23,timed,local,12648430,10000,100000,10000,9925,1.616222,3,4,6,6.464887,24,18.929773,54,540512,187878,28d9f88119dfb658,,,,,,,
open_dense,23,timed,local,12648430,10000,100000,20000,9943,1.965805,4,5,6,7.863522,24,21.726441,54,592160,216026,b6037a87075b9f6e,,,,,,,
open_dense,23,timed,local,12648430,10000,100000,30000,9949,2.072068,4,5,6,8.288572,24,22.57654,54,608880,224614,00e181a9eca499e7,,,,,,,
open_dense,23,timed,local,12648430,10000,100000,40000,9966,2.115392,5,6,6,8.46187,24,22.923139,54,615776,228452,1b4e791ae9116115,,,,,,,
open_dense,23,timed,local,12648430,10000,100000,50000,9905,2.165371,5,6,6,8.661787,24,23.322968,54,618544,231014,41698420cc8293ce,,,,,,,
open_dense,23,timed,local,12648430,10000,100000,60000,9919,2.13459,5,6,6,8.538663,24,23.076721,54,612768,228898,ccfa709e8ca3c24e,,,,,,,
open_dense,23,timed,local,12648430,10000,100000,70000,9936,2.162943,5,6,6,8.651771,24,23.303543,54,618360,231544,c08d1b80520dba7f,,,,,,,
open_dense,23,timed,local,12648430,10000,100000,80000,9874,2.148268,5,6,6,8.593377,24,23.186145,54,611360,228940,fc93d1e9776d0f68,,,,,,,
open_dense,23,timed,local,12648430,10000,100000,90000,9816,2.15057,5,6,6,8.602588,24,23.204564,54,608512,227776,f8df2e25c240fdd7,,,,,,,
open_dense,23,timed,local,12648430,10000,100000,100000,9828,2.143671,5,6,6,8.57499,24,23.149369,54,608680,227512,2454b76b638fbab7,,,,,,,
open_dense,23,diagnostic,local,12648430,10000,100000,0,10000,0.9999,1,1,1,3.9999,4,13.9992,14,479984,139992,e683f3560ca72cf4,30001,960040,960040,960040,320000,159984,480000
open_dense,23,diagnostic,local,12648430,10000,100000,10000,9925,1.616222,3,4,6,6.464887,24,18.929773,54,540512,187878,28d9f88119dfb658,56844,2007736,1016968,1018104,317600,222912,476400
open_dense,23,diagnostic,local,12648430,10000,100000,20000,9943,1.965805,4,5,6,7.863522,24,21.726441,54,592160,216026,b6037a87075b9f6e,84182,3118424,1069480,1069480,318176,273984,477264
open_dense,23,diagnostic,local,12648430,10000,100000,30000,9949,2.072068,4,5,6,8.288572,24,22.57654,54,608880,224614,00e181a9eca499e7,112623,4301184,1086488,1091208,318368,290512,477552
open_dense,23,diagnostic,local,12648430,10000,100000,40000,9966,2.115392,5,6,6,8.46187,24,22.923139,54,615776,228452,1b4e791ae9116115,141101,5498328,1094200,1096160,318912,296864,478368
open_dense,23,diagnostic,local,12648430,10000,100000,50000,9905,2.165371,5,6,6,8.661787,24,23.322968,54,618544,231014,41698420cc8293ce,169153,6683904,1094040,1096696,316960,301584,475440
open_dense,23,diagnostic,local,12648430,10000,100000,60000,9919,2.13459,5,6,6,8.538663,24,23.076721,54,612768,228898,ccfa709e8ca3c24e,197977,7906368,1088936,1096696,317408,295360,476112
open_dense,23,diagnostic,local,12648430,10000,100000,70000,9936,2.162943,5,6,6,8.651771,24,23.303543,54,618360,231544,c08d1b80520dba7f,226460,9123800,1095344,1099240,317952,300408,476928
open_dense,23,diagnostic,local,12648430,10000,100000,80000,9874,2.148268,5,6,6,8.593377,24,23.186145,54,611360,228940,fc93d1e9776d0f68,255189,10351216,1085368,1099240,315968,295392,473952
open_dense,23,diagnostic,local,12648430,10000,100000,90000,9816,2.15057,5,6,6,8.602588,24,23.204564,54,608512,227776,f8df2e25c240fdd7,283591,11560056,1079736,1099240,314112,294400,471168
open_dense,23,diagnostic,local,12648430,10000,100000,100000,9828,2.143671,5,6,6,8.57499,24,23.149369,54,608680,227512,2454b76b638fbab7,312058,12777920,1080480,1099240,314496,294184,471744
baseline,24,timed,churn,17,10000,100000,0,10000,0.9999,1,1,1,3.9999,4,13.9992,14,479984,139992,e683f3560ca72cf4,,,,,,,
baseline,24,timed,churn,17,10000,100000,10000,9960,1.353614,2,3,5,5.414458,20,16.828916,46,509832,167616,c1dc5773b2165f5b,,,,,,,
baseline,24,timed,churn,17,10000,100000,20000,10055,1.51268,3,4,5,6.050721,20,18.101442,46,533328,182010,6b752a1f6d62dace,,,,,,,
baseline,24,timed,churn,17,10000,100000,30000,10031,1.613897,3,4,6,6.455887,24,18.911175,54,545400,189698,f1acc5575d432778,,,,,,,
baseline,24,timed,churn,17,10000,100000,40000,10059,1.715479,3,4,6,6.862213,24,19.723829,54,561760,198402,cac44dbb558e14cc,,,,,,,
baseline,24,timed,churn,17,10000,100000,50000,10041,1.788965,4,5,6,7.15616,24,20.311722,54,571408,203950,696e837eb6843512,,,,,,,
baseline,24,timed,churn,17,10000,100000,60000,9932,1.822795,4,5,6,7.291482,24,20.58236,54,570472,204424,589febe89030e30f,,,,,,,
baseline,24,timed,churn,17,10000,100000,70000,9980,1.863527,4,5,6,7.454108,24,20.908216,54,579608,208664,f6caf3c669255e3e,,,,,,,
baseline,24,timed,churn,17,10000,100000,80000,9940,1.901408,4,5,6,7.605634,24,21.211268,54,583376,210840,05fc23c9297d4b1a,,,,,,,
baseline,24,timed,churn,17,10000,100000,90000,9998,1.916683,4,5,6,7.667033,24,21.333467,54,587144,213292,22f988b12a9bd2aa,,,,,,,
baseline,24,timed,churn,17,10000,100000,100000,10099,1.924547,4,5,6,7.698188,24,21.396376,54,592944,216082,3f2674965030d25e,,,,,,,
baseline,24,diagnostic,churn,17,10000,100000,0,10000,0.9999,1,1,1,3.9999,4,13.9992,14,479984,139992,e683f3560ca72cf4,30001,960040,960040,960040,320000,159984,480000
baseline,24,diagnostic,churn,17,10000,100000,10000,9960,1.353614,2,3,5,5.414458,20,16.828916,46,509832,167616,c1dc5773b2165f5b,51052,1754384,987968,987968,318720,191112,478080
baseline,24,diagnostic,churn,17,10000,100000,20000,10055,1.51268,3,4,5,6.050721,20,18.101442,46,533328,182010,6b752a1f6d62dace,72175,2547800,1016024,1016848,321760,211568,482640
baseline,24,diagnostic,churn,17,10000,100000,30000,10031,1.613897,3,4,6,6.455887,24,18.911175,54,545400,189698,f1acc5575d432778,93192,3348544,1026944,1027408,320992,224408,481488
baseline,24,diagnostic,churn,17,10000,100000,40000,10059,1.715479,3,4,6,6.862213,24,19.723829,54,561760,198402,cac44dbb558e14cc,114273,4167080,1044648,1047808,321888,239872,482832
baseline,24,diagnostic,churn,17,10000,100000,50000,10041,1.788965,4,5,6,7.15616,24,20.311722,54,571408,203950,696e837eb6843512,135423,4999632,1053432,1056752,321312,250096,481968
baseline,24,diagnostic,churn,17,10000,100000,60000,9932,1.822795,4,5,6,7.291482,24,20.58236,54,570472,204424,589febe89030e30f,156488,5831848,1047264,1056752,317824,252648,476736
baseline,24,diagnostic,churn,17,10000,100000,70000,9980,1.863527,4,5,6,7.454108,24,20.908216,54,579608,208664,f6caf3c669255e3e,177847,6680968,1058704,1063032,319360,260248,479040
baseline,24,diagnostic,churn,17,10000,100000,80000,9940,1.901408,4,5,6,7.605634,24,21.211268,54,583376,210840,05fc23c9297d4b1a,199197,7540760,1060552,1065256,318080,265296,477120
baseline,24,diagnostic,churn,17,10000,100000,90000,9998,1.916683,4,5,6,7.667033,24,21.333467,54,587144,213292,22f988b12a9bd2aa,220598,8402032,1067104,1071712,319936,267208,479904
baseline,24,diagnostic,churn,17,10000,100000,100000,10099,1.924547,4,5,6,7.698188,24,21.396376,54,592944,216082,3f2674965030d25e,242093,9267904,1077752,1079136,323168,269776,484752
open_dense,24,timed,churn,17,10000,100000,0,10000,0.9999,1,1,1,3.9999,4,13.9992,14,479984,139992,e683f3560ca72cf4,,,,,,,
open_dense,24,timed,churn,17,10000,100000,10000,9960,1.353614,2,3,5,5.414458,20,16.828916,46,509832,167616,c1dc5773b2165f5b,,,,,,,
open_dense,24,timed,churn,17,10000,100000,20000,10055,1.51268,3,4,5,6.050721,20,18.101442,46,533328,182010,6b752a1f6d62dace,,,,,,,
open_dense,24,timed,churn,17,10000,100000,30000,10031,1.613897,3,4,6,6.455887,24,18.911175,54,545400,189698,f1acc5575d432778,,,,,,,
open_dense,24,timed,churn,17,10000,100000,40000,10059,1.715479,3,4,6,6.862213,24,19.723829,54,561760,198402,cac44dbb558e14cc,,,,,,,
open_dense,24,timed,churn,17,10000,100000,50000,10041,1.788965,4,5,6,7.15616,24,20.311722,54,571408,203950,696e837eb6843512,,,,,,,
open_dense,24,timed,churn,17,10000,100000,60000,9932,1.822795,4,5,6,7.291482,24,20.58236,54,570472,204424,589febe89030e30f,,,,,,,
open_dense,24,timed,churn,17,10000,100000,70000,9980,1.863527,4,5,6,7.454108,24,20.908216,54,579608,208664,f6caf3c669255e3e,,,,,,,
open_dense,24,timed,churn,17,10000,100000,80000,9940,1.901408,4,5,6,7.605634,24,21.211268,54,583376,210840,05fc23c9297d4b1a,,,,,,,
open_dense,24,timed,churn,17,10000,100000,90000,9998,1.916683,4,5,6,7.667033,24,21.333467,54,587144,213292,22f988b12a9bd2aa,,,,,,,
open_dense,24,timed,churn,17,10000,100000,100000,10099,1.924547,4,5,6,7.698188,24,21.396376,54,592944,216082,3f2674965030d25e,,,,,,,
open_dense,24,diagnostic,churn,17,10000,100000,0,10000,0.9999,1,1,1,3.9999,4,13.9992,14,479984,139992,e683f3560ca72cf4,30001,960040,960040,960040,320000,159984,480000
open_dense,24,diagnostic,churn,17,10000,100000,10000,9960,1.353614,2,3,5,5.414458,20,16.828916,46,509832,167616,c1dc5773b2165f5b,51052,1754384,987968,987968,318720,191112,478080
open_dense,24,diagnostic,churn,17,10000,100000,20000,10055,1.51268,3,4,5,6.050721,20,18.101442,46,533328,182010,6b752a1f6d62dace,72175,2547800,1016024,1016848,321760,211568,482640
open_dense,24,diagnostic,churn,17,10000,100000,30000,10031,1.613897,3,4,6,6.455887,24,18.911175,54,545400,189698,f1acc5575d432778,93192,3348544,1026944,1027408,320992,224408,481488
open_dense,24,diagnostic,churn,17,10000,100000,40000,10059,1.715479,3,4,6,6.862213,24,19.723829,54,561760,198402,cac44dbb558e14cc,114273,4167080,1044648,1047808,321888,239872,482832
open_dense,24,diagnostic,churn,17,10000,100000,50000,10041,1.788965,4,5,6,7.15616,24,20.311722,54,571408,203950,696e837eb6843512,135423,4999632,1053432,1056752,321312,250096,481968
open_dense,24,diagnostic,churn,17,10000,100000,60000,9932,1.822795,4,5,6,7.291482,24,20.58236,54,570472,204424,589febe89030e30f,156488,5831848,1047264,1056752,317824,252648,476736
open_dense,24,diagnostic,churn,17,10000,100000,70000,9980,1.863527,4,5,6,7.454108,24,20.908216,54,579608,208664,f6caf3c669255e3e,177847,6680968,1058704,1063032,319360,260248,479040
open_dense,24,diagnostic,churn,17,10000,100000,80000,9940,1.901408,4,5,6,7.605634,24,21.211268,54,583376,210840,05fc23c9297d4b1a,199197,7540760,1060552,1065256,318080,265296,477120
open_dense,24,diagnostic,churn,17,10000,100000,90000,9998,1.916683,4,5,6,7.667033,24,21.333467,54,587144,213292,22f988b12a9bd2aa,220598,8402032,1067104,1071712,319936,267208,479904
open_dense,24,diagnostic,churn,17,10000,100000,100000,10099,1.924547,4,5,6,7.698188,24,21.396376,54,592944,216082,3f2674965030d25e,242093,9267904,1077752,1079136,323168,269776,484752
baseline,25,timed,churn,305419896,10000,100000,0,10000,0.9999,1,1,1,3.9999,4,13.9992,14,479984,139992,e683f3560ca72cf4,,,,,,,
baseline,25,timed,churn,305419896,10000,100000,10000,9904,1.348849,2,3,4,5.395396,16,16.790792,38,506728,166296,58ce4c54cd149fae,,,,,,,
baseline,25,timed,churn,305419896,10000,100000,20000,9968,1.510233,3,4,5,6.041232,20,18.081862,46,528592,180240,f2b3d7ec418f0ef0,,,,,,,
baseline,25,timed,churn,305419896,10000,100000,30000,9921,1.61395,3,4,6,6.456103,24,18.911602,54,539264,187622,3899e2404fad5d34,,,,,,,
baseline,25,timed,churn,305419896,10000,100000,40000,9965,1.707878,3,4,6,6.831811,24,19.663021,54,554760,195942,54a51248fa9a042e,,,,,,,
baseline,25,timed,churn,305419896,10000,100000,50000,10030,1.7668,4,5,6,7.067198,24,20.134397,54,567808,201948,7a571009252706be,,,,,,,
baseline,25,timed,churn,305419896,10000,100000,60000,9961,1.813874,4,5,6,7.255798,24,20.510993,54,571416,204310,77ea46f8a79f5d45,,,,,,,
baseline,25,timed,churn,305419896,10000,100000,70000,9972,1.847072,4,5,6,7.388588,24,20.776574,54,576280,207184,ced9c5aff046411c,,,,,,,
baseline,25,timed,churn,305419896,10000,100000,80000,10045,1.895072,4,5,6,7.580587,24,21.160577,54,587496,212558,9ae94020df3c329b,,,,,,,
baseline,25,timed,churn,305419896,10000,100000,90000,10099,1.906525,4,5,6,7.626399,24,21.252203,54,591176,214626,e063e611bbb2366d,,,,,,,
baseline,25,timed,churn,305419896,10000,100000,100000,10087,1.920591,4,5,6,7.682661,24,21.364727,54,591968,215506,804888e3dbf7d18b,,,,,,,
baseline,25,diagnostic,churn,305419896,10000,100000,0,10000,0.9999,1,1,1,3.9999,4,13.9992,14,479984,139992,e683f3560ca72cf4,30001,960040,960040,960040,320000,159984,480000
baseline,25,diagnostic,churn,305419896,10000,100000,10000,9904,1.348849,2,3,4,5.395396,16,16.790792,38,506728,166296,58ce4c54cd149fae,50830,1745592,982176,986616,316928,189800,475392
baseline,25,diagnostic,churn,305419896,10000,100000,20000,9968,1.510233,3,4,5,6.041232,20,18.081862,46,528592,180240,f2b3d7ec418f0ef0,71922,2536224,1007112,1009496,318976,209616,478464
baseline,25,diagnostic,churn,305419896,10000,100000,30000,9921,1.61395,3,4,6,6.456103,24,18.911602,54,539264,187622,3899e2404fad5d34,92676,3324848,1015528,1019640,317472,221792,476208
baseline,25,diagnostic,churn,305419896,10000,100000,40000,9965,1.707878,3,4,6,6.831811,24,19.663021,54,554760,195942,54a51248fa9a042e,113750,4139152,1033136,1033992,318880,235880,478320
baseline,25,diagnostic,churn,305419896,10000,100000,50000,10030,1.7668,4,5,6,7.067198,24,20.134397,54,567808,201948,7a571009252706be,135041,4968736,1049304,1050432,320960,246848,481440
baseline,25,diagnostic,churn,305419896,10000,100000,60000,9961,1.813874,4,5,6,7.255798,24,20.510993,54,571416,204310,77ea46f8a79f5d45,156124,5802120,1049600,1053072,318752,252664,478128
baseline,25,diagnostic,churn,305419896,10000,100000,70000,9972,1.847072,4,5,6,7.388588,24,20.776574,54,576280,207184,ced9c5aff046411c,177432,6650752,1054992,1056696,319104,257176,478656
baseline,25,diagnostic,churn,305419896,10000,100000,80000,10045,1.895072,4,5,6,7.580587,24,21.160577,54,587496,212558,9ae94020df3c329b,198930,7515960,1069712,1070192,321440,266056,482160
baseline,25,diagnostic,churn,305419896,10000,100000,90000,10099,1.906525,4,5,6,7.626399,24,21.252203,54,591176,214626,e063e611bbb2366d,220431,8383680,1075984,1081240,323168,268008,484752
baseline,25,diagnostic,churn,305419896,10000,100000,100000,10087,1.920591,4,5,6,7.682661,24,21.364727,54,591968,215506,804888e3dbf7d18b,241788,9249584,1076200,1085936,322784,269184,484176
open_dense,25,timed,churn,305419896,10000,100000,0,10000,0.9999,1,1,1,3.9999,4,13.9992,14,479984,139992,e683f3560ca72cf4,,,,,,,
open_dense,25,timed,churn,305419896,10000,100000,10000,9904,1.348849,2,3,4,5.395396,16,16.790792,38,506728,166296,58ce4c54cd149fae,,,,,,,
open_dense,25,timed,churn,305419896,10000,100000,20000,9968,1.510233,3,4,5,6.041232,20,18.081862,46,528592,180240,f2b3d7ec418f0ef0,,,,,,,
open_dense,25,timed,churn,305419896,10000,100000,30000,9921,1.61395,3,4,6,6.456103,24,18.911602,54,539264,187622,3899e2404fad5d34,,,,,,,
open_dense,25,timed,churn,305419896,10000,100000,40000,9965,1.707878,3,4,6,6.831811,24,19.663021,54,554760,195942,54a51248fa9a042e,,,,,,,
open_dense,25,timed,churn,305419896,10000,100000,50000,10030,1.7668,4,5,6,7.067198,24,20.134397,54,567808,201948,7a571009252706be,,,,,,,
open_dense,25,timed,churn,305419896,10000,100000,60000,9961,1.813874,4,5,6,7.255798,24,20.510993,54,571416,204310,77ea46f8a79f5d45,,,,,,,
open_dense,25,timed,churn,305419896,10000,100000,70000,9972,1.847072,4,5,6,7.388588,24,20.776574,54,576280,207184,ced9c5aff046411c,,,,,,,
open_dense,25,timed,churn,305419896,10000,100000,80000,10045,1.895072,4,5,6,7.580587,24,21.160577,54,587496,212558,9ae94020df3c329b,,,,,,,
open_dense,25,timed,churn,305419896,10000,100000,90000,10099,1.906525,4,5,6,7.626399,24,21.252203,54,591176,214626,e063e611bbb2366d,,,,,,,
open_dense,25,timed,churn,305419896,10000,100000,100000,10087,1.920591,4,5,6,7.682661,24,21.364727,54,591968,215506,804888e3dbf7d18b,,,,,,,
open_dense,25,diagnostic,churn,305419896,10000,100000,0,10000,0.9999,1,1,1,3.9999,4,13.9992,14,479984,139992,e683f3560ca72cf4,30001,960040,960040,960040,320000,159984,480000
open_dense,25,diagnostic,churn,305419896,10000,100000,10000,9904,1.348849,2,3,4,5.395396,16,16.790792,38,506728,166296,58ce4c54cd149fae,50830,1745592,982176,986616,316928,189800,475392
open_dense,25,diagnostic,churn,305419896,10000,100000,20000,9968,1.510233,3,4,5,6.041232,20,18.081862,46,528592,180240,f2b3d7ec418f0ef0,71922,2536224,1007112,1009496,318976,209616,478464
open_dense,25,diagnostic,churn,305419896,10000,100000,30000,9921,1.61395,3,4,6,6.456103,24,18.911602,54,539264,187622,3899e2404fad5d34,92676,3324848,1015528,1019640,317472,221792,476208
open_dense,25,diagnostic,churn,305419896,10000,100000,40000,9965,1.707878,3,4,6,6.831811,24,19.663021,54,554760,195942,54a51248fa9a042e,113750,4139152,1033136,1033992,318880,235880,478320
open_dense,25,diagnostic,churn,305419896,10000,100000,50000,10030,1.7668,4,5,6,7.067198,24,20.134397,54,567808,201948,7a571009252706be,135041,4968736,1049304,1050432,320960,246848,481440
open_dense,25,diagnostic,churn,305419896,10000,100000,60000,9961,1.813874,4,5,6,7.255798,24,20.510993,54,571416,204310,77ea46f8a79f5d45,156124,5802120,1049600,1053072,318752,252664,478128
open_dense,25,diagnostic,churn,305419896,10000,100000,70000,9972,1.847072,4,5,6,7.388588,24,20.776574,54,576280,207184,ced9c5aff046411c,177432,6650752,1054992,1056696,319104,257176,478656
open_dense,25,diagnostic,churn,305419896,10000,100000,80000,10045,1.895072,4,5,6,7.580587,24,21.160577,54,587496,212558,9ae94020df3c329b,198930,7515960,1069712,1070192,321440,266056,482160
open_dense,25,diagnostic,churn,305419896,10000,100000,90000,10099,1.906525,4,5,6,7.626399,24,21.252203,54,591176,214626,e063e611bbb2366d,220431,8383680,1075984,1081240,323168,268008,484752
open_dense,25,diagnostic,churn,305419896,10000,100000,100000,10087,1.920591,4,5,6,7.682661,24,21.364727,54,591968,215506,804888e3dbf7d18b,241788,9249584,1076200,1085936,322784,269184,484176
baseline,26,timed,churn,2654435769,10000,100000,0,10000,0.9999,1,1,1,3.9999,4,13.9992,14,479984,139992,e683f3560ca72cf4,,,,,,,
baseline,26,timed,churn,2654435769,10000,100000,10000,9988,1.352823,2,3,5,5.411294,20,16.822587,46,511296,168024,47cc9831c9079bf8,,,,,,,
baseline,26,timed,churn,2654435769,10000,100000,20000,9818,1.509574,3,4,6,6.038297,24,18.076594,54,520504,177476,6d6e17532ff8c740,,,,,,,
baseline,26,timed,churn,2654435769,10000,100000,30000,9948,1.621431,3,4,6,6.485726,24,18.971452,54,542336,188728,03b765f5fc6496a0,,,,,,,
baseline,26,timed,churn,2654435769,10000,100000,40000,9973,1.700592,3,4,6,6.802366,24,19.604733,54,555384,195518,274995a5ccbc6bb5,,,,,,,
baseline,26,timed,churn,2654435769,10000,100000,50000,9929,1.767247,4,5,6,7.06899,24,20.13798,54,562288,199950,9589ec4ec507dd5d,,,,,,,
baseline,26,timed,churn,2654435769,10000,100000,60000,9985,1.807111,4,5,6,7.228443,24,20.456885,54,571488,204262,fd7c38e6db37d183,,,,,,,
baseline,26,timed,churn,2654435769,10000,100000,70000,10055,1.841174,4,5,6,7.364993,24,20.729388,54,581224,208434,15f1fc9e75fff479,,,,,,,
baseline,26,timed,churn,2654435769,10000,100000,80000,10013,1.871068,4,5,6,7.48427,24,20.968541,54,582472,209958,c53c10f496d57ba5,,,,,,,
baseline,26,timed,churn,2654435769,10000,100000,90000,9999,1.908891,4,5,6,7.635564,24,21.271127,54,586488,212690,503ae6cb4934b4f0,,,,,,,
baseline,26,timed,churn,2654435769,10000,100000,100000,10113,1.950559,4,5,6,7.802531,24,21.604469,54,599184,218486,8aed9b210100849e,,,,,,,
baseline,26,diagnostic,churn,2654435769,10000,100000,0,10000,0.9999,1,1,1,3.9999,4,13.9992,14,479984,139992,e683f3560ca72cf4,30001,960040,960040,960040,320000,159984,480000
baseline,26,diagnostic,churn,2654435769,10000,100000,10000,9988,1.352823,2,3,5,5.411294,20,16.822587,46,511296,168024,47cc9831c9079bf8,50986,1752136,990776,993024,319616,191680,479424
baseline,26,diagnostic,churn,2654435769,10000,100000,20000,9818,1.509574,3,4,6,6.038297,24,18.076594,54,520504,177476,6d6e17532ff8c740,71638,2527552,991824,997984,314176,206328,471264
baseline,26,diagnostic,churn,2654435769,10000,100000,30000,9948,1.621431,3,4,6,6.485726,24,18.971452,54,542336,188728,03b765f5fc6496a0,92704,3329112,1019896,1019896,318336,224000,477504
baseline,26,diagnostic,churn,2654435769,10000,100000,40000,9973,1.700592,3,4,6,6.802366,24,19.604733,54,555384,195518,274995a5ccbc6bb5,113679,4139880,1034144,1036232,319136,236248,478704
baseline,26,diagnostic,churn,2654435769,10000,100000,50000,9929,1.767247,4,5,6,7.06899,24,20.13798,54,562288,199950,9589ec4ec507dd5d,134616,4956248,1038936,1040200,317728,244560,476592
baseline,26,diagnostic,churn,2654435769,10000,100000,60000,9985,1.807111,4,5,6,7.228443,24,20.456885,54,571488,204262,fd7c38e6db37d183,155982,5795584,1050824,1052928,319520,251968,479280
baseline,26,diagnostic,churn,2654435769,10000,100000,70000,10055,1.841174,4,5,6,7.364993,24,20.729388,54,581224,208434,15f1fc9e75fff479,177287,6643032,1063920,1066336,321760,259464,482640
baseline,26,diagnostic,churn,2654435769,10000,100000,80000,10013,1.871068,4,5,6,7.48427,24,20.968541,54,582472,209958,c53c10f496d57ba5,198422,7489448,1063152,1071016,320416,262056,480624
baseline,26,diagnostic,churn,2654435769,10000,100000,90000,9999,1.908891,4,5,6,7.635564,24,21.271127,54,586488,212690,503ae6cb4934b4f0,219664,8350544,1066496,1071016,319968,266520,479952
baseline,26,diagnostic,churn,2654435769,10000,100000,100000,10113,1.950559,4,5,6,7.802531,24,21.604469,54,599184,218486,8aed9b210100849e,241149,9227744,1084664,1087016,323616,275568,485424
open_dense,26,timed,churn,2654435769,10000,100000,0,10000,0.9999,1,1,1,3.9999,4,13.9992,14,479984,139992,e683f3560ca72cf4,,,,,,,
open_dense,26,timed,churn,2654435769,10000,100000,10000,9988,1.352823,2,3,5,5.411294,20,16.822587,46,511296,168024,47cc9831c9079bf8,,,,,,,
open_dense,26,timed,churn,2654435769,10000,100000,20000,9818,1.509574,3,4,6,6.038297,24,18.076594,54,520504,177476,6d6e17532ff8c740,,,,,,,
open_dense,26,timed,churn,2654435769,10000,100000,30000,9948,1.621431,3,4,6,6.485726,24,18.971452,54,542336,188728,03b765f5fc6496a0,,,,,,,
open_dense,26,timed,churn,2654435769,10000,100000,40000,9973,1.700592,3,4,6,6.802366,24,19.604733,54,555384,195518,274995a5ccbc6bb5,,,,,,,
open_dense,26,timed,churn,2654435769,10000,100000,50000,9929,1.767247,4,5,6,7.06899,24,20.13798,54,562288,199950,9589ec4ec507dd5d,,,,,,,
open_dense,26,timed,churn,2654435769,10000,100000,60000,9985,1.807111,4,5,6,7.228443,24,20.456885,54,571488,204262,fd7c38e6db37d183,,,,,,,
open_dense,26,timed,churn,2654435769,10000,100000,70000,10055,1.841174,4,5,6,7.364993,24,20.729388,54,581224,208434,15f1fc9e75fff479,,,,,,,
open_dense,26,timed,churn,2654435769,10000,100000,80000,10013,1.871068,4,5,6,7.48427,24,20.968541,54,582472,209958,c53c10f496d57ba5,,,,,,,
open_dense,26,timed,churn,2654435769,10000,100000,90000,9999,1.908891,4,5,6,7.635564,24,21.271127,54,586488,212690,503ae6cb4934b4f0,,,,,,,
open_dense,26,timed,churn,2654435769,10000,100000,100000,10113,1.950559,4,5,6,7.802531,24,21.604469,54,599184,218486,8aed9b210100849e,,,,,,,
open_dense,26,diagnostic,churn,2654435769,10000,100000,0,10000,0.9999,1,1,1,3.9999,4,13.9992,14,479984,139992,e683f3560ca72cf4,30001,960040,960040,960040,320000,159984,480000
open_dense,26,diagnostic,churn,2654435769,10000,100000,10000,9988,1.352823,2,3,5,5.411294,20,16.822587,46,511296,168024,47cc9831c9079bf8,50986,1752136,990776,993024,319616,191680,479424
open_dense,26,diagnostic,churn,2654435769,10000,100000,20000,9818,1.509574,3,4,6,6.038297,24,18.076594,54,520504,177476,6d6e17532ff8c740,71638,2527552,991824,997984,314176,206328,471264
open_dense,26,diagnostic,churn,2654435769,10000,100000,30000,9948,1.621431,3,4,6,6.485726,24,18.971452,54,542336,188728,03b765f5fc6496a0,92704,3329112,1019896,1019896,318336,224000,477504
open_dense,26,diagnostic,churn,2654435769,10000,100000,40000,9973,1.700592,3,4,6,6.802366,24,19.604733,54,555384,195518,274995a5ccbc6bb5,113679,4139880,1034144,1036232,319136,236248,478704
open_dense,26,diagnostic,churn,2654435769,10000,100000,50000,9929,1.767247,4,5,6,7.06899,24,20.13798,54,562288,199950,9589ec4ec507dd5d,134616,4956248,1038936,1040200,317728,244560,476592
open_dense,26,diagnostic,churn,2654435769,10000,100000,60000,9985,1.807111,4,5,6,7.228443,24,20.456885,54,571488,204262,fd7c38e6db37d183,155982,5795584,1050824,1052928,319520,251968,479280
open_dense,26,diagnostic,churn,2654435769,10000,100000,70000,10055,1.841174,4,5,6,7.364993,24,20.729388,54,581224,208434,15f1fc9e75fff479,177287,6643032,1063920,1066336,321760,259464,482640
open_dense,26,diagnostic,churn,2654435769,10000,100000,80000,10013,1.871068,4,5,6,7.48427,24,20.968541,54,582472,209958,c53c10f496d57ba5,198422,7489448,1063152,1071016,320416,262056,480624
open_dense,26,diagnostic,churn,2654435769,10000,100000,90000,9999,1.908891,4,5,6,7.635564,24,21.271127,54,586488,212690,503ae6cb4934b4f0,219664,8350544,1066496,1071016,319968,266520,479952
open_dense,26,diagnostic,churn,2654435769,10000,100000,100000,10113,1.950559,4,5,6,7.802531,24,21.604469,54,599184,218486,8aed9b210100849e,241149,9227744,1084664,1087016,323616,275568,485424
baseline,27,timed,churn,826366246,10000,100000,0,10000,0.9999,1,1,1,3.9999,4,13.9992,14,479984,139992,e683f3560ca72cf4,,,,,,,
baseline,27,timed,churn,826366246,10000,100000,10000,10033,1.366092,2,3,5,5.464667,20,16.928735,46,515048,169846,147a341703682c5d,,,,,,,
baseline,27,timed,churn,826366246,10000,100000,20000,9952,1.521503,3,4,5,6.086314,20,18.172026,46,529120,180848,c60951b02af42695,,,,,,,
baseline,27,timed,churn,826366246,10000,100000,30000,9927,1.638561,3,4,6,6.554548,24,19.108492,54,543400,189690,3b60cdb677bd9984,,,,,,,
baseline,27,timed,churn,826366246,10000,100000,40000,9945,1.718552,4,5,6,6.87451,24,19.748416,54,555800,196398,cbd99089e5e1cf61,,,,,,,
baseline,27,timed,churn,826366246,10000,100000,50000,9946,1.804444,4,5,6,7.218078,24,20.435552,54,568576,203252,973a336a9838c61d,,,,,,,
baseline,27,timed,churn,826366246,10000,100000,60000,9925,1.82267,4,5,6,7.290982,24,20.58136,54,570352,204270,d33c28f249715ad8,,,,,,,
baseline,27,timed,churn,826366246,10000,100000,70000,10003,1.863741,4,5,6,7.454964,24,20.909927,54,580760,209162,2b4b8a4ff3a220de,,,,,,,
baseline,27,timed,churn,826366246,10000,100000,80000,9951,1.878203,4,5,6,7.513114,24,21.025626,54,579696,209226,45a35571867f45b5,,,,,,,
baseline,27,timed,churn,826366246,10000,100000,90000,10030,1.937488,4,5,6,7.74995,24,21.4999,54,591608,215644,73b9918173649820,,,,,,,
baseline,27,timed,churn,826366246,10000,100000,100000,10078,1.96924,4,6,6,7.87696,24,21.753919,54,599576,219236,8d9a81412b757912,,,,,,,
baseline,27,diagnostic,churn,826366246,10000,100000,0,10000,0.9999,1,1,1,3.9999,4,13.9992,14,479984,139992,e683f3560ca72cf4,30001,960040,960040,960040,320000,159984,480000
baseline,27,diagnostic,churn,826366246,10000,100000,10000,10033,1.366092,2,3,5,5.464667,20,16.928735,46,515048,169846,147a341703682c5d,51094,1759008,996688,996872,321056,193992,481584
baseline,27,diagnostic,churn,826366246,10000,100000,20000,9952,1.521503,3,4,5,6.086314,20,18.172026,46,529120,180848,c60951b02af42695,71941,2542232,1006872,1007456,318464,210656,477696
baseline,27,diagnostic,churn,826366246,10000,100000,30000,9927,1.638561,3,4,6,6.554548,24,19.108492,54,543400,189690,3b60cdb677bd9984,92974,3344584,1019952,1021912,317664,225736,476496
baseline,27,diagnostic,churn,826366246,10000,100000,40000,9945,1.718552,4,5,6,6.87451,24,19.748416,54,555800,196398,cbd99089e5e1cf61,114120,4165216,1033216,1035728,318240,237560,477360
baseline,27,diagnostic,churn,826366246,10000,100000,50000,9946,1.804444,4,5,6,7.218078,24,20.435552,54,568576,203252,973a336a9838c61d,135135,4993352,1046040,1048088,318272,250304,477408
baseline,27,diagnostic,churn,826366246,10000,100000,60000,9925,1.82267,4,5,6,7.290982,24,20.58136,54,570352,204270,d33c28f249715ad8,156363,5831600,1046808,1048088,317600,252752,476400
baseline,27,diagnostic,churn,826366246,10000,100000,70000,10003,1.863741,4,5,6,7.454964,24,20.909927,54,580760,209162,2b4b8a4ff3a220de,177872,6691904,1060960,1062944,320096,260664,480144
baseline,27,diagnostic,churn,826366246,10000,100000,80000,9951,1.878203,4,5,6,7.513114,24,21.025626,54,579696,209226,45a35571867f45b5,198952,7534336,1057400,1062944,318432,261264,477648
baseline,27,diagnostic,churn,826366246,10000,100000,90000,10030,1.937488,4,5,6,7.74995,24,21.4999,54,591608,215644,73b9918173649820,220348,8400800,1073104,1076048,320960,270648,481440
baseline,27,diagnostic,churn,826366246,10000,100000,100000,10078,1.96924,4,6,6,7.87696,24,21.753919,54,599576,219236,8d9a81412b757912,241868,9277952,1083376,1084584,322496,277080,483744
open_dense,27,timed,churn,826366246,10000,100000,0,10000,0.9999,1,1,1,3.9999,4,13.9992,14,479984,139992,e683f3560ca72cf4,,,,,,,
open_dense,27,timed,churn,826366246,10000,100000,10000,10033,1.366092,2,3,5,5.464667,20,16.928735,46,515048,169846,147a341703682c5d,,,,,,,
open_dense,27,timed,churn,826366246,10000,100000,20000,9952,1.521503,3,4,5,6.086314,20,18.172026,46,529120,180848,c60951b02af42695,,,,,,,
open_dense,27,timed,churn,826366246,10000,100000,30000,9927,1.638561,3,4,6,6.554548,24,19.108492,54,543400,189690,3b60cdb677bd9984,,,,,,,
open_dense,27,timed,churn,826366246,10000,100000,40000,9945,1.718552,4,5,6,6.87451,24,19.748416,54,555800,196398,cbd99089e5e1cf61,,,,,,,
open_dense,27,timed,churn,826366246,10000,100000,50000,9946,1.804444,4,5,6,7.218078,24,20.435552,54,568576,203252,973a336a9838c61d,,,,,,,
open_dense,27,timed,churn,826366246,10000,100000,60000,9925,1.82267,4,5,6,7.290982,24,20.58136,54,570352,204270,d33c28f249715ad8,,,,,,,
open_dense,27,timed,churn,826366246,10000,100000,70000,10003,1.863741,4,5,6,7.454964,24,20.909927,54,580760,209162,2b4b8a4ff3a220de,,,,,,,
open_dense,27,timed,churn,826366246,10000,100000,80000,9951,1.878203,4,5,6,7.513114,24,21.025626,54,579696,209226,45a35571867f45b5,,,,,,,
open_dense,27,timed,churn,826366246,10000,100000,90000,10030,1.937488,4,5,6,7.74995,24,21.4999,54,591608,215644,73b9918173649820,,,,,,,
open_dense,27,timed,churn,826366246,10000,100000,100000,10078,1.96924,4,6,6,7.87696,24,21.753919,54,599576,219236,8d9a81412b757912,,,,,,,
open_dense,27,diagnostic,churn,826366246,10000,100000,0,10000,0.9999,1,1,1,3.9999,4,13.9992,14,479984,139992,e683f3560ca72cf4,30001,960040,960040,960040,320000,159984,480000
open_dense,27,diagnostic,churn,826366246,10000,100000,10000,10033,1.366092,2,3,5,5.464667,20,16.928735,46,515048,169846,147a341703682c5d,51094,1759008,996688,996872,321056,193992,481584
open_dense,27,diagnostic,churn,826366246,10000,100000,20000,9952,1.521503,3,4,5,6.086314,20,18.172026,46,529120,180848,c60951b02af42695,71941,2542232,1006872,1007456,318464,210656,477696
open_dense,27,diagnostic,churn,826366246,10000,100000,30000,9927,1.638561,3,4,6,6.554548,24,19.108492,54,543400,189690,3b60cdb677bd9984,92974,3344584,1019952,1021912,317664,225736,476496
open_dense,27,diagnostic,churn,826366246,10000,100000,40000,9945,1.718552,4,5,6,6.87451,24,19.748416,54,555800,196398,cbd99089e5e1cf61,114120,4165216,1033216,1035728,318240,237560,477360
open_dense,27,diagnostic,churn,826366246,10000,100000,50000,9946,1.804444,4,5,6,7.218078,24,20.435552,54,568576,203252,973a336a9838c61d,135135,4993352,1046040,1048088,318272,250304,477408
open_dense,27,diagnostic,churn,826366246,10000,100000,60000,9925,1.82267,4,5,6,7.290982,24,20.58136,54,570352,204270,d33c28f249715ad8,156363,5831600,1046808,1048088,317600,252752,476400
open_dense,27,diagnostic,churn,826366246,10000,100000,70000,10003,1.863741,4,5,6,7.454964,24,20.909927,54,580760,209162,2b4b8a4ff3a220de,177872,6691904,1060960,1062944,320096,260664,480144
open_dense,27,diagnostic,churn,826366246,10000,100000,80000,9951,1.878203,4,5,6,7.513114,24,21.025626,54,579696,209226,45a35571867f45b5,198952,7534336,1057400,1062944,318432,261264,477648
open_dense,27,diagnostic,churn,826366246,10000,100000,90000,10030,1.937488,4,5,6,7.74995,24,21.4999,54,591608,215644,73b9918173649820,220348,8400800,1073104,1076048,320960,270648,481440
open_dense,27,diagnostic,churn,826366246,10000,100000,100000,10078,1.96924,4,6,6,7.87696,24,21.753919,54,599576,219236,8d9a81412b757912,241868,9277952,1083376,1084584,322496,277080,483744
baseline,28,timed,churn,12648430,10000,100000,0,10000,0.9999,1,1,1,3.9999,4,13.9992,14,479984,139992,e683f3560ca72cf4,,,,,,,
baseline,28,timed,churn,12648430,10000,100000,10000,9954,1.352622,2,3,4,5.41079,16,16.820976,38,509672,167436,12f8d86d2e4f69e4,,,,,,,
baseline,28,timed,churn,12648430,10000,100000,20000,9924,1.503527,3,4,6,6.01441,24,18.028214,54,525336,178912,b47372c5890402e0,,,,,,,
baseline,28,timed,churn,12648430,10000,100000,30000,9907,1.622489,3,4,6,6.490259,24,18.979913,54,540856,188034,0cc4b23e196b81b5,,,,,,,
baseline,28,timed,churn,12648430,10000,100000,40000,9969,1.712709,4,5,6,6.851139,24,19.701675,54,557208,196406,c7a3208b2cb6dbac,,,,,,,
baseline,28,timed,churn,12648430,10000,100000,50000,10092,1.795184,4,5,6,7.181034,24,20.361474,54,575240,205488,3c0fd983ad2aec6f,,,,,,,
baseline,28,timed,churn,12648430,10000,100000,60000,10149,1.859494,4,5,6,7.437974,24,20.875948,54,588144,211870,9b2b2afce0ca1816,,,,,,,
baseline,28,timed,churn,12648430,10000,100000,70000,10199,1.883812,4,5,6,7.535543,24,21.070497,54,595216,214898,6ec1b1b31f877d37,,,,,,,
baseline,28,timed,churn,12648430,10000,100000,80000,10102,1.899525,4,5,6,7.598396,24,21.196199,54,592888,214124,e67c729ded411503,,,,,,,
baseline,28,timed,churn,12648430,10000,100000,90000,10189,1.913829,4,5,6,7.655609,24,21.310629,54,598200,217134,1ff231460f3296dd,,,,,,,
baseline,28,timed,churn,12648430,10000,100000,100000,10115,1.957687,4,5,6,7.830746,24,21.661493,54,600440,219106,82d9d7b9b708e738,,,,,,,
baseline,28,diagnostic,churn,12648430,10000,100000,0,10000,0.9999,1,1,1,3.9999,4,13.9992,14,479984,139992,e683f3560ca72cf4,30001,960040,960040,960040,320000,159984,480000
baseline,28,diagnostic,churn,12648430,10000,100000,10000,9954,1.352622,2,3,4,5.41079,16,16.820976,38,509672,167436,12f8d86d2e4f69e4,50923,1748912,987520,987704,318528,191144,477792
baseline,28,diagnostic,churn,12648430,10000,100000,20000,9924,1.503527,3,4,6,6.01441,24,18.028214,54,525336,178912,b47372c5890402e0,71855,2531384,1001744,1002216,317568,207768,476352
baseline,28,diagnostic,churn,12648430,10000,100000,30000,9907,1.622489,3,4,6,6.490259,24,18.979913,54,540856,188034,0cc4b23e196b81b5,92882,3335808,1016448,1021240,317024,223832,475536
baseline,28,diagnostic,churn,12648430,10000,100000,40000,9969,1.712709,4,5,6,6.851139,24,19.701675,54,557208,196406,c7a3208b2cb6dbac,114089,4159944,1035776,1038792,319008,238200,478512
baseline,28,diagnostic,churn,12648430,10000,100000,50000,10092,1.795184,4,5,6,7.181034,24,20.361474,54,575240,205488,3c0fd983ad2aec6f,135404,4997456,1059712,1064224,322944,252296,484416
baseline,28,diagnostic,churn,12648430,10000,100000,60000,10149,1.859494,4,5,6,7.437974,24,20.875948,54,588144,211870,9b2b2afce0ca1816,156614,5843600,1075352,1075712,324768,263376,487152
baseline,28,diagnostic,churn,12648430,10000,100000,70000,10199,1.883812,4,5,6,7.535543,24,21.070497,54,595216,214898,6ec1b1b31f877d37,178048,6705248,1084824,1085376,326368,268848,489552
baseline,28,diagnostic,churn,12648430,10000,100000,80000,10102,1.899525,4,5,6,7.598396,24,21.196199,54,592888,214124,e67c729ded411503,199059,7549488,1077840,1088560,323264,269624,484896
baseline,28,diagnostic,churn,12648430,10000,100000,90000,10189,1.913829,4,5,6,7.655609,24,21.310629,54,598200,217134,1ff231460f3296dd,220802,8426448,1087328,1088560,326048,272152,489072
baseline,28,diagnostic,churn,12648430,10000,100000,100000,10115,1.957687,4,5,6,7.830746,24,21.661493,54,600440,219106,82d9d7b9b708e738,242084,9298472,1086016,1089848,323680,276760,485520
open_dense,28,timed,churn,12648430,10000,100000,0,10000,0.9999,1,1,1,3.9999,4,13.9992,14,479984,139992,e683f3560ca72cf4,,,,,,,
open_dense,28,timed,churn,12648430,10000,100000,10000,9954,1.352622,2,3,4,5.41079,16,16.820976,38,509672,167436,12f8d86d2e4f69e4,,,,,,,
open_dense,28,timed,churn,12648430,10000,100000,20000,9924,1.503527,3,4,6,6.01441,24,18.028214,54,525336,178912,b47372c5890402e0,,,,,,,
open_dense,28,timed,churn,12648430,10000,100000,30000,9907,1.622489,3,4,6,6.490259,24,18.979913,54,540856,188034,0cc4b23e196b81b5,,,,,,,
open_dense,28,timed,churn,12648430,10000,100000,40000,9969,1.712709,4,5,6,6.851139,24,19.701675,54,557208,196406,c7a3208b2cb6dbac,,,,,,,
open_dense,28,timed,churn,12648430,10000,100000,50000,10092,1.795184,4,5,6,7.181034,24,20.361474,54,575240,205488,3c0fd983ad2aec6f,,,,,,,
open_dense,28,timed,churn,12648430,10000,100000,60000,10149,1.859494,4,5,6,7.437974,24,20.875948,54,588144,211870,9b2b2afce0ca1816,,,,,,,
open_dense,28,timed,churn,12648430,10000,100000,70000,10199,1.883812,4,5,6,7.535543,24,21.070497,54,595216,214898,6ec1b1b31f877d37,,,,,,,
open_dense,28,timed,churn,12648430,10000,100000,80000,10102,1.899525,4,5,6,7.598396,24,21.196199,54,592888,214124,e67c729ded411503,,,,,,,
open_dense,28,timed,churn,12648430,10000,100000,90000,10189,1.913829,4,5,6,7.655609,24,21.310629,54,598200,217134,1ff231460f3296dd,,,,,,,
open_dense,28,timed,churn,12648430,10000,100000,100000,10115,1.957687,4,5,6,7.830746,24,21.661493,54,600440,219106,82d9d7b9b708e738,,,,,,,
open_dense,28,diagnostic,churn,12648430,10000,100000,0,10000,0.9999,1,1,1,3.9999,4,13.9992,14,479984,139992,e683f3560ca72cf4,30001,960040,960040,960040,320000,159984,480000
open_dense,28,diagnostic,churn,12648430,10000,100000,10000,9954,1.352622,2,3,4,5.41079,16,16.820976,38,509672,167436,12f8d86d2e4f69e4,50923,1748912,987520,987704,318528,191144,477792
open_dense,28,diagnostic,churn,12648430,10000,100000,20000,9924,1.503527,3,4,6,6.01441,24,18.028214,54,525336,178912,b47372c5890402e0,71855,2531384,1001744,1002216,317568,207768,476352
open_dense,28,diagnostic,churn,12648430,10000,100000,30000,9907,1.622489,3,4,6,6.490259,24,18.979913,54,540856,188034,0cc4b23e196b81b5,92882,3335808,1016448,1021240,317024,223832,475536
open_dense,28,diagnostic,churn,12648430,10000,100000,40000,9969,1.712709,4,5,6,6.851139,24,19.701675,54,557208,196406,c7a3208b2cb6dbac,114089,4159944,1035776,1038792,319008,238200,478512
open_dense,28,diagnostic,churn,12648430,10000,100000,50000,10092,1.795184,4,5,6,7.181034,24,20.361474,54,575240,205488,3c0fd983ad2aec6f,135404,4997456,1059712,1064224,322944,252296,484416
open_dense,28,diagnostic,churn,12648430,10000,100000,60000,10149,1.859494,4,5,6,7.437974,24,20.875948,54,588144,211870,9b2b2afce0ca1816,156614,5843600,1075352,1075712,324768,263376,487152
open_dense,28,diagnostic,churn,12648430,10000,100000,70000,10199,1.883812,4,5,6,7.535543,24,21.070497,54,595216,214898,6ec1b1b31f877d37,178048,6705248,1084824,1085376,326368,268848,489552
open_dense,28,diagnostic,churn,12648430,10000,100000,80000,10102,1.899525,4,5,6,7.598396,24,21.196199,54,592888,214124,e67c729ded411503,199059,7549488,1077840,1088560,323264,269624,484896
open_dense,28,diagnostic,churn,12648430,10000,100000,90000,10189,1.913829,4,5,6,7.655609,24,21.310629,54,598200,217134,1ff231460f3296dd,220802,8426448,1087328,1088560,326048,272152,489072
open_dense,28,diagnostic,churn,12648430,10000,100000,100000,10115,1.957687,4,5,6,7.830746,24,21.661493,54,600440,219106,82d9d7b9b708e738,242084,9298472,1086016,1089848,323680,276760,485520
baseline,29,timed,timeline,17,100000,100000,0,100000,2.05089,3,4,4,8.20359,16,22.40712,38,5902872,2240712,d68cfc369fc68ad8,,,,,,,
baseline,29,timed,timeline,17,100000,100000,10000,108020,2.260128,4,5,6,9.040539,24,24.081022,54,6685872,2601232,16ff9f0ac5853683,,,,,,,
baseline,29,timed,timeline,17,100000,100000,20000,116034,3.768482,4,4,4,15.073952,16,36.147853,38,10496352,4194380,f5718f59dcd44e18,,,,,,,
baseline,29,timed,timeline,17,100000,100000,30000,123970,3.73805,4,4,4,14.952222,16,35.904396,38,11034992,4451068,1d3350a6ad90e538,,,,,,,
baseline,29,timed,timeline,17,100000,100000,40000,131976,3.855936,4,4,4,15.423766,16,36.847487,38,12216184,4862984,08e6d7e2467cfd64,,,,,,,
baseline,29,timed,timeline,17,100000,100000,50000,139980,3.77714,4,4,4,15.10858,16,36.217117,38,12698384,5069672,ce9994305a40fd24,,,,,,,
baseline,29,timed,timeline,17,100000,100000,60000,147866,3.802625,4,5,5,15.210522,20,36.421003,46,13372544,5385428,a959ec8a560780d4,,,,,,,
baseline,29,timed,timeline,17,100000,100000,70000,155898,3.842647,4,4,4,15.370608,16,36.741177,38,14380128,5727876,b11c52d5a2bdc185,,,,,,,
baseline,29,timed,timeline,17,100000,100000,80000,163862,3.80187,4,4,4,15.207498,16,36.414959,38,14900976,5967028,0e366f217b3312d8,,,,,,,
baseline,29,timed,timeline,17,100000,100000,90000,171904,3.869008,4,6,6,15.476051,24,36.952066,54,15737544,6352208,0d42382c0ad12d4c,,,,,,,
baseline,29,timed,timeline,17,100000,100000,100000,179886,3.830793,4,4,4,15.323188,16,36.646343,38,16555368,6592164,3e9c12df9c3d56b7,,,,,,,
baseline,29,diagnostic,timeline,17,100000,100000,0,100000,2.05089,3,4,4,8.20359,16,22.40712,38,5902872,2240712,d68cfc369fc68ad8,300001,12628392,10702928,10702928,3200000,2702872,4800000
baseline,29,diagnostic,timeline,17,100000,100000,10000,108020,2.260128,4,5,6,9.040539,24,24.081022,54,6685872,2601232,16ff9f0ac5853683,327031,14446200,11870888,11870888,3456640,3229232,5184960
baseline,29,diagnostic,timeline,17,100000,100000,20000,116034,3.768482,4,4,4,15.073952,16,36.147853,38,10496352,4194380,f5718f59dcd44e18,838271,53323848,16066040,24347136,3713088,6783264,5569632
baseline,29,diagnostic,timeline,17,100000,100000,30000,123970,3.73805,4,4,4,14.952222,16,35.904396,38,11034992,4451068,1d3350a6ad90e538,865175,54723024,16985608,24347136,3967040,7067952,5950560
baseline,29,diagnostic,timeline,17,100000,100000,40000,131976,3.855936,4,4,4,15.423766,16,36.847487,38,12216184,4862984,08e6d7e2467cfd64,1680199,128268104,18551088,35685784,4223232,7992952,6334848
baseline,29,diagnostic,timeline,17,100000,100000,50000,139980,3.77714,4,4,4,15.10858,16,36.217117,38,12698384,5069672,ce9994305a40fd24,1707205,129520152,19417480,35685784,4479360,8219024,6719040
baseline,29,diagnostic,timeline,17,100000,100000,60000,147866,3.802625,4,5,5,15.210522,20,36.421003,46,13372544,5385428,a959ec8a560780d4,1734034,131202848,20470168,35685784,4731712,8640832,7097568
baseline,29,diagnostic,timeline,17,100000,100000,70000,155898,3.842647,4,4,4,15.370608,16,36.741177,38,14380128,5727876,b11c52d5a2bdc185,2590125,201435208,21863288,37805072,4988736,9391392,7483104
baseline,29,diagnostic,timeline,17,100000,100000,80000,163862,3.80187,4,4,4,15.207498,16,36.414959,38,14900976,5967028,0e366f217b3312d8,2617071,202791080,22766408,37805072,5243584,9657392,7865376
baseline,29,diagnostic,timeline,17,100000,100000,90000,171904,3.869008,4,6,6,15.476051,24,36.952066,54,15737544,6352208,0d42382c0ad12d4c,2644134,204787960,23988992,37805072,5500928,10236616,8251392
baseline,29,diagnostic,timeline,17,100000,100000,100000,179886,3.830793,4,4,4,15.323188,16,36.646343,38,16555368,6592164,3e9c12df9c3d56b7,3541416,286459120,25189952,43054208,5756352,10799016,8634528
open_dense,29,timed,timeline,17,100000,100000,0,100000,2.05089,3,4,4,8.20359,16,22.40712,38,5902872,2240712,d68cfc369fc68ad8,,,,,,,
open_dense,29,timed,timeline,17,100000,100000,10000,108020,2.260128,4,5,6,9.040539,24,24.081022,54,6685872,2601232,16ff9f0ac5853683,,,,,,,
open_dense,29,timed,timeline,17,100000,100000,20000,116034,2.536688,6,6,6,10.146776,24,26.2935,54,7613488,3050940,52c9e808c4856170,,,,,,,
open_dense,29,timed,timeline,17,100000,100000,30000,123970,2.648899,5,6,6,10.59562,24,27.191191,54,8477800,3370892,a34d8eba4de34469,,,,,,,
open_dense,29,timed,timeline,17,100000,100000,40000,131976,2.815368,5,6,6,11.261495,24,28.522944,54,9400520,3764344,bf99556c3a57bdc5,,,,,,,
open_dense,29,timed,timeline,17,100000,100000,50000,139980,2.980426,6,6,6,11.921725,24,29.843406,54,10500200,4177480,51773b351b7acd10,,,,,,,
open_dense,29,timed,timeline,17,100000,100000,60000,147866,3.116781,6,6,6,12.467146,24,30.934251,54,11223400,4574124,bb24edbc3ccfc49e,,,,,,,
open_dense,29,timed,timeline,17,100000,100000,70000,155898,2.972931,5,5,6,11.891743,24,29.783448,54,11104328,4643180,8677ed29a2da7009,,,,,,,
open_dense,29,timed,timeline,17,100000,100000,80000,163862,3.127473,5,6,6,12.509911,24,31.019785,54,12022000,5082964,5506d34b653dc2fe,,,,,,,
open_dense,29,timed,timeline,17,100000,100000,90000,171904,3.240809,6,6,6,12.963253,24,31.926471,54,12942264,5488288,eda36e1419782acc,,,,,,,
open_dense,29,timed,timeline,17,100000,100000,100000,179886,3.370568,6,6,6,13.482289,24,32.964544,54,13857272,5929860,1a01a18615c0fad4,,,,,,,
open_dense,29,diagnostic,timeline,17,100000,100000,0,100000,2.05089,3,4,4,8.20359,16,22.40712,38,5902872,2240712,d68cfc369fc68ad8,300001,12628392,10702928,10702928,3200000,2702872,4800000
open_dense,29,diagnostic,timeline,17,100000,100000,10000,108020,2.260128,4,5,6,9.040539,24,24.081022,54,6685872,2601232,16ff9f0ac5853683,327031,14446200,11870888,11870888,3456640,3229232,5184960
open_dense,29,diagnostic,timeline,17,100000,100000,20000,116034,2.536688,6,6,6,10.146776,24,26.2935,54,7613488,3050940,52c9e808c4856170,823632,64328816,13183176,13417920,3713088,3900400,5569632
open_dense,29,diagnostic,timeline,17,100000,100000,30000,123970,2.648899,5,6,6,10.59562,24,27.191191,54,8477800,3370892,a34d8eba4de34469,1409594,123488856,14428416,15677264,3967040,4510760,5950560
open_dense,29,diagnostic,timeline,17,100000,100000,40000,131976,2.815368,5,6,6,11.261495,24,28.522944,54,9400520,3764344,bf99556c3a57bdc5,1823681,165156648,15735424,16113544,4223232,5177288,6334848
open_dense,29,diagnostic,timeline,17,100000,100000,50000,139980,2.980426,6,6,6,11.921725,24,29.843406,54,10500200,4177480,51773b351b7acd10,2499601,233819704,17219296,19304984,4479360,6020840,6719040
open_dense,29,diagnostic,timeline,17,100000,100000,60000,147866,3.116781,6,6,6,12.467146,24,30.934251,54,11223400,4574124,bb24edbc3ccfc49e,3994782,387304152,18321024,22303248,4731712,6491688,7097568
open_dense,29,diagnostic,timeline,17,100000,100000,70000,155898,2.972931,5,5,6,11.891743,24,29.783448,54,11104328,4643180,8677ed29a2da7009,7157256,711659856,18587488,26460472,4988736,6115592,7483104
open_dense,29,diagnostic,timeline,17,100000,100000,80000,163862,3.127473,5,6,6,12.509911,24,31.019785,54,12022000,5082964,5506d34b653dc2fe,7626946,758835256,19887432,26460472,5243584,6778416,7865376
open_dense,29,diagnostic,timeline,17,100000,100000,90000,171904,3.240809,6,6,6,12.963253,24,31.926471,54,12942264,5488288,eda36e1419782acc,8740109,872528360,21193712,26460472,5500928,7441336,8251392
open_dense,29,diagnostic,timeline,17,100000,100000,100000,179886,3.370568,6,6,6,13.482289,24,32.964544,54,13857272,5929860,1a01a18615c0fad4,11125026,1119639368,22491856,26573224,5756352,8100920,8634528
baseline,30,timed,priority,17,100000,100000,0,100000,2.33378,4,5,6,9.33512,24,24.67024,54,6268688,2467024,35bd9e6197553d37,,,,,,,
baseline,30,timed,priority,17,100000,100000,10000,101117,2.315357,4,5,6,9.26143,24,24.52286,54,6324072,2479678,5bcb016cdcac0b72,,,,,,,
baseline,30,timed,priority,17,100000,100000,20000,102287,2.274727,4,5,6,9.098908,24,24.197816,54,6356816,2475122,01c0548cabb850a0,,,,,,,
baseline,30,timed,priority,17,100000,100000,30000,103330,2.210791,4,5,6,8.843163,24,23.686325,54,6351184,2447508,6f3472b7dfa2a08b,,,,,,,
baseline,30,timed,priority,17,100000,100000,40000,104296,2.221054,4,5,6,8.884214,24,23.768428,54,6431512,2478952,4bd5e7bc70811380,,,,,,,
baseline,30,timed,priority,17,100000,100000,50000,105387,2.224335,4,5,6,8.89734,24,23.794681,54,6519160,2507650,d871672f5b4eb625,,,,,,,
baseline,30,timed,priority,17,100000,100000,60000,106228,2.206396,4,5,6,8.825583,24,23.651165,54,6545216,2512416,fb14d7449cdf6375,,,,,,,
baseline,30,timed,priority,17,100000,100000,70000,107285,2.181246,4,5,6,8.724985,24,23.44997,54,6580464,2515830,b0bc99b0d0141600,,,,,,,
baseline,30,timed,priority,17,100000,100000,80000,108243,2.063921,4,5,6,8.255684,24,22.511368,54,6489320,2436698,05c3d0944911fb12,,,,,,,
baseline,30,timed,priority,17,100000,100000,90000,109221,2.069016,4,5,6,8.276064,24,22.552128,54,6559216,2463166,afcc7016356ee183,,,,,,,
baseline,30,timed,priority,17,100000,100000,100000,110183,2.067742,4,5,6,8.270967,24,22.541935,54,6616552,2483738,f683fcc062a5c997,,,,,,,
baseline,30,diagnostic,priority,17,100000,100000,0,100000,2.33378,4,5,6,9.33512,24,24.67024,54,6268688,2467024,35bd9e6197553d37,630943,34074216,11068744,11068872,3200000,3068688,4800000
baseline,30,diagnostic,priority,17,100000,100000,10000,101117,2.315357,4,5,6,9.26143,24,24.52286,54,6324072,2479678,5bcb016cdcac0b72,676856,36390512,11177744,11216440,3235744,3088328,4853616
baseline,30,diagnostic,priority,17,100000,100000,20000,102287,2.274727,4,5,6,9.098908,24,24.197816,54,6356816,2475122,01c0548cabb850a0,732736,39116608,11266648,11293968,3273184,3083632,4909776
baseline,30,diagnostic,priority,17,100000,100000,30000,103330,2.210791,4,5,6,8.843163,24,23.686325,54,6351184,2447508,6f3472b7dfa2a08b,796536,42175184,11311080,11479608,3306560,3044624,4959840
baseline,30,diagnostic,priority,17,100000,100000,40000,104296,2.221054,4,5,6,8.884214,24,23.768428,54,6431512,2478952,4bd5e7bc70811380,841705,44440016,11437776,11479608,3337472,3094040,5006208
baseline,30,diagnostic,priority,17,100000,100000,50000,105387,2.224335,4,5,6,8.89734,24,23.794681,54,6519160,2507650,d871672f5b4eb625,897472,47248496,11577792,11698288,3372384,3146776,5058576
baseline,30,diagnostic,priority,17,100000,100000,60000,106228,2.206396,4,5,6,8.825583,24,23.651165,54,6545216,2512416,fb14d7449cdf6375,997059,52510728,11644216,11946920,3399296,3145920,5098944
baseline,30,diagnostic,priority,17,100000,100000,70000,107285,2.181246,4,5,6,8.724985,24,23.44997,54,6580464,2515830,b0bc99b0d0141600,1073615,56498384,11730200,12066672,3433120,3147344,5149680
baseline,30,diagnostic,priority,17,100000,100000,80000,108243,2.063921,4,5,6,8.255684,24,22.511368,54,6489320,2436698,05c3d0944911fb12,1186118,62072472,11685040,12066672,3463776,3025544,5195664
baseline,30,diagnostic,priority,17,100000,100000,90000,109221,2.069016,4,5,6,8.276064,24,22.552128,54,6559216,2463166,afcc7016356ee183,1258110,65783920,11801880,12066672,3495072,3064144,5242608
baseline,30,diagnostic,priority,17,100000,100000,100000,110183,2.067742,4,5,6,8.270967,24,22.541935,54,6616552,2483738,f683fcc062a5c997,1336402,69713544,11905392,12215664,3525856,3090696,5288784
open_dense,30,timed,priority,17,100000,100000,0,100000,3.64236,4,5,6,14.56947,24,35.13888,54,8398576,3513888,7bb15fd870425daa,,,,,,,
open_dense,30,timed,priority,17,100000,100000,10000,101117,3.561142,4,5,6,14.244568,24,34.489136,54,8324264,3487438,eb1e536060a108e4,,,,,,,
open_dense,30,timed,priority,17,100000,100000,20000,102287,3.450556,4,5,6,13.802223,24,33.604446,54,8205064,3437298,41f958d4a3c90d95,,,,,,,
open_dense,30,timed,priority,17,100000,100000,30000,103330,3.342514,4,5,6,13.370057,24,32.740114,54,8074472,3383036,acba1f89777f0de9,,,,,,,
open_dense,30,timed,priority,17,100000,100000,40000,104296,3.212376,4,5,6,12.849505,24,31.699011,54,7909648,3306080,7985b1e26f4bd778,,,,,,,
open_dense,30,timed,priority,17,100000,100000,50000,105387,3.058669,4,5,6,12.234678,24,30.469356,54,7709248,3211074,49c831af716a8973,,,,,,,
open_dense,30,timed,priority,17,100000,100000,60000,106228,2.958081,4,5,6,11.832323,24,29.664646,54,7574544,3151216,05122e03dc8441d0,,,,,,,
open_dense,30,timed,priority,17,100000,100000,70000,107285,2.763033,4,5,6,11.052132,24,28.104264,54,7321872,3015166,b6a0b443a3df6ec0,,,,,,,
open_dense,30,timed,priority,17,100000,100000,80000,108243,2.566743,4,5,6,10.266973,24,26.533947,54,7074224,2872114,42e39b00e1e20e69,,,,,,,
open_dense,30,timed,priority,17,100000,100000,90000,109221,2.437379,4,5,6,9.749517,24,25.499034,54,6925456,2785030,d3ffc9436c63c9a7,,,,,,,
open_dense,30,timed,priority,17,100000,100000,100000,110183,2.329171,4,5,6,9.316682,24,24.633364,54,6823640,2714178,8abab220f8011dd4,,,,,,,
open_dense,30,diagnostic,priority,17,100000,100000,0,100000,3.64236,4,5,6,14.56947,24,35.13888,54,8398576,3513888,7bb15fd870425daa,1192640,72605656,13198632,14434744,3200000,5198576,4800000
open_dense,30,diagnostic,priority,17,100000,100000,10000,101117,3.561142,4,5,6,14.244568,24,34.489136,54,8324264,3487438,eb1e536060a108e4,1240161,75301928,13177936,14434744,3235744,5088520,4853616
open_dense,30,diagnostic,priority,17,100000,100000,20000,102287,3.450556,4,5,6,13.802223,24,33.604446,54,8205064,3437298,41f958d4a3c90d95,1301221,78786736,13114896,14434744,3273184,4931880,4909776
open_dense,30,diagnostic,priority,17,100000,100000,30000,103330,3.342514,4,5,6,13.370057,24,32.740114,54,8074472,3383036,acba1f89777f0de9,1361659,82195048,13034368,14434744,3306560,4767912,4959840
open_dense,30,diagnostic,priority,17,100000,100000,40000,104296,3.212376,4,5,6,12.849505,24,31.699011,54,7909648,3306080,7985b1e26f4bd778,1426684,85717704,12915912,14434744,3337472,4572176,5006208
open_dense,30,diagnostic,priority,17,100000,100000,50000,105387,3.058669,4,5,6,12.234678,24,30.469356,54,7709248,3211074,49c831af716a8973,1502505,89806400,12767880,14434744,3372384,4336864,5058576
open_dense,30,diagnostic,priority,17,100000,100000,60000,106228,2.958081,4,5,6,11.832323,24,29.664646,54,7574544,3151216,05122e03dc8441d0,1564888,93237040,12673544,14434744,3399296,4175248,5098944
open_dense,30,diagnostic,priority,17,100000,100000,70000,107285,2.763033,4,5,6,11.052132,24,28.104264,54,7321872,3015166,b6a0b443a3df6ec0,1654896,97908456,12471608,14434744,3433120,3888752,5149680
open_dense,30,diagnostic,priority,17,100000,100000,80000,108243,2.566743,4,5,6,10.266973,24,26.533947,54,7074224,2872114,42e39b00e1e20e69,1752091,102890768,12269944,14434744,3463776,3610448,5195664
open_dense,30,diagnostic,priority,17,100000,100000,90000,109221,2.437379,4,5,6,9.749517,24,25.499034,54,6925456,2785030,d3ffc9436c63c9a7,1824789,106637008,12168120,14434744,3495072,3430384,5242608
open_dense,30,diagnostic,priority,17,100000,100000,100000,110183,2.329171,4,5,6,9.316682,24,24.633364,54,6823640,2714178,8abab220f8011dd4,1917965,111500216,12112480,14434744,3525856,3297784,5288784
baseline,31,timed,local,17,100000,100000,0,100000,2.05089,3,4,4,8.20359,16,22.40712,38,5902872,2240712,d68cfc369fc68ad8,,,,,,,
baseline,31,timed,local,17,100000,100000,10000,100005,2.134373,3,4,6,8.537523,24,23.074986,54,6040896,2307614,11c5823f4847b863,,,,,,,
baseline,31,timed,local,17,100000,100000,20000,100019,2.21011,4,4,6,8.84047,24,23.680881,54,6169248,2368538,1f5c40d450766f29,,,,,,,
baseline,31,timed,local,17,100000,100000,30000,99975,2.2811,4,5,6,9.124431,24,24.248802,54,6286016,2424274,09d9f3089055c8dd,,,,,,,
baseline,31,timed,local,17,100000,100000,40000,99936,2.347652,4,5,6,9.39064,24,24.78122,54,6396040,2476536,636cf9fec67ac4d5,,,,,,,
baseline,31,timed,local,17,100000,100000,50000,99961,2.41146,4,5,6,9.645872,24,25.291684,54,6505208,2528182,82da42fc701453cf,,,,,,,
baseline,31,timed,local,17,100000,100000,60000,99869,2.470817,4,5,6,9.883297,24,25.766534,54,6598792,2573278,23af92a28325f8a6,,,,,,,
baseline,31,timed,local,17,100000,100000,70000,99940,2.527416,4,5,6,10.109696,24,26.219332,54,6698984,2620360,bed0c48efc175ebf,,,,,,,
baseline,31,timed,local,17,100000,100000,80000,99939,2.578653,4,5,6,10.314642,24,26.629224,54,6785200,2661298,0b8c08ff1c9eec6f,,,,,,,
baseline,31,timed,local,17,100000,100000,90000,99889,2.627797,5,5,6,10.511217,24,27.022375,54,6864168,2699238,c744c6badc51ef62,,,,,,,
baseline,31,timed,local,17,100000,100000,100000,99923,2.671597,5,6,6,10.686419,24,27.372777,54,6939576,2735170,7caae70c22344dea,,,,,,,
baseline,31,diagnostic,local,17,100000,100000,0,100000,2.05089,3,4,4,8.20359,16,22.40712,38,5902872,2240712,d68cfc369fc68ad8,300001,12628392,10702928,10702928,3200000,2702872,4800000
baseline,31,diagnostic,local,17,100000,100000,10000,100005,2.134373,3,4,6,8.537523,24,23.074986,54,6040896,2307614,11c5823f4847b863,327073,13948488,10841192,10841192,3200160,2840736,4800240
baseline,31,diagnostic,local,17,100000,100000,20000,100019,2.21011,4,4,6,8.84047,24,23.680881,54,6169248,2368538,1f5c40d450766f29,354100,15263992,10970216,10970216,3200608,2968640,4800912
baseline,31,diagnostic,local,17,100000,100000,30000,99975,2.2811,4,5,6,9.124431,24,24.248802,54,6286016,2424274,09d9f3089055c8dd,381202,16579232,11084872,11084928,3199200,3086816,4798800
baseline,31,diagnostic,local,17,100000,100000,40000,99936,2.347652,4,5,6,9.39064,24,24.78122,54,6396040,2476536,636cf9fec67ac4d5,408217,17893176,11193024,11193024,3197952,3198088,4796928
baseline,31,diagnostic,local,17,100000,100000,50000,99961,2.41146,4,5,6,9.645872,24,25.291684,54,6505208,2528182,82da42fc701453cf,435470,19230272,11303392,11303656,3198752,3306456,4798128
baseline,31,diagnostic,local,17,100000,100000,60000,99869,2.470817,4,5,6,9.883297,24,25.766534,54,6598792,2573278,23af92a28325f8a6,462660,20561264,11392560,11393576,3195808,3402984,4793712
baseline,31,diagnostic,local,17,100000,100000,70000,99940,2.527416,4,5,6,10.109696,24,26.219332,54,6698984,2620360,bed0c48efc175ebf,490510,21941464,11496160,11496160,3198080,3500904,4797120
baseline,31,diagnostic,local,17,100000,100000,80000,99939,2.578653,4,5,6,10.314642,24,26.629224,54,6785200,2661298,0b8c08ff1c9eec6f,518257,23315576,11582328,11582368,3198048,3587152,4797072
baseline,31,diagnostic,local,17,100000,100000,90000,99889,2.627797,5,5,6,10.511217,24,27.022375,54,6864168,2699238,c744c6badc51ef62,545943,24691960,11658896,11659640,3196448,3667720,4794672
baseline,31,diagnostic,local,17,100000,100000,100000,99923,2.671597,5,6,6,10.686419,24,27.372777,54,6939576,2735170,7caae70c22344dea,574140,26101736,11735936,11735960,3197536,3742040,4796304
open_dense,31,timed,local,17,100000,100000,0,100000,2.05089,3,4,4,8.20359,16,22.40712,38,5902872,2240712,d68cfc369fc68ad8,,,,,,,
open_dense,31,timed,local,17,100000,100000,10000,100005,2.134373,3,4,6,8.537523,24,23.074986,54,6040896,2307614,11c5823f4847b863,,,,,,,
open_dense,31,timed,local,17,100000,100000,20000,100019,2.21011,4,4,6,8.84047,24,23.680881,54,6169248,2368538,1f5c40d450766f29,,,,,,,
open_dense,31,timed,local,17,100000,100000,30000,99975,2.2811,4,5,6,9.124431,24,24.248802,54,6286016,2424274,09d9f3089055c8dd,,,,,,,
open_dense,31,timed,local,17,100000,100000,40000,99936,2.347652,4,5,6,9.39064,24,24.78122,54,6396040,2476536,636cf9fec67ac4d5,,,,,,,
open_dense,31,timed,local,17,100000,100000,50000,99961,2.41146,4,5,6,9.645872,24,25.291684,54,6505208,2528182,82da42fc701453cf,,,,,,,
open_dense,31,timed,local,17,100000,100000,60000,99869,2.470817,4,5,6,9.883297,24,25.766534,54,6598792,2573278,23af92a28325f8a6,,,,,,,
open_dense,31,timed,local,17,100000,100000,70000,99940,2.527416,4,5,6,10.109696,24,26.219332,54,6698984,2620360,bed0c48efc175ebf,,,,,,,
open_dense,31,timed,local,17,100000,100000,80000,99939,2.578653,4,5,6,10.314642,24,26.629224,54,6785200,2661298,0b8c08ff1c9eec6f,,,,,,,
open_dense,31,timed,local,17,100000,100000,90000,99889,2.627797,5,5,6,10.511217,24,27.022375,54,6864168,2699238,c744c6badc51ef62,,,,,,,
open_dense,31,timed,local,17,100000,100000,100000,99923,2.671597,5,6,6,10.686419,24,27.372777,54,6939576,2735170,7caae70c22344dea,,,,,,,
open_dense,31,diagnostic,local,17,100000,100000,0,100000,2.05089,3,4,4,8.20359,16,22.40712,38,5902872,2240712,d68cfc369fc68ad8,300001,12628392,10702928,10702928,3200000,2702872,4800000
open_dense,31,diagnostic,local,17,100000,100000,10000,100005,2.134373,3,4,6,8.537523,24,23.074986,54,6040896,2307614,11c5823f4847b863,327073,13948488,10841192,10841192,3200160,2840736,4800240
open_dense,31,diagnostic,local,17,100000,100000,20000,100019,2.21011,4,4,6,8.84047,24,23.680881,54,6169248,2368538,1f5c40d450766f29,354100,15263992,10970216,10970216,3200608,2968640,4800912
open_dense,31,diagnostic,local,17,100000,100000,30000,99975,2.2811,4,5,6,9.124431,24,24.248802,54,6286016,2424274,09d9f3089055c8dd,381202,16579232,11084872,11084928,3199200,3086816,4798800
open_dense,31,diagnostic,local,17,100000,100000,40000,99936,2.347652,4,5,6,9.39064,24,24.78122,54,6396040,2476536,636cf9fec67ac4d5,408217,17893176,11193024,11193024,3197952,3198088,4796928
open_dense,31,diagnostic,local,17,100000,100000,50000,99961,2.41146,4,5,6,9.645872,24,25.291684,54,6505208,2528182,82da42fc701453cf,435470,19230272,11303392,11303656,3198752,3306456,4798128
open_dense,31,diagnostic,local,17,100000,100000,60000,99869,2.470817,4,5,6,9.883297,24,25.766534,54,6598792,2573278,23af92a28325f8a6,462660,20561264,11392560,11393576,3195808,3402984,4793712
open_dense,31,diagnostic,local,17,100000,100000,70000,99940,2.527416,4,5,6,10.109696,24,26.219332,54,6698984,2620360,bed0c48efc175ebf,490510,21941464,11496160,11496160,3198080,3500904,4797120
open_dense,31,diagnostic,local,17,100000,100000,80000,99939,2.578653,4,5,6,10.314642,24,26.629224,54,6785200,2661298,0b8c08ff1c9eec6f,518257,23315576,11582328,11582368,3198048,3587152,4797072
open_dense,31,diagnostic,local,17,100000,100000,90000,99889,2.627797,5,5,6,10.511217,24,27.022375,54,6864168,2699238,c744c6badc51ef62,545943,24691960,11658896,11659640,3196448,3667720,4794672
open_dense,31,diagnostic,local,17,100000,100000,100000,99923,2.671597,5,6,6,10.686419,24,27.372777,54,6939576,2735170,7caae70c22344dea,574140,26101736,11735936,11735960,3197536,3742040,4796304
baseline,32,timed,churn,17,100000,100000,0,100000,2.05089,3,4,4,8.20359,16,22.40712,38,5902872,2240712,d68cfc369fc68ad8,,,,,,,
baseline,32,timed,churn,17,100000,100000,10000,99960,2.113415,3,4,6,8.453691,24,22.907323,54,5999776,2289816,8439d307d5128444,,,,,,,
baseline,32,timed,churn,17,100000,100000,20000,100055,2.167118,4,4,6,8.668502,24,23.336945,54,6090704,2334978,4980787b065c11d2,,,,,,,
baseline,32,timed,churn,17,100000,100000,30000,100031,2.212534,4,4,6,8.850166,24,23.700273,54,6159928,2370762,38b3d81c985c8acf,,,,,,,
baseline,32,timed,churn,17,100000,100000,40000,100059,2.252561,4,4,6,9.010274,24,24.020488,54,6222192,2403466,ca99b7b6779376f1,,,,,,,
baseline,32,timed,churn,17,100000,100000,50000,100041,2.289051,4,4,6,9.156206,24,24.312412,54,6275960,2432238,d43ff6f9d611fcd5,,,,,,,
baseline,32,timed,churn,17,100000,100000,60000,99932,2.32297,4,5,6,9.291878,24,24.583757,54,6320072,2456704,90a195e581f0c9aa,,,,,,,
baseline,32,timed,churn,17,100000,100000,70000,99980,2.354021,4,5,6,9.416083,24,24.832166,54,6371248,2482720,0db2c36f9ccb9bda,,,,,,,
baseline,32,timed,churn,17,100000,100000,80000,99940,2.380568,4,5,6,9.522273,24,25.044547,54,6407400,2502952,bb09aa3448fb1c85,,,,,,,
baseline,32,timed,churn,17,100000,100000,90000,99998,2.403688,4,5,6,9.614752,24,25.229505,54,6446336,2522900,39515d83e65a179d,,,,,,,
baseline,32,timed,churn,17,100000,100000,100000,100099,2.427077,4,5,6,9.708309,24,25.416618,54,6487624,2544178,b286904d503b64a4,,,,,,,
baseline,32,diagnostic,churn,17,100000,100000,0,100000,2.05089,3,4,4,8.20359,16,22.40712,38,5902872,2240712,d68cfc369fc68ad8,300001,12628392,10702928,10702928,3200000,2702872,4800000
baseline,32,diagnostic,churn,17,100000,100000,10000,99960,2.113415,3,4,6,8.453691,24,22.907323,54,5999776,2289816,8439d307d5128444,321052,13650392,10797912,10797912,3198720,2801056,4798080
baseline,32,diagnostic,churn,17,100000,100000,20000,100055,2.167118,4,4,6,8.668502,24,23.336945,54,6090704,2334978,4980787b065c11d2,342175,14670992,10893400,10893928,3201760,2888944,4802640
baseline,32,diagnostic,churn,17,100000,100000,30000,100031,2.212534,4,4,6,8.850166,24,23.700273,54,6159928,2370762,38b3d81c985c8acf,363193,15674480,10961472,10961472,3200992,2958936,4801488
baseline,32,diagnostic,churn,17,100000,100000,40000,100059,2.252561,4,4,6,9.010274,24,24.020488,54,6222192,2403466,ca99b7b6779376f1,384202,16674624,11025080,11026232,3201888,3020304,4802832
baseline,32,diagnostic,churn,17,100000,100000,50000,100041,2.289051,4,4,6,9.156206,24,24.312412,54,6275960,2432238,d43ff6f9d611fcd5,405298,17675672,11077984,11078088,3201312,3074648,4801968
baseline,32,diagnostic,churn,17,100000,100000,60000,99932,2.32297,4,5,6,9.291878,24,24.583757,54,6320072,2456704,90a195e581f0c9aa,426166,18663744,11116864,11117368,3197824,3122248,4796736
baseline,32,diagnostic,churn,17,100000,100000,70000,99980,2.354021,4,5,6,9.416083,24,24.832166,54,6371248,2482720,0db2c36f9ccb9bda,447310,19665096,11170344,11171008,3199360,3171888,4799040
baseline,32,diagnostic,churn,17,100000,100000,80000,99940,2.380568,4,5,6,9.522273,24,25.044547,54,6407400,2502952,bb09aa3448fb1c85,468427,20661024,11204576,11206104,3198080,3209320,4797120
baseline,32,diagnostic,churn,17,100000,100000,90000,99998,2.403688,4,5,6,9.614752,24,25.229505,54,6446336,2522900,39515d83e65a179d,489523,21654584,11246296,11246296,3199936,3246400,4799904
baseline,32,diagnostic,churn,17,100000,100000,100000,100099,2.427077,4,5,6,9.708309,24,25.416618,54,6487624,2544178,b286904d503b64a4,510658,22656624,11292432,11292744,3203168,3284456,4804752
open_dense,32,timed,churn,17,100000,100000,0,100000,2.05089,3,4,4,8.20359,16,22.40712,38,5902872,2240712,d68cfc369fc68ad8,,,,,,,
open_dense,32,timed,churn,17,100000,100000,10000,99960,2.113415,3,4,6,8.453691,24,22.907323,54,5999776,2289816,8439d307d5128444,,,,,,,
open_dense,32,timed,churn,17,100000,100000,20000,100055,2.167118,4,4,6,8.668502,24,23.336945,54,6090704,2334978,4980787b065c11d2,,,,,,,
open_dense,32,timed,churn,17,100000,100000,30000,100031,2.212534,4,4,6,8.850166,24,23.700273,54,6159928,2370762,38b3d81c985c8acf,,,,,,,
open_dense,32,timed,churn,17,100000,100000,40000,100059,2.252561,4,4,6,9.010274,24,24.020488,54,6222192,2403466,ca99b7b6779376f1,,,,,,,
open_dense,32,timed,churn,17,100000,100000,50000,100041,2.289051,4,4,6,9.156206,24,24.312412,54,6275960,2432238,d43ff6f9d611fcd5,,,,,,,
open_dense,32,timed,churn,17,100000,100000,60000,99932,2.32297,4,5,6,9.291878,24,24.583757,54,6320072,2456704,90a195e581f0c9aa,,,,,,,
open_dense,32,timed,churn,17,100000,100000,70000,99980,2.354021,4,5,6,9.416083,24,24.832166,54,6371248,2482720,0db2c36f9ccb9bda,,,,,,,
open_dense,32,timed,churn,17,100000,100000,80000,99940,2.380568,4,5,6,9.522273,24,25.044547,54,6407400,2502952,bb09aa3448fb1c85,,,,,,,
open_dense,32,timed,churn,17,100000,100000,90000,99998,2.403688,4,5,6,9.614752,24,25.229505,54,6446336,2522900,39515d83e65a179d,,,,,,,
open_dense,32,timed,churn,17,100000,100000,100000,100099,2.427077,4,5,6,9.708309,24,25.416618,54,6487624,2544178,b286904d503b64a4,,,,,,,
open_dense,32,diagnostic,churn,17,100000,100000,0,100000,2.05089,3,4,4,8.20359,16,22.40712,38,5902872,2240712,d68cfc369fc68ad8,300001,12628392,10702928,10702928,3200000,2702872,4800000
open_dense,32,diagnostic,churn,17,100000,100000,10000,99960,2.113415,3,4,6,8.453691,24,22.907323,54,5999776,2289816,8439d307d5128444,321052,13650392,10797912,10797912,3198720,2801056,4798080
open_dense,32,diagnostic,churn,17,100000,100000,20000,100055,2.167118,4,4,6,8.668502,24,23.336945,54,6090704,2334978,4980787b065c11d2,342175,14670992,10893400,10893928,3201760,2888944,4802640
open_dense,32,diagnostic,churn,17,100000,100000,30000,100031,2.212534,4,4,6,8.850166,24,23.700273,54,6159928,2370762,38b3d81c985c8acf,363193,15674480,10961472,10961472,3200992,2958936,4801488
open_dense,32,diagnostic,churn,17,100000,100000,40000,100059,2.252561,4,4,6,9.010274,24,24.020488,54,6222192,2403466,ca99b7b6779376f1,384202,16674624,11025080,11026232,3201888,3020304,4802832
open_dense,32,diagnostic,churn,17,100000,100000,50000,100041,2.289051,4,4,6,9.156206,24,24.312412,54,6275960,2432238,d43ff6f9d611fcd5,405298,17675672,11077984,11078088,3201312,3074648,4801968
open_dense,32,diagnostic,churn,17,100000,100000,60000,99932,2.32297,4,5,6,9.291878,24,24.583757,54,6320072,2456704,90a195e581f0c9aa,426166,18663744,11116864,11117368,3197824,3122248,4796736
open_dense,32,diagnostic,churn,17,100000,100000,70000,99980,2.354021,4,5,6,9.416083,24,24.832166,54,6371248,2482720,0db2c36f9ccb9bda,447310,19665096,11170344,11171008,3199360,3171888,4799040
open_dense,32,diagnostic,churn,17,100000,100000,80000,99940,2.380568,4,5,6,9.522273,24,25.044547,54,6407400,2502952,bb09aa3448fb1c85,468427,20661024,11204576,11206104,3198080,3209320,4797120
open_dense,32,diagnostic,churn,17,100000,100000,90000,99998,2.403688,4,5,6,9.614752,24,25.229505,54,6446336,2522900,39515d83e65a179d,489523,21654584,11246296,11246296,3199936,3246400,4799904
open_dense,32,diagnostic,churn,17,100000,100000,100000,100099,2.427077,4,5,6,9.708309,24,25.416618,54,6487624,2544178,b286904d503b64a4,510658,22656624,11292432,11292744,3203168,3284456,4804752
baseline,33,timed,churn,17,50000,500000,0,50000,1.35594,2,2,2,5.42382,8,16.84752,22,2542368,842376,472860ed72a44d04,,,,,,,
baseline,33,timed,churn,17,50000,500000,50000,50041,1.72003,3,4,6,6.880178,24,19.760237,54,2759256,988822,761527f0c6fafce5,,,,,,,
baseline,33,timed,churn,17,50000,500000,100000,50099,1.901695,3,4,6,7.606838,24,21.213557,54,2889216,1062778,888c26dfa172f6aa,,,,,,,
baseline,33,timed,churn,17,50000,500000,150000,50190,2.017553,4,5,6,8.070273,24,22.140426,54,2980544,1111228,e84f5f025bb06811,,,,,,,
baseline,33,timed,churn,17,50000,500000,200000,50239,2.1213,4,5,6,8.485201,24,22.970401,54,3052336,1154010,bf5fd564c424ce48,,,,,,,
baseline,33,timed,churn,17,50000,500000,250000,50017,2.202651,4,5,6,8.818922,24,23.621209,54,3090464,1181462,26a0501c93fac376,,,,,,,
baseline,33,timed,churn,17,50000,500000,300000,49992,2.255641,4,5,6,9.044987,24,24.045127,54,3126920,1202064,e96057b0557def49,,,,,,,
baseline,33,timed,churn,17,50000,500000,350000,49675,2.298863,5,5,6,9.226995,24,24.390901,54,3158504,1211618,753ada52e0db40c3,,,,,,,
baseline,33,timed,churn,17,50000,500000,400000,49922,2.325448,5,5,6,9.336625,24,24.603582,54,3205384,1228260,4cf7ec8d7a1273e8,,,,,,,
baseline,33,timed,churn,17,50000,500000,450000,50205,2.36106,5,6,6,9.480291,24,24.888477,54,3242064,1249526,aeb6a4a705831964,,,,,,,
baseline,33,timed,churn,17,50000,500000,500000,50188,2.387463,5,6,6,9.588248,24,25.099705,54,3254776,1259704,b1f190a7dc23a722,,,,,,,
baseline,33,diagnostic,churn,17,50000,500000,0,50000,1.35594,2,2,2,5.42382,8,16.84752,22,2542368,842376,472860ed72a44d04,150001,5227192,4942424,4942424,1600000,942368,2400000
baseline,33,diagnostic,churn,17,50000,500000,50000,50041,1.72003,3,4,6,6.880178,24,19.760237,54,2759256,988822,761527f0c6fafce5,255280,9536856,5161280,5161400,1601312,1157944,2401968
baseline,33,diagnostic,churn,17,50000,500000,100000,50099,1.901695,3,4,6,7.606838,24,21.213557,54,2889216,1062778,888c26dfa172f6aa,360532,13878016,5294024,5294312,1603168,1286048,2404752
baseline,33,diagnostic,churn,17,50000,500000,150000,50190,2.017553,4,5,6,8.070273,24,22.140426,54,2980544,1111228,e84f5f025bb06811,466067,18301136,5389720,5390592,1606080,1374464,2409120
baseline,33,diagnostic,churn,17,50000,500000,200000,50239,2.1213,4,5,6,8.485201,24,22.970401,54,3052336,1154010,bf5fd564c424ce48,571547,22788392,5463864,5465160,1607648,1444688,2411472
baseline,33,diagnostic,churn,17,50000,500000,250000,50017,2.202651,4,5,6,8.818922,24,23.621209,54,3090464,1181462,26a0501c93fac376,677291,27334880,5491336,5500296,1600544,1489920,2400816
baseline,33,diagnostic,churn,17,50000,500000,300000,49992,2.255641,4,5,6,9.044987,24,24.045127,54,3126920,1202064,e96057b0557def49,783627,31962080,5526592,5526848,1599744,1527176,2399616
baseline,33,diagnostic,churn,17,50000,500000,350000,49675,2.298863,5,5,6,9.226995,24,24.390901,54,3158504,1211618,753ada52e0db40c3,890526,36723544,5542960,5569312,1589600,1568904,2384400
baseline,33,diagnostic,churn,17,50000,500000,400000,49922,2.325448,5,5,6,9.336625,24,24.603582,54,3205384,1228260,4cf7ec8d7a1273e8,998292,41543856,5601696,5605824,1597504,1607880,2396256
baseline,33,diagnostic,churn,17,50000,500000,450000,50205,2.36106,5,6,6,9.480291,24,24.888477,54,3242064,1249526,aeb6a4a705831964,1106302,46382464,5651960,5664792,1606560,1635504,2409840
baseline,33,diagnostic,churn,17,50000,500000,500000,50188,2.387463,5,6,6,9.588248,24,25.099705,54,3254776,1259704,b1f190a7dc23a722,1214028,51225768,5663856,5676288,1606016,1648760,2409024
open_dense,33,timed,churn,17,50000,500000,0,50000,1.35594,2,2,2,5.42382,8,16.84752,22,2542368,842376,472860ed72a44d04,,,,,,,
open_dense,33,timed,churn,17,50000,500000,50000,50041,1.72003,3,4,6,6.880178,24,19.760237,54,2759256,988822,761527f0c6fafce5,,,,,,,
open_dense,33,timed,churn,17,50000,500000,100000,50099,1.901695,3,4,6,7.606838,24,21.213557,54,2889216,1062778,888c26dfa172f6aa,,,,,,,
open_dense,33,timed,churn,17,50000,500000,150000,50190,2.017553,4,5,6,8.070273,24,22.140426,54,2980544,1111228,e84f5f025bb06811,,,,,,,
open_dense,33,timed,churn,17,50000,500000,200000,50239,2.1213,4,5,6,8.485201,24,22.970401,54,3052336,1154010,bf5fd564c424ce48,,,,,,,
open_dense,33,timed,churn,17,50000,500000,250000,50017,2.202651,4,5,6,8.818922,24,23.621209,54,3090464,1181462,26a0501c93fac376,,,,,,,
open_dense,33,timed,churn,17,50000,500000,300000,49992,2.255641,4,5,6,9.044987,24,24.045127,54,3126920,1202064,e96057b0557def49,,,,,,,
open_dense,33,timed,churn,17,50000,500000,350000,49675,2.298863,5,5,6,9.226995,24,24.390901,54,3158504,1211618,753ada52e0db40c3,,,,,,,
open_dense,33,timed,churn,17,50000,500000,400000,49922,2.325448,5,5,6,9.336625,24,24.603582,54,3205384,1228260,4cf7ec8d7a1273e8,,,,,,,
open_dense,33,timed,churn,17,50000,500000,450000,50205,2.36106,5,6,6,9.480291,24,24.888477,54,3242064,1249526,aeb6a4a705831964,,,,,,,
open_dense,33,timed,churn,17,50000,500000,500000,50188,2.387463,5,6,6,9.588248,24,25.099705,54,3254776,1259704,b1f190a7dc23a722,,,,,,,
open_dense,33,diagnostic,churn,17,50000,500000,0,50000,1.35594,2,2,2,5.42382,8,16.84752,22,2542368,842376,472860ed72a44d04,150001,5227192,4942424,4942424,1600000,942368,2400000
open_dense,33,diagnostic,churn,17,50000,500000,50000,50041,1.72003,3,4,6,6.880178,24,19.760237,54,2759256,988822,761527f0c6fafce5,255280,9536856,5161280,5161400,1601312,1157944,2401968
open_dense,33,diagnostic,churn,17,50000,500000,100000,50099,1.901695,3,4,6,7.606838,24,21.213557,54,2889216,1062778,888c26dfa172f6aa,360532,13878016,5294024,5294312,1603168,1286048,2404752
open_dense,33,diagnostic,churn,17,50000,500000,150000,50190,2.017553,4,5,6,8.070273,24,22.140426,54,2980544,1111228,e84f5f025bb06811,466067,18301136,5389720,5390592,1606080,1374464,2409120
open_dense,33,diagnostic,churn,17,50000,500000,200000,50239,2.1213,4,5,6,8.485201,24,22.970401,54,3052336,1154010,bf5fd564c424ce48,571547,22788392,5463864,5465160,1607648,1444688,2411472
open_dense,33,diagnostic,churn,17,50000,500000,250000,50017,2.202651,4,5,6,8.818922,24,23.621209,54,3090464,1181462,26a0501c93fac376,677291,27334880,5491336,5500296,1600544,1489920,2400816
open_dense,33,diagnostic,churn,17,50000,500000,300000,49992,2.255641,4,5,6,9.044987,24,24.045127,54,3126920,1202064,e96057b0557def49,783627,31962080,5526592,5526848,1599744,1527176,2399616
open_dense,33,diagnostic,churn,17,50000,500000,350000,49675,2.298863,5,5,6,9.226995,24,24.390901,54,3158504,1211618,753ada52e0db40c3,890526,36723544,5542960,5569312,1589600,1568904,2384400
open_dense,33,diagnostic,churn,17,50000,500000,400000,49922,2.325448,5,5,6,9.336625,24,24.603582,54,3205384,1228260,4cf7ec8d7a1273e8,998292,41543856,5601696,5605824,1597504,1607880,2396256
open_dense,33,diagnostic,churn,17,50000,500000,450000,50205,2.36106,5,6,6,9.480291,24,24.888477,54,3242064,1249526,aeb6a4a705831964,1106302,46382464,5651960,5664792,1606560,1635504,2409840
open_dense,33,diagnostic,churn,17,50000,500000,500000,50188,2.387463,5,6,6,9.588248,24,25.099705,54,3254776,1259704,b1f190a7dc23a722,1214028,51225768,5663856,5676288,1606016,1648760,2409024
baseline,34,timed,ascending,17,1000,10000,0,1000,0.999,1,1,1,3.999,4,13.992,14,47984,13992,c37bd93d2bb7b1c8,,,,,,,
baseline,34,timed,ascending,17,1000,10000,1000,2000,0.9995,1,1,1,3.9995,4,13.996,14,95984,27992,73c65ae2bfd67530,,,,,,,
baseline,34,timed,ascending,17,1000,10000,2000,3000,0.999667,1,1,1,3.999667,4,13.997333,14,143984,41992,e502104ff2f9d334,,,,,,,
baseline,34,timed,ascending,17,1000,10000,3000,4000,0.99975,1,1,1,3.99975,4,13.998,14,191984,55992,97684abd7130a464,,,,,,,
baseline,34,timed,ascending,17,1000,10000,4000,5000,0.9998,1,1,1,3.9998,4,13.9984,14,239984,69992,6ab9c2d64b9caef4,,,,,,,
baseline,34,timed,ascending,17,1000,10000,5000,6000,0.999833,1,1,1,3.999833,4,13.998667,14,287984,83992,b8b6e8c0b7b32974,,,,,,,
baseline,34,timed,ascending,17,1000,10000,6000,7000,0.999857,1,1,1,3.999857,4,13.998857,14,335984,97992,69b850b3e30c9894,,,,,,,
baseline,34,timed,ascending,17,1000,10000,7000,8000,0.999875,1,1,1,3.999875,4,13.999,14,383984,111992,ece3ff2f3fafb224,,,,,,,
baseline,34,timed,ascending,17,1000,10000,8000,9000,0.999889,1,1,1,3.999889,4,13.999111,14,431984,125992,4abd418ddf8ee9f4,,,,,,,
baseline,34,timed,ascending,17,1000,10000,9000,10000,0.9999,1,1,1,3.9999,4,13.9992,14,479984,139992,e683f3560ca72cf4,,,,,,,
baseline,34,timed,ascending,17,1000,10000,10000,11000,0.999909,1,1,1,3.999909,4,13.999273,14,527984,153992,f37d2e87da04e124,,,,,,,
baseline,34,diagnostic,ascending,17,1000,10000,0,1000,0.999,1,1,1,3.999,4,13.992,14,47984,13992,c37bd93d2bb7b1c8,3001,96040,96040,96040,32000,15984,48000
baseline,34,diagnostic,ascending,17,1000,10000,1000,2000,0.9995,1,1,1,3.9995,4,13.996,14,95984,27992,73c65ae2bfd67530,6001,192040,192040,192040,64000,31984,96000
baseline,34,diagnostic,ascending,17,1000,10000,2000,3000,0.999667,1,1,1,3.999667,4,13.997333,14,143984,41992,e502104ff2f9d334,9001,288040,288040,288040,96000,47984,144000
baseline,34,diagnostic,ascending,17,1000,10000,3000,4000,0.99975,1,1,1,3.99975,4,13.998,14,191984,55992,97684abd7130a464,12001,384040,384040,384040,128000,63984,192000
baseline,34,diagnostic,ascending,17,1000,10000,4000,5000,0.9998,1,1,1,3.9998,4,13.9984,14,239984,69992,6ab9c2d64b9caef4,15001,480040,480040,480040,160000,79984,240000
baseline,34,diagnostic,ascending,17,1000,10000,5000,6000,0.999833,1,1,1,3.999833,4,13.998667,14,287984,83992,b8b6e8c0b7b32974,18001,576040,576040,576040,192000,95984,288000
baseline,34,diagnostic,ascending,17,1000,10000,6000,7000,0.999857,1,1,1,3.999857,4,13.998857,14,335984,97992,69b850b3e30c9894,21001,672040,672040,672040,224000,111984,336000
baseline,34,diagnostic,ascending,17,1000,10000,7000,8000,0.999875,1,1,1,3.999875,4,13.999,14,383984,111992,ece3ff2f3fafb224,24001,768040,768040,768040,256000,127984,384000
baseline,34,diagnostic,ascending,17,1000,10000,8000,9000,0.999889,1,1,1,3.999889,4,13.999111,14,431984,125992,4abd418ddf8ee9f4,27001,864040,864040,864040,288000,143984,432000
baseline,34,diagnostic,ascending,17,1000,10000,9000,10000,0.9999,1,1,1,3.9999,4,13.9992,14,479984,139992,e683f3560ca72cf4,30001,960040,960040,960040,320000,159984,480000
baseline,34,diagnostic,ascending,17,1000,10000,10000,11000,0.999909,1,1,1,3.999909,4,13.999273,14,527984,153992,f37d2e87da04e124,33001,1056040,1056040,1056040,352000,175984,528000
open_dense,34,timed,ascending,17,1000,10000,0,1000,0.999,1,1,1,3.999,4,13.992,14,47984,13992,c37bd93d2bb7b1c8,,,,,,,
open_dense,34,timed,ascending,17,1000,10000,1000,2000,0.9995,1,1,1,3.9995,4,13.996,14,95984,27992,73c65ae2bfd67530,,,,,,,
open_dense,34,timed,ascending,17,1000,10000,2000,3000,0.999667,1,1,1,3.999667,4,13.997333,14,143984,41992,e502104ff2f9d334,,,,,,,
open_dense,34,timed,ascending,17,1000,10000,3000,4000,0.99975,1,1,1,3.99975,4,13.998,14,191984,55992,97684abd7130a464,,,,,,,
open_dense,34,timed,ascending,17,1000,10000,4000,5000,0.9998,1,1,1,3.9998,4,13.9984,14,239984,69992,6ab9c2d64b9caef4,,,,,,,
open_dense,34,timed,ascending,17,1000,10000,5000,6000,0.999833,1,1,1,3.999833,4,13.998667,14,287984,83992,b8b6e8c0b7b32974,,,,,,,
open_dense,34,timed,ascending,17,1000,10000,6000,7000,0.999857,1,1,1,3.999857,4,13.998857,14,335984,97992,69b850b3e30c9894,,,,,,,
open_dense,34,timed,ascending,17,1000,10000,7000,8000,0.999875,1,1,1,3.999875,4,13.999,14,383984,111992,ece3ff2f3fafb224,,,,,,,
open_dense,34,timed,ascending,17,1000,10000,8000,9000,0.999889,1,1,1,3.999889,4,13.999111,14,431984,125992,4abd418ddf8ee9f4,,,,,,,
open_dense,34,timed,ascending,17,1000,10000,9000,10000,0.9999,1,1,1,3.9999,4,13.9992,14,479984,139992,e683f3560ca72cf4,,,,,,,
open_dense,34,timed,ascending,17,1000,10000,10000,11000,0.999909,1,1,1,3.999909,4,13.999273,14,527984,153992,f37d2e87da04e124,,,,,,,
open_dense,34,diagnostic,ascending,17,1000,10000,0,1000,0.999,1,1,1,3.999,4,13.992,14,47984,13992,c37bd93d2bb7b1c8,3001,96040,96040,96040,32000,15984,48000
open_dense,34,diagnostic,ascending,17,1000,10000,1000,2000,0.9995,1,1,1,3.9995,4,13.996,14,95984,27992,73c65ae2bfd67530,6001,192040,192040,192040,64000,31984,96000
open_dense,34,diagnostic,ascending,17,1000,10000,2000,3000,0.999667,1,1,1,3.999667,4,13.997333,14,143984,41992,e502104ff2f9d334,9001,288040,288040,288040,96000,47984,144000
open_dense,34,diagnostic,ascending,17,1000,10000,3000,4000,0.99975,1,1,1,3.99975,4,13.998,14,191984,55992,97684abd7130a464,12001,384040,384040,384040,128000,63984,192000
open_dense,34,diagnostic,ascending,17,1000,10000,4000,5000,0.9998,1,1,1,3.9998,4,13.9984,14,239984,69992,6ab9c2d64b9caef4,15001,480040,480040,480040,160000,79984,240000
open_dense,34,diagnostic,ascending,17,1000,10000,5000,6000,0.999833,1,1,1,3.999833,4,13.998667,14,287984,83992,b8b6e8c0b7b32974,18001,576040,576040,576040,192000,95984,288000
open_dense,34,diagnostic,ascending,17,1000,10000,6000,7000,0.999857,1,1,1,3.999857,4,13.998857,14,335984,97992,69b850b3e30c9894,21001,672040,672040,672040,224000,111984,336000
open_dense,34,diagnostic,ascending,17,1000,10000,7000,8000,0.999875,1,1,1,3.999875,4,13.999,14,383984,111992,ece3ff2f3fafb224,24001,768040,768040,768040,256000,127984,384000
open_dense,34,diagnostic,ascending,17,1000,10000,8000,9000,0.999889,1,1,1,3.999889,4,13.999111,14,431984,125992,4abd418ddf8ee9f4,27001,864040,864040,864040,288000,143984,432000
open_dense,34,diagnostic,ascending,17,1000,10000,9000,10000,0.9999,1,1,1,3.9999,4,13.9992,14,479984,139992,e683f3560ca72cf4,30001,960040,960040,960040,320000,159984,480000
open_dense,34,diagnostic,ascending,17,1000,10000,10000,11000,0.999909,1,1,1,3.999909,4,13.999273,14,527984,153992,f37d2e87da04e124,33001,1056040,1056040,1056040,352000,175984,528000
baseline,35,timed,descending,17,1000,10000,0,1000,0.999,1,1,1,3.999,4,13.992,14,47984,13992,4565863bd0002cd1,,,,,,,
baseline,35,timed,descending,17,1000,10000,1000,2000,0.9995,1,1,1,3.9995,4,13.996,14,95984,27992,f8f7b1cb65a8bc91,,,,,,,
baseline,35,timed,descending,17,1000,10000,2000,3000,0.999667,1,1,1,3.999667,4,13.997333,14,143984,41992,932478402db5fe8d,,,,,,,
baseline,35,timed,descending,17,1000,10000,3000,4000,0.99975,1,1,1,3.99975,4,13.998,14,191984,55992,1718284637d82d45,,,,,,,
baseline,35,timed,descending,17,1000,10000,4000,5000,0.9998,1,1,1,3.9998,4,13.9984,14,239984,69992,53577b2c274f204d,,,,,,,
baseline,35,timed,descending,17,1000,10000,5000,6000,0.999833,1,1,1,3.999833,4,13.998667,14,287984,83992,6cd306defb5a3485,,,,,,,
baseline,35,timed,descending,17,1000,10000,6000,7000,0.999857,1,1,1,3.999857,4,13.998857,14,335984,97992,a7487abca4dfcead,,,,,,,
baseline,35,timed,descending,17,1000,10000,7000,8000,0.999875,1,1,1,3.999875,4,13.999,14,383984,111992,2b99525666e6eb65,,,,,,,
baseline,35,timed,descending,17,1000,10000,8000,9000,0.999889,1,1,1,3.999889,4,13.999111,14,431984,125992,bfa900794ab507cd,,,,,,,
baseline,35,timed,descending,17,1000,10000,9000,10000,0.9999,1,1,1,3.9999,4,13.9992,14,479984,139992,c412bb8f97f7d345,,,,,,,
baseline,35,timed,descending,17,1000,10000,10000,11000,0.999909,1,1,1,3.999909,4,13.999273,14,527984,153992,c7638be8b4b18aed,,,,,,,
baseline,35,diagnostic,descending,17,1000,10000,0,1000,0.999,1,1,1,3.999,4,13.992,14,47984,13992,4565863bd0002cd1,3001,96040,96040,96040,32000,15984,48000
baseline,35,diagnostic,descending,17,1000,10000,1000,2000,0.9995,1,1,1,3.9995,4,13.996,14,95984,27992,f8f7b1cb65a8bc91,6001,192040,192040,192040,64000,31984,96000
baseline,35,diagnostic,descending,17,1000,10000,2000,3000,0.999667,1,1,1,3.999667,4,13.997333,14,143984,41992,932478402db5fe8d,9001,288040,288040,288040,96000,47984,144000
baseline,35,diagnostic,descending,17,1000,10000,3000,4000,0.99975,1,1,1,3.99975,4,13.998,14,191984,55992,1718284637d82d45,12001,384040,384040,384040,128000,63984,192000
baseline,35,diagnostic,descending,17,1000,10000,4000,5000,0.9998,1,1,1,3.9998,4,13.9984,14,239984,69992,53577b2c274f204d,15001,480040,480040,480040,160000,79984,240000
baseline,35,diagnostic,descending,17,1000,10000,5000,6000,0.999833,1,1,1,3.999833,4,13.998667,14,287984,83992,6cd306defb5a3485,18001,576040,576040,576040,192000,95984,288000
baseline,35,diagnostic,descending,17,1000,10000,6000,7000,0.999857,1,1,1,3.999857,4,13.998857,14,335984,97992,a7487abca4dfcead,21001,672040,672040,672040,224000,111984,336000
baseline,35,diagnostic,descending,17,1000,10000,7000,8000,0.999875,1,1,1,3.999875,4,13.999,14,383984,111992,2b99525666e6eb65,24001,768040,768040,768040,256000,127984,384000
baseline,35,diagnostic,descending,17,1000,10000,8000,9000,0.999889,1,1,1,3.999889,4,13.999111,14,431984,125992,bfa900794ab507cd,27001,864040,864040,864040,288000,143984,432000
baseline,35,diagnostic,descending,17,1000,10000,9000,10000,0.9999,1,1,1,3.9999,4,13.9992,14,479984,139992,c412bb8f97f7d345,30001,960040,960040,960040,320000,159984,480000
baseline,35,diagnostic,descending,17,1000,10000,10000,11000,0.999909,1,1,1,3.999909,4,13.999273,14,527984,153992,c7638be8b4b18aed,33001,1056040,1056040,1056040,352000,175984,528000
open_dense,35,timed,descending,17,1000,10000,0,1000,0.999,1,1,1,3.999,4,13.992,14,47984,13992,4565863bd0002cd1,,,,,,,
open_dense,35,timed,descending,17,1000,10000,1000,2000,0.9995,1,1,1,3.9995,4,13.996,14,95984,27992,f8f7b1cb65a8bc91,,,,,,,
open_dense,35,timed,descending,17,1000,10000,2000,3000,0.999667,1,1,1,3.999667,4,13.997333,14,143984,41992,932478402db5fe8d,,,,,,,
open_dense,35,timed,descending,17,1000,10000,3000,4000,0.99975,1,1,1,3.99975,4,13.998,14,191984,55992,1718284637d82d45,,,,,,,
open_dense,35,timed,descending,17,1000,10000,4000,5000,0.9998,1,1,1,3.9998,4,13.9984,14,239984,69992,53577b2c274f204d,,,,,,,
open_dense,35,timed,descending,17,1000,10000,5000,6000,0.999833,1,1,1,3.999833,4,13.998667,14,287984,83992,6cd306defb5a3485,,,,,,,
open_dense,35,timed,descending,17,1000,10000,6000,7000,0.999857,1,1,1,3.999857,4,13.998857,14,335984,97992,a7487abca4dfcead,,,,,,,
open_dense,35,timed,descending,17,1000,10000,7000,8000,0.999875,1,1,1,3.999875,4,13.999,14,383984,111992,2b99525666e6eb65,,,,,,,
open_dense,35,timed,descending,17,1000,10000,8000,9000,0.999889,1,1,1,3.999889,4,13.999111,14,431984,125992,bfa900794ab507cd,,,,,,,
open_dense,35,timed,descending,17,1000,10000,9000,10000,0.9999,1,1,1,3.9999,4,13.9992,14,479984,139992,c412bb8f97f7d345,,,,,,,
open_dense,35,timed,descending,17,1000,10000,10000,11000,0.999909,1,1,1,3.999909,4,13.999273,14,527984,153992,c7638be8b4b18aed,,,,,,,
open_dense,35,diagnostic,descending,17,1000,10000,0,1000,0.999,1,1,1,3.999,4,13.992,14,47984,13992,4565863bd0002cd1,3001,96040,96040,96040,32000,15984,48000
open_dense,35,diagnostic,descending,17,1000,10000,1000,2000,0.9995,1,1,1,3.9995,4,13.996,14,95984,27992,f8f7b1cb65a8bc91,6001,192040,192040,192040,64000,31984,96000
open_dense,35,diagnostic,descending,17,1000,10000,2000,3000,0.999667,1,1,1,3.999667,4,13.997333,14,143984,41992,932478402db5fe8d,9001,288040,288040,288040,96000,47984,144000
open_dense,35,diagnostic,descending,17,1000,10000,3000,4000,0.99975,1,1,1,3.99975,4,13.998,14,191984,55992,1718284637d82d45,12001,384040,384040,384040,128000,63984,192000
open_dense,35,diagnostic,descending,17,1000,10000,4000,5000,0.9998,1,1,1,3.9998,4,13.9984,14,239984,69992,53577b2c274f204d,15001,480040,480040,480040,160000,79984,240000
open_dense,35,diagnostic,descending,17,1000,10000,5000,6000,0.999833,1,1,1,3.999833,4,13.998667,14,287984,83992,6cd306defb5a3485,18001,576040,576040,576040,192000,95984,288000
open_dense,35,diagnostic,descending,17,1000,10000,6000,7000,0.999857,1,1,1,3.999857,4,13.998857,14,335984,97992,a7487abca4dfcead,21001,672040,672040,672040,224000,111984,336000
open_dense,35,diagnostic,descending,17,1000,10000,7000,8000,0.999875,1,1,1,3.999875,4,13.999,14,383984,111992,2b99525666e6eb65,24001,768040,768040,768040,256000,127984,384000
open_dense,35,diagnostic,descending,17,1000,10000,8000,9000,0.999889,1,1,1,3.999889,4,13.999111,14,431984,125992,bfa900794ab507cd,27001,864040,864040,864040,288000,143984,432000
open_dense,35,diagnostic,descending,17,1000,10000,9000,10000,0.9999,1,1,1,3.9999,4,13.9992,14,479984,139992,c412bb8f97f7d345,30001,960040,960040,960040,320000,159984,480000
open_dense,35,diagnostic,descending,17,1000,10000,10000,11000,0.999909,1,1,1,3.999909,4,13.999273,14,527984,153992,c7638be8b4b18aed,33001,1056040,1056040,1056040,352000,175984,528000
baseline,36,timed,random,17,1000,10000,0,1000,1.972,3,4,5,7.891,20,21.776,46,56728,21776,2746de8c85bcb8d3,,,,,,,
baseline,36,timed,random,17,1000,10000,1000,2000,2.09,3,4,6,8.3615,24,22.72,54,117000,45440,8d6f7764c29fa3fc,,,,,,,
baseline,36,timed,random,17,1000,10000,2000,3000,2.186667,4,5,6,8.747667,24,23.493333,54,179472,70480,8ef535a10c056fc9,,,,,,,
baseline,36,timed,random,17,1000,10000,3000,4000,2.254,4,5,6,9.01675,24,24.032,54,243080,96128,be3ba521b9c49284,,,,,,,
baseline,36,timed,random,17,1000,10000,4000,5000,2.3162,4,5,6,9.2654,24,24.5296,54,308696,122648,efcfd82c81ed08c0,,,,,,,
baseline,36,timed,random,17,1000,10000,5000,6000,2.3735,4,5,6,9.4945,24,24.988,54,375496,149928,75b05c87b30c84eb,,,,,,,
baseline,36,timed,random,17,1000,10000,6000,7000,2.424857,4,5,6,9.699857,24,25.398857,54,443408,177792,42066961d205b3d7,,,,,,,
baseline,36,timed,random,17,1000,10000,7000,8000,2.90825,3,3,3,11.633375,12,29.266,30,564472,234128,8edd6e144a903600,,,,,,,
baseline,36,timed,random,17,1000,10000,8000,9000,2.909556,3,3,3,11.638556,12,29.276444,30,635224,263488,34baa27411d2e38b,,,,,,,
baseline,36,timed,random,17,1000,10000,9000,10000,2.9096,3,3,3,11.6387,12,29.2768,30,705792,292768,762cca1570f30b0d,,,,,,,
baseline,36,timed,random,17,1000,10000,10000,11000,2.910091,3,3,3,11.640636,12,29.280727,30,776448,322088,2e027697ebc02313,,,,,,,
baseline,36,diagnostic,random,17,1000,10000,0,1000,1.972,3,4,5,7.891,20,21.776,46,56728,21776,2746de8c85bcb8d3,3527,154112,104784,104784,32000,24728,48000
baseline,36,diagnostic,random,17,1000,10000,1000,2000,2.09,3,4,6,8.3615,24,22.72,54,117000,45440,8d6f7764c29fa3fc,6827,299408,213056,213056,64000,53000,96000
baseline,36,diagnostic,random,17,1000,10000,2000,3000,2.186667,4,5,6,8.747667,24,23.493333,54,179472,70480,8ef535a10c056fc9,9997,442832,323528,323528,96000,83472,144000
baseline,36,diagnostic,random,17,1000,10000,3000,4000,2.254,4,5,6,9.01675,24,24.032,54,243080,96128,be3ba521b9c49284,13033,579488,435136,435136,128000,115080,192000
baseline,36,diagnostic,random,17,1000,10000,4000,5000,2.3162,4,5,6,9.2654,24,24.5296,54,308696,122648,efcfd82c81ed08c0,16647,756320,548752,548752,160000,148696,240000
baseline,36,diagnostic,random,17,1000,10000,5000,6000,2.3735,4,5,6,9.4945,24,24.988,54,375496,149928,75b05c87b30c84eb,19665,898416,663552,663552,192000,183496,288000
baseline,36,diagnostic,random,17,1000,10000,6000,7000,2.424857,4,5,6,9.699857,24,25.398857,54,443408,177792,42066961d205b3d7,22665,1040960,779464,779464,224000,219408,336000
baseline,36,diagnostic,random,17,1000,10000,7000,8000,2.90825,3,3,3,11.633375,12,29.266,30,564472,234128,8edd6e144a903600,58894,3086688,948528,1575600,256000,308472,384000
baseline,36,diagnostic,random,17,1000,10000,8000,9000,2.909556,3,3,3,11.638556,12,29.276444,30,635224,263488,34baa27411d2e38b,61894,3243552,1067280,1575600,288000,347224,432000
baseline,36,diagnostic,random,17,1000,10000,9000,10000,2.9096,3,3,3,11.6387,12,29.2768,30,705792,292768,762cca1570f30b0d,64894,3399968,1185848,1575600,320000,385792,480000
baseline,36,diagnostic,random,17,1000,10000,10000,11000,2.910091,3,3,3,11.640636,12,29.280727,30,776448,322088,2e027697ebc02313,67894,3556600,1304504,1575600,352000,424448,528000
open_dense,36,timed,random,17,1000,10000,0,1000,1.972,3,4,5,7.891,20,21.776,46,56728,21776,2746de8c85bcb8d3,,,,,,,
open_dense,36,timed,random,17,1000,10000,1000,2000,2.09,3,4,6,8.3615,24,22.72,54,117000,45440,8d6f7764c29fa3fc,,,,,,,
open_dense,36,timed,random,17,1000,10000,2000,3000,2.186667,4,5,6,8.747667,24,23.493333,54,179472,70480,8ef535a10c056fc9,,,,,,,
open_dense,36,timed,random,17,1000,10000,3000,4000,2.254,4,5,6,9.01675,24,24.032,54,243080,96128,be3ba521b9c49284,,,,,,,
open_dense,36,timed,random,17,1000,10000,4000,5000,2.3162,4,5,6,9.2654,24,24.5296,54,308696,122648,efcfd82c81ed08c0,,,,,,,
open_dense,36,timed,random,17,1000,10000,5000,6000,2.3735,4,5,6,9.4945,24,24.988,54,375496,149928,75b05c87b30c84eb,,,,,,,
open_dense,36,timed,random,17,1000,10000,6000,7000,2.424857,4,5,6,9.699857,24,25.398857,54,443408,177792,42066961d205b3d7,,,,,,,
open_dense,36,timed,random,17,1000,10000,7000,8000,1.575875,3,5,6,6.303875,24,18.607,54,431504,148856,fe4fee5c553ccd41,,,,,,,
open_dense,36,timed,random,17,1000,10000,8000,9000,1.657,3,5,6,6.628333,24,19.256,54,492912,173304,5a03167f7298fe17,,,,,,,
open_dense,36,timed,random,17,1000,10000,9000,10000,1.7283,4,5,6,6.9135,24,19.8264,54,555320,198264,60fc9ea511a06885,,,,,,,
open_dense,36,timed,random,17,1000,10000,10000,11000,1.760545,3,5,6,7.042455,24,20.084364,54,613080,220928,b196e96a71044af1,,,,,,,
open_dense,36,diagnostic,random,17,1000,10000,0,1000,1.972,3,4,5,7.891,20,21.776,46,56728,21776,2746de8c85bcb8d3,3527,154112,104784,104784,32000,24728,48000
open_dense,36,diagnostic,random,17,1000,10000,1000,2000,2.09,3,4,6,8.3615,24,22.72,54,117000,45440,8d6f7764c29fa3fc,6827,299408,213056,213056,64000,53000,96000
open_dense,36,diagnostic,random,17,1000,10000,2000,3000,2.186667,4,5,6,8.747667,24,23.493333,54,179472,70480,8ef535a10c056fc9,9997,442832,323528,323528,96000,83472,144000
open_dense,36,diagnostic,random,17,1000,10000,3000,4000,2.254,4,5,6,9.01675,24,24.032,54,243080,96128,be3ba521b9c49284,13033,579488,435136,435136,128000,115080,192000
open_dense,36,diagnostic,random,17,1000,10000,4000,5000,2.3162,4,5,6,9.2654,24,24.5296,54,308696,122648,efcfd82c81ed08c0,16647,756320,548752,548752,160000,148696,240000
open_dense,36,diagnostic,random,17,1000,10000,5000,6000,2.3735,4,5,6,9.4945,24,24.988,54,375496,149928,75b05c87b30c84eb,19665,898416,663552,663552,192000,183496,288000
open_dense,36,diagnostic,random,17,1000,10000,6000,7000,2.424857,4,5,6,9.699857,24,25.398857,54,443408,177792,42066961d205b3d7,22665,1040960,779464,779464,224000,219408,336000
open_dense,36,diagnostic,random,17,1000,10000,7000,8000,1.575875,3,5,6,6.303875,24,18.607,54,431504,148856,fe4fee5c553ccd41,43009,2002896,815560,1150392,256000,175504,384000
open_dense,36,diagnostic,random,17,1000,10000,8000,9000,1.657,3,5,6,6.628333,24,19.256,54,492912,173304,5a03167f7298fe17,46275,2147992,924968,1150392,288000,204912,432000
open_dense,36,diagnostic,random,17,1000,10000,9000,10000,1.7283,4,5,6,6.9135,24,19.8264,54,555320,198264,60fc9ea511a06885,49275,2279112,1035376,1150392,320000,235320,480000
open_dense,36,diagnostic,random,17,1000,10000,10000,11000,1.760545,3,5,6,7.042455,24,20.084364,54,613080,220928,b196e96a71044af1,54397,2528328,1141136,1150392,352000,261080,528000
baseline,37,timed,equal,17,1000,10000,0,1000,0.999,1,1,1,3.999,4,13.992,14,47984,13992,c37bd93d2bb7b1c8,,,,,,,
baseline,37,timed,equal,17,1000,10000,1000,2000,0.9995,1,1,1,3.9995,4,13.996,14,95984,27992,73c65ae2bfd67530,,,,,,,
baseline,37,timed,equal,17,1000,10000,2000,3000,0.999667,1,1,1,3.999667,4,13.997333,14,143984,41992,e502104ff2f9d334,,,,,,,
baseline,37,timed,equal,17,1000,10000,3000,4000,0.99975,1,1,1,3.99975,4,13.998,14,191984,55992,97684abd7130a464,,,,,,,
baseline,37,timed,equal,17,1000,10000,4000,5000,0.9998,1,1,1,3.9998,4,13.9984,14,239984,69992,6ab9c2d64b9caef4,,,,,,,
baseline,37,timed,equal,17,1000,10000,5000,6000,0.999833,1,1,1,3.999833,4,13.998667,14,287984,83992,b8b6e8c0b7b32974,,,,,,,
baseline,37,timed,equal,17,1000,10000,6000,7000,0.999857,1,1,1,3.999857,4,13.998857,14,335984,97992,69b850b3e30c9894,,,,,,,
baseline,37,timed,equal,17,1000,10000,7000,8000,0.999875,1,1,1,3.999875,4,13.999,14,383984,111992,ece3ff2f3fafb224,,,,,,,
baseline,37,timed,equal,17,1000,10000,8000,9000,0.999889,1,1,1,3.999889,4,13.999111,14,431984,125992,4abd418ddf8ee9f4,,,,,,,
baseline,37,timed,equal,17,1000,10000,9000,10000,0.9999,1,1,1,3.9999,4,13.9992,14,479984,139992,e683f3560ca72cf4,,,,,,,
baseline,37,timed,equal,17,1000,10000,10000,11000,0.999909,1,1,1,3.999909,4,13.999273,14,527984,153992,f37d2e87da04e124,,,,,,,
baseline,37,diagnostic,equal,17,1000,10000,0,1000,0.999,1,1,1,3.999,4,13.992,14,47984,13992,c37bd93d2bb7b1c8,3001,96040,96040,96040,32000,15984,48000
baseline,37,diagnostic,equal,17,1000,10000,1000,2000,0.9995,1,1,1,3.9995,4,13.996,14,95984,27992,73c65ae2bfd67530,6001,192040,192040,192040,64000,31984,96000
baseline,37,diagnostic,equal,17,1000,10000,2000,3000,0.999667,1,1,1,3.999667,4,13.997333,14,143984,41992,e502104ff2f9d334,9001,288040,288040,288040,96000,47984,144000
baseline,37,diagnostic,equal,17,1000,10000,3000,4000,0.99975,1,1,1,3.99975,4,13.998,14,191984,55992,97684abd7130a464,12001,384040,384040,384040,128000,63984,192000
baseline,37,diagnostic,equal,17,1000,10000,4000,5000,0.9998,1,1,1,3.9998,4,13.9984,14,239984,69992,6ab9c2d64b9caef4,15001,480040,480040,480040,160000,79984,240000
baseline,37,diagnostic,equal,17,1000,10000,5000,6000,0.999833,1,1,1,3.999833,4,13.998667,14,287984,83992,b8b6e8c0b7b32974,18001,576040,576040,576040,192000,95984,288000
baseline,37,diagnostic,equal,17,1000,10000,6000,7000,0.999857,1,1,1,3.999857,4,13.998857,14,335984,97992,69b850b3e30c9894,21001,672040,672040,672040,224000,111984,336000
baseline,37,diagnostic,equal,17,1000,10000,7000,8000,0.999875,1,1,1,3.999875,4,13.999,14,383984,111992,ece3ff2f3fafb224,24001,768040,768040,768040,256000,127984,384000
baseline,37,diagnostic,equal,17,1000,10000,8000,9000,0.999889,1,1,1,3.999889,4,13.999111,14,431984,125992,4abd418ddf8ee9f4,27001,864040,864040,864040,288000,143984,432000
baseline,37,diagnostic,equal,17,1000,10000,9000,10000,0.9999,1,1,1,3.9999,4,13.9992,14,479984,139992,e683f3560ca72cf4,30001,960040,960040,960040,320000,159984,480000
baseline,37,diagnostic,equal,17,1000,10000,10000,11000,0.999909,1,1,1,3.999909,4,13.999273,14,527984,153992,f37d2e87da04e124,33001,1056040,1056040,1056040,352000,175984,528000
open_dense,37,timed,equal,17,1000,10000,0,1000,0.999,1,1,1,3.999,4,13.992,14,47984,13992,c37bd93d2bb7b1c8,,,,,,,
open_dense,37,timed,equal,17,1000,10000,1000,2000,0.9995,1,1,1,3.9995,4,13.996,14,95984,27992,73c65ae2bfd67530,,,,,,,
open_dense,37,timed,equal,17,1000,10000,2000,3000,0.999667,1,1,1,3.999667,4,13.997333,14,143984,41992,e502104ff2f9d334,,,,,,,
open_dense,37,timed,equal,17,1000,10000,3000,4000,0.99975,1,1,1,3.99975,4,13.998,14,191984,55992,97684abd7130a464,,,,,,,
open_dense,37,timed,equal,17,1000,10000,4000,5000,0.9998,1,1,1,3.9998,4,13.9984,14,239984,69992,6ab9c2d64b9caef4,,,,,,,
open_dense,37,timed,equal,17,1000,10000,5000,6000,0.999833,1,1,1,3.999833,4,13.998667,14,287984,83992,b8b6e8c0b7b32974,,,,,,,
open_dense,37,timed,equal,17,1000,10000,6000,7000,0.999857,1,1,1,3.999857,4,13.998857,14,335984,97992,69b850b3e30c9894,,,,,,,
open_dense,37,timed,equal,17,1000,10000,7000,8000,0.999875,1,1,1,3.999875,4,13.999,14,383984,111992,ece3ff2f3fafb224,,,,,,,
open_dense,37,timed,equal,17,1000,10000,8000,9000,0.999889,1,1,1,3.999889,4,13.999111,14,431984,125992,4abd418ddf8ee9f4,,,,,,,
open_dense,37,timed,equal,17,1000,10000,9000,10000,0.9999,1,1,1,3.9999,4,13.9992,14,479984,139992,e683f3560ca72cf4,,,,,,,
open_dense,37,timed,equal,17,1000,10000,10000,11000,0.999909,1,1,1,3.999909,4,13.999273,14,527984,153992,f37d2e87da04e124,,,,,,,
open_dense,37,diagnostic,equal,17,1000,10000,0,1000,0.999,1,1,1,3.999,4,13.992,14,47984,13992,c37bd93d2bb7b1c8,3001,96040,96040,96040,32000,15984,48000
open_dense,37,diagnostic,equal,17,1000,10000,1000,2000,0.9995,1,1,1,3.9995,4,13.996,14,95984,27992,73c65ae2bfd67530,6001,192040,192040,192040,64000,31984,96000
open_dense,37,diagnostic,equal,17,1000,10000,2000,3000,0.999667,1,1,1,3.999667,4,13.997333,14,143984,41992,e502104ff2f9d334,9001,288040,288040,288040,96000,47984,144000
open_dense,37,diagnostic,equal,17,1000,10000,3000,4000,0.99975,1,1,1,3.99975,4,13.998,14,191984,55992,97684abd7130a464,12001,384040,384040,384040,128000,63984,192000
open_dense,37,diagnostic,equal,17,1000,10000,4000,5000,0.9998,1,1,1,3.9998,4,13.9984,14,239984,69992,6ab9c2d64b9caef4,15001,480040,480040,480040,160000,79984,240000
open_dense,37,diagnostic,equal,17,1000,10000,5000,6000,0.999833,1,1,1,3.999833,4,13.998667,14,287984,83992,b8b6e8c0b7b32974,18001,576040,576040,576040,192000,95984,288000
open_dense,37,diagnostic,equal,17,1000,10000,6000,7000,0.999857,1,1,1,3.999857,4,13.998857,14,335984,97992,69b850b3e30c9894,21001,672040,672040,672040,224000,111984,336000
open_dense,37,diagnostic,equal,17,1000,10000,7000,8000,0.999875,1,1,1,3.999875,4,13.999,14,383984,111992,ece3ff2f3fafb224,24001,768040,768040,768040,256000,127984,384000
open_dense,37,diagnostic,equal,17,1000,10000,8000,9000,0.999889,1,1,1,3.999889,4,13.999111,14,431984,125992,4abd418ddf8ee9f4,27001,864040,864040,864040,288000,143984,432000
open_dense,37,diagnostic,equal,17,1000,10000,9000,10000,0.9999,1,1,1,3.9999,4,13.9992,14,479984,139992,e683f3560ca72cf4,30001,960040,960040,960040,320000,159984,480000
open_dense,37,diagnostic,equal,17,1000,10000,10000,11000,0.999909,1,1,1,3.999909,4,13.999273,14,527984,153992,f37d2e87da04e124,33001,1056040,1056040,1056040,352000,175984,528000
baseline,38,timed,duplicates,17,1000,10000,0,1000,2.204,3,3,3,8.819,12,23.632,30,59480,23632,ab8d5cbf1ebe5814,,,,,,,
baseline,38,timed,duplicates,17,1000,10000,1000,2000,2.1475,3,3,6,8.5915,24,23.18,54,117368,46360,9633d494579b5b39,,,,,,,
baseline,38,timed,duplicates,17,1000,10000,2000,3000,2.076333,3,3,6,8.306333,24,22.610667,54,172856,67832,c96c8741f73d990c,,,,,,,
baseline,38,timed,duplicates,17,1000,10000,3000,4000,2.09075,3,3,6,8.36375,24,22.726,54,231352,90904,cd35d913f558e196,,,,,,,
baseline,38,timed,duplicates,17,1000,10000,4000,5000,2.2274,3,4,6,8.9102,24,23.8192,54,299408,119096,253ec551fc1bbb82,,,,,,,
baseline,38,timed,duplicates,17,1000,10000,5000,6000,2.408333,4,5,6,9.633833,24,25.266667,54,376024,151600,e7df1b4518c7af3b,,,,,,,
baseline,38,timed,duplicates,17,1000,10000,6000,7000,2.383714,4,5,6,9.535286,24,25.069714,54,439152,175488,23da70c1fd1611b9,,,,,,,
baseline,38,timed,duplicates,17,1000,10000,7000,8000,2.312875,4,5,6,9.251875,24,24.503,54,491904,196024,4771a443fc393e2a,,,,,,,
baseline,38,timed,duplicates,17,1000,10000,8000,9000,2.308333,4,5,6,9.233667,24,24.466667,54,552256,220200,e1369e60a73e82ca,,,,,,,
baseline,38,timed,duplicates,17,1000,10000,9000,10000,2.3541,4,5,6,9.4167,24,24.8328,54,620368,248328,077ff11f51ebb72e,,,,,,,
baseline,38,timed,duplicates,17,1000,10000,10000,11000,2.415,4,5,6,9.660273,24,25.32,54,692928,278520,5ed9e23c23b05e27,,,,,,,
baseline,38,diagnostic,duplicates,17,1000,10000,0,1000,2.204,3,3,3,8.819,12,23.632,30,59480,23632,ab8d5cbf1ebe5814,8252,432104,107536,170600,32000,27480,48000
baseline,38,diagnostic,duplicates,17,1000,10000,1000,2000,2.1475,3,3,6,8.5915,24,23.18,54,117368,46360,9633d494579b5b39,12206,613872,213424,213672,64000,53368,96000
baseline,38,diagnostic,duplicates,17,1000,10000,2000,3000,2.076333,3,3,6,8.306333,24,22.610667,54,172856,67832,c96c8741f73d990c,16718,821664,316912,316912,96000,76856,144000
baseline,38,diagnostic,duplicates,17,1000,10000,3000,4000,2.09075,3,3,6,8.36375,24,22.726,54,231352,90904,cd35d913f558e196,21734,1066272,423408,423408,128000,103352,192000
baseline,38,diagnostic,duplicates,17,1000,10000,4000,5000,2.2274,3,4,6,8.9102,24,23.8192,54,299408,119096,253ec551fc1bbb82,26066,1294720,539464,539672,160000,139408,240000
baseline,38,diagnostic,duplicates,17,1000,10000,5000,6000,2.408333,4,5,6,9.633833,24,25.266667,54,376024,151600,e7df1b4518c7af3b,30140,1532560,664080,664760,192000,184024,288000
baseline,38,diagnostic,duplicates,17,1000,10000,6000,7000,2.383714,4,5,6,9.535286,24,25.069714,54,439152,175488,23da70c1fd1611b9,36936,1917264,775208,775208,224000,215152,336000
baseline,38,diagnostic,duplicates,17,1000,10000,7000,8000,2.312875,4,5,6,9.251875,24,24.503,54,491904,196024,4771a443fc393e2a,41808,2154736,875960,875960,256000,235904,384000
baseline,38,diagnostic,duplicates,17,1000,10000,8000,9000,2.308333,4,5,6,9.233667,24,24.466667,54,552256,220200,e1369e60a73e82ca,46694,2397624,984312,984312,288000,264256,432000
baseline,38,diagnostic,duplicates,17,1000,10000,9000,10000,2.3541,4,5,6,9.4167,24,24.8328,54,620368,248328,077ff11f51ebb72e,51116,2632216,1100424,1100424,320000,300368,480000
baseline,38,diagnostic,duplicates,17,1000,10000,10000,11000,2.415,4,5,6,9.660273,24,25.32,54,692928,278520,5ed9e23c23b05e27,55638,2890368,1220984,1221424,352000,340928,528000
open_dense,38,timed,duplicates,17,1000,10000,0,1000,2.28,3,5,6,9.12,24,24.24,54,61160,24240,03c271ea826eb868,,,,,,,
open_dense,38,timed,duplicates,17,1000,10000,1000,2000,2.4985,4,5,6,9.994,24,25.988,54,128272,51976,d50dafb8e569b557,,,,,,,
open_dense,38,timed,duplicates,17,1000,10000,2000,3000,2.815,5,5,6,11.26,24,28.52,54,207184,85560,f3f33daec7e0ee50,,,,,,,
open_dense,38,timed,duplicates,17,1000,10000,3000,4000,2.93425,5,5,6,11.737,24,29.474,54,284256,117896,cf5ea7b9e497d5a0,,,,,,,
open_dense,38,timed,duplicates,17,1000,10000,4000,5000,3.0158,5,5,6,12.0632,24,30.1264,54,363128,150632,27792fac4c37cbe8,,,,,,,
open_dense,38,timed,duplicates,17,1000,10000,5000,6000,3.027667,5,5,6,12.110667,24,30.221333,54,436112,181328,7352319b4430db2c,,,,,,,
open_dense,38,timed,duplicates,17,1000,10000,6000,7000,3.022571,5,5,6,12.090286,24,30.180571,54,508256,211264,35cb52f47b1356b0,,,,,,,
open_dense,38,timed,duplicates,17,1000,10000,7000,8000,3.011375,5,5,6,12.0455,24,30.091,54,578720,240728,ead9119132394402,,,,,,,
open_dense,38,timed,duplicates,17,1000,10000,8000,9000,2.633333,4,5,6,10.533333,24,27.066667,54,610224,243600,c21f0f35c89dc7cf,,,,,,,
open_dense,38,timed,duplicates,17,1000,10000,9000,10000,2.7425,5,5,6,10.97,24,27.94,54,687896,279400,9e77da1997d45bca,,,,,,,
open_dense,38,timed,duplicates,17,1000,10000,10000,11000,2.744091,5,5,6,10.976364,24,27.952727,54,756808,307480,3eb57c6b03a1d390,,,,,,,
open_dense,38,diagnostic,duplicates,17,1000,10000,0,1000,2.28,3,5,6,9.12,24,24.24,54,61160,24240,03c271ea826eb868,6539,331384,109216,138512,32000,29160,48000
open_dense,38,diagnostic,duplicates,17,1000,10000,1000,2000,2.4985,4,5,6,9.994,24,25.988,54,128272,51976,d50dafb8e569b557,11625,618336,224328,224328,64000,64272,96000
open_dense,38,diagnostic,duplicates,17,1000,10000,2000,3000,2.815,5,5,6,11.26,24,28.52,54,207184,85560,f3f33daec7e0ee50,16865,933728,351240,351240,96000,111184,144000
open_dense,38,diagnostic,duplicates,17,1000,10000,3000,4000,2.93425,5,5,6,11.737,24,29.474,54,284256,117896,cf5ea7b9e497d5a0,25035,1446864,476312,481528,128000,156256,192000
open_dense,38,diagnostic,duplicates,17,1000,10000,4000,5000,3.0158,5,5,6,12.0632,24,30.1264,54,363128,150632,27792fac4c37cbe8,38623,2294448,603184,603184,160000,203128,240000
open_dense,38,diagnostic,duplicates,17,1000,10000,5000,6000,3.027667,5,5,6,12.110667,24,30.221333,54,436112,181328,7352319b4430db2c,48973,2945424,724168,727272,192000,244112,288000
open_dense,38,diagnostic,duplicates,17,1000,10000,6000,7000,3.022571,5,5,6,12.090286,24,30.180571,54,508256,211264,35cb52f47b1356b0,53691,3220288,844312,844784,224000,284256,336000
open_dense,38,diagnostic,duplicates,17,1000,10000,7000,8000,3.011375,5,5,6,12.0455,24,30.091,54,578720,240728,ead9119132394402,58539,3502696,962776,962776,256000,322720,384000
open_dense,38,diagnostic,duplicates,17,1000,10000,8000,9000,2.633333,4,5,6,10.533333,24,27.066667,54,610224,243600,c21f0f35c89dc7cf,71697,4168992,1042280,1187440,288000,322224,432000
open_dense,38,diagnostic,duplicates,17,1000,10000,9000,10000,2.7425,5,5,6,10.97,24,27.94,54,687896,279400,9e77da1997d45bca,79971,4686928,1167952,1213656,320000,367896,480000
open_dense,38,diagnostic,duplicates,17,1000,10000,10000,11000,2.744091,5,5,6,10.976364,24,27.952727,54,756808,307480,3eb57c6b03a1d390,101179,6008312,1284864,1352136,352000,404808,528000
baseline,39,timed,alternating,17,1000,10000,0,1000,1.577,6,6,6,6.311,24,18.616,54,54952,18616,80b43e6cfa039741,,,,,,,
baseline,39,timed,alternating,17,1000,10000,1000,2000,1.589,6,6,6,6.3575,24,18.712,54,108968,37424,a5de4eb502c0e113,,,,,,,
baseline,39,timed,alternating,17,1000,10000,2000,3000,1.807333,4,5,6,7.230333,24,20.458667,54,170440,61376,4cb666e1176f6699,,,,,,,
baseline,39,timed,alternating,17,1000,10000,3000,4000,2.00325,4,6,6,8.01375,24,22.026,54,236688,88104,f3bc975cd572e9b1,,,,,,,
baseline,39,timed,alternating,17,1000,10000,4000,5000,1.1832,2,4,6,4.7334,24,15.4656,54,250368,77328,63cbcd0a553f531d,,,,,,,
baseline,39,timed,alternating,17,1000,10000,5000,6000,1.385667,3,6,6,5.543167,24,17.085333,54,313296,102512,d14d899264e24beb,,,,,,,
baseline,39,timed,alternating,17,1000,10000,6000,7000,1.544143,3,4,6,6.177,24,18.353143,54,379368,128472,58804ac62973b475,,,,,,,
baseline,39,timed,alternating,17,1000,10000,7000,8000,1.366875,2,3,5,5.467875,20,16.935,46,411096,135480,e27f47e3429e74f2,,,,,,,
baseline,39,timed,alternating,17,1000,10000,8000,9000,1.525222,3,4,6,6.101222,24,18.201778,54,479856,163816,e333d115f29d58e8,,,,,,,
baseline,39,timed,alternating,17,1000,10000,9000,10000,1.6244,3,5,6,6.4979,24,18.9952,54,543744,189952,8538ee49d4da3cec,,,,,,,
baseline,39,timed,alternating,17,1000,10000,10000,11000,1.705455,3,4,6,6.822091,24,19.643636,54,610712,216080,a7b08f44dba1944a,,,,,,,
baseline,39,diagnostic,alternating,17,1000,10000,0,1000,1.577,6,6,6,6.311,24,18.616,54,54952,18616,80b43e6cfa039741,21072,1809440,103008,110968,32000,22952,48000
baseline,39,diagnostic,alternating,17,1000,10000,1000,2000,1.589,6,6,6,6.3575,24,18.712,54,108968,37424,a5de4eb502c0e113,54476,4558792,205024,247456,64000,44968,96000
baseline,39,diagnostic,alternating,17,1000,10000,2000,3000,1.807333,4,5,6,7.230333,24,20.458667,54,170440,61376,4cb666e1176f6699,94750,7768480,314496,382056,96000,74440,144000
baseline,39,diagnostic,alternating,17,1000,10000,3000,4000,2.00325,4,6,6,8.01375,24,22.026,54,236688,88104,f3bc975cd572e9b1,147594,11581624,428744,554560,128000,108688,192000
baseline,39,diagnostic,alternating,17,1000,10000,4000,5000,1.1832,2,4,6,4.7334,24,15.4656,54,250368,77328,63cbcd0a553f531d,201896,15315544,490424,741584,160000,90368,240000
baseline,39,diagnostic,alternating,17,1000,10000,5000,6000,1.385667,3,6,6,5.543167,24,17.085333,54,313296,102512,d14d899264e24beb,241670,18486952,601352,741584,192000,121296,288000
baseline,39,diagnostic,alternating,17,1000,10000,6000,7000,1.544143,3,4,6,6.177,24,18.353143,54,379368,128472,58804ac62973b475,304374,22911376,715424,882056,224000,155368,336000
baseline,39,diagnostic,alternating,17,1000,10000,7000,8000,1.366875,2,3,5,5.467875,20,16.935,46,411096,135480,e27f47e3429e74f2,355902,26552952,795152,1022384,256000,155096,384000
baseline,39,diagnostic,alternating,17,1000,10000,8000,9000,1.525222,3,4,6,6.101222,24,18.201778,54,479856,163816,e333d115f29d58e8,401656,30018056,911912,1022384,288000,191856,432000
baseline,39,diagnostic,alternating,17,1000,10000,9000,10000,1.6244,3,5,6,6.4979,24,18.9952,54,543744,189952,8538ee49d4da3cec,467792,34524112,1023800,1296136,320000,223744,480000
baseline,39,diagnostic,alternating,17,1000,10000,10000,11000,1.705455,3,4,6,6.822091,24,19.643636,54,610712,216080,a7b08f44dba1944a,543776,39555872,1138768,1456960,352000,258712,528000
open_dense,39,timed,alternating,17,1000,10000,0,1000,1.577,6,6,6,6.311,24,18.616,54,54952,18616,80b43e6cfa039741,,,,,,,
open_dense,39,timed,alternating,17,1000,10000,1000,2000,1.589,6,6,6,6.3575,24,18.712,54,108968,37424,a5de4eb502c0e113,,,,,,,
open_dense,39,timed,alternating,17,1000,10000,2000,3000,1.807333,4,5,6,7.230333,24,20.458667,54,170440,61376,4cb666e1176f6699,,,,,,,
open_dense,39,timed,alternating,17,1000,10000,3000,4000,2.00325,4,6,6,8.01375,24,22.026,54,236688,88104,f3bc975cd572e9b1,,,,,,,
open_dense,39,timed,alternating,17,1000,10000,4000,5000,1.1832,2,4,6,4.7334,24,15.4656,54,250368,77328,63cbcd0a553f531d,,,,,,,
open_dense,39,timed,alternating,17,1000,10000,5000,6000,1.385667,3,6,6,5.543167,24,17.085333,54,313296,102512,d14d899264e24beb,,,,,,,
open_dense,39,timed,alternating,17,1000,10000,6000,7000,1.544143,3,4,6,6.177,24,18.353143,54,379368,128472,58804ac62973b475,,,,,,,
open_dense,39,timed,alternating,17,1000,10000,7000,8000,1.366875,2,3,5,5.467875,20,16.935,46,411096,135480,e27f47e3429e74f2,,,,,,,
open_dense,39,timed,alternating,17,1000,10000,8000,9000,1.525222,3,4,6,6.101222,24,18.201778,54,479856,163816,e333d115f29d58e8,,,,,,,
open_dense,39,timed,alternating,17,1000,10000,9000,10000,1.6244,3,5,6,6.4979,24,18.9952,54,543744,189952,8538ee49d4da3cec,,,,,,,
open_dense,39,timed,alternating,17,1000,10000,10000,11000,1.705455,3,4,6,6.822091,24,19.643636,54,610712,216080,a7b08f44dba1944a,,,,,,,
open_dense,39,diagnostic,alternating,17,1000,10000,0,1000,1.577,6,6,6,6.311,24,18.616,54,54952,18616,80b43e6cfa039741,21072,1809440,103008,110968,32000,22952,48000
open_dense,39,diagnostic,alternating,17,1000,10000,1000,2000,1.589,6,6,6,6.3575,24,18.712,54,108968,37424,a5de4eb502c0e113,54476,4558792,205024,247456,64000,44968,96000
open_dense,39,diagnostic,alternating,17,1000,10000,2000,3000,1.807333,4,5,6,7.230333,24,20.458667,54,170440,61376,4cb666e1176f6699,94750,7768480,314496,382056,96000,74440,144000
open_dense,39,diagnostic,alternating,17,1000,10000,3000,4000,2.00325,4,6,6,8.01375,24,22.026,54,236688,88104,f3bc975cd572e9b1,147594,11581624,428744,554560,128000,108688,192000
open_dense,39,diagnostic,alternating,17,1000,10000,4000,5000,1.1832,2,4,6,4.7334,24,15.4656,54,250368,77328,63cbcd0a553f531d,201896,15315544,490424,741584,160000,90368,240000
open_dense,39,diagnostic,alternating,17,1000,10000,5000,6000,1.385667,3,6,6,5.543167,24,17.085333,54,313296,102512,d14d899264e24beb,241670,18486952,601352,741584,192000,121296,288000
open_dense,39,diagnostic,alternating,17,1000,10000,6000,7000,1.544143,3,4,6,6.177,24,18.353143,54,379368,128472,58804ac62973b475,304374,22911376,715424,882056,224000,155368,336000
open_dense,39,diagnostic,alternating,17,1000,10000,7000,8000,1.366875,2,3,5,5.467875,20,16.935,46,411096,135480,e27f47e3429e74f2,355902,26552952,795152,1022384,256000,155096,384000
open_dense,39,diagnostic,alternating,17,1000,10000,8000,9000,1.525222,3,4,6,6.101222,24,18.201778,54,479856,163816,e333d115f29d58e8,401656,30018056,911912,1022384,288000,191856,432000
open_dense,39,diagnostic,alternating,17,1000,10000,9000,10000,1.6244,3,5,6,6.4979,24,18.9952,54,543744,189952,8538ee49d4da3cec,467792,34524112,1023800,1296136,320000,223744,480000
open_dense,39,diagnostic,alternating,17,1000,10000,10000,11000,1.705455,3,4,6,6.822091,24,19.643636,54,610712,216080,a7b08f44dba1944a,543776,39555872,1138768,1456960,352000,258712,528000
baseline,40,timed,hotspot,17,1000,10000,0,1000,0.999,1,1,1,6.837,7,16.173,17,47984,16173,cd0111ef2db53188,,,,,,,
baseline,40,timed,hotspot,17,1000,10000,1000,2000,0.9995,1,1,1,7.41,8,16.5865,17,95984,33173,da07b128fdd51c1c,,,,,,,
baseline,40,timed,hotspot,17,1000,10000,2000,3000,0.999667,1,1,1,7.606667,8,16.724333,17,143984,50173,d7e4d69617d16f40,,,,,,,
baseline,40,timed,hotspot,17,1000,10000,3000,4000,0.99975,1,1,1,7.705,8,16.79325,17,191984,67173,8cb34c4a37171fe4,,,,,,,
baseline,40,timed,hotspot,17,1000,10000,4000,5000,0.9998,1,1,1,7.764,8,16.8346,17,239984,84173,88b3f0853fa612f8,,,,,,,
baseline,40,timed,hotspot,17,1000,10000,5000,6000,0.999833,1,1,1,7.803333,8,16.862167,17,287984,101173,4157302edde632ec,,,,,,,
baseline,40,timed,hotspot,17,1000,10000,6000,7000,0.999857,1,1,1,7.831429,8,16.881857,17,335984,118173,07d8b007f46fc0d0,,,,,,,
baseline,40,timed,hotspot,17,1000,10000,7000,8000,0.999875,1,1,1,7.8525,8,16.896625,17,383984,135173,9250a2498f21cd54,,,,,,,
baseline,40,timed,hotspot,17,1000,10000,8000,9000,0.999889,1,1,1,7.868889,8,16.908111,17,431984,152173,c387aee304d147a8,,,,,,,
baseline,40,timed,hotspot,17,1000,10000,9000,10000,0.9999,1,1,1,7.882,8,16.9173,17,479984,169173,d1cec81ae91dbcbb,,,,,,,
baseline,40,timed,hotspot,17,1000,10000,10000,11000,0.999909,1,1,1,7.982091,9,16.924818,17,527984,186173,acc84e9c6632958f,,,,,,,
baseline,40,diagnostic,hotspot,17,1000,10000,0,1000,0.999,1,1,1,6.837,7,16.173,17,47984,16173,cd0111ef2db53188,3001,96040,96040,96040,32000,15984,48000
baseline,40,diagnostic,hotspot,17,1000,10000,1000,2000,0.9995,1,1,1,7.41,8,16.5865,17,95984,33173,da07b128fdd51c1c,6001,192040,192040,192040,64000,31984,96000
baseline,40,diagnostic,hotspot,17,1000,10000,2000,3000,0.999667,1,1,1,7.606667,8,16.724333,17,143984,50173,d7e4d69617d16f40,9001,288040,288040,288040,96000,47984,144000
baseline,40,diagnostic,hotspot,17,1000,10000,3000,4000,0.99975,1,1,1,7.705,8,16.79325,17,191984,67173,8cb34c4a37171fe4,12001,384040,384040,384040,128000,63984,192000
baseline,40,diagnostic,hotspot,17,1000,10000,4000,5000,0.9998,1,1,1,7.764,8,16.8346,17,239984,84173,88b3f0853fa612f8,15001,480040,480040,480040,160000,79984,240000
baseline,40,diagnostic,hotspot,17,1000,10000,5000,6000,0.999833,1,1,1,7.803333,8,16.862167,17,287984,101173,4157302edde632ec,18001,576040,576040,576040,192000,95984,288000
baseline,40,diagnostic,hotspot,17,1000,10000,6000,7000,0.999857,1,1,1,7.831429,8,16.881857,17,335984,118173,07d8b007f46fc0d0,21001,672040,672040,672040,224000,111984,336000
baseline,40,diagnostic,hotspot,17,1000,10000,7000,8000,0.999875,1,1,1,7.8525,8,16.896625,17,383984,135173,9250a2498f21cd54,24001,768040,768040,768040,256000,127984,384000
baseline,40,diagnostic,hotspot,17,1000,10000,8000,9000,0.999889,1,1,1,7.868889,8,16.908111,17,431984,152173,c387aee304d147a8,27001,864040,864040,864040,288000,143984,432000
baseline,40,diagnostic,hotspot,17,1000,10000,9000,10000,0.9999,1,1,1,7.882,8,16.9173,17,479984,169173,d1cec81ae91dbcbb,30001,960040,960040,960040,320000,159984,480000
baseline,40,diagnostic,hotspot,17,1000,10000,10000,11000,0.999909,1,1,1,7.982091,9,16.924818,17,527984,186173,acc84e9c6632958f,33001,1056040,1056040,1056040,352000,175984,528000
open_dense,40,timed,hotspot,17,1000,10000,0,1000,0.999,1,1,1,6.837,7,16.173,17,47984,16173,cd0111ef2db53188,,,,,,,
open_dense,40,timed,hotspot,17,1000,10000,1000,2000,0.9995,1,1,1,7.41,8,16.5865,17,95984,33173,da07b128fdd51c1c,,,,,,,
open_dense,40,timed,hotspot,17,1000,10000,2000,3000,0.999667,1,1,1,7.606667,8,16.724333,17,143984,50173,d7e4d69617d16f40,,,,,,,
open_dense,40,timed,hotspot,17,1000,10000,3000,4000,0.99975,1,1,1,7.705,8,16.79325,17,191984,67173,8cb34c4a37171fe4,,,,,,,
open_dense,40,timed,hotspot,17,1000,10000,4000,5000,0.9998,1,1,1,7.764,8,16.8346,17,239984,84173,88b3f0853fa612f8,,,,,,,
open_dense,40,timed,hotspot,17,1000,10000,5000,6000,0.999833,1,1,1,7.803333,8,16.862167,17,287984,101173,4157302edde632ec,,,,,,,
open_dense,40,timed,hotspot,17,1000,10000,6000,7000,0.999857,1,1,1,7.831429,8,16.881857,17,335984,118173,07d8b007f46fc0d0,,,,,,,
open_dense,40,timed,hotspot,17,1000,10000,7000,8000,0.999875,1,1,1,7.8525,8,16.896625,17,383984,135173,9250a2498f21cd54,,,,,,,
open_dense,40,timed,hotspot,17,1000,10000,8000,9000,0.999889,1,1,1,7.868889,8,16.908111,17,431984,152173,c387aee304d147a8,,,,,,,
open_dense,40,timed,hotspot,17,1000,10000,9000,10000,0.9999,1,1,1,7.882,8,16.9173,17,479984,169173,d1cec81ae91dbcbb,,,,,,,
open_dense,40,timed,hotspot,17,1000,10000,10000,11000,0.999909,1,1,1,7.982091,9,16.924818,17,527984,186173,acc84e9c6632958f,,,,,,,
open_dense,40,diagnostic,hotspot,17,1000,10000,0,1000,0.999,1,1,1,6.837,7,16.173,17,47984,16173,cd0111ef2db53188,3001,96040,96040,96040,32000,15984,48000
open_dense,40,diagnostic,hotspot,17,1000,10000,1000,2000,0.9995,1,1,1,7.41,8,16.5865,17,95984,33173,da07b128fdd51c1c,6001,192040,192040,192040,64000,31984,96000
open_dense,40,diagnostic,hotspot,17,1000,10000,2000,3000,0.999667,1,1,1,7.606667,8,16.724333,17,143984,50173,d7e4d69617d16f40,9001,288040,288040,288040,96000,47984,144000
open_dense,40,diagnostic,hotspot,17,1000,10000,3000,4000,0.99975,1,1,1,7.705,8,16.79325,17,191984,67173,8cb34c4a37171fe4,12001,384040,384040,384040,128000,63984,192000
open_dense,40,diagnostic,hotspot,17,1000,10000,4000,5000,0.9998,1,1,1,7.764,8,16.8346,17,239984,84173,88b3f0853fa612f8,15001,480040,480040,480040,160000,79984,240000
open_dense,40,diagnostic,hotspot,17,1000,10000,5000,6000,0.999833,1,1,1,7.803333,8,16.862167,17,287984,101173,4157302edde632ec,18001,576040,576040,576040,192000,95984,288000
open_dense,40,diagnostic,hotspot,17,1000,10000,6000,7000,0.999857,1,1,1,7.831429,8,16.881857,17,335984,118173,07d8b007f46fc0d0,21001,672040,672040,672040,224000,111984,336000
open_dense,40,diagnostic,hotspot,17,1000,10000,7000,8000,0.999875,1,1,1,7.8525,8,16.896625,17,383984,135173,9250a2498f21cd54,24001,768040,768040,768040,256000,127984,384000
open_dense,40,diagnostic,hotspot,17,1000,10000,8000,9000,0.999889,1,1,1,7.868889,8,16.908111,17,431984,152173,c387aee304d147a8,27001,864040,864040,864040,288000,143984,432000
open_dense,40,diagnostic,hotspot,17,1000,10000,9000,10000,0.9999,1,1,1,7.882,8,16.9173,17,479984,169173,d1cec81ae91dbcbb,30001,960040,960040,960040,320000,159984,480000
open_dense,40,diagnostic,hotspot,17,1000,10000,10000,11000,0.999909,1,1,1,7.982091,9,16.924818,17,527984,186173,acc84e9c6632958f,33001,1056040,1056040,1056040,352000,175984,528000
baseline,41,timed,ascending,17,10000,100000,0,10000,0.9999,1,1,1,3.9999,4,13.9992,14,479984,139992,e683f3560ca72cf4,,,,,,,
baseline,41,timed,ascending,17,10000,100000,10000,20000,0.99995,1,1,1,3.99995,4,13.9996,14,959984,279992,2dc31c29f8a29a9c,,,,,,,
baseline,41,timed,ascending,17,10000,100000,20000,30000,0.999967,1,1,1,3.999967,4,13.999733,14,1439984,419992,8d22810b7c577fd0,,,,,,,
baseline,41,timed,ascending,17,10000,100000,30000,40000,1.194925,2,2,2,4.779775,8,15.5594,22,1982368,622376,4a8bfffc5948cb4c,,,,,,,
baseline,41,timed,ascending,17,10000,100000,40000,50000,1.35594,2,2,2,5.42382,8,16.84752,22,2542368,842376,472860ed72a44d04,,,,,,,
baseline,41,timed,ascending,17,10000,100000,50000,60000,1.463283,2,2,2,5.853183,8,17.706267,22,3102368,1062376,1b3d55284ee01158,,,,,,,
baseline,41,timed,ascending,17,10000,100000,60000,70000,1.611814,3,3,3,6.4473,12,18.894514,30,3742848,1322616,cce95debb83593f8,,,,,,,
baseline,41,timed,ascending,17,10000,100000,70000,80000,1.785338,3,3,3,7.141388,12,20.2827,30,4462848,1622616,6be25bfc725bc394,,,,,,,
baseline,41,timed,ascending,17,10000,100000,80000,90000,1.9203,3,3,3,7.681233,12,21.3624,30,5182848,1922616,ec47b67e79e3d304,,,,,,,
baseline,41,timed,ascending,17,10000,100000,90000,100000,2.05089,3,4,4,8.20359,16,22.40712,38,5902872,2240712,d68cfc369fc68ad8,,,,,,,
baseline,41,timed,ascending,17,10000,100000,100000,110000,2.228082,4,4,4,8.912355,16,23.824655,38,6622872,2620712,2a307dafda0a95f0,,,,,,,
baseline,41,diagnostic,ascending,17,10000,100000,0,10000,0.9999,1,1,1,3.9999,4,13.9992,14,479984,139992,e683f3560ca72cf4,30001,960040,960040,960040,320000,159984,480000
baseline,41,diagnostic,ascending,17,10000,100000,10000,20000,0.99995,1,1,1,3.99995,4,13.9996,14,959984,279992,2dc31c29f8a29a9c,60001,1920040,1920040,1920040,640000,319984,960000
baseline,41,diagnostic,ascending,17,10000,100000,20000,30000,0.999967,1,1,1,3.999967,4,13.999733,14,1439984,419992,8d22810b7c577fd0,90001,2880040,2880040,2880040,960000,479984,1440000
baseline,41,diagnostic,ascending,17,10000,100000,30000,40000,1.194925,2,2,2,4.779775,8,15.5594,22,1982368,622376,4a8bfffc5948cb4c,120001,4027192,3902424,3902424,1280000,702368,1920000
baseline,41,diagnostic,ascending,17,10000,100000,40000,50000,1.35594,2,2,2,5.42382,8,16.84752,22,2542368,842376,472860ed72a44d04,150001,5227192,4942424,4942424,1600000,942368,2400000
baseline,41,diagnostic,ascending,17,10000,100000,50000,60000,1.463283,2,2,2,5.853183,8,17.706267,22,3102368,1062376,1b3d55284ee01158,180001,6427192,5982424,5982424,1920000,1182368,2880000
baseline,41,diagnostic,ascending,17,10000,100000,60000,70000,1.611814,3,3,3,6.4473,12,18.894514,30,3742848,1322616,cce95debb83593f8,210001,7828376,7102904,7102904,2240000,1502848,3360000
baseline,41,diagnostic,ascending,17,10000,100000,70000,80000,1.785338,3,3,3,7.141388,12,20.2827,30,4462848,1622616,6be25bfc725bc394,240001,9428376,8302904,8302904,2560000,1902848,3840000
baseline,41,diagnostic,ascending,17,10000,100000,80000,90000,1.9203,3,3,3,7.681233,12,21.3624,30,5182848,1922616,ec47b67e79e3d304,270001,11028376,9502904,9502904,2880000,2302848,4320000
baseline,41,diagnostic,ascending,17,10000,100000,90000,100000,2.05089,3,4,4,8.20359,16,22.40712,38,5902872,2240712,d68cfc369fc68ad8,300001,12628392,10702928,10702928,3200000,2702872,4800000
baseline,41,diagnostic,ascending,17,10000,100000,100000,110000,2.228082,4,4,4,8.912355,16,23.824655,38,6622872,2620712,2a307dafda0a95f0,330001,14228392,11902928,11902928,3520000,3102872,5280000
open_dense,41,timed,ascending,17,10000,100000,0,10000,0.9999,1,1,1,3.9999,4,13.9992,14,479984,139992,e683f3560ca72cf4,,,,,,,
open_dense,41,timed,ascending,17,10000,100000,10000,20000,0.99995,1,1,1,3.99995,4,13.9996,14,959984,279992,2dc31c29f8a29a9c,,,,,,,
open_dense,41,timed,ascending,17,10000,100000,20000,30000,0.999967,1,1,1,3.999967,4,13.999733,14,1439984,419992,8d22810b7c577fd0,,,,,,,
open_dense,41,timed,ascending,17,10000,100000,30000,40000,1.194925,2,2,2,4.779775,8,15.5594,22,1982368,622376,4a8bfffc5948cb4c,,,,,,,
open_dense,41,timed,ascending,17,10000,100000,40000,50000,1.35594,2,2,2,5.42382,8,16.84752,22,2542368,842376,472860ed72a44d04,,,,,,,
open_dense,41,timed,ascending,17,10000,100000,50000,60000,1.463283,2,2,2,5.853183,8,17.706267,22,3102368,1062376,1b3d55284ee01158,,,,,,,
open_dense,41,timed,ascending,17,10000,100000,60000,70000,1.611814,3,3,3,6.4473,12,18.894514,30,3742848,1322616,cce95debb83593f8,,,,,,,
open_dense,41,timed,ascending,17,10000,100000,70000,80000,1.785338,3,3,3,7.141388,12,20.2827,30,4462848,1622616,6be25bfc725bc394,,,,,,,
open_dense,41,timed,ascending,17,10000,100000,80000,90000,1.9203,3,3,3,7.681233,12,21.3624,30,5182848,1922616,ec47b67e79e3d304,,,,,,,
open_dense,41,timed,ascending,17,10000,100000,90000,100000,2.05089,3,4,4,8.20359,16,22.40712,38,5902872,2240712,d68cfc369fc68ad8,,,,,,,
open_dense,41,timed,ascending,17,10000,100000,100000,110000,2.228082,4,4,4,8.912355,16,23.824655,38,6622872,2620712,2a307dafda0a95f0,,,,,,,
open_dense,41,diagnostic,ascending,17,10000,100000,0,10000,0.9999,1,1,1,3.9999,4,13.9992,14,479984,139992,e683f3560ca72cf4,30001,960040,960040,960040,320000,159984,480000
open_dense,41,diagnostic,ascending,17,10000,100000,10000,20000,0.99995,1,1,1,3.99995,4,13.9996,14,959984,279992,2dc31c29f8a29a9c,60001,1920040,1920040,1920040,640000,319984,960000
open_dense,41,diagnostic,ascending,17,10000,100000,20000,30000,0.999967,1,1,1,3.999967,4,13.999733,14,1439984,419992,8d22810b7c577fd0,90001,2880040,2880040,2880040,960000,479984,1440000
open_dense,41,diagnostic,ascending,17,10000,100000,30000,40000,1.194925,2,2,2,4.779775,8,15.5594,22,1982368,622376,4a8bfffc5948cb4c,120001,4027192,3902424,3902424,1280000,702368,1920000
open_dense,41,diagnostic,ascending,17,10000,100000,40000,50000,1.35594,2,2,2,5.42382,8,16.84752,22,2542368,842376,472860ed72a44d04,150001,5227192,4942424,4942424,1600000,942368,2400000
open_dense,41,diagnostic,ascending,17,10000,100000,50000,60000,1.463283,2,2,2,5.853183,8,17.706267,22,3102368,1062376,1b3d55284ee01158,180001,6427192,5982424,5982424,1920000,1182368,2880000
open_dense,41,diagnostic,ascending,17,10000,100000,60000,70000,1.611814,3,3,3,6.4473,12,18.894514,30,3742848,1322616,cce95debb83593f8,210001,7828376,7102904,7102904,2240000,1502848,3360000
open_dense,41,diagnostic,ascending,17,10000,100000,70000,80000,1.785338,3,3,3,7.141388,12,20.2827,30,4462848,1622616,6be25bfc725bc394,240001,9428376,8302904,8302904,2560000,1902848,3840000
open_dense,41,diagnostic,ascending,17,10000,100000,80000,90000,1.9203,3,3,3,7.681233,12,21.3624,30,5182848,1922616,ec47b67e79e3d304,270001,11028376,9502904,9502904,2880000,2302848,4320000
open_dense,41,diagnostic,ascending,17,10000,100000,90000,100000,2.05089,3,4,4,8.20359,16,22.40712,38,5902872,2240712,d68cfc369fc68ad8,300001,12628392,10702928,10702928,3200000,2702872,4800000
open_dense,41,diagnostic,ascending,17,10000,100000,100000,110000,2.228082,4,4,4,8.912355,16,23.824655,38,6622872,2620712,2a307dafda0a95f0,330001,14228392,11902928,11902928,3520000,3102872,5280000
baseline,42,timed,descending,17,10000,100000,0,10000,0.9999,1,1,1,3.9999,4,13.9992,14,479984,139992,c412bb8f97f7d345,,,,,,,
baseline,42,timed,descending,17,10000,100000,10000,20000,0.99995,1,1,1,3.99995,4,13.9996,14,959984,279992,47fc577ca5b18b01,,,,,,,
baseline,42,timed,descending,17,10000,100000,20000,30000,0.999967,1,1,1,3.999967,4,13.999733,14,1439984,419992,300fa5f7f9a5527d,,,,,,,
baseline,42,timed,descending,17,10000,100000,30000,40000,0.999975,1,1,1,3.999975,4,13.9998,14,1919984,559992,69b4727e110b7a61,,,,,,,
baseline,42,timed,descending,17,10000,100000,40000,50000,0.99998,1,1,1,3.99998,4,13.99984,14,2399984,699992,6bab3213bf2456ad,,,,,,,
baseline,42,timed,descending,17,10000,100000,50000,60000,0.999983,1,1,1,3.999983,4,13.999867,14,2879984,839992,3e02c517a8fa04d1,,,,,,,
baseline,42,timed,descending,17,10000,100000,60000,70000,0.999986,1,1,1,4.071843,5,13.999886,14,3359984,979992,a240340040986c25,,,,,,,
baseline,42,timed,descending,17,10000,100000,70000,80000,0.999988,1,1,1,4.187862,5,13.9999,14,3839984,1119992,9c4c5c23dcb67f71,,,,,,,
baseline,42,timed,descending,17,10000,100000,80000,90000,0.999989,1,1,1,4.2781,5,13.999911,14,4319984,1259992,808e710699a57215,,,,,,,
baseline,42,timed,descending,17,10000,100000,90000,100000,0.99999,1,1,1,4.35029,5,13.99992,14,4799984,1399992,c9b281a4c42541a1,,,,,,,
baseline,42,timed,descending,17,10000,100000,100000,110000,0.999991,1,1,1,4.409355,5,13.999927,14,5279984,1539992,a593293e4f1b7a2d,,,,,,,
baseline,42,diagnostic,descending,17,10000,100000,0,10000,0.9999,1,1,1,3.9999,4,13.9992,14,479984,139992,c412bb8f97f7d345,30001,960040,960040,960040,320000,159984,480000
baseline,42,diagnostic,descending,17,10000,100000,10000,20000,0.99995,1,1,1,3.99995,4,13.9996,14,959984,279992,47fc577ca5b18b01,60001,1920040,1920040,1920040,640000,319984,960000
baseline,42,diagnostic,descending,17,10000,100000,20000,30000,0.999967,1,1,1,3.999967,4,13.999733,14,1439984,419992,300fa5f7f9a5527d,90001,2880040,2880040,2880040,960000,479984,1440000
baseline,42,diagnostic,descending,17,10000,100000,30000,40000,0.999975,1,1,1,3.999975,4,13.9998,14,1919984,559992,69b4727e110b7a61,120001,3840040,3840040,3840040,1280000,639984,1920000
baseline,42,diagnostic,descending,17,10000,100000,40000,50000,0.99998,1,1,1,3.99998,4,13.99984,14,2399984,699992,6bab3213bf2456ad,150001,4800040,4800040,4800040,1600000,799984,2400000
baseline,42,diagnostic,descending,17,10000,100000,50000,60000,0.999983,1,1,1,3.999983,4,13.999867,14,2879984,839992,3e02c517a8fa04d1,180001,5760040,5760040,5760040,1920000,959984,2880000
baseline,42,diagnostic,descending,17,10000,100000,60000,70000,0.999986,1,1,1,4.071843,5,13.999886,14,3359984,979992,a240340040986c25,210001,6720040,6720040,6720040,2240000,1119984,3360000
baseline,42,diagnostic,descending,17,10000,100000,70000,80000,0.999988,1,1,1,4.187862,5,13.9999,14,3839984,1119992,9c4c5c23dcb67f71,240001,7680040,7680040,7680040,2560000,1279984,3840000
baseline,42,diagnostic,descending,17,10000,100000,80000,90000,0.999989,1,1,1,4.2781,5,13.999911,14,4319984,1259992,808e710699a57215,270001,8640040,8640040,8640040,2880000,1439984,4320000
baseline,42,diagnostic,descending,17,10000,100000,90000,100000,0.99999,1,1,1,4.35029,5,13.99992,14,4799984,1399992,c9b281a4c42541a1,300001,9600040,9600040,9600040,3200000,1599984,4800000
baseline,42,diagnostic,descending,17,10000,100000,100000,110000,0.999991,1,1,1,4.409355,5,13.999927,14,5279984,1539992,a593293e4f1b7a2d,330001,10560040,10560040,10560040,3520000,1759984,5280000
open_dense,42,timed,descending,17,10000,100000,0,10000,0.9999,1,1,1,3.9999,4,13.9992,14,479984,139992,c412bb8f97f7d345,,,,,,,
open_dense,42,timed,descending,17,10000,100000,10000,20000,0.99995,1,1,1,3.99995,4,13.9996,14,959984,279992,47fc577ca5b18b01,,,,,,,
open_dense,42,timed,descending,17,10000,100000,20000,30000,0.999967,1,1,1,3.999967,4,13.999733,14,1439984,419992,300fa5f7f9a5527d,,,,,,,
open_dense,42,timed,descending,17,10000,100000,30000,40000,0.999975,1,1,1,3.999975,4,13.9998,14,1919984,559992,69b4727e110b7a61,,,,,,,
open_dense,42,timed,descending,17,10000,100000,40000,50000,0.99998,1,1,1,3.99998,4,13.99984,14,2399984,699992,6bab3213bf2456ad,,,,,,,
open_dense,42,timed,descending,17,10000,100000,50000,60000,0.999983,1,1,1,3.999983,4,13.999867,14,2879984,839992,3e02c517a8fa04d1,,,,,,,
open_dense,42,timed,descending,17,10000,100000,60000,70000,0.999986,1,1,1,4.071843,5,13.999886,14,3359984,979992,a240340040986c25,,,,,,,
open_dense,42,timed,descending,17,10000,100000,70000,80000,0.999988,1,1,1,4.187862,5,13.9999,14,3839984,1119992,9c4c5c23dcb67f71,,,,,,,
open_dense,42,timed,descending,17,10000,100000,80000,90000,0.999989,1,1,1,4.2781,5,13.999911,14,4319984,1259992,808e710699a57215,,,,,,,
open_dense,42,timed,descending,17,10000,100000,90000,100000,0.99999,1,1,1,4.35029,5,13.99992,14,4799984,1399992,c9b281a4c42541a1,,,,,,,
open_dense,42,timed,descending,17,10000,100000,100000,110000,0.999991,1,1,1,4.409355,5,13.999927,14,5279984,1539992,a593293e4f1b7a2d,,,,,,,
open_dense,42,diagnostic,descending,17,10000,100000,0,10000,0.9999,1,1,1,3.9999,4,13.9992,14,479984,139992,c412bb8f97f7d345,30001,960040,960040,960040,320000,159984,480000
open_dense,42,diagnostic,descending,17,10000,100000,10000,20000,0.99995,1,1,1,3.99995,4,13.9996,14,959984,279992,47fc577ca5b18b01,60001,1920040,1920040,1920040,640000,319984,960000
open_dense,42,diagnostic,descending,17,10000,100000,20000,30000,0.999967,1,1,1,3.999967,4,13.999733,14,1439984,419992,300fa5f7f9a5527d,90001,2880040,2880040,2880040,960000,479984,1440000
open_dense,42,diagnostic,descending,17,10000,100000,30000,40000,0.999975,1,1,1,3.999975,4,13.9998,14,1919984,559992,69b4727e110b7a61,120001,3840040,3840040,3840040,1280000,639984,1920000
open_dense,42,diagnostic,descending,17,10000,100000,40000,50000,0.99998,1,1,1,3.99998,4,13.99984,14,2399984,699992,6bab3213bf2456ad,150001,4800040,4800040,4800040,1600000,799984,2400000
open_dense,42,diagnostic,descending,17,10000,100000,50000,60000,0.999983,1,1,1,3.999983,4,13.999867,14,2879984,839992,3e02c517a8fa04d1,180001,5760040,5760040,5760040,1920000,959984,2880000
open_dense,42,diagnostic,descending,17,10000,100000,60000,70000,0.999986,1,1,1,4.071843,5,13.999886,14,3359984,979992,a240340040986c25,210001,6720040,6720040,6720040,2240000,1119984,3360000
open_dense,42,diagnostic,descending,17,10000,100000,70000,80000,0.999988,1,1,1,4.187862,5,13.9999,14,3839984,1119992,9c4c5c23dcb67f71,240001,7680040,7680040,7680040,2560000,1279984,3840000
open_dense,42,diagnostic,descending,17,10000,100000,80000,90000,0.999989,1,1,1,4.2781,5,13.999911,14,4319984,1259992,808e710699a57215,270001,8640040,8640040,8640040,2880000,1439984,4320000
open_dense,42,diagnostic,descending,17,10000,100000,90000,100000,0.99999,1,1,1,4.35029,5,13.99992,14,4799984,1399992,c9b281a4c42541a1,300001,9600040,9600040,9600040,3200000,1599984,4800000
open_dense,42,diagnostic,descending,17,10000,100000,100000,110000,0.999991,1,1,1,4.409355,5,13.999927,14,5279984,1539992,a593293e4f1b7a2d,330001,10560040,10560040,10560040,3520000,1759984,5280000
baseline,43,timed,random,17,10000,100000,0,10000,2.6921,3,3,3,10.7687,12,27.5368,30,671632,275368,c2b0853a182c09ff,,,,,,,
baseline,43,timed,random,17,10000,100000,10000,20000,2.6918,3,3,4,10.76735,16,27.5344,38,1343008,550688,fc540b794c93c0f7,,,,,,,
baseline,43,timed,random,17,10000,100000,20000,30000,2.6918,3,3,5,10.7673,20,27.5344,46,2014712,826032,7aaf7c666bc4c072,,,,,,,
baseline,43,timed,random,17,10000,100000,30000,40000,2.692875,3,3,6,10.771575,24,27.543,54,2687032,1101720,a56b524de5e4b38f,,,,,,,
baseline,43,timed,random,17,10000,100000,40000,50000,2.69642,3,3,6,10.78574,24,27.57136,54,3362136,1378568,87b3a77c2441278e,,,,,,,
baseline,43,timed,random,17,10000,100000,50000,60000,2.699583,3,3,6,10.798383,24,27.596667,54,4037504,1655800,41a0f26950b86d2d,,,,,,,
baseline,43,timed,random,17,10000,100000,60000,70000,2.703214,3,3,6,10.8129,24,27.625714,54,4714560,1933800,86102895645b750e,,,,,,,
baseline,43,timed,random,17,10000,100000,70000,80000,2.706113,3,3,6,10.824488,24,27.6489,54,5392096,2211912,05073cf27e58848a,,,,,,,
baseline,43,timed,random,17,10000,100000,80000,90000,2.709922,3,3,6,10.839722,24,27.679378,54,6071864,2491144,55a89ea6008cad1f,,,,,,,
baseline,43,timed,random,17,10000,100000,90000,100000,2.71257,3,3,6,10.85031,24,27.70056,54,6750856,2770056,60cc71264d51a64e,,,,,,,
baseline,43,timed,random,17,10000,100000,100000,110000,2.716591,3,3,6,10.866391,24,27.732727,54,7433616,3050600,0744de6c17a96242,,,,,,,
baseline,43,diagnostic,random,17,10000,100000,0,10000,2.6921,3,3,3,10.7687,12,27.5368,30,671632,275368,c2b0853a182c09ff,44019,2274512,1151688,1151688,320000,351632,480000
baseline,43,diagnostic,random,17,10000,100000,10000,20000,2.6918,3,3,4,10.76735,16,27.5344,38,1343008,550688,fc540b794c93c0f7,74019,3752472,2303064,2303064,640000,703008,960000
baseline,43,diagnostic,random,17,10000,100000,20000,30000,2.6918,3,3,5,10.7673,20,27.5344,46,2014712,826032,7aaf7c666bc4c072,104019,5230736,3454768,3454768,960000,1054712,1440000
baseline,43,diagnostic,random,17,10000,100000,30000,40000,2.692875,3,3,6,10.771575,24,27.543,54,2687032,1101720,a56b524de5e4b38f,134019,6709584,4607088,4607088,1280000,1407032,1920000
baseline,43,diagnostic,random,17,10000,100000,40000,50000,2.69642,3,3,6,10.78574,24,27.57136,54,3362136,1378568,87b3a77c2441278e,164019,8194224,5762192,5762192,1600000,1762136,2400000
baseline,43,diagnostic,random,17,10000,100000,50000,60000,2.699583,3,3,6,10.798383,24,27.596667,54,4037504,1655800,41a0f26950b86d2d,194019,9678888,6917560,6917560,1920000,2117504,2880000
baseline,43,diagnostic,random,17,10000,100000,60000,70000,2.703214,3,3,6,10.8129,24,27.625714,54,4714560,1933800,86102895645b750e,224019,11166112,8074616,8074616,2240000,2474560,3360000
baseline,43,diagnostic,random,17,10000,100000,70000,80000,2.706113,3,3,6,10.824488,24,27.6489,54,5392096,2211912,05073cf27e58848a,254037,12654512,9232152,9232152,2560000,2832096,3840000
baseline,43,diagnostic,random,17,10000,100000,80000,90000,2.709922,3,3,6,10.839722,24,27.679378,54,6071864,2491144,55a89ea6008cad1f,284073,14147848,10391920,10391920,2880000,3191864,4320000
baseline,43,diagnostic,random,17,10000,100000,90000,100000,2.71257,3,3,6,10.85031,24,27.70056,54,6750856,2770056,60cc71264d51a64e,314091,15637000,11550912,11550912,3200000,3550856,4800000
baseline,43,diagnostic,random,17,10000,100000,100000,110000,2.716591,3,3,6,10.866391,24,27.732727,54,7433616,3050600,0744de6c17a96242,344197,17139304,12713672,12713672,3520000,3913616,5280000
open_dense,43,timed,random,17,10000,100000,0,10000,3.0608,5,6,6,12.2432,24,30.4864,54,729728,304864,97d64f22bf12478c,,,,,,,
open_dense,43,timed,random,17,10000,100000,10000,20000,2.9457,4,5,6,11.7828,24,29.5656,54,1306608,591312,7e9eb0038342ef25,,,,,,,
open_dense,43,timed,random,17,10000,100000,20000,30000,3.139733,5,6,6,12.558933,24,31.117867,54,2170344,933536,6e5b1ab7683becd3,,,,,,,
open_dense,43,timed,random,17,10000,100000,30000,40000,2.9671,5,6,6,11.8684,24,29.7368,54,2885464,1189472,312c72c22748f0e5,,,,,,,
open_dense,43,timed,random,17,10000,100000,40000,50000,3.17642,4,5,6,12.70568,24,31.41136,54,3502424,1570568,875821909b4929ff,,,,,,,
open_dense,43,timed,random,17,10000,100000,50000,60000,3.308633,5,5,6,13.234533,24,32.469067,54,4400992,1948144,09bbf691881d1ac9,,,,,,,
open_dense,43,timed,random,17,10000,100000,60000,70000,3.4175,5,6,6,13.67,24,33.34,54,5314784,2333800,e926fb2061060db3,,,,,,,
open_dense,43,timed,random,17,10000,100000,70000,80000,3.387812,5,6,6,13.55125,24,33.1025,54,6154504,2648200,feed45dde8bb5d38,,,,,,,
open_dense,43,timed,random,17,10000,100000,80000,90000,2.045911,3,5,6,8.183678,24,22.367289,54,5229624,2013056,8c632f7aab0a85e2,,,,,,,
open_dense,43,timed,random,17,10000,100000,90000,100000,2.13635,4,5,6,8.54543,24,23.0908,54,5945264,2309080,57f441361749cfdd,,,,,,,
open_dense,43,timed,random,17,10000,100000,100000,110000,2.220155,4,5,6,8.880645,24,23.761236,54,6678744,2613736,e5dcd81be5a96c7e,,,,,,,
open_dense,43,diagnostic,random,17,10000,100000,0,10000,3.0608,5,6,6,12.2432,24,30.4864,54,729728,304864,97d64f22bf12478c,41252,2149400,1209784,1209784,320000,409728,480000
open_dense,43,diagnostic,random,17,10000,100000,10000,20000,2.9457,4,5,6,11.7828,24,29.5656,54,1306608,591312,7e9eb0038342ef25,157236,9034160,2266664,2950992,640000,666608,960000
open_dense,43,diagnostic,random,17,10000,100000,20000,30000,3.139733,5,6,6,12.558933,24,31.117867,54,2170344,933536,6e5b1ab7683becd3,227728,13514136,3610400,3927616,960000,1210344,1440000
open_dense,43,diagnostic,random,17,10000,100000,30000,40000,2.9671,5,6,6,11.8684,24,29.7368,54,2885464,1189472,312c72c22748f0e5,343412,20835896,4805520,5689824,1280000,1605464,1920000
open_dense,43,diagnostic,random,17,10000,100000,40000,50000,3.17642,4,5,6,12.70568,24,31.41136,54,3502424,1570568,875821909b4929ff,453128,28128024,5902480,7499280,1600000,1902424,2400000
open_dense,43,diagnostic,random,17,10000,100000,50000,60000,3.308633,5,5,6,13.234533,24,32.469067,54,4400992,1948144,09bbf691881d1ac9,489250,30303080,7281048,7499280,1920000,2480992,2880000
open_dense,43,diagnostic,random,17,10000,100000,60000,70000,3.4175,5,6,6,13.67,24,33.34,54,5314784,2333800,e926fb2061060db3,528868,32786936,8674840,8674840,2240000,3074784,3360000
open_dense,43,diagnostic,random,17,10000,100000,70000,80000,3.387812,5,6,6,13.55125,24,33.1025,54,6154504,2648200,feed45dde8bb5d38,698052,43688400,9994560,12594688,2560000,3594504,3840000
open_dense,43,diagnostic,random,17,10000,100000,80000,90000,2.045911,3,5,6,8.183678,24,22.367289,54,5229624,2013056,8c632f7aab0a85e2,1124561,67950520,9549680,15293456,2880000,2349624,4320000
open_dense,43,diagnostic,random,17,10000,100000,90000,100000,2.13635,4,5,6,8.54543,24,23.0908,54,5945264,2309080,57f441361749cfdd,1157281,69590872,10745320,15293456,3200000,2745264,4800000
open_dense,43,diagnostic,random,17,10000,100000,100000,110000,2.220155,4,5,6,8.880645,24,23.761236,54,6678744,2613736,e5dcd81be5a96c7e,1188163,71148440,11958800,15293456,3520000,3158744,5280000
baseline,44,timed,equal,17,10000,100000,0,10000,0.9999,1,1,1,3.9999,4,13.9992,14,479984,139992,e683f3560ca72cf4,,,,,,,
baseline,44,timed,equal,17,10000,100000,10000,20000,0.99995,1,1,1,3.99995,4,13.9996,14,959984,279992,2dc31c29f8a29a9c,,,,,,,
baseline,44,timed,equal,17,10000,100000,20000,30000,0.999967,1,1,1,3.999967,4,13.999733,14,1439984,419992,8d22810b7c577fd0,,,,,,,
baseline,44,timed,equal,17,10000,100000,30000,40000,1.194925,2,2,2,4.779775,8,15.5594,22,1982368,622376,4a8bfffc5948cb4c,,,,,,,
baseline,44,timed,equal,17,10000,100000,40000,50000,1.35594,2,2,2,5.42382,8,16.84752,22,2542368,842376,472860ed72a44d04,,,,,,,
baseline,44,timed,equal,17,10000,100000,50000,60000,1.463283,2,2,2,5.853183,8,17.706267,22,3102368,1062376,1b3d55284ee01158,,,,,,,
baseline,44,timed,equal,17,10000,100000,60000,70000,1.611814,3,3,3,6.4473,12,18.894514,30,3742848,1322616,cce95debb83593f8,,,,,,,
baseline,44,timed,equal,17,10000,100000,70000,80000,1.785338,3,3,3,7.141388,12,20.2827,30,4462848,1622616,6be25bfc725bc394,,,,,,,
baseline,44,timed,equal,17,10000,100000,80000,90000,1.9203,3,3,3,7.681233,12,21.3624,30,5182848,1922616,ec47b67e79e3d304,,,,,,,
baseline,44,timed,equal,17,10000,100000,90000,100000,2.05089,3,4,4,8.20359,16,22.40712,38,5902872,2240712,d68cfc369fc68ad8,,,,,,,
baseline,44,timed,equal,17,10000,100000,100000,110000,2.228082,4,4,4,8.912355,16,23.824655,38,6622872,2620712,2a307dafda0a95f0,,,,,,,
baseline,44,diagnostic,equal,17,10000,100000,0,10000,0.9999,1,1,1,3.9999,4,13.9992,14,479984,139992,e683f3560ca72cf4,30001,960040,960040,960040,320000,159984,480000
baseline,44,diagnostic,equal,17,10000,100000,10000,20000,0.99995,1,1,1,3.99995,4,13.9996,14,959984,279992,2dc31c29f8a29a9c,60001,1920040,1920040,1920040,640000,319984,960000
baseline,44,diagnostic,equal,17,10000,100000,20000,30000,0.999967,1,1,1,3.999967,4,13.999733,14,1439984,419992,8d22810b7c577fd0,90001,2880040,2880040,2880040,960000,479984,1440000
baseline,44,diagnostic,equal,17,10000,100000,30000,40000,1.194925,2,2,2,4.779775,8,15.5594,22,1982368,622376,4a8bfffc5948cb4c,120001,4027192,3902424,3902424,1280000,702368,1920000
baseline,44,diagnostic,equal,17,10000,100000,40000,50000,1.35594,2,2,2,5.42382,8,16.84752,22,2542368,842376,472860ed72a44d04,150001,5227192,4942424,4942424,1600000,942368,2400000
baseline,44,diagnostic,equal,17,10000,100000,50000,60000,1.463283,2,2,2,5.853183,8,17.706267,22,3102368,1062376,1b3d55284ee01158,180001,6427192,5982424,5982424,1920000,1182368,2880000
baseline,44,diagnostic,equal,17,10000,100000,60000,70000,1.611814,3,3,3,6.4473,12,18.894514,30,3742848,1322616,cce95debb83593f8,210001,7828376,7102904,7102904,2240000,1502848,3360000
baseline,44,diagnostic,equal,17,10000,100000,70000,80000,1.785338,3,3,3,7.141388,12,20.2827,30,4462848,1622616,6be25bfc725bc394,240001,9428376,8302904,8302904,2560000,1902848,3840000
baseline,44,diagnostic,equal,17,10000,100000,80000,90000,1.9203,3,3,3,7.681233,12,21.3624,30,5182848,1922616,ec47b67e79e3d304,270001,11028376,9502904,9502904,2880000,2302848,4320000
baseline,44,diagnostic,equal,17,10000,100000,90000,100000,2.05089,3,4,4,8.20359,16,22.40712,38,5902872,2240712,d68cfc369fc68ad8,300001,12628392,10702928,10702928,3200000,2702872,4800000
baseline,44,diagnostic,equal,17,10000,100000,100000,110000,2.228082,4,4,4,8.912355,16,23.824655,38,6622872,2620712,2a307dafda0a95f0,330001,14228392,11902928,11902928,3520000,3102872,5280000
open_dense,44,timed,equal,17,10000,100000,0,10000,0.9999,1,1,1,3.9999,4,13.9992,14,479984,139992,e683f3560ca72cf4,,,,,,,
open_dense,44,timed,equal,17,10000,100000,10000,20000,0.99995,1,1,1,3.99995,4,13.9996,14,959984,279992,2dc31c29f8a29a9c,,,,,,,
open_dense,44,timed,equal,17,10000,100000,20000,30000,0.999967,1,1,1,3.999967,4,13.999733,14,1439984,419992,8d22810b7c577fd0,,,,,,,
open_dense,44,timed,equal,17,10000,100000,30000,40000,1.194925,2,2,2,4.779775,8,15.5594,22,1982368,622376,4a8bfffc5948cb4c,,,,,,,
open_dense,44,timed,equal,17,10000,100000,40000,50000,1.35594,2,2,2,5.42382,8,16.84752,22,2542368,842376,472860ed72a44d04,,,,,,,
open_dense,44,timed,equal,17,10000,100000,50000,60000,1.463283,2,2,2,5.853183,8,17.706267,22,3102368,1062376,1b3d55284ee01158,,,,,,,
open_dense,44,timed,equal,17,10000,100000,60000,70000,1.611814,3,3,3,6.4473,12,18.894514,30,3742848,1322616,cce95debb83593f8,,,,,,,
open_dense,44,timed,equal,17,10000,100000,70000,80000,1.785338,3,3,3,7.141388,12,20.2827,30,4462848,1622616,6be25bfc725bc394,,,,,,,
open_dense,44,timed,equal,17,10000,100000,80000,90000,1.9203,3,3,3,7.681233,12,21.3624,30,5182848,1922616,ec47b67e79e3d304,,,,,,,
open_dense,44,timed,equal,17,10000,100000,90000,100000,2.05089,3,4,4,8.20359,16,22.40712,38,5902872,2240712,d68cfc369fc68ad8,,,,,,,
open_dense,44,timed,equal,17,10000,100000,100000,110000,2.228082,4,4,4,8.912355,16,23.824655,38,6622872,2620712,2a307dafda0a95f0,,,,,,,
open_dense,44,diagnostic,equal,17,10000,100000,0,10000,0.9999,1,1,1,3.9999,4,13.9992,14,479984,139992,e683f3560ca72cf4,30001,960040,960040,960040,320000,159984,480000
open_dense,44,diagnostic,equal,17,10000,100000,10000,20000,0.99995,1,1,1,3.99995,4,13.9996,14,959984,279992,2dc31c29f8a29a9c,60001,1920040,1920040,1920040,640000,319984,960000
open_dense,44,diagnostic,equal,17,10000,100000,20000,30000,0.999967,1,1,1,3.999967,4,13.999733,14,1439984,419992,8d22810b7c577fd0,90001,2880040,2880040,2880040,960000,479984,1440000
open_dense,44,diagnostic,equal,17,10000,100000,30000,40000,1.194925,2,2,2,4.779775,8,15.5594,22,1982368,622376,4a8bfffc5948cb4c,120001,4027192,3902424,3902424,1280000,702368,1920000
open_dense,44,diagnostic,equal,17,10000,100000,40000,50000,1.35594,2,2,2,5.42382,8,16.84752,22,2542368,842376,472860ed72a44d04,150001,5227192,4942424,4942424,1600000,942368,2400000
open_dense,44,diagnostic,equal,17,10000,100000,50000,60000,1.463283,2,2,2,5.853183,8,17.706267,22,3102368,1062376,1b3d55284ee01158,180001,6427192,5982424,5982424,1920000,1182368,2880000
open_dense,44,diagnostic,equal,17,10000,100000,60000,70000,1.611814,3,3,3,6.4473,12,18.894514,30,3742848,1322616,cce95debb83593f8,210001,7828376,7102904,7102904,2240000,1502848,3360000
open_dense,44,diagnostic,equal,17,10000,100000,70000,80000,1.785338,3,3,3,7.141388,12,20.2827,30,4462848,1622616,6be25bfc725bc394,240001,9428376,8302904,8302904,2560000,1902848,3840000
open_dense,44,diagnostic,equal,17,10000,100000,80000,90000,1.9203,3,3,3,7.681233,12,21.3624,30,5182848,1922616,ec47b67e79e3d304,270001,11028376,9502904,9502904,2880000,2302848,4320000
open_dense,44,diagnostic,equal,17,10000,100000,90000,100000,2.05089,3,4,4,8.20359,16,22.40712,38,5902872,2240712,d68cfc369fc68ad8,300001,12628392,10702928,10702928,3200000,2702872,4800000
open_dense,44,diagnostic,equal,17,10000,100000,100000,110000,2.228082,4,4,4,8.912355,16,23.824655,38,6622872,2620712,2a307dafda0a95f0,330001,14228392,11902928,11902928,3520000,3102872,5280000
baseline,45,timed,duplicates,17,10000,100000,0,10000,2.3541,4,5,6,9.4167,24,24.8328,54,620368,248328,077ff11f51ebb72e,,,,,,,
baseline,45,timed,duplicates,17,10000,100000,10000,20000,2.54545,4,5,6,10.18195,24,26.3636,54,1297488,527272,9163d9a439b37928,,,,,,,
baseline,45,timed,duplicates,17,10000,100000,20000,30000,2.6182,4,5,6,10.4729,24,26.9456,54,1979264,808368,e213eea31b77b1fd,,,,,,,
baseline,45,timed,duplicates,17,10000,100000,30000,40000,2.618925,4,5,6,10.475775,24,26.9514,54,2638560,1078056,322d6cf8586744aa,,,,,,,
baseline,45,timed,duplicates,17,10000,100000,40000,50000,2.63926,4,5,6,10.5571,24,27.11408,54,3312680,1355704,5d2e46d8c913d652,,,,,,,
baseline,45,timed,duplicates,17,10000,100000,50000,60000,2.49725,4,5,6,9.989,24,25.978,54,3880576,1558680,8224935b0a68154e,,,,,,,
baseline,45,timed,duplicates,17,10000,100000,60000,70000,2.539471,4,5,6,10.157886,24,26.315771,54,4564312,1842104,c759191dbffac2e0,,,,,,,
baseline,45,timed,duplicates,17,10000,100000,70000,80000,2.315738,4,5,6,9.26295,24,24.5259,54,4995624,1962072,54a0ce9711ed87ed,,,,,,,
baseline,45,timed,duplicates,17,10000,100000,80000,90000,2.326256,4,5,6,9.305022,24,24.610044,54,5636136,2214904,680c3f09669989c2,,,,,,,
baseline,45,timed,duplicates,17,10000,100000,90000,100000,2.33378,4,5,6,9.33512,24,24.67024,54,6268688,2467024,35bd9e6197553d37,,,,,,,
baseline,45,timed,duplicates,17,10000,100000,100000,110000,2.345836,4,5,6,9.383345,24,24.766691,54,6905760,2724336,8cb2f92f67e72372,,,,,,,
baseline,45,diagnostic,duplicates,17,10000,100000,0,10000,2.3541,4,5,6,9.4167,24,24.8328,54,620368,248328,077ff11f51ebb72e,51116,2632216,1100424,1100424,320000,300368,480000
baseline,45,diagnostic,duplicates,17,10000,100000,10000,20000,2.54545,4,5,6,10.18195,24,26.3636,54,1297488,527272,9163d9a439b37928,98434,5259864,2257544,2257664,640000,657488,960000
baseline,45,diagnostic,duplicates,17,10000,100000,20000,30000,2.6182,4,5,6,10.4729,24,26.9456,54,1979264,808368,e213eea31b77b1fd,150664,8191472,3419320,3419888,960000,1019264,1440000
baseline,45,diagnostic,duplicates,17,10000,100000,30000,40000,2.618925,4,5,6,10.475775,24,26.9514,54,2638560,1078056,322d6cf8586744aa,200342,10875264,4558616,4559240,1280000,1358560,1920000
baseline,45,diagnostic,duplicates,17,10000,100000,40000,50000,2.63926,4,5,6,10.5571,24,27.11408,54,3312680,1355704,5d2e46d8c913d652,249598,13616448,5712736,5712736,1600000,1712680,2400000
baseline,45,diagnostic,duplicates,17,10000,100000,50000,60000,2.49725,4,5,6,9.989,24,25.978,54,3880576,1558680,8224935b0a68154e,321195,17345656,6760632,6760632,1920000,1960576,2880000
baseline,45,diagnostic,duplicates,17,10000,100000,60000,70000,2.539471,4,5,6,10.157886,24,26.315771,54,4564312,1842104,c759191dbffac2e0,370935,20141864,7924368,7924368,2240000,2324312,3360000
baseline,45,diagnostic,duplicates,17,10000,100000,70000,80000,2.315738,4,5,6,9.26295,24,24.5259,54,4995624,1962072,54a0ce9711ed87ed,504381,27176424,8835680,8936328,2560000,2435624,3840000
baseline,45,diagnostic,duplicates,17,10000,100000,80000,90000,2.326256,4,5,6,9.305022,24,24.610044,54,5636136,2214904,680c3f09669989c2,566391,30578456,9956192,9956192,2880000,2756136,4320000
baseline,45,diagnostic,duplicates,17,10000,100000,90000,100000,2.33378,4,5,6,9.33512,24,24.67024,54,6268688,2467024,35bd9e6197553d37,630943,34074216,11068744,11068872,3200000,3068688,4800000
baseline,45,diagnostic,duplicates,17,10000,100000,100000,110000,2.345836,4,5,6,9.383345,24,24.766691,54,6905760,2724336,8cb2f92f67e72372,682457,36785416,12185816,12187968,3520000,3385760,5280000
open_dense,45,timed,duplicates,17,10000,100000,0,10000,2.7425,5,5,6,10.97,24,27.94,54,687896,279400,9e77da1997d45bca,,,,,,,
open_dense,45,timed,duplicates,17,10000,100000,10000,20000,2.41305,4,5,6,9.6522,24,25.3044,54,1260168,506088,75d9c6bd79baf024,,,,,,,
open_dense,45,timed,duplicates,17,10000,100000,20000,30000,2.619833,4,5,6,10.479333,24,26.958667,54,2001048,808760,3c24512de78d2fff,,,,,,,
open_dense,45,timed,duplicates,17,10000,100000,30000,40000,2.738925,4,5,6,10.9557,24,27.9114,54,2729440,1116456,b55835f9201e57e7,,,,,,,
open_dense,45,timed,duplicates,17,10000,100000,40000,50000,2.79142,4,5,6,11.16568,24,28.33136,54,3462984,1416568,919fbd0d9b305706,,,,,,,
open_dense,45,timed,duplicates,17,10000,100000,50000,60000,2.8508,4,5,6,11.4032,24,28.8064,54,4222912,1728384,af30d4a60930aedb,,,,,,,
open_dense,45,timed,duplicates,17,10000,100000,60000,70000,3.679829,4,4,6,14.719357,24,35.438629,54,6144240,2480704,4d900cec27b44c2b,,,,,,,
open_dense,45,timed,duplicates,17,10000,100000,70000,80000,3.669575,4,5,6,14.678337,24,35.3566,54,6893024,2828528,238a5320521f047d,,,,,,,
open_dense,45,timed,duplicates,17,10000,100000,80000,90000,3.647511,4,5,6,14.590078,24,35.180089,54,7635672,3166208,771e29a71eaef838,,,,,,,
open_dense,45,timed,duplicates,17,10000,100000,90000,100000,3.64236,4,5,6,14.56947,24,35.13888,54,8398576,3513888,7bb15fd870425daa,,,,,,,
open_dense,45,timed,duplicates,17,10000,100000,100000,110000,3.641218,4,5,6,14.5649,24,35.129745,54,9163184,3864272,beb459ba55530f2f,,,,,,,
open_dense,45,diagnostic,duplicates,17,10000,100000,0,10000,2.7425,5,5,6,10.97,24,27.94,54,687896,279400,9e77da1997d45bca,79971,4686928,1167952,1213656,320000,367896,480000
open_dense,45,diagnostic,duplicates,17,10000,100000,10000,20000,2.41305,4,5,6,9.6522,24,25.3044,54,1260168,506088,75d9c6bd79baf024,187611,11007112,2220224,2220224,640000,620168,960000
open_dense,45,diagnostic,duplicates,17,10000,100000,20000,30000,2.619833,4,5,6,10.479333,24,26.958667,54,2001048,808760,3c24512de78d2fff,279371,16628984,3441104,3448648,960000,1041048,1440000
open_dense,45,diagnostic,duplicates,17,10000,100000,30000,40000,2.738925,4,5,6,10.9557,24,27.9114,54,2729440,1116456,b55835f9201e57e7,414663,24548912,4649496,5122400,1280000,1449440,1920000
open_dense,45,diagnostic,duplicates,17,10000,100000,40000,50000,2.79142,4,5,6,11.16568,24,28.33136,54,3462984,1416568,919fbd0d9b305706,525111,31345808,5863040,5863200,1600000,1862984,2400000
open_dense,45,diagnostic,duplicates,17,10000,100000,50000,60000,2.8508,4,5,6,11.4032,24,28.8064,54,4222912,1728384,af30d4a60930aedb,698475,42101728,7102968,7261064,1920000,2302912,2880000
open_dense,45,diagnostic,duplicates,17,10000,100000,60000,70000,3.679829,4,4,6,14.719357,24,35.438629,54,6144240,2480704,4d900cec27b44c2b,1039062,63195296,9504296,14434744,2240000,3904240,3360000
open_dense,45,diagnostic,duplicates,17,10000,100000,70000,80000,3.669575,4,5,6,14.678337,24,35.3566,54,6893024,2828528,238a5320521f047d,1089074,66249112,10733080,14434744,2560000,4333024,3840000
open_dense,45,diagnostic,duplicates,17,10000,100000,80000,90000,3.647511,4,5,6,14.590078,24,35.180089,54,7635672,3166208,771e29a71eaef838,1141580,69458048,11955728,14434744,2880000,4755672,4320000
open_dense,45,diagnostic,duplicates,17,10000,100000,90000,100000,3.64236,4,5,6,14.56947,24,35.13888,54,8398576,3513888,7bb15fd870425daa,1192640,72605656,13198632,14434744,3200000,5198576,4800000
open_dense,45,diagnostic,duplicates,17,10000,100000,100000,110000,3.641218,4,5,6,14.5649,24,35.129745,54,9163184,3864272,beb459ba55530f2f,1244264,75791672,14443240,14443240,3520000,5643184,5280000
baseline,46,timed,alternating,17,10000,100000,0,10000,1.6244,3,5,6,6.4979,24,18.9952,54,543744,189952,8538ee49d4da3cec,,,,,,,
baseline,46,timed,alternating,17,10000,100000,10000,20000,1.77005,3,4,6,7.08035,24,20.1604,54,1110696,403208,9f27dc7ffe9fae27,,,,,,,
baseline,46,timed,alternating,17,10000,100000,20000,30000,2.048967,4,4,6,8.195967,24,22.391733,54,1778632,671752,6afafe887cca405a,,,,,,,
baseline,46,timed,alternating,17,10000,100000,30000,40000,2.1894,4,4,6,8.757675,24,23.5152,54,2443656,940608,1068464f8c8746ab,,,,,,,
baseline,46,timed,alternating,17,10000,100000,40000,50000,2.299,4,4,6,9.19606,24,24.392,54,3142072,1219600,6ef5aa9dfc20c322,,,,,,,
baseline,46,timed,alternating,17,10000,100000,50000,60000,3.362417,4,4,6,13.449717,24,32.899333,54,4944064,1973960,63e174929792a67e,,,,,,,
baseline,46,timed,alternating,17,10000,100000,60000,70000,2.375929,4,4,6,9.503757,24,25.007429,54,4712952,1750520,eadc3266c3190e42,,,,,,,
baseline,46,timed,alternating,17,10000,100000,70000,80000,2.390188,4,4,6,9.560787,24,25.1215,54,5360512,2009720,abe54a8ad563f970,,,,,,,
baseline,46,timed,alternating,17,10000,100000,80000,90000,2.383344,4,4,6,9.533411,24,25.066756,54,5970480,2256008,da73382576d4fd50,,,,,,,
baseline,46,timed,alternating,17,10000,100000,90000,100000,2.41731,4,4,6,9.66927,24,25.33848,54,6663864,2533848,5db057ec11317f17,,,,,,,
baseline,46,timed,alternating,17,10000,100000,100000,110000,2.368727,4,4,6,9.474936,24,24.949818,54,7184544,2744480,5a1f48028f63b757,,,,,,,
baseline,46,diagnostic,alternating,17,10000,100000,0,10000,1.6244,3,5,6,6.4979,24,18.9952,54,543744,189952,8538ee49d4da3cec,467792,34524112,1023800,1296136,320000,223744,480000
baseline,46,diagnostic,alternating,17,10000,100000,10000,20000,1.77005,3,4,6,7.08035,24,20.1604,54,1110696,403208,9f27dc7ffe9fae27,1439366,95043344,2070752,2963240,640000,470696,960000
baseline,46,diagnostic,alternating,17,10000,100000,20000,30000,2.048967,4,4,6,8.195967,24,22.391733,54,1778632,671752,6afafe887cca405a,2698626,170241504,3218688,4444656,960000,818632,1440000
baseline,46,diagnostic,alternating,17,10000,100000,30000,40000,2.1894,4,4,6,8.757675,24,23.5152,54,2443656,940608,1068464f8c8746ab,4586722,276754232,4363712,6136040,1280000,1163656,1920000
baseline,46,diagnostic,alternating,17,10000,100000,40000,50000,2.299,4,4,6,9.19606,24,24.392,54,3142072,1219600,6ef5aa9dfc20c322,7681102,443805600,5542128,8143928,1600000,1542072,2400000
baseline,46,diagnostic,alternating,17,10000,100000,50000,60000,3.362417,4,4,6,13.449717,24,32.899333,54,4944064,1973960,63e174929792a67e,8766089,511437168,7824120,10771896,1920000,3024064,2880000
baseline,46,diagnostic,alternating,17,10000,100000,60000,70000,2.375929,4,4,6,9.503757,24,25.007429,54,4712952,1750520,eadc3266c3190e42,9764045,572288784,8073008,10771896,2240000,2472952,3360000
baseline,46,diagnostic,alternating,17,10000,100000,70000,80000,2.390188,4,4,6,9.560787,24,25.1215,54,5360512,2009720,abe54a8ad563f970,10867949,639619448,9200568,10771896,2560000,2800512,3840000
baseline,46,diagnostic,alternating,17,10000,100000,80000,90000,2.383344,4,4,6,9.533411,24,25.066756,54,5970480,2256008,da73382576d4fd50,12514707,733685224,10290536,12303752,2880000,3090480,4320000
baseline,46,diagnostic,alternating,17,10000,100000,90000,100000,2.41731,4,4,6,9.66927,24,25.33848,54,6663864,2533848,5db057ec11317f17,14366069,838440584,11463920,13622408,3200000,3463864,4800000
baseline,46,diagnostic,alternating,17,10000,100000,100000,110000,2.368727,4,4,6,9.474936,24,24.949818,54,7184544,2744480,5a1f48028f63b757,17491179,1006177216,12464600,17162256,3520000,3664544,5280000
open_dense,46,timed,alternating,17,10000,100000,0,10000,1.6244,3,5,6,6.4979,24,18.9952,54,543744,189952,8538ee49d4da3cec,,,,,,,
open_dense,46,timed,alternating,17,10000,100000,10000,20000,1.77005,3,4,6,7.08035,24,20.1604,54,1110696,403208,9f27dc7ffe9fae27,,,,,,,
open_dense,46,timed,alternating,17,10000,100000,20000,30000,2.048967,4,4,6,8.195967,24,22.391733,54,1778632,671752,6afafe887cca405a,,,,,,,
open_dense,46,timed,alternating,17,10000,100000,30000,40000,2.1894,4,4,6,8.757675,24,23.5152,54,2443656,940608,1068464f8c8746ab,,,,,,,
open_dense,46,timed,alternating,17,10000,100000,40000,50000,2.299,4,4,6,9.19606,24,24.392,54,3142072,1219600,6ef5aa9dfc20c322,,,,,,,
open_dense,46,timed,alternating,17,10000,100000,50000,60000,3.362417,4,4,6,13.449717,24,32.899333,54,4944064,1973960,63e174929792a67e,,,,,,,
open_dense,46,timed,alternating,17,10000,100000,60000,70000,2.375929,4,4,6,9.503757,24,25.007429,54,4712952,1750520,eadc3266c3190e42,,,,,,,
open_dense,46,timed,alternating,17,10000,100000,70000,80000,2.390188,4,4,6,9.560787,24,25.1215,54,5360512,2009720,abe54a8ad563f970,,,,,,,
open_dense,46,timed,alternating,17,10000,100000,80000,90000,2.383344,4,4,6,9.533411,24,25.066756,54,5970480,2256008,da73382576d4fd50,,,,,,,
open_dense,46,timed,alternating,17,10000,100000,90000,100000,2.41731,4,4,6,9.66927,24,25.33848,54,6663864,2533848,5db057ec11317f17,,,,,,,
open_dense,46,timed,alternating,17,10000,100000,100000,110000,2.368727,4,4,6,9.474936,24,24.949818,54,7184544,2744480,5a1f48028f63b757,,,,,,,
open_dense,46,diagnostic,alternating,17,10000,100000,0,10000,1.6244,3,5,6,6.4979,24,18.9952,54,543744,189952,8538ee49d4da3cec,467792,34524112,1023800,1296136,320000,223744,480000
open_dense,46,diagnostic,alternating,17,10000,100000,10000,20000,1.77005,3,4,6,7.08035,24,20.1604,54,1110696,403208,9f27dc7ffe9fae27,1439366,95043344,2070752,2963240,640000,470696,960000
open_dense,46,diagnostic,alternating,17,10000,100000,20000,30000,2.048967,4,4,6,8.195967,24,22.391733,54,1778632,671752,6afafe887cca405a,2698626,170241504,3218688,4444656,960000,818632,1440000
open_dense,46,diagnostic,alternating,17,10000,100000,30000,40000,2.1894,4,4,6,8.757675,24,23.5152,54,2443656,940608,1068464f8c8746ab,4586722,276754232,4363712,6136040,1280000,1163656,1920000
open_dense,46,diagnostic,alternating,17,10000,100000,40000,50000,2.299,4,4,6,9.19606,24,24.392,54,3142072,1219600,6ef5aa9dfc20c322,7681102,443805600,5542128,8143928,1600000,1542072,2400000
open_dense,46,diagnostic,alternating,17,10000,100000,50000,60000,3.362417,4,4,6,13.449717,24,32.899333,54,4944064,1973960,63e174929792a67e,8766089,511437168,7824120,10771896,1920000,3024064,2880000
open_dense,46,diagnostic,alternating,17,10000,100000,60000,70000,2.375929,4,4,6,9.503757,24,25.007429,54,4712952,1750520,eadc3266c3190e42,9764045,572288784,8073008,10771896,2240000,2472952,3360000
open_dense,46,diagnostic,alternating,17,10000,100000,70000,80000,2.390188,4,4,6,9.560787,24,25.1215,54,5360512,2009720,abe54a8ad563f970,10867949,639619448,9200568,10771896,2560000,2800512,3840000
open_dense,46,diagnostic,alternating,17,10000,100000,80000,90000,2.383344,4,4,6,9.533411,24,25.066756,54,5970480,2256008,da73382576d4fd50,12514707,733685224,10290536,12303752,2880000,3090480,4320000
open_dense,46,diagnostic,alternating,17,10000,100000,90000,100000,2.41731,4,4,6,9.66927,24,25.33848,54,6663864,2533848,5db057ec11317f17,14366069,838440584,11463920,13622408,3200000,3463864,4800000
open_dense,46,diagnostic,alternating,17,10000,100000,100000,110000,2.368727,4,4,6,9.474936,24,24.949818,54,7184544,2744480,5a1f48028f63b757,17491179,1006177216,12464600,17162256,3520000,3664544,5280000
baseline,47,timed,hotspot,17,10000,100000,0,10000,0.9999,1,1,1,7.882,8,16.9173,17,479984,169173,d1cec81ae91dbcbb,,,,,,,
baseline,47,timed,hotspot,17,10000,100000,10000,20000,0.99995,1,1,1,8.44015,9,16.95865,17,959984,339173,f5e1fc661a157083,,,,,,,
baseline,47,timed,hotspot,17,10000,100000,20000,30000,0.999967,1,1,1,8.626767,9,16.972433,17,1439984,509173,62ef12af11e052fe,,,,,,,
baseline,47,timed,hotspot,17,10000,100000,30000,40000,0.999975,1,1,1,8.720075,9,16.979325,17,1919984,679173,f430b268bff23075,,,,,,,
baseline,47,timed,hotspot,17,10000,100000,40000,50000,0.99998,1,1,1,8.77606,9,16.98346,17,2399984,849173,392d459a17b19f30,,,,,,,
baseline,47,timed,hotspot,17,10000,100000,50000,60000,0.999983,1,1,1,8.813383,9,16.986217,17,2879984,1019173,710f11c802f05fe7,,,,,,,
baseline,47,timed,hotspot,17,10000,100000,60000,70000,0.999986,1,1,1,8.840043,9,17.178771,20,3359984,1202514,fb5d5b6b37dd0ef7,,,,,,,
baseline,47,timed,hotspot,17,10000,100000,70000,80000,0.999988,1,1,1,8.860038,9,17.531425,20,3839984,1402514,d187db08e8c17e00,,,,,,,
baseline,47,timed,hotspot,17,10000,100000,80000,90000,0.999989,1,1,1,8.875589,9,17.805711,20,4319984,1602514,83f9e5010454f3dd,,,,,,,
baseline,47,timed,hotspot,17,10000,100000,90000,100000,0.99999,1,1,1,8.88803,9,18.02514,20,4799984,1802514,a4cf0917a6350246,,,,,,,
baseline,47,timed,hotspot,17,10000,100000,100000,110000,0.999991,1,1,1,8.988964,10,18.204673,20,5279984,2002514,f4ef2ba2d62029eb,,,,,,,
baseline,47,diagnostic,hotspot,17,10000,100000,0,10000,0.9999,1,1,1,7.882,8,16.9173,17,479984,169173,d1cec81ae91dbcbb,30001,960040,960040,960040,320000,159984,480000
baseline,47,diagnostic,hotspot,17,10000,100000,10000,20000,0.99995,1,1,1,8.44015,9,16.95865,17,959984,339173,f5e1fc661a157083,60001,1920040,1920040,1920040,640000,319984,960000
baseline,47,diagnostic,hotspot,17,10000,100000,20000,30000,0.999967,1,1,1,8.626767,9,16.972433,17,1439984,509173,62ef12af11e052fe,90001,2880040,2880040,2880040,960000,479984,1440000
baseline,47,diagnostic,hotspot,17,10000,100000,30000,40000,0.999975,1,1,1,8.720075,9,16.979325,17,1919984,679173,f430b268bff23075,120001,3840040,3840040,3840040,1280000,639984,1920000
baseline,47,diagnostic,hotspot,17,10000,100000,40000,50000,0.99998,1,1,1,8.77606,9,16.98346,17,2399984,849173,392d459a17b19f30,150001,4800040,4800040,4800040,1600000,799984,2400000
baseline,47,diagnostic,hotspot,17,10000,100000,50000,60000,0.999983,1,1,1,8.813383,9,16.986217,17,2879984,1019173,710f11c802f05fe7,180001,5760040,5760040,5760040,1920000,959984,2880000
baseline,47,diagnostic,hotspot,17,10000,100000,60000,70000,0.999986,1,1,1,8.840043,9,17.178771,20,3359984,1202514,fb5d5b6b37dd0ef7,210001,6720040,6720040,6720040,2240000,1119984,3360000
baseline,47,diagnostic,hotspot,17,10000,100000,70000,80000,0.999988,1,1,1,8.860038,9,17.531425,20,3839984,1402514,d187db08e8c17e00,240001,7680040,7680040,7680040,2560000,1279984,3840000
baseline,47,diagnostic,hotspot,17,10000,100000,80000,90000,0.999989,1,1,1,8.875589,9,17.805711,20,4319984,1602514,83f9e5010454f3dd,270001,8640040,8640040,8640040,2880000,1439984,4320000
baseline,47,diagnostic,hotspot,17,10000,100000,90000,100000,0.99999,1,1,1,8.88803,9,18.02514,20,4799984,1802514,a4cf0917a6350246,300001,9600040,9600040,9600040,3200000,1599984,4800000
baseline,47,diagnostic,hotspot,17,10000,100000,100000,110000,0.999991,1,1,1,8.988964,10,18.204673,20,5279984,2002514,f4ef2ba2d62029eb,330001,10560040,10560040,10560040,3520000,1759984,5280000
open_dense,47,timed,hotspot,17,10000,100000,0,10000,0.9999,1,1,1,7.882,8,16.9173,17,479984,169173,d1cec81ae91dbcbb,,,,,,,
open_dense,47,timed,hotspot,17,10000,100000,10000,20000,0.99995,1,1,1,8.44015,9,16.95865,17,959984,339173,f5e1fc661a157083,,,,,,,
open_dense,47,timed,hotspot,17,10000,100000,20000,30000,0.999967,1,1,1,8.626767,9,16.972433,17,1439984,509173,62ef12af11e052fe,,,,,,,
open_dense,47,timed,hotspot,17,10000,100000,30000,40000,0.999975,1,1,1,8.720075,9,16.979325,17,1919984,679173,f430b268bff23075,,,,,,,
open_dense,47,timed,hotspot,17,10000,100000,40000,50000,0.99998,1,1,1,8.77606,9,16.98346,17,2399984,849173,392d459a17b19f30,,,,,,,
open_dense,47,timed,hotspot,17,10000,100000,50000,60000,0.999983,1,1,1,8.813383,9,16.986217,17,2879984,1019173,710f11c802f05fe7,,,,,,,
open_dense,47,timed,hotspot,17,10000,100000,60000,70000,0.999986,1,1,1,8.840043,9,17.178771,20,3359984,1202514,fb5d5b6b37dd0ef7,,,,,,,
open_dense,47,timed,hotspot,17,10000,100000,70000,80000,0.999988,1,1,1,8.860038,9,17.531425,20,3839984,1402514,d187db08e8c17e00,,,,,,,
open_dense,47,timed,hotspot,17,10000,100000,80000,90000,0.999989,1,1,1,8.875589,9,17.805711,20,4319984,1602514,83f9e5010454f3dd,,,,,,,
open_dense,47,timed,hotspot,17,10000,100000,90000,100000,0.99999,1,1,1,8.88803,9,18.02514,20,4799984,1802514,a4cf0917a6350246,,,,,,,
open_dense,47,timed,hotspot,17,10000,100000,100000,110000,0.999991,1,1,1,8.988964,10,18.204673,20,5279984,2002514,f4ef2ba2d62029eb,,,,,,,
open_dense,47,diagnostic,hotspot,17,10000,100000,0,10000,0.9999,1,1,1,7.882,8,16.9173,17,479984,169173,d1cec81ae91dbcbb,30001,960040,960040,960040,320000,159984,480000
open_dense,47,diagnostic,hotspot,17,10000,100000,10000,20000,0.99995,1,1,1,8.44015,9,16.95865,17,959984,339173,f5e1fc661a157083,60001,1920040,1920040,1920040,640000,319984,960000
open_dense,47,diagnostic,hotspot,17,10000,100000,20000,30000,0.999967,1,1,1,8.626767,9,16.972433,17,1439984,509173,62ef12af11e052fe,90001,2880040,2880040,2880040,960000,479984,1440000
open_dense,47,diagnostic,hotspot,17,10000,100000,30000,40000,0.999975,1,1,1,8.720075,9,16.979325,17,1919984,679173,f430b268bff23075,120001,3840040,3840040,3840040,1280000,639984,1920000
open_dense,47,diagnostic,hotspot,17,10000,100000,40000,50000,0.99998,1,1,1,8.77606,9,16.98346,17,2399984,849173,392d459a17b19f30,150001,4800040,4800040,4800040,1600000,799984,2400000
open_dense,47,diagnostic,hotspot,17,10000,100000,50000,60000,0.999983,1,1,1,8.813383,9,16.986217,17,2879984,1019173,710f11c802f05fe7,180001,5760040,5760040,5760040,1920000,959984,2880000
open_dense,47,diagnostic,hotspot,17,10000,100000,60000,70000,0.999986,1,1,1,8.840043,9,17.178771,20,3359984,1202514,fb5d5b6b37dd0ef7,210001,6720040,6720040,6720040,2240000,1119984,3360000
open_dense,47,diagnostic,hotspot,17,10000,100000,70000,80000,0.999988,1,1,1,8.860038,9,17.531425,20,3839984,1402514,d187db08e8c17e00,240001,7680040,7680040,7680040,2560000,1279984,3840000
open_dense,47,diagnostic,hotspot,17,10000,100000,80000,90000,0.999989,1,1,1,8.875589,9,17.805711,20,4319984,1602514,83f9e5010454f3dd,270001,8640040,8640040,8640040,2880000,1439984,4320000
open_dense,47,diagnostic,hotspot,17,10000,100000,90000,100000,0.99999,1,1,1,8.88803,9,18.02514,20,4799984,1802514,a4cf0917a6350246,300001,9600040,9600040,9600040,3200000,1599984,4800000
open_dense,47,diagnostic,hotspot,17,10000,100000,100000,110000,0.999991,1,1,1,8.988964,10,18.204673,20,5279984,2002514,f4ef2ba2d62029eb,330001,10560040,10560040,10560040,3520000,1759984,5280000
baseline,48,timed,timeline,3512641005,10000,100000,0,10000,0.9999,1,1,1,3.9999,4,13.9992,14,479984,139992,e683f3560ca72cf4,,,,,,,
baseline,48,timed,timeline,3512641005,10000,100000,10000,17950,1.435543,3,3,4,5.74234,16,17.484345,38,938256,313844,517b9f7d8ebaa9da,,,,,,,
baseline,48,timed,timeline,3512641005,10000,100000,20000,25898,2.275465,5,5,5,9.101977,20,24.203722,46,1611120,626828,c75ca9e72a1f4d95,,,,,,,
baseline,48,timed,timeline,3512641005,10000,100000,30000,33908,3.281055,4,4,4,13.124307,16,32.248437,38,2698648,1093480,fe6cdaf5a54a69e2,,,,,,,
baseline,48,timed,timeline,3512641005,10000,100000,40000,41862,3.228178,4,4,4,12.912785,16,31.825426,38,3229200,1332276,97ce0c65d8d12820,,,,,,,
baseline,48,timed,timeline,3512641005,10000,100000,50000,49774,3.554165,6,6,6,14.21672,24,34.433319,54,4066264,1713884,19a765d8032f7408,,,,,,,
baseline,48,timed,timeline,3512641005,10000,100000,60000,57850,3.554347,4,4,4,14.217442,16,34.43478,38,4870936,1992052,90acc5e0cad55484,,,,,,,
baseline,48,timed,timeline,3512641005,10000,100000,70000,65884,3.508105,4,4,4,14.032466,16,34.064841,38,5414672,2244328,dc57f5159536fd85,,,,,,,
baseline,48,timed,timeline,3512641005,10000,100000,80000,73810,3.714402,5,6,6,14.857648,24,35.715215,54,6276472,2636140,040be146318f526e,,,,,,,
baseline,48,timed,timeline,3512641005,10000,100000,90000,81820,3.635053,4,4,4,14.540247,16,35.08042,38,7130800,2870280,3db1a3ee13c571fd,,,,,,,
baseline,48,timed,timeline,3512641005,10000,100000,100000,89782,3.65913,4,5,5,14.636553,20,35.273039,46,7760224,3166884,9fa4450d22cd91d8,,,,,,,
baseline,48,diagnostic,timeline,3512641005,10000,100000,0,10000,0.9999,1,1,1,3.9999,4,13.9992,14,479984,139992,e683f3560ca72cf4,30001,960040,960040,960040,320000,159984,480000
baseline,48,diagnostic,timeline,3512641005,10000,100000,10000,17950,1.435543,3,3,4,5.74234,16,17.484345,38,938256,313844,517b9f7d8ebaa9da,56926,2041040,1799912,1799912,574400,363856,861600
baseline,48,diagnostic,timeline,3512641005,10000,100000,20000,25898,2.275465,5,5,5,9.101977,20,24.203722,46,1611120,626828,c75ca9e72a1f4d95,83848,3641592,2854280,2854280,828736,782384,1243104
baseline,48,diagnostic,timeline,3512641005,10000,100000,30000,33908,3.281055,4,4,4,13.124307,16,32.248437,38,2698648,1093480,fe6cdaf5a54a69e2,239056,15438888,4326288,6791256,1085056,1613592,1627584
baseline,48,diagnostic,timeline,3512641005,10000,100000,40000,41862,3.228178,4,4,4,12.912785,16,31.825426,38,3229200,1332276,97ce0c65d8d12820,265987,16784648,5238632,6791256,1339584,1889616,2009376
baseline,48,diagnostic,timeline,3512641005,10000,100000,50000,49774,3.554165,6,6,6,14.21672,24,34.433319,54,4066264,1713884,19a765d8032f7408,292855,18764440,6455472,6791256,1592768,2473496,2389152
baseline,48,diagnostic,timeline,3512641005,10000,100000,60000,57850,3.554347,4,4,4,14.217442,16,34.43478,38,4870936,1992052,90acc5e0cad55484,552946,38652872,7647792,11879368,1851200,3019736,2776800
baseline,48,diagnostic,timeline,3512641005,10000,100000,70000,65884,3.508105,4,4,4,14.032466,16,34.064841,38,5414672,2244328,dc57f5159536fd85,579997,40036360,8577160,11879368,2108288,3306384,3162432
baseline,48,diagnostic,timeline,3512641005,10000,100000,80000,73810,3.714402,5,6,6,14.857648,24,35.715215,54,6276472,2636140,040be146318f526e,606886,42077416,9819408,11879368,2361920,3914552,3542880
baseline,48,diagnostic,timeline,3512641005,10000,100000,90000,81820,3.635053,4,4,4,14.540247,16,35.08042,38,7130800,2870280,3db1a3ee13c571fd,1044476,77975656,11058216,17741984,2618240,4512560,3927360
baseline,48,diagnostic,timeline,3512641005,10000,100000,100000,89782,3.65913,4,5,5,14.636553,20,35.273039,46,7760224,3166884,9fa4450d22cd91d8,1071419,79554424,12069816,17741984,2873024,4887200,4309536
open_dense,48,timed,timeline,3512641005,10000,100000,0,10000,0.9999,1,1,1,3.9999,4,13.9992,14,479984,139992,e683f3560ca72cf4,,,,,,,
open_dense,48,timed,timeline,3512641005,10000,100000,10000,17950,1.435543,3,3,4,5.74234,16,17.484345,38,938256,313844,517b9f7d8ebaa9da,,,,,,,
open_dense,48,timed,timeline,3512641005,10000,100000,20000,25898,2.275465,5,5,5,9.101977,20,24.203722,46,1611120,626828,c75ca9e72a1f4d95,,,,,,,
open_dense,48,timed,timeline,3512641005,10000,100000,30000,33908,2.953492,5,5,6,11.814056,24,29.627934,54,2528640,1004624,5ad771a0a4cef8e4,,,,,,,
open_dense,48,timed,timeline,3512641005,10000,100000,40000,41862,3.404782,5,6,6,13.619201,24,33.238259,54,3436808,1391420,124461d1f6c40013,,,,,,,
open_dense,48,timed,timeline,3512641005,10000,100000,50000,49774,2.618636,4,4,5,10.474605,20,26.94909,46,3254536,1341364,da55ec65ea7eed6a,,,,,,,
open_dense,48,timed,timeline,3512641005,10000,100000,60000,57850,2.976059,5,6,6,11.904287,24,29.80847,54,4097472,1724420,f222af70e4b1ff46,,,,,,,
open_dense,48,timed,timeline,3512641005,10000,100000,70000,65884,3.367737,6,6,6,13.470994,24,32.941898,54,5020288,2170344,739160cb5e9f7f27,,,,,,,
open_dense,48,timed,timeline,3512641005,10000,100000,80000,73810,3.339398,6,6,6,13.357634,24,32.715188,54,5531880,2414708,389e5024b5453d83,,,,,,,
open_dense,48,timed,timeline,3512641005,10000,100000,90000,81820,3.53009,6,6,6,14.120398,24,34.240724,54,6452880,2801576,acb7522443a7f6b5,,,,,,,
open_dense,48,timed,timeline,3512641005,10000,100000,100000,89782,3.604687,5,5,6,14.418781,24,34.837495,54,7358320,3127780,af00111ccca23403,,,,,,,
open_dense,48,diagnostic,timeline,3512641005,10000,100000,0,10000,0.9999,1,1,1,3.9999,4,13.9992,14,479984,139992,e683f3560ca72cf4,30001,960040,960040,960040,320000,159984,480000
open_dense,48,diagnostic,timeline,3512641005,10000,100000,10000,17950,1.435543,3,3,4,5.74234,16,17.484345,38,938256,313844,517b9f7d8ebaa9da,56926,2041040,1799912,1799912,574400,363856,861600
open_dense,48,diagnostic,timeline,3512641005,10000,100000,20000,25898,2.275465,5,5,5,9.101977,20,24.203722,46,1611120,626828,c75ca9e72a1f4d95,83848,3641592,2854280,2854280,828736,782384,1243104
open_dense,48,diagnostic,timeline,3512641005,10000,100000,30000,33908,2.953492,5,5,6,11.814056,24,29.627934,54,2528640,1004624,5ad771a0a4cef8e4,499827,45484624,4156280,5151864,1085056,1443584,1627584
open_dense,48,diagnostic,timeline,3512641005,10000,100000,40000,41862,3.404782,5,6,6,13.619201,24,33.238259,54,3436808,1391420,124461d1f6c40013,854520,81016280,5446240,6281440,1339584,2097224,2009376
open_dense,48,diagnostic,timeline,3512641005,10000,100000,50000,49774,2.618636,4,4,5,10.474605,20,26.94909,46,3254536,1341364,da55ec65ea7eed6a,2381306,235700232,5643744,9450768,1592768,1661768,2389152
open_dense,48,diagnostic,timeline,3512641005,10000,100000,60000,57850,2.976059,5,6,6,11.904287,24,29.80847,54,4097472,1724420,f222af70e4b1ff46,2408420,237648784,6874328,9450768,1851200,2246272,2776800
open_dense,48,diagnostic,timeline,3512641005,10000,100000,70000,65884,3.367737,6,6,6,13.470994,24,32.941898,54,5020288,2170344,739160cb5e9f7f27,3162753,313950432,8182776,9450768,2108288,2912000,3162432
open_dense,48,diagnostic,timeline,3512641005,10000,100000,80000,73810,3.339398,6,6,6,13.357634,24,32.715188,54,5531880,2414708,389e5024b5453d83,3435942,340421592,9074816,9864760,2361920,3169960,3542880
open_dense,48,diagnostic,timeline,3512641005,10000,100000,90000,81820,3.53009,6,6,6,14.120398,24,34.240724,54,6452880,2801576,acb7522443a7f6b5,3863953,383437184,10380296,10444232,2618240,3834640,3927360
open_dense,48,diagnostic,timeline,3512641005,10000,100000,100000,89782,3.604687,5,5,6,14.418781,24,34.837495,54,7358320,3127780,af00111ccca23403,5075056,507417016,11667912,15575536,2873024,4485296,4309536
baseline,49,timed,priority,3512641005,10000,100000,0,10000,2.3171,4,5,6,9.2687,24,24.5368,54,616904,245368,db2ff4073ffbdd5f,,,,,,,
baseline,49,timed,priority,3512641005,10000,100000,10000,10972,1.651203,4,5,6,6.604812,24,19.209624,54,603032,210768,7d6d0c2ad3cc348f,,,,,,,
baseline,49,timed,priority,3512641005,10000,100000,20000,11944,1.429421,3,5,6,5.717683,24,17.435365,54,631680,208248,3c9c1b2c55837e1f,,,,,,,
baseline,49,timed,priority,3512641005,10000,100000,30000,12839,1.499883,4,5,6,5.999533,24,17.999065,54,692184,231090,c231db482413280d,,,,,,,
baseline,49,timed,priority,3512641005,10000,100000,40000,13804,1.548826,4,5,6,6.195306,24,18.390611,54,753768,253864,f5f3c23c90b53687,,,,,,,
baseline,49,timed,priority,3512641005,10000,100000,50000,14774,1.607689,4,5,6,6.430757,24,18.861513,54,819024,278660,400bf3fff136d030,,,,,,,
baseline,49,timed,priority,3512641005,10000,100000,60000,15762,1.656833,4,5,6,6.627332,24,19.254663,54,883432,303492,d99963e2766cd540,,,,,,,
baseline,49,timed,priority,3512641005,10000,100000,70000,16792,2.822356,3,4,6,11.289424,24,28.578847,54,1160336,479896,edbc2757e5bfe7d6,,,,,,,
baseline,49,timed,priority,3512641005,10000,100000,80000,17736,2.382048,3,5,6,9.528191,24,25.056382,54,1115712,444400,d03341967829077c,,,,,,,
baseline,49,timed,priority,3512641005,10000,100000,90000,18769,1.750599,4,5,6,7.002398,24,20.004795,54,1037232,375470,68c4ec4c7e79fec9,,,,,,,
baseline,49,timed,priority,3512641005,10000,100000,100000,19889,1.43069,3,4,6,5.722761,24,17.445523,54,1042624,346974,353e98685273bd11,,,,,,,
baseline,49,diagnostic,priority,3512641005,10000,100000,0,10000,2.3171,4,5,6,9.2687,24,24.5368,54,616904,245368,db2ff4073ffbdd5f,57758,3001352,1096960,1096960,320000,296904,480000
baseline,49,diagnostic,priority,3512641005,10000,100000,10000,10972,1.651203,4,5,6,6.604812,24,19.209624,54,603032,210768,7d6d0c2ad3cc348f,117937,6065880,1129744,1183112,351104,251928,526656
baseline,49,diagnostic,priority,3512641005,10000,100000,20000,11944,1.429421,3,5,6,5.717683,24,17.435365,54,631680,208248,3c9c1b2c55837e1f,158298,7886680,1205048,1205240,382208,249472,573312
baseline,49,diagnostic,priority,3512641005,10000,100000,30000,12839,1.499883,4,5,6,5.999533,24,17.999065,54,692184,231090,c231db482413280d,189771,9261952,1308512,1310824,410848,281336,616272
baseline,49,diagnostic,priority,3512641005,10000,100000,40000,13804,1.548826,4,5,6,6.195306,24,18.390611,54,753768,253864,f5f3c23c90b53687,217741,10400488,1416416,1417120,441728,312040,662592
baseline,49,diagnostic,priority,3512641005,10000,100000,50000,14774,1.607689,4,5,6,6.430757,24,18.861513,54,819024,278660,400bf3fff136d030,246007,11617528,1528232,1531192,472768,346256,709152
baseline,49,diagnostic,priority,3512641005,10000,100000,60000,15762,1.656833,4,5,6,6.627332,24,19.254663,54,883432,303492,d99963e2766cd540,274586,12807376,1640064,1640216,504384,379048,756576
baseline,49,diagnostic,priority,3512641005,10000,100000,70000,16792,2.822356,3,4,6,11.289424,24,28.578847,54,1160336,479896,edbc2757e5bfe7d6,371984,18107304,1966408,3102456,537344,622992,806016
baseline,49,diagnostic,priority,3512641005,10000,100000,80000,17736,2.382048,3,5,6,9.528191,24,25.056382,54,1115712,444400,d03341967829077c,420829,20651688,1967096,3102456,567552,548160,851328
baseline,49,diagnostic,priority,3512641005,10000,100000,90000,18769,1.750599,4,5,6,7.002398,24,20.004795,54,1037232,375470,68c4ec4c7e79fec9,489647,24148224,1938200,3102456,600608,436624,900912
baseline,49,diagnostic,priority,3512641005,10000,100000,100000,19889,1.43069,3,4,6,5.722761,24,17.445523,54,1042624,346974,353e98685273bd11,552083,27142752,1997352,3102456,636448,406176,954672
open_dense,49,timed,priority,3512641005,10000,100000,0,10000,2.2841,4,5,6,9.1367,24,24.2728,54,610400,242728,9b02952d79ff1fe3,,,,,,,
open_dense,49,timed,priority,3512641005,10000,100000,10000,10972,2.872858,5,6,6,11.491706,24,28.982865,54,791680,318000,4ed0ed28109c2cb0,,,,,,,
open_dense,49,timed,priority,3512641005,10000,100000,20000,11944,3.097622,5,6,6,12.39074,24,30.780978,54,901768,367648,1fbe81b9bf19ef90,,,,,,,
open_dense,49,timed,priority,3512641005,10000,100000,30000,12839,3.231638,5,6,6,12.926786,24,31.853104,54,991088,408962,7e94d4c069f76f70,,,,,,,
open_dense,49,timed,priority,3512641005,10000,100000,40000,13804,3.251232,5,6,6,13.005143,24,32.009852,54,1068264,441864,ce8c35efd217614b,,,,,,,
open_dense,49,timed,priority,3512641005,10000,100000,50000,14774,3.322255,5,6,6,13.289224,24,32.578043,54,1156632,481308,d613d4ba01984bf0,,,,,,,
open_dense,49,timed,priority,3512641005,10000,100000,60000,15762,2.274458,5,6,6,9.09783,24,24.19566,54,1017056,381372,5685f423ad539563,,,,,,,
open_dense,49,timed,priority,3512641005,10000,100000,70000,16792,2.491544,5,6,6,9.966174,24,25.932349,54,1130000,435456,81f6458cc555a877,,,,,,,
open_dense,49,timed,priority,3512641005,10000,100000,80000,17736,2.664129,5,6,6,10.656687,24,27.313036,54,1231392,484424,e00911a107a6990e,,,,,,,
open_dense,49,timed,priority,3512641005,10000,100000,90000,18769,2.735788,5,6,6,10.943311,24,27.886302,54,1320280,523398,99daa9fd612e182d,,,,,,,
open_dense,49,timed,priority,3512641005,10000,100000,100000,19889,2.778471,5,6,6,11.114033,24,28.227764,54,1407736,561422,d0abeba0cfc2c973,,,,,,,
open_dense,49,diagnostic,priority,3512641005,10000,100000,0,10000,2.2841,4,5,6,9.1367,24,24.2728,54,610400,242728,9b02952d79ff1fe3,51987,2619208,1090456,1090712,320000,290400,480000
open_dense,49,diagnostic,priority,3512641005,10000,100000,10000,10972,2.872858,5,6,6,11.491706,24,28.982865,54,791680,318000,4ed0ed28109c2cb0,124100,6709816,1318392,1817880,351104,440576,526656
open_dense,49,diagnostic,priority,3512641005,10000,100000,20000,11944,3.097622,5,6,6,12.39074,24,30.780978,54,901768,367648,1fbe81b9bf19ef90,152618,8296440,1475136,1817880,382208,519560,573312
open_dense,49,diagnostic,priority,3512641005,10000,100000,30000,12839,3.231638,5,6,6,12.926786,24,31.853104,54,991088,408962,7e94d4c069f76f70,182384,9996856,1607416,1817880,410848,580240,616272
open_dense,49,diagnostic,priority,3512641005,10000,100000,40000,13804,3.251232,5,6,6,13.005143,24,32.009852,54,1068264,441864,ce8c35efd217614b,214192,11813248,1730912,1817880,441728,626536,662592
open_dense,49,diagnostic,priority,3512641005,10000,100000,50000,14774,3.322255,5,6,6,13.289224,24,32.578043,54,1156632,481308,d613d4ba01984bf0,246752,13720208,1865840,1867016,472768,683864,709152
open_dense,49,diagnostic,priority,3512641005,10000,100000,60000,15762,2.274458,5,6,6,9.09783,24,24.19566,54,1017056,381372,5685f423ad539563,316023,17366408,1773688,2491072,504384,512672,756576
open_dense,49,diagnostic,priority,3512641005,10000,100000,70000,16792,2.491544,5,6,6,9.966174,24,25.932349,54,1130000,435456,81f6458cc555a877,345064,18898776,1936072,2491072,537344,592656,806016
open_dense,49,diagnostic,priority,3512641005,10000,100000,80000,17736,2.664129,5,6,6,10.656687,24,27.313036,54,1231392,484424,e00911a107a6990e,374154,20424296,2082776,2491072,567552,663840,851328
open_dense,49,diagnostic,priority,3512641005,10000,100000,90000,18769,2.735788,5,6,6,10.943311,24,27.886302,54,1320280,523398,99daa9fd612e182d,405532,22097656,2221248,2491072,600608,719672,900912
open_dense,49,diagnostic,priority,3512641005,10000,100000,100000,19889,2.778471,5,6,6,11.114033,24,28.227764,54,1407736,561422,d0abeba0cfc2c973,437638,23830680,2362464,2491072,636448,771288,954672
baseline,50,timed,local,3512641005,10000,100000,0,10000,0.9999,1,1,1,3.9999,4,13.9992,14,479984,139992,e683f3560ca72cf4,,,,,,,
baseline,50,timed,local,3512641005,10000,100000,10000,10037,1.633257,3,4,6,6.533327,24,19.066056,54,549184,191366,516b90b27404f6d5,,,,,,,
baseline,50,timed,local,3512641005,10000,100000,20000,10011,1.967735,4,5,6,7.870942,24,21.741884,54,597352,217658,ca3f8a0ed8d8ecad,,,,,,,
baseline,50,timed,local,3512641005,10000,100000,30000,10019,2.108194,5,6,6,8.433077,24,22.865555,54,618808,229090,cf905f81e9eae76e,,,,,,,
baseline,50,timed,local,3512641005,10000,100000,40000,10021,2.155274,5,6,6,8.621395,24,23.242191,54,625928,232910,66992e35eb8036a3,,,,,,,
baseline,50,timed,local,3512641005,10000,100000,50000,9998,2.160332,5,6,6,8.641628,24,23.282657,54,624520,232780,6f3fe4fe72e25ebc,,,,,,,
baseline,50,timed,local,3512641005,10000,100000,60000,9992,2.159828,5,6,6,8.639612,24,23.278623,54,622072,232600,4f350e12d5b26be7,,,,,,,
baseline,50,timed,local,3512641005,10000,100000,70000,10034,2.164142,5,6,6,8.656867,24,23.313135,54,624544,233924,5247b308f5b5e2b6,,,,,,,
baseline,50,timed,local,3512641005,10000,100000,80000,9989,2.157273,5,6,6,8.629392,24,23.258184,54,620808,232326,b677d9512514b76a,,,,,,,
baseline,50,timed,local,3512641005,10000,100000,90000,9995,2.148574,5,6,6,8.594597,24,23.188594,54,619880,231770,24108128d6624e87,,,,,,,
baseline,50,timed,local,3512641005,10000,100000,100000,10005,2.149025,5,6,6,8.596402,24,23.192204,54,620488,232038,0bea771856b76bb6,,,,,,,
baseline,50,diagnostic,local,3512641005,10000,100000,0,10000,0.9999,1,1,1,3.9999,4,13.9992,14,479984,139992,e683f3560ca72cf4,30001,960040,960040,960040,320000,159984,480000
baseline,50,diagnostic,local,3512641005,10000,100000,10000,10037,1.633257,3,4,6,6.533327,24,19.066056,54,549184,191366,516b90b27404f6d5,57172,2025168,1031016,1031320,321184,228000,481776
baseline,50,diagnostic,local,3512641005,10000,100000,20000,10011,1.967735,4,5,6,7.870942,24,21.741884,54,597352,217658,ca3f8a0ed8d8ecad,84419,3135264,1077936,1078312,320352,277000,480528
baseline,50,diagnostic,local,3512641005,10000,100000,30000,10019,2.108194,5,6,6,8.433077,24,22.865555,54,618808,229090,cf905f81e9eae76e,112291,4301632,1099776,1100472,320608,298200,480912
baseline,50,diagnostic,local,3512641005,10000,100000,40000,10021,2.155274,5,6,6,8.621395,24,23.242191,54,625928,232910,66992e35eb8036a3,140544,5491584,1106992,1107856,320672,305256,481008
baseline,50,diagnostic,local,3512641005,10000,100000,50000,9998,2.160332,5,6,6,8.641628,24,23.282657,54,624520,232780,6f3fe4fe72e25ebc,169194,6710080,1104480,1109960,319936,304584,479904
baseline,50,diagnostic,local,3512641005,10000,100000,60000,9992,2.159828,5,6,6,8.639612,24,23.278623,54,622072,232600,4f350e12d5b26be7,197949,7938872,1101744,1111560,319744,302328,479616
baseline,50,diagnostic,local,3512641005,10000,100000,70000,10034,2.164142,5,6,6,8.656867,24,23.313135,54,624544,233924,5247b308f5b5e2b6,226501,9160480,1106232,1111560,321088,303456,481632
baseline,50,diagnostic,local,3512641005,10000,100000,80000,9989,2.157273,5,6,6,8.629392,24,23.258184,54,620808,232326,b677d9512514b76a,255163,10378672,1100336,1111560,319648,301160,479472
baseline,50,diagnostic,local,3512641005,10000,100000,90000,9995,2.148574,5,6,6,8.594597,24,23.188594,54,619880,231770,24108128d6624e87,283959,11615144,1099696,1111560,319840,300040,479760
baseline,50,diagnostic,local,3512641005,10000,100000,100000,10005,2.149025,5,6,6,8.596402,24,23.192204,54,620488,232038,0bea771856b76bb6,312789,12856688,1100784,1111560,320160,300328,480240
open_dense,50,timed,local,3512641005,10000,100000,0,10000,0.9999,1,1,1,3.9999,4,13.9992,14,479984,139992,e683f3560ca72cf4,,,,,,,
open_dense,50,timed,local,3512641005,10000,100000,10000,10037,1.633257,3,4,6,6.533327,24,19.066056,54,549184,191366,516b90b27404f6d5,,,,,,,
open_dense,50,timed,local,3512641005,10000,100000,20000,10011,1.967735,4,5,6,7.870942,24,21.741884,54,597352,217658,ca3f8a0ed8d8ecad,,,,,,,
open_dense,50,timed,local,3512641005,10000,100000,30000,10019,2.108194,5,6,6,8.433077,24,22.865555,54,618808,229090,cf905f81e9eae76e,,,,,,,
open_dense,50,timed,local,3512641005,10000,100000,40000,10021,2.155274,5,6,6,8.621395,24,23.242191,54,625928,232910,66992e35eb8036a3,,,,,,,
open_dense,50,timed,local,3512641005,10000,100000,50000,9998,2.160332,5,6,6,8.641628,24,23.282657,54,624520,232780,6f3fe4fe72e25ebc,,,,,,,
open_dense,50,timed,local,3512641005,10000,100000,60000,9992,2.159828,5,6,6,8.639612,24,23.278623,54,622072,232600,4f350e12d5b26be7,,,,,,,
open_dense,50,timed,local,3512641005,10000,100000,70000,10034,2.164142,5,6,6,8.656867,24,23.313135,54,624544,233924,5247b308f5b5e2b6,,,,,,,
open_dense,50,timed,local,3512641005,10000,100000,80000,9989,2.157273,5,6,6,8.629392,24,23.258184,54,620808,232326,b677d9512514b76a,,,,,,,
open_dense,50,timed,local,3512641005,10000,100000,90000,9995,2.148574,5,6,6,8.594597,24,23.188594,54,619880,231770,24108128d6624e87,,,,,,,
open_dense,50,timed,local,3512641005,10000,100000,100000,10005,2.149025,5,6,6,8.596402,24,23.192204,54,620488,232038,0bea771856b76bb6,,,,,,,
open_dense,50,diagnostic,local,3512641005,10000,100000,0,10000,0.9999,1,1,1,3.9999,4,13.9992,14,479984,139992,e683f3560ca72cf4,30001,960040,960040,960040,320000,159984,480000
open_dense,50,diagnostic,local,3512641005,10000,100000,10000,10037,1.633257,3,4,6,6.533327,24,19.066056,54,549184,191366,516b90b27404f6d5,57172,2025168,1031016,1031320,321184,228000,481776
open_dense,50,diagnostic,local,3512641005,10000,100000,20000,10011,1.967735,4,5,6,7.870942,24,21.741884,54,597352,217658,ca3f8a0ed8d8ecad,84419,3135264,1077936,1078312,320352,277000,480528
open_dense,50,diagnostic,local,3512641005,10000,100000,30000,10019,2.108194,5,6,6,8.433077,24,22.865555,54,618808,229090,cf905f81e9eae76e,112291,4301632,1099776,1100472,320608,298200,480912
open_dense,50,diagnostic,local,3512641005,10000,100000,40000,10021,2.155274,5,6,6,8.621395,24,23.242191,54,625928,232910,66992e35eb8036a3,140544,5491584,1106992,1107856,320672,305256,481008
open_dense,50,diagnostic,local,3512641005,10000,100000,50000,9998,2.160332,5,6,6,8.641628,24,23.282657,54,624520,232780,6f3fe4fe72e25ebc,169194,6710080,1104480,1109960,319936,304584,479904
open_dense,50,diagnostic,local,3512641005,10000,100000,60000,9992,2.159828,5,6,6,8.639612,24,23.278623,54,622072,232600,4f350e12d5b26be7,197949,7938872,1101744,1111560,319744,302328,479616
open_dense,50,diagnostic,local,3512641005,10000,100000,70000,10034,2.164142,5,6,6,8.656867,24,23.313135,54,624544,233924,5247b308f5b5e2b6,226501,9160480,1106232,1111560,321088,303456,481632
open_dense,50,diagnostic,local,3512641005,10000,100000,80000,9989,2.157273,5,6,6,8.629392,24,23.258184,54,620808,232326,b677d9512514b76a,255163,10378672,1100336,1111560,319648,301160,479472
open_dense,50,diagnostic,local,3512641005,10000,100000,90000,9995,2.148574,5,6,6,8.594597,24,23.188594,54,619880,231770,24108128d6624e87,283959,11615144,1099696,1111560,319840,300040,479760
open_dense,50,diagnostic,local,3512641005,10000,100000,100000,10005,2.149025,5,6,6,8.596402,24,23.192204,54,620488,232038,0bea771856b76bb6,312789,12856688,1100784,1111560,320160,300328,480240
baseline,51,timed,churn,3512641005,10000,100000,0,10000,0.9999,1,1,1,3.9999,4,13.9992,14,479984,139992,e683f3560ca72cf4,,,,,,,
baseline,51,timed,churn,3512641005,10000,100000,10000,9988,1.353724,2,3,4,5.415198,16,16.829796,38,511336,168096,375c1027ac237edc,,,,,,,
baseline,51,timed,churn,3512641005,10000,100000,20000,9944,1.532884,3,4,6,6.131838,24,18.263073,54,530104,181608,cca8dfa8245b65f9,,,,,,,
baseline,51,timed,churn,3512641005,10000,100000,30000,9897,1.639689,3,4,6,6.559058,24,19.11751,54,541680,189206,7671e1e8d0abaff4,,,,,,,
baseline,51,timed,churn,3512641005,10000,100000,40000,9897,1.714762,3,4,6,6.859048,24,19.718096,54,552784,195150,5d0a7b00f6ea7934,,,,,,,
baseline,51,timed,churn,3512641005,10000,100000,50000,9750,1.786564,4,5,6,7.146564,24,20.292513,54,554672,197852,3f7caab7dea08f8d,,,,,,,
baseline,51,timed,churn,3512641005,10000,100000,60000,9688,1.818435,4,5,6,7.27405,24,20.547481,54,556104,199064,2b928fdb9c6b6522,,,,,,,
baseline,51,timed,churn,3512641005,10000,100000,70000,9575,1.85671,4,5,6,7.427154,24,20.853681,54,555760,199674,f4348809d54b3a39,,,,,,,
baseline,51,timed,churn,3512641005,10000,100000,80000,9743,1.890178,4,5,6,7.561018,24,21.121421,54,570104,205786,3af910c6368d570b,,,,,,,
baseline,51,timed,churn,3512641005,10000,100000,90000,9777,1.915414,4,5,6,7.661655,24,21.32331,54,574424,208478,3be4f8414a6e2391,,,,,,,
baseline,51,timed,churn,3512641005,10000,100000,100000,9844,1.918123,4,6,6,7.672796,24,21.344982,54,578048,210120,c7c6ab9b567c40a5,,,,,,,
baseline,51,diagnostic,churn,3512641005,10000,100000,0,10000,0.9999,1,1,1,3.9999,4,13.9992,14,479984,139992,e683f3560ca72cf4,30001,960040,960040,960040,320000,159984,480000
baseline,51,diagnostic,churn,3512641005,10000,100000,10000,9988,1.353724,2,3,4,5.415198,16,16.829796,38,511336,168096,375c1027ac237edc,50979,1752000,990816,991184,319616,191720,479424
baseline,51,diagnostic,churn,3512641005,10000,100000,20000,9944,1.532884,3,4,6,6.131838,24,18.263073,54,530104,181608,cca8dfa8245b65f9,71898,2540704,1007472,1008848,318208,211896,477312
baseline,51,diagnostic,churn,3512641005,10000,100000,30000,9897,1.639689,3,4,6,6.559058,24,19.11751,54,541680,189206,7671e1e8d0abaff4,92888,3342176,1016792,1017632,316704,224976,475056
baseline,51,diagnostic,churn,3512641005,10000,100000,40000,9897,1.714762,3,4,6,6.859048,24,19.718096,54,552784,195150,5d0a7b00f6ea7934,113774,4152240,1027896,1030144,316704,236080,475056
baseline,51,diagnostic,churn,3512641005,10000,100000,50000,9750,1.786564,4,5,6,7.146564,24,20.292513,54,554672,197852,3f7caab7dea08f8d,134662,4971856,1022728,1030144,312000,242672,468000
baseline,51,diagnostic,churn,3512641005,10000,100000,60000,9688,1.818435,4,5,6,7.27405,24,20.547481,54,556104,199064,2b928fdb9c6b6522,155676,5797904,1021184,1030144,310016,246088,465024
baseline,51,diagnostic,churn,3512641005,10000,100000,70000,9575,1.85671,4,5,6,7.427154,24,20.853681,54,555760,199674,f4348809d54b3a39,176604,6629520,1015416,1030144,306400,249360,459600
baseline,51,diagnostic,churn,3512641005,10000,100000,80000,9743,1.890178,4,5,6,7.561018,24,21.121421,54,570104,205786,3af910c6368d570b,198383,7503496,1037824,1037968,311776,258328,467664
baseline,51,diagnostic,churn,3512641005,10000,100000,90000,9777,1.915414,4,5,6,7.661655,24,21.32331,54,574424,208478,3be4f8414a6e2391,219620,8362640,1043776,1046440,312864,261560,469296
baseline,51,diagnostic,churn,3512641005,10000,100000,100000,9844,1.918123,4,6,6,7.672796,24,21.344982,54,578048,210120,c7c6ab9b567c40a5,241285,9235232,1050616,1051392,315008,263040,472512
open_dense,51,timed,churn,3512641005,10000,100000,0,10000,0.9999,1,1,1,3.9999,4,13.9992,14,479984,139992,e683f3560ca72cf4,,,,,,,
open_dense,51,timed,churn,3512641005,10000,100000,10000,9988,1.353724,2,3,4,5.415198,16,16.829796,38,511336,168096,375c1027ac237edc,,,,,,,
open_dense,51,timed,churn,3512641005,10000,100000,20000,9944,1.532884,3,4,6,6.131838,24,18.263073,54,530104,181608,cca8dfa8245b65f9,,,,,,,
open_dense,51,timed,churn,3512641005,10000,100000,30000,9897,1.639689,3,4,6,6.559058,24,19.11751,54,541680,189206,7671e1e8d0abaff4,,,,,,,
open_dense,51,timed,churn,3512641005,10000,100000,40000,9897,1.714762,3,4,6,6.859048,24,19.718096,54,552784,195150,5d0a7b00f6ea7934,,,,,,,
open_dense,51,timed,churn,3512641005,10000,100000,50000,9750,1.786564,4,5,6,7.146564,24,20.292513,54,554672,197852,3f7caab7dea08f8d,,,,,,,
open_dense,51,timed,churn,3512641005,10000,100000,60000,9688,1.818435,4,5,6,7.27405,24,20.547481,54,556104,199064,2b928fdb9c6b6522,,,,,,,
open_dense,51,timed,churn,3512641005,10000,100000,70000,9575,1.85671,4,5,6,7.427154,24,20.853681,54,555760,199674,f4348809d54b3a39,,,,,,,
open_dense,51,timed,churn,3512641005,10000,100000,80000,9743,1.890178,4,5,6,7.561018,24,21.121421,54,570104,205786,3af910c6368d570b,,,,,,,
open_dense,51,timed,churn,3512641005,10000,100000,90000,9777,1.915414,4,5,6,7.661655,24,21.32331,54,574424,208478,3be4f8414a6e2391,,,,,,,
open_dense,51,timed,churn,3512641005,10000,100000,100000,9844,1.918123,4,6,6,7.672796,24,21.344982,54,578048,210120,c7c6ab9b567c40a5,,,,,,,
open_dense,51,diagnostic,churn,3512641005,10000,100000,0,10000,0.9999,1,1,1,3.9999,4,13.9992,14,479984,139992,e683f3560ca72cf4,30001,960040,960040,960040,320000,159984,480000
open_dense,51,diagnostic,churn,3512641005,10000,100000,10000,9988,1.353724,2,3,4,5.415198,16,16.829796,38,511336,168096,375c1027ac237edc,50979,1752000,990816,991184,319616,191720,479424
open_dense,51,diagnostic,churn,3512641005,10000,100000,20000,9944,1.532884,3,4,6,6.131838,24,18.263073,54,530104,181608,cca8dfa8245b65f9,71898,2540704,1007472,1008848,318208,211896,477312
open_dense,51,diagnostic,churn,3512641005,10000,100000,30000,9897,1.639689,3,4,6,6.559058,24,19.11751,54,541680,189206,7671e1e8d0abaff4,92888,3342176,1016792,1017632,316704,224976,475056
open_dense,51,diagnostic,churn,3512641005,10000,100000,40000,9897,1.714762,3,4,6,6.859048,24,19.718096,54,552784,195150,5d0a7b00f6ea7934,113774,4152240,1027896,1030144,316704,236080,475056
open_dense,51,diagnostic,churn,3512641005,10000,100000,50000,9750,1.786564,4,5,6,7.146564,24,20.292513,54,554672,197852,3f7caab7dea08f8d,134662,4971856,1022728,1030144,312000,242672,468000
open_dense,51,diagnostic,churn,3512641005,10000,100000,60000,9688,1.818435,4,5,6,7.27405,24,20.547481,54,556104,199064,2b928fdb9c6b6522,155676,5797904,1021184,1030144,310016,246088,465024
open_dense,51,diagnostic,churn,3512641005,10000,100000,70000,9575,1.85671,4,5,6,7.427154,24,20.853681,54,555760,199674,f4348809d54b3a39,176604,6629520,1015416,1030144,306400,249360,459600
open_dense,51,diagnostic,churn,3512641005,10000,100000,80000,9743,1.890178,4,5,6,7.561018,24,21.121421,54,570104,205786,3af910c6368d570b,198383,7503496,1037824,1037968,311776,258328,467664
open_dense,51,diagnostic,churn,3512641005,10000,100000,90000,9777,1.915414,4,5,6,7.661655,24,21.32331,54,574424,208478,3be4f8414a6e2391,219620,8362640,1043776,1046440,312864,261560,469296
open_dense,51,diagnostic,churn,3512641005,10000,100000,100000,9844,1.918123,4,6,6,7.672796,24,21.344982,54,578048,210120,c7c6ab9b567c40a5,241285,9235232,1050616,1051392,315008,263040,472512
baseline,52,timed,churn,3512641005,50000,500000,0,50000,1.35594,2,2,2,5.42382,8,16.84752,22,2542368,842376,472860ed72a44d04,,,,,,,
baseline,52,timed,churn,3512641005,50000,500000,50000,49750,1.720181,3,4,6,6.880724,24,19.761447,54,2742096,983132,7240fb971606104e,,,,,,,
baseline,52,timed,churn,3512641005,50000,500000,100000,49844,1.902656,3,4,6,7.610685,24,21.22125,54,2873712,1057752,734faaedfb387ec8,,,,,,,
baseline,52,timed,churn,3512641005,50000,500000,150000,50019,2.018533,4,5,6,8.074192,24,22.148264,54,2970528,1107834,4ea0b21396e2572a,,,,,,,
baseline,52,timed,churn,3512641005,50000,500000,200000,50144,2.128869,4,5,6,8.515535,24,23.030951,54,3050880,1154864,62ac63158eaaa16c,,,,,,,
baseline,52,timed,churn,3512641005,50000,500000,250000,49856,2.197088,4,5,6,8.79531,24,23.576701,54,3075992,1175440,0db2d8a8779cdf0a,,,,,,,
baseline,52,timed,churn,3512641005,50000,500000,300000,49876,2.249278,4,5,6,9.020491,24,23.994226,54,3114160,1196736,3f470d27446bb5ed,,,,,,,
baseline,52,timed,churn,3512641005,50000,500000,350000,49820,2.303452,5,5,6,9.244159,24,24.427619,54,3170472,1216984,402f1be4f63eb38f,,,,,,,
baseline,52,timed,churn,3512641005,50000,500000,400000,49752,2.326962,5,6,6,9.342418,24,24.615694,54,3193120,1224680,39fc3b3e9911fab9,,,,,,,
baseline,52,timed,churn,3512641005,50000,500000,450000,49719,2.349182,5,6,6,9.433577,24,24.793459,54,3200064,1232706,30606104914772ab,,,,,,,
baseline,52,timed,churn,3512641005,50000,500000,500000,49528,2.373445,5,6,6,9.532971,24,24.987563,54,3199816,1237584,f052d68ba43c39ac,,,,,,,
baseline,52,diagnostic,churn,3512641005,50000,500000,0,50000,1.35594,2,2,2,5.42382,8,16.84752,22,2542368,842376,472860ed72a44d04,150001,5227192,4942424,4942424,1600000,942368,2400000
baseline,52,diagnostic,churn,3512641005,50000,500000,50000,49750,1.720181,3,4,6,6.880724,24,19.761447,54,2742096,983132,7240fb971606104e,254557,9505112,5130152,5130200,1592000,1150096,2388000
baseline,52,diagnostic,churn,3512641005,50000,500000,100000,49844,1.902656,3,4,6,7.610685,24,21.22125,54,2873712,1057752,734faaedfb387ec8,359724,13838544,5266280,5266976,1595008,1278704,2392512
baseline,52,diagnostic,churn,3512641005,50000,500000,150000,50019,2.018533,4,5,6,8.074192,24,22.148264,54,2970528,1107834,4ea0b21396e2572a,465192,18254272,5371496,5374672,1600608,1369920,2400912
baseline,52,diagnostic,churn,3512641005,50000,500000,200000,50144,2.128869,4,5,6,8.515535,24,23.030951,54,3050880,1154864,62ac63158eaaa16c,570743,22755192,5457848,5459120,1604608,1446272,2406912
baseline,52,diagnostic,churn,3512641005,50000,500000,250000,49856,2.197088,4,5,6,8.79531,24,23.576701,54,3075992,1175440,0db2d8a8779cdf0a,676621,27315584,5469136,5486696,1595392,1480600,2393088
baseline,52,diagnostic,churn,3512641005,50000,500000,300000,49876,2.249278,4,5,6,9.020491,24,23.994226,54,3114160,1196736,3f470d27446bb5ed,783568,31966280,5508264,5508272,1596032,1518128,2394048
baseline,52,diagnostic,churn,3512641005,50000,500000,350000,49820,2.303452,5,5,6,9.244159,24,24.427619,54,3170472,1216984,402f1be4f63eb38f,890409,36730544,5561888,5575080,1594240,1576232,2391360
baseline,52,diagnostic,churn,3512641005,50000,500000,400000,49752,2.326962,5,6,6,9.342418,24,24.615694,54,3193120,1224680,39fc3b3e9911fab9,998224,41544536,5581272,5585520,1592064,1601056,2388096
baseline,52,diagnostic,churn,3512641005,50000,500000,450000,49719,2.349182,5,6,6,9.433577,24,24.793459,54,3200064,1232706,30606104914772ab,1106590,46400736,5586632,5608392,1591008,1609056,2386512
baseline,52,diagnostic,churn,3512641005,50000,500000,500000,49528,2.373445,5,6,6,9.532971,24,24.987563,54,3199816,1237584,f052d68ba43c39ac,1214313,51229016,5577216,5608392,1584896,1614920,2377344
open_dense,52,timed,churn,3512641005,50000,500000,0,50000,1.35594,2,2,2,5.42382,8,16.84752,22,2542368,842376,472860ed72a44d04,,,,,,,
open_dense,52,timed,churn,3512641005,50000,500000,50000,49750,1.720181,3,4,6,6.880724,24,19.761447,54,2742096,983132,7240fb971606104e,,,,,,,
open_dense,52,timed,churn,3512641005,50000,500000,100000,49844,1.902656,3,4,6,7.610685,24,21.22125,54,2873712,1057752,734faaedfb387ec8,,,,,,,
open_dense,52,timed,churn,3512641005,50000,500000,150000,50019,2.018533,4,5,6,8.074192,24,22.148264,54,2970528,1107834,4ea0b21396e2572a,,,,,,,
open_dense,52,timed,churn,3512641005,50000,500000,200000,50144,2.128869,4,5,6,8.515535,24,23.030951,54,3050880,1154864,62ac63158eaaa16c,,,,,,,
open_dense,52,timed,churn,3512641005,50000,500000,250000,49856,2.197088,4,5,6,8.79531,24,23.576701,54,3075992,1175440,0db2d8a8779cdf0a,,,,,,,
open_dense,52,timed,churn,3512641005,50000,500000,300000,49876,2.249278,4,5,6,9.020491,24,23.994226,54,3114160,1196736,3f470d27446bb5ed,,,,,,,
open_dense,52,timed,churn,3512641005,50000,500000,350000,49820,2.303452,5,5,6,9.244159,24,24.427619,54,3170472,1216984,402f1be4f63eb38f,,,,,,,
open_dense,52,timed,churn,3512641005,50000,500000,400000,49752,2.326962,5,6,6,9.342418,24,24.615694,54,3193120,1224680,39fc3b3e9911fab9,,,,,,,
open_dense,52,timed,churn,3512641005,50000,500000,450000,49719,2.349182,5,6,6,9.433577,24,24.793459,54,3200064,1232706,30606104914772ab,,,,,,,
open_dense,52,timed,churn,3512641005,50000,500000,500000,49528,2.373445,5,6,6,9.532971,24,24.987563,54,3199816,1237584,f052d68ba43c39ac,,,,,,,
open_dense,52,diagnostic,churn,3512641005,50000,500000,0,50000,1.35594,2,2,2,5.42382,8,16.84752,22,2542368,842376,472860ed72a44d04,150001,5227192,4942424,4942424,1600000,942368,2400000
open_dense,52,diagnostic,churn,3512641005,50000,500000,50000,49750,1.720181,3,4,6,6.880724,24,19.761447,54,2742096,983132,7240fb971606104e,254557,9505112,5130152,5130200,1592000,1150096,2388000
open_dense,52,diagnostic,churn,3512641005,50000,500000,100000,49844,1.902656,3,4,6,7.610685,24,21.22125,54,2873712,1057752,734faaedfb387ec8,359724,13838544,5266280,5266976,1595008,1278704,2392512
open_dense,52,diagnostic,churn,3512641005,50000,500000,150000,50019,2.018533,4,5,6,8.074192,24,22.148264,54,2970528,1107834,4ea0b21396e2572a,465192,18254272,5371496,5374672,1600608,1369920,2400912
open_dense,52,diagnostic,churn,3512641005,50000,500000,200000,50144,2.128869,4,5,6,8.515535,24,23.030951,54,3050880,1154864,62ac63158eaaa16c,570743,22755192,5457848,5459120,1604608,1446272,2406912
open_dense,52,diagnostic,churn,3512641005,50000,500000,250000,49856,2.197088,4,5,6,8.79531,24,23.576701,54,3075992,1175440,0db2d8a8779cdf0a,676621,27315584,5469136,5486696,1595392,1480600,2393088
open_dense,52,diagnostic,churn,3512641005,50000,500000,300000,49876,2.249278,4,5,6,9.020491,24,23.994226,54,3114160,1196736,3f470d27446bb5ed,783568,31966280,5508264,5508272,1596032,1518128,2394048
open_dense,52,diagnostic,churn,3512641005,50000,500000,350000,49820,2.303452,5,5,6,9.244159,24,24.427619,54,3170472,1216984,402f1be4f63eb38f,890409,36730544,5561888,5575080,1594240,1576232,2391360
open_dense,52,diagnostic,churn,3512641005,50000,500000,400000,49752,2.326962,5,6,6,9.342418,24,24.615694,54,3193120,1224680,39fc3b3e9911fab9,998224,41544536,5581272,5585520,1592064,1601056,2388096
open_dense,52,diagnostic,churn,3512641005,50000,500000,450000,49719,2.349182,5,6,6,9.433577,24,24.793459,54,3200064,1232706,30606104914772ab,1106590,46400736,5586632,5608392,1591008,1609056,2386512
open_dense,52,diagnostic,churn,3512641005,50000,500000,500000,49528,2.373445,5,6,6,9.532971,24,24.987563,54,3199816,1237584,f052d68ba43c39ac,1214313,51229016,5577216,5608392,1584896,1614920,2377344
