run,strategy,build,workload,seed,initial,operations,operation,resident,ms,category,relabelled,attempted_nodes_sum,attempts,expansions,generated,search_steps,rotations,comparisons,inserted_depth,full,sample_flags
1,baseline,timed,timeline,17,10000,100000,1458,11175,0.037109375,unavailable,0,0,0,0,0,0,0,0,1,0,1
1,baseline,timed,timeline,17,10000,100000,3769,12992,0.048828125,unavailable,0,0,0,0,0,0,0,0,2,0,1
1,baseline,timed,timeline,17,10000,100000,4134,13281,0.03125,unavailable,0,0,0,0,0,0,0,0,2,0,1
1,baseline,timed,timeline,17,10000,100000,6720,15387,0.034423828,unavailable,0,0,0,0,0,0,0,0,2,0,1
1,baseline,timed,timeline,17,10000,100000,9330,17493,0.033691406,unavailable,0,0,0,0,0,0,0,0,3,0,1
1,baseline,timed,timeline,17,10000,100000,11984,19599,0.037841797,unavailable,0,0,0,0,0,0,0,0,3,0,1
1,baseline,timed,timeline,17,10000,100000,14618,21705,0.031494141,unavailable,0,0,0,0,0,0,0,0,2,0,1
1,baseline,timed,timeline,17,10000,100000,17226,23811,0.034667969,unavailable,0,0,0,0,0,0,0,0,4,0,1
1,baseline,timed,timeline,17,10000,100000,19852,25917,0.032470703,unavailable,0,0,0,0,0,0,0,0,5,0,1
1,baseline,timed,timeline,17,10000,100000,25133,30128,0.042480469,unavailable,0,0,0,0,0,0,0,0,6,0,1
1,baseline,timed,timeline,17,10000,100000,25756,30619,0.043945312,unavailable,0,0,0,0,0,0,0,0,6,0,1
1,baseline,timed,timeline,17,10000,100000,26702,31367,21.218994141,unavailable,0,0,0,0,0,0,0,0,4,0,1
1,baseline,timed,timeline,17,10000,100000,29109,33254,0.037353516,unavailable,0,0,0,0,0,0,0,0,2,0,1
1,baseline,timed,timeline,17,10000,100000,39607,41640,0.051025391,unavailable,0,0,0,0,0,0,0,0,4,0,1
1,baseline,timed,timeline,17,10000,100000,48678,48947,0.030273438,unavailable,0,0,0,0,0,0,0,0,6,0,1
1,baseline,timed,timeline,17,10000,100000,51148,50845,40.353515625,unavailable,0,0,0,0,0,0,0,0,3,0,1
1,baseline,timed,timeline,17,10000,100000,55551,54338,0.044433594,unavailable,0,0,0,0,0,0,0,0,4,0,1
1,baseline,timed,timeline,17,10000,100000,58217,56444,0.035400391,unavailable,0,0,0,0,0,0,0,0,2,0,1
1,baseline,timed,timeline,17,10000,100000,60855,58550,0.036621094,unavailable,0,0,0,0,0,0,0,0,2,0,1
1,baseline,timed,timeline,17,10000,100000,66137,62760,0.035644531,unavailable,0,0,0,0,0,0,0,0,3,0,1
1,baseline,timed,timeline,17,10000,100000,71344,66971,0.040039062,unavailable,0,0,0,0,0,0,0,0,5,0,1
1,baseline,timed,timeline,17,10000,100000,80269,74084,80.885742188,unavailable,0,0,0,0,0,0,0,0,4,0,1
1,baseline,timed,timeline,17,10000,100000,93642,84773,0.040039062,unavailable,0,0,0,0,0,0,0,0,4,0,1
1,baseline,timed,timeline,17,10000,100000,96264,86879,0.042724609,unavailable,0,0,0,0,0,0,0,0,4,0,1
1,baseline,timed,timeline,17,10000,100000,98881,88984,0.034912109,unavailable,0,0,0,0,0,0,0,0,5,0,1
1,baseline,diagnostic,timeline,17,10000,100000,6286,15031,0.117675781,direct,0,0,0,0,0,15,1,15,2,0,1
1,baseline,diagnostic,timeline,17,10000,100000,10591,18462,0.046142578,direct,0,0,0,0,0,15,1,15,3,0,1
1,baseline,diagnostic,timeline,17,10000,100000,10844,18645,0.113525391,direct,0,0,0,0,0,16,1,16,3,0,1
1,baseline,diagnostic,timeline,17,10000,100000,17337,23898,0.108398438,direct,0,0,0,0,0,16,1,16,5,0,1
1,baseline,diagnostic,timeline,17,10000,100000,23278,28637,0.113525391,direct,0,0,0,0,0,16,1,16,6,0,1
1,baseline,diagnostic,timeline,17,10000,100000,26702,31367,28.859130859,full,31367,64127,1,12,64140,17,1,17,4,1,7
1,baseline,diagnostic,timeline,17,10000,100000,29508,33571,0.120117188,direct,0,0,0,0,0,16,1,16,2,0,1
1,baseline,diagnostic,timeline,17,10000,100000,32845,36260,0.133789062,direct,0,0,0,0,0,16,1,16,3,0,1
1,baseline,diagnostic,timeline,17,10000,100000,37594,40041,0.039550781,direct,0,0,0,0,0,16,2,16,2,0,1
1,baseline,diagnostic,timeline,17,10000,100000,38646,40855,0.114990234,direct,0,0,0,0,0,16,0,16,4,0,1
1,baseline,diagnostic,timeline,17,10000,100000,40736,42557,0.106445312,direct,0,0,0,0,0,17,1,17,4,0,1
1,baseline,diagnostic,timeline,17,10000,100000,45811,46644,0.115478516,direct,0,0,0,0,0,18,1,18,5,0,1
1,baseline,diagnostic,timeline,17,10000,100000,51148,50845,56.337646484,full,50845,116373,1,13,116387,18,2,18,3,1,7
1,baseline,diagnostic,timeline,17,10000,100000,52058,51579,0.112548828,direct,0,0,0,0,0,18,1,18,4,0,1
1,baseline,diagnostic,timeline,17,10000,100000,55252,54091,0.037841797,direct,0,0,0,0,0,17,1,17,4,0,1
1,baseline,diagnostic,timeline,17,10000,100000,57363,55766,0.116699219,direct,0,0,0,0,0,15,0,15,3,0,1
1,baseline,diagnostic,timeline,17,10000,100000,60559,58306,0.038574219,direct,0,0,0,0,0,18,1,18,2,0,1
1,baseline,diagnostic,timeline,17,10000,100000,62526,59865,0.114257812,direct,0,0,0,0,0,18,1,18,3,0,1
1,baseline,diagnostic,timeline,17,10000,100000,72240,67697,0.111816406,direct,0,0,0,0,0,15,0,15,3,0,1
1,baseline,diagnostic,timeline,17,10000,100000,76014,70711,0.111816406,direct,0,0,0,0,0,18,1,18,6,0,1
1,baseline,diagnostic,timeline,17,10000,100000,78081,72356,0.040039062,direct,0,0,0,0,0,18,1,18,6,0,1
1,baseline,diagnostic,timeline,17,10000,100000,79281,73290,0.047851562,direct,0,0,0,0,0,18,1,18,6,0,1
1,baseline,diagnostic,timeline,17,10000,100000,80269,74084,109.436523438,full,74084,205148,1,14,205163,18,2,18,4,1,7
1,baseline,diagnostic,timeline,17,10000,100000,88596,80791,0.095947266,direct,0,0,0,0,0,19,1,19,3,0,1
1,baseline,diagnostic,timeline,17,10000,100000,92880,84203,0.111083984,direct,0,0,0,0,0,19,1,19,3,0,1
1,slack,timed,timeline,17,10000,100000,38392,40657,2.179443359,unavailable,0,0,0,0,0,0,0,0,6,0,1
1,slack,timed,timeline,17,10000,100000,43865,45060,2.224853516,unavailable,0,0,0,0,0,0,0,0,6,0,1
1,slack,timed,timeline,17,10000,100000,46751,47412,2.077636719,unavailable,0,0,0,0,0,0,0,0,6,0,1
1,slack,timed,timeline,17,10000,100000,48290,48635,2.082763672,unavailable,0,0,0,0,0,0,0,0,6,0,1
1,slack,timed,timeline,17,10000,100000,49379,49502,3.034912109,unavailable,0,0,0,0,0,0,0,0,6,0,1
1,slack,timed,timeline,17,10000,100000,49491,49586,4.864990234,unavailable,0,0,0,0,0,0,0,0,6,0,1
1,slack,timed,timeline,17,10000,100000,52603,52006,2.028320312,unavailable,0,0,0,0,0,0,0,0,6,0,1
1,slack,timed,timeline,17,10000,100000,54003,53126,1.91796875,unavailable,0,0,0,0,0,0,0,0,6,0,1
1,slack,timed,timeline,17,10000,100000,55683,54442,4.390625,unavailable,0,0,0,0,0,0,0,0,6,0,1
1,slack,timed,timeline,17,10000,100000,57389,55788,1.939208984,unavailable,0,0,0,0,0,0,0,0,6,0,1
1,slack,timed,timeline,17,10000,100000,58537,56694,4.018554688,unavailable,0,0,0,0,0,0,0,0,6,0,1
1,slack,timed,timeline,17,10000,100000,60275,58090,5.196289062,unavailable,0,0,0,0,0,0,0,0,6,0,1
1,slack,timed,timeline,17,10000,100000,60925,58604,10.440429688,unavailable,0,0,0,0,0,0,0,0,6,0,1
1,slack,timed,timeline,17,10000,100000,75350,70189,2.107177734,unavailable,0,0,0,0,0,0,0,0,6,0,1
1,slack,timed,timeline,17,10000,100000,80269,74084,2.487548828,unavailable,0,0,0,0,0,0,0,0,6,0,1
1,slack,timed,timeline,17,10000,100000,82476,75855,2.171630859,unavailable,0,0,0,0,0,0,0,0,6,0,1
1,slack,timed,timeline,17,10000,100000,84576,77545,4.898925781,unavailable,0,0,0,0,0,0,0,0,6,0,1
1,slack,timed,timeline,17,10000,100000,87617,79968,1.929199219,unavailable,0,0,0,0,0,0,0,0,6,0,1
1,slack,timed,timeline,17,10000,100000,89126,81185,1.900390625,unavailable,0,0,0,0,0,0,0,0,6,0,1
1,slack,timed,timeline,17,10000,100000,90315,82150,5.266357422,unavailable,0,0,0,0,0,0,0,0,6,0,1
1,slack,timed,timeline,17,10000,100000,92483,83894,2.070556641,unavailable,0,0,0,0,0,0,0,0,6,0,1
1,slack,timed,timeline,17,10000,100000,93044,84319,1.916503906,unavailable,0,0,0,0,0,0,0,0,6,0,1
1,slack,timed,timeline,17,10000,100000,93554,84709,4.228271484,unavailable,0,0,0,0,0,0,0,0,6,0,1
1,slack,timed,timeline,17,10000,100000,95046,85905,4.118164062,unavailable,0,0,0,0,0,0,0,0,6,0,1
1,slack,timed,timeline,17,10000,100000,95868,86553,11.110107422,unavailable,0,0,0,0,0,0,0,0,6,0,1
1,slack,diagnostic,timeline,17,10000,100000,38392,40657,7.673828125,large,8192,16376,1,10,8193,17,1,17,6,0,3
1,slack,diagnostic,timeline,17,10000,100000,43865,45060,7.575927734,large,8192,16376,1,10,8193,17,1,17,6,0,3
1,slack,diagnostic,timeline,17,10000,100000,46751,47412,7.306396484,large,8192,16376,1,10,8193,18,2,18,6,0,3
1,slack,diagnostic,timeline,17,10000,100000,48290,48635,7.215087891,large,8192,16376,1,10,8193,18,2,18,6,0,3
1,slack,diagnostic,timeline,17,10000,100000,49379,49502,7.102050781,large,8192,16376,1,10,8193,17,0,17,6,0,3
1,slack,diagnostic,timeline,17,10000,100000,49491,49586,16.331787109,large,16384,32760,1,11,16385,17,0,17,6,0,3
1,slack,diagnostic,timeline,17,10000,100000,52603,52006,7.711425781,large,8192,16376,1,10,8193,18,1,18,6,0,3
1,slack,diagnostic,timeline,17,10000,100000,54003,53126,7.176513672,large,8192,16376,1,10,8193,17,0,17,6,0,3
1,slack,diagnostic,timeline,17,10000,100000,54764,53711,6.979492188,large,8192,16376,1,10,8193,17,0,17,6,0,3
1,slack,diagnostic,timeline,17,10000,100000,55683,54442,16.418212891,large,16384,32760,1,11,16385,17,0,17,6,0,3
1,slack,diagnostic,timeline,17,10000,100000,57389,55788,7.243896484,large,8192,16376,1,10,8193,17,0,17,6,0,3
1,slack,diagnostic,timeline,17,10000,100000,58297,56510,7.177001953,large,8192,16376,1,10,8193,18,2,18,6,0,3
1,slack,diagnostic,timeline,17,10000,100000,58537,56694,15.6640625,large,16384,32760,1,11,16385,17,0,17,6,0,3
1,slack,diagnostic,timeline,17,10000,100000,60275,58090,16.345458984,large,16384,32760,1,11,16385,18,2,18,6,0,3
1,slack,diagnostic,timeline,17,10000,100000,60925,58604,36.602783203,large,32768,65528,1,12,32769,18,2,18,6,0,3
1,slack,diagnostic,timeline,17,10000,100000,75350,70189,7.164550781,large,8192,16376,1,10,8193,18,2,18,6,0,3
1,slack,diagnostic,timeline,17,10000,100000,80269,74084,7.774658203,large,8192,16376,1,10,8193,18,2,18,6,0,3
1,slack,diagnostic,timeline,17,10000,100000,82476,75855,6.895263672,large,8192,16376,1,10,8193,18,1,18,6,0,3
1,slack,diagnostic,timeline,17,10000,100000,84576,77545,17.787841797,large,16384,32760,1,11,16385,18,1,18,6,0,3
1,slack,diagnostic,timeline,17,10000,100000,87617,79968,7.079101562,large,8192,16376,1,10,8193,19,2,19,6,0,3
1,slack,diagnostic,timeline,17,10000,100000,90315,82150,16.572021484,large,16384,32760,1,11,16385,19,1,19,6,0,3
1,slack,diagnostic,timeline,17,10000,100000,92483,83894,7.164306641,large,8192,16376,1,10,8193,18,0,18,6,0,3
1,slack,diagnostic,timeline,17,10000,100000,93554,84709,15.287353516,large,16384,32760,1,11,16385,18,0,18,6,0,3
1,slack,diagnostic,timeline,17,10000,100000,95046,85905,14.802001953,large,16384,32760,1,11,16385,18,1,18,6,0,3
1,slack,diagnostic,timeline,17,10000,100000,95868,86553,35.807128906,large,32768,65528,1,12,32769,18,0,18,6,0,3
2,baseline,timed,timeline,305419896,10000,100000,7206,15767,0.115478516,unavailable,0,0,0,0,0,0,0,0,2,0,1
2,baseline,timed,timeline,305419896,10000,100000,12889,20300,0.11328125,unavailable,0,0,0,0,0,0,0,0,4,0,1
2,baseline,timed,timeline,305419896,10000,100000,18169,24502,0.111572266,unavailable,0,0,0,0,0,0,0,0,5,0,1
2,baseline,timed,timeline,305419896,10000,100000,25862,30673,0.118652344,unavailable,0,0,0,0,0,0,0,0,6,0,1
2,baseline,timed,timeline,305419896,10000,100000,26690,31311,22.767089844,unavailable,0,0,0,0,0,0,0,0,3,0,1
2,baseline,timed,timeline,305419896,10000,100000,30357,34242,0.042236328,unavailable,0,0,0,0,0,0,0,0,2,0,1
2,baseline,timed,timeline,305419896,10000,100000,33425,36664,0.131835938,unavailable,0,0,0,0,0,0,0,0,3,0,1
2,baseline,timed,timeline,305419896,10000,100000,39311,41334,0.1171875,unavailable,0,0,0,0,0,0,0,0,4,0,1
2,baseline,timed,timeline,305419896,10000,100000,40287,42136,0.111083984,unavailable,0,0,0,0,0,0,0,0,4,0,1
2,baseline,timed,timeline,305419896,10000,100000,45409,46228,0.042236328,unavailable,0,0,0,0,0,0,0,0,5,0,1
2,baseline,timed,timeline,305419896,10000,100000,46190,46861,0.039550781,unavailable,0,0,0,0,0,0,0,0,3,0,1
2,baseline,timed,timeline,305419896,10000,100000,48648,48815,0.043457031,unavailable,0,0,0,0,0,0,0,0,6,0,1
2,baseline,timed,timeline,305419896,10000,100000,48834,48967,0.058349609,unavailable,0,0,0,0,0,0,0,0,3,0,1
2,baseline,timed,timeline,305419896,10000,100000,51234,50897,0.055175781,unavailable,0,0,0,0,0,0,0,0,6,0,1
2,baseline,timed,timeline,305419896,10000,100000,51290,50939,45.181640625,unavailable,0,0,0,0,0,0,0,0,3,0,1
2,baseline,timed,timeline,305419896,10000,100000,59245,57298,0.112548828,unavailable,0,0,0,0,0,0,0,0,2,0,1
2,baseline,timed,timeline,305419896,10000,100000,59424,57453,0.043212891,unavailable,0,0,0,0,0,0,0,0,2,0,1
2,baseline,timed,timeline,305419896,10000,100000,61325,58990,0.126464844,unavailable,0,0,0,0,0,0,0,0,2,0,1
2,baseline,timed,timeline,305419896,10000,100000,70595,66396,0.104736328,unavailable,0,0,0,0,0,0,0,0,4,0,1
2,baseline,timed,timeline,305419896,10000,100000,74628,69599,0.112792969,unavailable,0,0,0,0,0,0,0,0,2,0,1
2,baseline,timed,timeline,305419896,10000,100000,78715,72898,0.112060547,unavailable,0,0,0,0,0,0,0,0,6,0,1
2,baseline,timed,timeline,305419896,10000,100000,80432,74247,86.372802734,unavailable,0,0,0,0,0,0,0,0,4,0,1
2,baseline,timed,timeline,305419896,10000,100000,81308,74939,0.112792969,unavailable,0,0,0,0,0,0,0,0,4,0,1
2,baseline,timed,timeline,305419896,10000,100000,94511,85414,0.108886719,unavailable,0,0,0,0,0,0,0,0,4,0,1
2,baseline,timed,timeline,305419896,10000,100000,98902,88887,0.109130859,unavailable,0,0,0,0,0,0,0,0,5,0,1
2,baseline,diagnostic,timeline,305419896,10000,100000,4901,13952,0.109863281,direct,0,0,0,0,0,16,1,16,2,0,1
2,baseline,diagnostic,timeline,305419896,10000,100000,13676,20939,0.0546875,direct,0,0,0,0,0,17,1,17,4,0,1
2,baseline,diagnostic,timeline,305419896,10000,100000,15926,22697,0.103515625,direct,0,0,0,0,0,17,1,17,4,0,1
2,baseline,diagnostic,timeline,305419896,10000,100000,20957,26760,0.064453125,direct,0,0,0,0,0,17,1,17,5,0,1
2,baseline,diagnostic,timeline,305419896,10000,100000,21120,26881,0.112548828,direct,0,0,0,0,0,17,2,17,5,0,1
2,baseline,diagnostic,timeline,305419896,10000,100000,26690,31311,28.410644531,full,31311,64071,1,12,64084,16,0,16,3,1,7
2,baseline,diagnostic,timeline,305419896,10000,100000,27476,31941,0.115478516,direct,0,0,0,0,0,16,0,16,4,0,1
2,baseline,diagnostic,timeline,305419896,10000,100000,34176,37251,0.054199219,direct,0,0,0,0,0,17,1,17,3,0,1
2,baseline,diagnostic,timeline,305419896,10000,100000,37932,40237,0.112792969,direct,0,0,0,0,0,17,0,17,4,0,1
2,baseline,diagnostic,timeline,305419896,10000,100000,48005,48286,0.112792969,direct,0,0,0,0,0,18,1,18,6,0,1
2,baseline,diagnostic,timeline,305419896,10000,100000,51234,50897,0.063232422,local,64,120,1,3,124,17,0,17,6,0,3
2,baseline,diagnostic,timeline,305419896,10000,100000,51290,50939,58.786865234,full,50939,116467,1,13,116481,18,1,18,3,1,7
2,baseline,diagnostic,timeline,305419896,10000,100000,52985,52280,0.114990234,direct,0,0,0,0,0,17,1,17,4,0,1
2,baseline,diagnostic,timeline,305419896,10000,100000,56067,54792,0.079101562,direct,0,0,0,0,0,18,1,18,3,0,1
2,baseline,diagnostic,timeline,305419896,10000,100000,64194,61287,0.113769531,direct,0,0,0,0,0,18,1,18,3,0,1
2,baseline,diagnostic,timeline,305419896,10000,100000,69822,65769,0.107421875,direct,0,0,0,0,0,18,1,18,4,0,1
2,baseline,diagnostic,timeline,305419896,10000,100000,70746,66517,0.105712891,direct,0,0,0,0,0,15,0,15,4,0,1
2,baseline,diagnostic,timeline,305419896,10000,100000,75517,70312,0.106933594,direct,0,0,0,0,0,19,1,19,5,0,1
2,baseline,diagnostic,timeline,305419896,10000,100000,77149,71652,0.052246094,direct,0,0,0,0,0,16,1,16,3,0,1
2,baseline,diagnostic,timeline,305419896,10000,100000,79022,73161,0.118652344,direct,0,0,0,0,0,17,0,17,6,0,1
2,baseline,diagnostic,timeline,305419896,10000,100000,80432,74247,111.014160156,full,74247,205311,1,14,205326,18,0,18,4,1,7
2,baseline,diagnostic,timeline,305419896,10000,100000,81763,75320,0.112548828,direct,0,0,0,0,0,17,0,17,4,0,1
2,baseline,diagnostic,timeline,305419896,10000,100000,91130,82763,0.048095703,direct,0,0,0,0,0,18,1,18,3,0,1
2,baseline,diagnostic,timeline,305419896,10000,100000,92162,83585,0.10546875,direct,0,0,0,0,0,16,0,16,4,0,1
2,baseline,diagnostic,timeline,305419896,10000,100000,96817,87272,0.10546875,direct,0,0,0,0,0,19,1,19,4,0,1
2,slack,timed,timeline,305419896,10000,100000,41029,42736,2.131591797,unavailable,0,0,0,0,0,0,0,0,6,0,1
2,slack,timed,timeline,305419896,10000,100000,43827,44988,2.264648438,unavailable,0,0,0,0,0,0,0,0,6,0,1
2,slack,timed,timeline,305419896,10000,100000,45388,46211,2.175537109,unavailable,0,0,0,0,0,0,0,0,6,0,1
2,slack,timed,timeline,305419896,10000,100000,46587,47154,4.758789062,unavailable,0,0,0,0,0,0,0,0,6,0,1
2,slack,timed,timeline,305419896,10000,100000,54537,53526,2.256347656,unavailable,0,0,0,0,0,0,0,0,6,0,1
2,slack,timed,timeline,305419896,10000,100000,61304,58969,2.286132812,unavailable,0,0,0,0,0,0,0,0,6,0,1
2,slack,timed,timeline,305419896,10000,100000,66486,63109,2.188232422,unavailable,0,0,0,0,0,0,0,0,6,0,1
2,slack,timed,timeline,305419896,10000,100000,69216,65289,2.296386719,unavailable,0,0,0,0,0,0,0,0,6,0,1
2,slack,timed,timeline,305419896,10000,100000,70421,66268,2.344482422,unavailable,0,0,0,0,0,0,0,0,6,0,1
2,slack,timed,timeline,305419896,10000,100000,71243,66892,2.120605469,unavailable,0,0,0,0,0,0,0,0,6,0,1
2,slack,timed,timeline,305419896,10000,100000,71569,67180,4.661621094,unavailable,0,0,0,0,0,0,0,0,6,0,1
2,slack,timed,timeline,305419896,10000,100000,74647,69616,2.038574219,unavailable,0,0,0,0,0,0,0,0,6,0,1
2,slack,timed,timeline,305419896,10000,100000,75969,70686,2.054931641,unavailable,0,0,0,0,0,0,0,0,6,0,1
2,slack,timed,timeline,305419896,10000,100000,76655,71244,2.108642578,unavailable,0,0,0,0,0,0,0,0,6,0,1
2,slack,timed,timeline,305419896,10000,100000,77070,71593,4.818603516,unavailable,0,0,0,0,0,0,0,0,6,0,1
2,slack,timed,timeline,305419896,10000,100000,78607,72812,2.140380859,unavailable,0,0,0,0,0,0,0,0,6,0,1
2,slack,timed,timeline,305419896,10000,100000,79135,73252,2.219482422,unavailable,0,0,0,0,0,0,0,0,6,0,1
2,slack,timed,timeline,305419896,10000,100000,79718,73709,4.704589844,unavailable,0,0,0,0,0,0,0,0,6,0,1
2,slack,timed,timeline,305419896,10000,100000,81153,74828,5.625976562,unavailable,0,0,0,0,0,0,0,0,6,0,1
2,slack,timed,timeline,305419896,10000,100000,82110,75597,11.127929688,unavailable,0,0,0,0,0,0,0,0,6,0,1
2,slack,timed,timeline,305419896,10000,100000,89163,81184,2.250976562,unavailable,0,0,0,0,0,0,0,0,6,0,1
2,slack,timed,timeline,305419896,10000,100000,92275,83676,2.397705078,unavailable,0,0,0,0,0,0,0,0,6,0,1
2,slack,timed,timeline,305419896,10000,100000,93790,84861,2.078125,unavailable,0,0,0,0,0,0,0,0,6,0,1
2,slack,timed,timeline,305419896,10000,100000,95017,85820,5.529541016,unavailable,0,0,0,0,0,0,0,0,6,0,1
2,slack,timed,timeline,305419896,10000,100000,98627,88676,2.082275391,unavailable,0,0,0,0,0,0,0,0,6,0,1
2,slack,diagnostic,timeline,305419896,10000,100000,41029,42736,7.383544922,large,8192,16376,1,10,8193,16,0,16,6,0,3
2,slack,diagnostic,timeline,305419896,10000,100000,43827,44988,7.007324219,large,8192,16376,1,10,8193,17,0,17,6,0,3
2,slack,diagnostic,timeline,305419896,10000,100000,45388,46211,6.816894531,large,8192,16376,1,10,8193,17,1,17,6,0,3
2,slack,diagnostic,timeline,305419896,10000,100000,46314,46949,6.854492188,large,8192,16376,1,10,8193,17,0,17,6,0,3
2,slack,diagnostic,timeline,305419896,10000,100000,46587,47154,15.963867188,large,16384,32760,1,11,16385,17,0,17,6,0,3
2,slack,diagnostic,timeline,305419896,10000,100000,54537,53526,7.48046875,large,8192,16376,1,10,8193,18,2,18,6,0,3
2,slack,diagnostic,timeline,305419896,10000,100000,61304,58969,7.338134766,large,8192,16376,1,10,8193,18,1,18,6,0,3
2,slack,diagnostic,timeline,305419896,10000,100000,66486,63109,7.334228516,large,8192,16376,1,10,8193,17,0,17,6,0,3
2,slack,diagnostic,timeline,305419896,10000,100000,69216,65289,7.138183594,large,8192,16376,1,10,8193,17,0,17,6,0,3
2,slack,diagnostic,timeline,305419896,10000,100000,70421,66268,7.791015625,large,8192,16376,1,10,8193,18,0,18,6,0,3
2,slack,diagnostic,timeline,305419896,10000,100000,71243,66892,7.129882812,large,8192,16376,1,10,8193,19,1,19,6,0,3
2,slack,diagnostic,timeline,305419896,10000,100000,71569,67180,16.336914062,large,16384,32760,1,11,16385,18,0,18,6,0,3
2,slack,diagnostic,timeline,305419896,10000,100000,74647,69616,6.992675781,large,8192,16376,1,10,8193,18,0,18,6,0,3
2,slack,diagnostic,timeline,305419896,10000,100000,75969,70686,7.002685547,large,8192,16376,1,10,8193,18,0,18,6,0,3
2,slack,diagnostic,timeline,305419896,10000,100000,76655,71244,6.903564453,large,8192,16376,1,10,8193,18,0,18,6,0,3
2,slack,diagnostic,timeline,305419896,10000,100000,77070,71593,15.560546875,large,16384,32760,1,11,16385,19,1,19,6,0,3
2,slack,diagnostic,timeline,305419896,10000,100000,78607,72812,6.926025391,large,8192,16376,1,10,8193,19,2,19,6,0,3
2,slack,diagnostic,timeline,305419896,10000,100000,79718,73709,15.386962891,large,16384,32760,1,11,16385,18,0,18,6,0,3
2,slack,diagnostic,timeline,305419896,10000,100000,81153,74828,17.166259766,large,16384,32760,1,11,16385,18,0,18,6,0,3
2,slack,diagnostic,timeline,305419896,10000,100000,82110,75597,36.639648438,large,32768,65528,1,12,32769,19,1,19,6,0,3
2,slack,diagnostic,timeline,305419896,10000,100000,89163,81184,7.19140625,large,8192,16376,1,10,8193,19,2,19,6,0,3
2,slack,diagnostic,timeline,305419896,10000,100000,92275,83676,7.085449219,large,8192,16376,1,10,8193,19,2,19,6,0,3
2,slack,diagnostic,timeline,305419896,10000,100000,93790,84861,6.9921875,large,8192,16376,1,10,8193,18,0,18,6,0,3
2,slack,diagnostic,timeline,305419896,10000,100000,95017,85820,16.563720703,large,16384,32760,1,11,16385,19,1,19,6,0,3
2,slack,diagnostic,timeline,305419896,10000,100000,98627,88676,7.236572266,large,8192,16376,1,10,8193,19,2,19,6,0,3
3,baseline,timed,timeline,2654435769,10000,100000,1498,11175,0.032714844,unavailable,0,0,0,0,0,0,0,0,1,0,1
3,baseline,timed,timeline,2654435769,10000,100000,4160,13281,0.025634766,unavailable,0,0,0,0,0,0,0,0,2,0,1
3,baseline,timed,timeline,2654435769,10000,100000,6782,15387,0.032226562,unavailable,0,0,0,0,0,0,0,0,2,0,1
3,baseline,timed,timeline,2654435769,10000,100000,9424,17493,0.033203125,unavailable,0,0,0,0,0,0,0,0,3,0,1
3,baseline,timed,timeline,2654435769,10000,100000,12052,19599,0.033447266,unavailable,0,0,0,0,0,0,0,0,3,0,1
3,baseline,timed,timeline,2654435769,10000,100000,14736,21705,0.033691406,unavailable,0,0,0,0,0,0,0,0,4,0,1
3,baseline,timed,timeline,2654435769,10000,100000,17368,23811,0.034423828,unavailable,0,0,0,0,0,0,0,0,5,0,1
3,baseline,timed,timeline,2654435769,10000,100000,19920,25885,0.026367188,unavailable,0,0,0,0,0,0,0,0,5,0,1
3,baseline,timed,timeline,2654435769,10000,100000,25241,30096,0.034179688,unavailable,0,0,0,0,0,0,0,0,6,0,1
3,baseline,timed,timeline,2654435769,10000,100000,25811,30552,0.031494141,unavailable,0,0,0,0,0,0,0,0,6,0,1
3,baseline,timed,timeline,2654435769,10000,100000,26843,31356,20.320556641,unavailable,0,0,0,0,0,0,0,0,4,0,1
3,baseline,timed,timeline,2654435769,10000,100000,38434,40607,0.033447266,unavailable,0,0,0,0,0,0,0,0,4,0,1
3,baseline,timed,timeline,2654435769,10000,100000,46454,46925,0.028076172,unavailable,0,0,0,0,0,0,0,0,5,0,1
3,baseline,timed,timeline,2654435769,10000,100000,49090,49031,0.029785156,unavailable,0,0,0,0,0,0,0,0,6,0,1
3,baseline,timed,timeline,2654435769,10000,100000,50506,50151,0.033447266,unavailable,0,0,0,0,0,0,0,0,6,0,1
3,baseline,timed,timeline,2654435769,10000,100000,51474,50935,0.029541016,unavailable,0,0,0,0,0,0,0,0,6,0,1
3,baseline,timed,timeline,2654435769,10000,100000,51490,50945,43.476806641,unavailable,0,0,0,0,0,0,0,0,3,0,1
3,baseline,timed,timeline,2654435769,10000,100000,54496,53303,0.036376953,unavailable,0,0,0,0,0,0,0,0,4,0,1
3,baseline,timed,timeline,2654435769,10000,100000,57125,55408,0.027099609,unavailable,0,0,0,0,0,0,0,0,1,0,1
3,baseline,timed,timeline,2654435769,10000,100000,59653,57514,0.027832031,unavailable,0,0,0,0,0,0,0,0,2,0,1
3,baseline,timed,timeline,2654435769,10000,100000,67541,63892,0.037109375,unavailable,0,0,0,0,0,0,0,0,4,0,1
3,baseline,timed,timeline,2654435769,10000,100000,75417,70210,0.030761719,unavailable,0,0,0,0,0,0,0,0,5,0,1
3,baseline,timed,timeline,2654435769,10000,100000,78055,72316,0.030029297,unavailable,0,0,0,0,0,0,0,0,6,0,1
3,baseline,timed,timeline,2654435769,10000,100000,80652,74359,85.086669922,unavailable,0,0,0,0,0,0,0,0,3,0,1
3,baseline,timed,timeline,2654435769,10000,100000,89837,81694,0.02734375,unavailable,0,0,0,0,0,0,0,0,3,0,1
3,baseline,diagnostic,timeline,2654435769,10000,100000,1700,11319,0.034423828,direct,0,0,0,0,0,15,1,15,1,0,1
3,baseline,diagnostic,timeline,2654435769,10000,100000,9600,17623,0.034423828,direct,0,0,0,0,0,16,1,16,3,0,1
3,baseline,diagnostic,timeline,2654435769,10000,100000,14026,21153,0.034423828,direct,0,0,0,0,0,16,1,16,4,0,1
3,baseline,diagnostic,timeline,2654435769,10000,100000,15801,22558,0.065673828,direct,0,0,0,0,0,16,1,16,4,0,1
3,baseline,diagnostic,timeline,2654435769,10000,100000,16852,23375,0.033935547,direct,0,0,0,0,0,14,0,14,1,0,1
3,baseline,diagnostic,timeline,2654435769,10000,100000,18442,24697,0.035644531,direct,0,0,0,0,0,17,1,17,5,0,1
3,baseline,diagnostic,timeline,2654435769,10000,100000,21031,26760,0.035888672,direct,0,0,0,0,0,17,1,17,5,0,1
3,baseline,diagnostic,timeline,2654435769,10000,100000,23419,28642,0.036132812,direct,0,0,0,0,0,17,1,17,6,0,1
3,baseline,diagnostic,timeline,2654435769,10000,100000,24922,29843,0.033935547,direct,0,0,0,0,0,17,1,17,6,0,1
3,baseline,diagnostic,timeline,2654435769,10000,100000,26367,30974,0.035888672,direct,0,0,0,0,0,17,1,17,6,0,1
3,baseline,diagnostic,timeline,2654435769,10000,100000,26843,31356,26.958007812,full,31356,64116,1,12,64129,17,1,17,4,1,7
3,baseline,diagnostic,timeline,2654435769,10000,100000,31565,35146,0.034667969,direct,0,0,0,0,0,17,1,17,2,0,1
3,baseline,diagnostic,timeline,2654435769,10000,100000,51474,50935,0.036132812,local,32,56,1,2,59,18,2,18,6,0,3
3,baseline,diagnostic,timeline,2654435769,10000,100000,51490,50945,57.744384766,full,50945,116473,1,13,116487,18,1,18,3,1,7
3,baseline,diagnostic,timeline,2654435769,10000,100000,57239,55492,0.036132812,direct,0,0,0,0,0,18,1,18,2,0,1
3,baseline,diagnostic,timeline,2654435769,10000,100000,58928,56897,0.035888672,direct,0,0,0,0,0,18,1,18,2,0,1
3,baseline,diagnostic,timeline,2654435769,10000,100000,60148,57915,0.107177734,direct,0,0,0,0,0,18,1,18,2,0,1
3,baseline,diagnostic,timeline,2654435769,10000,100000,65830,62517,0.039306641,direct,0,0,0,0,0,18,1,18,3,0,1
3,baseline,diagnostic,timeline,2654435769,10000,100000,66006,62649,0.113037109,direct,0,0,0,0,0,18,1,18,3,0,1
3,baseline,diagnostic,timeline,2654435769,10000,100000,69304,65327,0.037353516,direct,0,0,0,0,0,18,1,18,4,0,1
3,baseline,diagnostic,timeline,2654435769,10000,100000,74793,69734,0.034179688,direct,0,0,0,0,0,18,1,18,5,0,1
3,baseline,diagnostic,timeline,2654435769,10000,100000,78111,72352,0.034912109,direct,0,0,0,0,0,18,1,18,6,0,1
3,baseline,diagnostic,timeline,2654435769,10000,100000,78801,72878,0.034423828,direct,0,0,0,0,0,18,1,18,6,0,1
3,baseline,diagnostic,timeline,2654435769,10000,100000,80642,74351,0.014892578,local,16,24,1,1,26,17,0,17,6,0,2
3,baseline,diagnostic,timeline,2654435769,10000,100000,80652,74359,109.591796875,full,74359,205423,1,14,205438,17,0,17,3,1,7
3,baseline,diagnostic,timeline,2654435769,10000,100000,99035,89040,0.038330078,direct,0,0,0,0,0,18,1,18,5,0,1
3,slack,timed,timeline,2654435769,10000,100000,36971,39438,2.445556641,unavailable,0,0,0,0,0,0,0,0,6,0,1
3,slack,timed,timeline,2654435769,10000,100000,45985,46554,2.053955078,unavailable,0,0,0,0,0,0,0,0,6,0,1
3,slack,timed,timeline,2654435769,10000,100000,50141,49858,2.400390625,unavailable,0,0,0,0,0,0,0,0,6,0,1
3,slack,timed,timeline,2654435769,10000,100000,51280,50771,4.482421875,unavailable,0,0,0,0,0,0,0,0,6,0,1
3,slack,timed,timeline,2654435769,10000,100000,60166,57933,2.408447266,unavailable,0,0,0,0,0,0,0,0,6,0,1
3,slack,timed,timeline,2654435769,10000,100000,61600,59071,2.092285156,unavailable,0,0,0,0,0,0,0,0,6,0,1
3,slack,timed,timeline,2654435769,10000,100000,62682,59969,4.681396484,unavailable,0,0,0,0,0,0,0,0,6,0,1
3,slack,timed,timeline,2654435769,10000,100000,68734,64857,4.7265625,unavailable,0,0,0,0,0,0,0,0,6,0,1
3,slack,timed,timeline,2654435769,10000,100000,70548,66331,2.353515625,unavailable,0,0,0,0,0,0,0,0,6,0,1
3,slack,timed,timeline,2654435769,10000,100000,71657,67204,4.745849609,unavailable,0,0,0,0,0,0,0,0,6,0,1
3,slack,timed,timeline,2654435769,10000,100000,73412,68627,4.657470703,unavailable,0,0,0,0,0,0,0,0,6,0,1
3,slack,timed,timeline,2654435769,10000,100000,75012,69897,11.52734375,unavailable,0,0,0,0,0,0,0,0,6,0,1
3,slack,timed,timeline,2654435769,10000,100000,78311,72504,2.155273438,unavailable,0,0,0,0,0,0,0,0,6,0,1
3,slack,timed,timeline,2654435769,10000,100000,80513,74240,2.259277344,unavailable,0,0,0,0,0,0,0,0,6,0,1
3,slack,timed,timeline,2654435769,10000,100000,81310,74893,4.951416016,unavailable,0,0,0,0,0,0,0,0,6,0,1
3,slack,timed,timeline,2654435769,10000,100000,82993,76254,2.270019531,unavailable,0,0,0,0,0,0,0,0,6,0,1
3,slack,timed,timeline,2654435769,10000,100000,84096,77157,4.661132812,unavailable,0,0,0,0,0,0,0,0,6,0,1
3,slack,timed,timeline,2654435769,10000,100000,86078,78719,4.402832031,unavailable,0,0,0,0,0,0,0,0,6,0,1
3,slack,timed,timeline,2654435769,10000,100000,86396,78965,10.593017578,unavailable,0,0,0,0,0,0,0,0,6,0,1
3,slack,timed,timeline,2654435769,10000,100000,89321,81278,4.843017578,unavailable,0,0,0,0,0,0,0,0,6,0,1
3,slack,timed,timeline,2654435769,10000,100000,90373,82126,2.627197266,unavailable,0,0,0,0,0,0,0,0,6,0,1
3,slack,timed,timeline,2654435769,10000,100000,90915,82546,5.006347656,unavailable,0,0,0,0,0,0,0,0,6,0,1
3,slack,timed,timeline,2654435769,10000,100000,92708,83971,10.753417969,unavailable,0,0,0,0,0,0,0,0,6,0,1
3,slack,timed,timeline,2654435769,10000,100000,96702,87101,11.333740234,unavailable,0,0,0,0,0,0,0,0,6,0,1
3,slack,timed,timeline,2654435769,10000,100000,97356,87647,27.113037109,unavailable,0,0,0,0,0,0,0,0,5,0,1
3,slack,diagnostic,timeline,2654435769,10000,100000,36971,39438,7.294433594,large,8192,16376,1,10,8193,17,2,17,6,0,3
3,slack,diagnostic,timeline,2654435769,10000,100000,45985,46554,7.125732422,large,8192,16376,1,10,8193,18,1,18,6,0,3
3,slack,diagnostic,timeline,2654435769,10000,100000,48690,48731,6.947021484,large,8192,16376,1,10,8193,16,0,16,6,0,3
3,slack,diagnostic,timeline,2654435769,10000,100000,50141,49858,7.439208984,large,8192,16376,1,10,8193,17,2,17,6,0,3
3,slack,diagnostic,timeline,2654435769,10000,100000,51280,50771,15.255371094,large,16384,32760,1,11,16385,17,0,17,6,0,3
3,slack,diagnostic,timeline,2654435769,10000,100000,57445,55664,6.992675781,large,8192,16376,1,10,8193,18,2,18,6,0,3
3,slack,diagnostic,timeline,2654435769,10000,100000,60166,57933,7.194824219,large,8192,16376,1,10,8193,17,0,17,6,0,3
3,slack,diagnostic,timeline,2654435769,10000,100000,62682,59969,15.379150391,large,16384,32760,1,11,16385,18,1,18,6,0,3
3,slack,diagnostic,timeline,2654435769,10000,100000,68734,64857,15.395263672,large,16384,32760,1,11,16385,17,0,17,6,0,3
3,slack,diagnostic,timeline,2654435769,10000,100000,70548,66331,7.334472656,large,8192,16376,1,10,8193,17,0,17,6,0,3
3,slack,diagnostic,timeline,2654435769,10000,100000,71657,67204,15.422607422,large,16384,32760,1,11,16385,18,2,18,6,0,3
3,slack,diagnostic,timeline,2654435769,10000,100000,73412,68627,14.677978516,large,16384,32760,1,11,16385,18,1,18,6,0,3
3,slack,diagnostic,timeline,2654435769,10000,100000,75012,69897,34.712646484,large,32768,65528,1,12,32769,17,0,17,6,0,3
3,slack,diagnostic,timeline,2654435769,10000,100000,80513,74240,7.260986328,large,8192,16376,1,10,8193,18,1,18,6,0,3
3,slack,diagnostic,timeline,2654435769,10000,100000,81310,74893,15.511962891,large,16384,32760,1,11,16385,18,2,18,6,0,3
3,slack,diagnostic,timeline,2654435769,10000,100000,84096,77157,14.74609375,large,16384,32760,1,11,16385,19,1,19,6,0,3
3,slack,diagnostic,timeline,2654435769,10000,100000,86078,78719,15.306640625,large,16384,32760,1,11,16385,19,1,19,6,0,3
3,slack,diagnostic,timeline,2654435769,10000,100000,86396,78965,35.62890625,large,32768,65528,1,12,32769,18,2,18,6,0,3
3,slack,diagnostic,timeline,2654435769,10000,100000,88143,80336,6.899902344,large,8192,16376,1,10,8193,19,2,19,6,0,3
3,slack,diagnostic,timeline,2654435769,10000,100000,89321,81278,15.420898438,large,16384,32760,1,11,16385,19,2,19,6,0,3
3,slack,diagnostic,timeline,2654435769,10000,100000,90373,82126,7.575439453,large,8192,16376,1,10,8193,18,0,18,6,0,3
3,slack,diagnostic,timeline,2654435769,10000,100000,90915,82546,15.640380859,large,16384,32760,1,11,16385,18,0,18,6,0,3
3,slack,diagnostic,timeline,2654435769,10000,100000,92708,83971,35.225830078,large,32768,65528,1,12,32769,18,0,18,6,0,3
3,slack,diagnostic,timeline,2654435769,10000,100000,96702,87101,34.993164062,large,32768,65528,1,12,32769,17,0,17,6,0,3
3,slack,diagnostic,timeline,2654435769,10000,100000,97356,87647,73.431396484,large,65536,131064,1,13,65537,18,2,18,5,0,3
4,baseline,timed,timeline,826366246,10000,100000,16720,23407,0.119384766,unavailable,0,0,0,0,0,0,0,0,4,0,1
4,baseline,timed,timeline,826366246,10000,100000,17254,23811,0.052246094,unavailable,0,0,0,0,0,0,0,0,5,0,1
4,baseline,timed,timeline,826366246,10000,100000,24078,29349,0.112304688,unavailable,0,0,0,0,0,0,0,0,6,0,1
4,baseline,timed,timeline,826366246,10000,100000,26522,31285,21.975830078,unavailable,0,0,0,0,0,0,0,0,3,0,1
4,baseline,timed,timeline,826366246,10000,100000,31555,35378,0.113525391,unavailable,0,0,0,0,0,0,0,0,2,0,1
4,baseline,timed,timeline,826366246,10000,100000,32772,36379,0.039306641,unavailable,0,0,0,0,0,0,0,0,3,0,1
4,baseline,timed,timeline,826366246,10000,100000,39283,41602,0.159179688,unavailable,0,0,0,0,0,0,0,0,4,0,1
4,baseline,timed,timeline,826366246,10000,100000,40832,42833,0.113769531,unavailable,0,0,0,0,0,0,0,0,4,0,1
4,baseline,timed,timeline,826366246,10000,100000,45890,46907,0.038330078,unavailable,0,0,0,0,0,0,0,0,5,0,1
4,baseline,timed,timeline,826366246,10000,100000,46760,47619,0.130615234,unavailable,0,0,0,0,0,0,0,0,6,0,1
4,baseline,timed,timeline,826366246,10000,100000,50954,51047,43.998291016,unavailable,0,0,0,0,0,0,0,0,4,0,1
4,baseline,timed,timeline,826366246,10000,100000,53718,53287,0.050048828,unavailable,0,0,0,0,0,0,0,0,4,0,1
4,baseline,timed,timeline,826366246,10000,100000,53941,53454,0.125976562,unavailable,0,0,0,0,0,0,0,0,4,0,1
4,baseline,timed,timeline,826366246,10000,100000,61606,59605,0.038330078,unavailable,0,0,0,0,0,0,0,0,3,0,1
4,baseline,timed,timeline,826366246,10000,100000,62359,60192,0.136230469,unavailable,0,0,0,0,0,0,0,0,3,0,1
4,baseline,timed,timeline,826366246,10000,100000,66878,63817,0.038330078,unavailable,0,0,0,0,0,0,0,0,4,0,1
4,baseline,timed,timeline,826366246,10000,100000,67782,64561,0.099121094,unavailable,0,0,0,0,0,0,0,0,4,0,1
4,baseline,timed,timeline,826366246,10000,100000,76447,71444,0.112548828,unavailable,0,0,0,0,0,0,0,0,6,0,1
4,baseline,timed,timeline,826366246,10000,100000,80001,74360,86.237304688,unavailable,0,0,0,0,0,0,0,0,3,0,1
4,baseline,timed,timeline,826366246,10000,100000,83574,77189,0.114013672,unavailable,0,0,0,0,0,0,0,0,4,0,1
4,baseline,timed,timeline,826366246,10000,100000,89398,81757,0.113037109,unavailable,0,0,0,0,0,0,0,0,3,0,1
4,baseline,timed,timeline,826366246,10000,100000,90486,82641,0.040039062,unavailable,0,0,0,0,0,0,0,0,3,0,1
4,baseline,timed,timeline,826366246,10000,100000,90796,82897,0.124267578,unavailable,0,0,0,0,0,0,0,0,3,0,1
4,baseline,timed,timeline,826366246,10000,100000,95753,86830,0.114746094,unavailable,0,0,0,0,0,0,0,0,4,0,1
4,baseline,timed,timeline,826366246,10000,100000,99789,90098,0.125488281,unavailable,0,0,0,0,0,0,0,0,5,0,1
4,baseline,diagnostic,timeline,826366246,10000,100000,2994,12343,0.033691406,direct,0,0,0,0,0,15,1,15,1,0,1
4,baseline,diagnostic,timeline,826366246,10000,100000,4141,13284,0.038574219,direct,0,0,0,0,0,15,1,15,2,0,1
4,baseline,diagnostic,timeline,826366246,10000,100000,5077,14026,0.034912109,direct,0,0,0,0,0,15,1,15,2,0,1
4,baseline,diagnostic,timeline,826366246,10000,100000,5194,14129,0.034423828,direct,0,0,0,0,0,14,0,14,2,0,1
4,baseline,diagnostic,timeline,826366246,10000,100000,8558,16845,0.034912109,direct,0,0,0,0,0,15,0,15,3,0,1
4,baseline,diagnostic,timeline,826366246,10000,100000,14656,21787,0.033447266,direct,0,0,0,0,0,16,1,16,4,0,1
4,baseline,diagnostic,timeline,826366246,10000,100000,15628,22559,0.034423828,direct,0,0,0,0,0,16,1,16,4,0,1
4,baseline,diagnostic,timeline,826366246,10000,100000,16759,23436,0.034423828,direct,0,0,0,0,0,17,1,17,4,0,1
4,baseline,diagnostic,timeline,826366246,10000,100000,18449,24792,0.03515625,direct,0,0,0,0,0,17,1,17,5,0,1
4,baseline,diagnostic,timeline,826366246,10000,100000,19125,25356,0.034423828,direct,0,0,0,0,0,17,1,17,5,0,1
4,baseline,diagnostic,timeline,826366246,10000,100000,22645,28166,0.035644531,direct,0,0,0,0,0,16,1,16,6,0,1
4,baseline,diagnostic,timeline,826366246,10000,100000,26522,31285,26.966064453,full,31285,64045,1,12,64058,17,1,17,3,1,7
4,baseline,diagnostic,timeline,826366246,10000,100000,46144,47109,0.037597656,direct,0,0,0,0,0,17,1,17,5,0,1
4,baseline,diagnostic,timeline,826366246,10000,100000,47881,48514,0.033935547,direct,0,0,0,0,0,18,1,18,6,0,1
4,baseline,diagnostic,timeline,826366246,10000,100000,49592,49919,0.03515625,direct,0,0,0,0,0,17,1,17,6,0,1
4,baseline,diagnostic,timeline,826366246,10000,100000,50923,51024,0.008789062,local,8,8,1,0,9,16,0,16,6,0,2
4,baseline,diagnostic,timeline,826366246,10000,100000,50954,51047,53.506835938,full,51047,116575,1,13,116589,18,2,18,4,1,7
4,baseline,diagnostic,timeline,826366246,10000,100000,59159,57624,0.035400391,direct,0,0,0,0,0,18,1,18,2,0,1
4,baseline,diagnostic,timeline,826366246,10000,100000,62653,60434,0.033935547,direct,0,0,0,0,0,18,1,18,3,0,1
4,baseline,diagnostic,timeline,826366246,10000,100000,78468,73079,0.035888672,direct,0,0,0,0,0,19,1,19,6,0,1
4,baseline,diagnostic,timeline,826366246,10000,100000,80001,74360,105.418701172,full,74360,205424,1,14,205439,19,2,19,3,1,7
4,baseline,diagnostic,timeline,826366246,10000,100000,87254,80103,0.034667969,direct,0,0,0,0,0,15,0,15,4,0,1
4,baseline,diagnostic,timeline,826366246,10000,100000,89065,81508,0.033447266,direct,0,0,0,0,0,19,1,19,3,0,1
4,baseline,diagnostic,timeline,826366246,10000,100000,90822,82913,0.039550781,direct,0,0,0,0,0,19,1,19,3,0,1
4,baseline,diagnostic,timeline,826366246,10000,100000,94380,85723,0.034667969,direct,0,0,0,0,0,19,1,19,4,0,1
4,baseline,diagnostic,timeline,826366246,10000,100000,99585,89938,0.034667969,direct,0,0,0,0,0,18,1,18,5,0,1
4,slack,timed,timeline,826366246,10000,100000,39508,41781,2.312744141,unavailable,0,0,0,0,0,0,0,0,6,0,1
4,slack,timed,timeline,826366246,10000,100000,48438,48983,2.323242188,unavailable,0,0,0,0,0,0,0,0,6,0,1
4,slack,timed,timeline,826366246,10000,100000,53704,53273,2.424804688,unavailable,0,0,0,0,0,0,0,0,6,0,1
4,slack,timed,timeline,826366246,10000,100000,55207,54466,5.540283203,unavailable,0,0,0,0,0,0,0,0,6,0,1
4,slack,timed,timeline,826366246,10000,100000,61583,59586,2.624511719,unavailable,0,0,0,0,0,0,0,0,6,0,1
4,slack,timed,timeline,826366246,10000,100000,64622,62001,2.392089844,unavailable,0,0,0,0,0,0,0,0,6,0,1
4,slack,timed,timeline,826366246,10000,100000,66109,63184,2.218994141,unavailable,0,0,0,0,0,0,0,0,6,0,1
4,slack,timed,timeline,826366246,10000,100000,66878,63817,2.398925781,unavailable,0,0,0,0,0,0,0,0,6,0,1
4,slack,timed,timeline,826366246,10000,100000,67179,64068,5.570556641,unavailable,0,0,0,0,0,0,0,0,6,0,1
4,slack,timed,timeline,826366246,10000,100000,70489,66686,2.359619141,unavailable,0,0,0,0,0,0,0,0,6,0,1
4,slack,timed,timeline,826366246,10000,100000,73999,69496,4.578125,unavailable,0,0,0,0,0,0,0,0,6,0,1
4,slack,timed,timeline,826366246,10000,100000,77439,72228,5.1328125,unavailable,0,0,0,0,0,0,0,0,6,0,1
4,slack,timed,timeline,826366246,10000,100000,79644,74057,14.963134766,unavailable,0,0,0,0,0,0,0,0,6,0,1
4,slack,timed,timeline,826366246,10000,100000,83300,76971,2.397705078,unavailable,0,0,0,0,0,0,0,0,6,0,1
4,slack,timed,timeline,826366246,10000,100000,86225,79282,5.803222656,unavailable,0,0,0,0,0,0,0,0,6,0,1
4,slack,timed,timeline,826366246,10000,100000,88306,80907,2.630371094,unavailable,0,0,0,0,0,0,0,0,6,0,1
4,slack,timed,timeline,826366246,10000,100000,89264,81665,2.260253906,unavailable,0,0,0,0,0,0,0,0,6,0,1
4,slack,timed,timeline,826366246,10000,100000,89979,82226,5.315917969,unavailable,0,0,0,0,0,0,0,0,6,0,1
4,slack,timed,timeline,826366246,10000,100000,92082,83893,6.572021484,unavailable,0,0,0,0,0,0,0,0,6,0,1
4,slack,timed,timeline,826366246,10000,100000,92328,84097,12.326904297,unavailable,0,0,0,0,0,0,0,0,6,0,1
4,slack,timed,timeline,826366246,10000,100000,94164,85553,2.233398438,unavailable,0,0,0,0,0,0,0,0,6,0,1
4,slack,timed,timeline,826366246,10000,100000,95716,86797,5.069580078,unavailable,0,0,0,0,0,0,0,0,6,0,1
4,slack,timed,timeline,826366246,10000,100000,96805,87632,2.275390625,unavailable,0,0,0,0,0,0,0,0,6,0,1
4,slack,timed,timeline,826366246,10000,100000,97859,88508,4.732177734,unavailable,0,0,0,0,0,0,0,0,6,0,1
4,slack,timed,timeline,826366246,10000,100000,99003,89444,12.958740234,unavailable,0,0,0,0,0,0,0,0,6,0,1
4,slack,diagnostic,timeline,826366246,10000,100000,39508,41781,7.803955078,large,8192,16376,1,10,8193,16,0,16,6,0,3
4,slack,diagnostic,timeline,826366246,10000,100000,48438,48983,7.100830078,large,8192,16376,1,10,8193,17,0,17,6,0,3
4,slack,diagnostic,timeline,826366246,10000,100000,51696,51643,7.016113281,large,8192,16376,1,10,8193,17,0,17,6,0,3
4,slack,diagnostic,timeline,826366246,10000,100000,53704,53273,6.788085938,large,8192,16376,1,10,8193,18,1,18,6,0,3
4,slack,diagnostic,timeline,826366246,10000,100000,55207,54466,15.178955078,large,16384,32760,1,11,16385,18,2,18,6,0,3
4,slack,diagnostic,timeline,826366246,10000,100000,61583,59586,6.998779297,large,8192,16376,1,10,8193,18,2,18,6,0,3
4,slack,diagnostic,timeline,826366246,10000,100000,64622,62001,6.936279297,large,8192,16376,1,10,8193,18,2,18,6,0,3
4,slack,diagnostic,timeline,826366246,10000,100000,67179,64068,15.455322266,large,16384,32760,1,11,16385,18,1,18,6,0,3
4,slack,diagnostic,timeline,826366246,10000,100000,70489,66686,7.249023438,large,8192,16376,1,10,8193,17,0,17,6,0,3
4,slack,diagnostic,timeline,826366246,10000,100000,71939,67862,6.861572266,large,8192,16376,1,10,8193,19,1,19,6,0,3
4,slack,diagnostic,timeline,826366246,10000,100000,73999,69496,15.348876953,large,16384,32760,1,11,16385,18,0,18,6,0,3
4,slack,diagnostic,timeline,826366246,10000,100000,77439,72228,15.156738281,large,16384,32760,1,11,16385,19,1,19,6,0,3
4,slack,diagnostic,timeline,826366246,10000,100000,79644,74057,35.471923828,large,32768,65528,1,12,32769,19,1,19,6,0,3
4,slack,diagnostic,timeline,826366246,10000,100000,83300,76971,7.060546875,large,8192,16376,1,10,8193,18,1,18,6,0,3
4,slack,diagnostic,timeline,826366246,10000,100000,84735,78074,6.718261719,large,8192,16376,1,10,8193,18,1,18,6,0,3
4,slack,diagnostic,timeline,826366246,10000,100000,86225,79282,15.25390625,large,16384,32760,1,11,16385,18,2,18,6,0,3
4,slack,diagnostic,timeline,826366246,10000,100000,88306,80907,7.08203125,large,8192,16376,1,10,8193,19,1,19,6,0,3
4,slack,diagnostic,timeline,826366246,10000,100000,89979,82226,15.186035156,large,16384,32760,1,11,16385,19,2,19,6,0,3
4,slack,diagnostic,timeline,826366246,10000,100000,92082,83893,16.996582031,large,16384,32760,1,11,16385,19,2,19,6,0,3
4,slack,diagnostic,timeline,826366246,10000,100000,92328,84097,35.442382812,large,32768,65528,1,12,32769,18,0,18,6,0,3
4,slack,diagnostic,timeline,826366246,10000,100000,94164,85553,7.021484375,large,8192,16376,1,10,8193,18,0,18,6,0,3
4,slack,diagnostic,timeline,826366246,10000,100000,95716,86797,15.406982422,large,16384,32760,1,11,16385,18,2,18,6,0,3
4,slack,diagnostic,timeline,826366246,10000,100000,96805,87632,7.058105469,large,8192,16376,1,10,8193,18,0,18,6,0,3
4,slack,diagnostic,timeline,826366246,10000,100000,97859,88508,15.093994141,large,16384,32760,1,11,16385,18,0,18,6,0,3
4,slack,diagnostic,timeline,826366246,10000,100000,99003,89444,35.813720703,large,32768,65528,1,12,32769,19,2,19,6,0,3
5,baseline,timed,timeline,12648430,10000,100000,1466,11175,0.033447266,unavailable,0,0,0,0,0,0,0,0,1,0,1
5,baseline,timed,timeline,12648430,10000,100000,4086,13281,0.025878906,unavailable,0,0,0,0,0,0,0,0,2,0,1
5,baseline,timed,timeline,12648430,10000,100000,6758,15387,0.032226562,unavailable,0,0,0,0,0,0,0,0,2,0,1
5,baseline,timed,timeline,12648430,10000,100000,9374,17493,0.032958984,unavailable,0,0,0,0,0,0,0,0,3,0,1
5,baseline,timed,timeline,12648430,10000,100000,12090,19599,0.034667969,unavailable,0,0,0,0,0,0,0,0,3,0,1
5,baseline,timed,timeline,12648430,10000,100000,14690,21705,0.034912109,unavailable,0,0,0,0,0,0,0,0,4,0,1
5,baseline,timed,timeline,12648430,10000,100000,17348,23811,0.033935547,unavailable,0,0,0,0,0,0,0,0,5,0,1
5,baseline,timed,timeline,12648430,10000,100000,22651,27990,0.026367188,unavailable,0,0,0,0,0,0,0,0,6,0,1
5,baseline,timed,timeline,12648430,10000,100000,24178,29219,0.024902344,unavailable,0,0,0,0,0,0,0,0,6,0,1
5,baseline,timed,timeline,12648430,10000,100000,25277,30096,0.034912109,unavailable,0,0,0,0,0,0,0,0,6,0,1
5,baseline,timed,timeline,12648430,10000,100000,25790,30509,0.031005859,unavailable,0,0,0,0,0,0,0,0,6,0,1
5,baseline,timed,timeline,12648430,10000,100000,26636,31195,20.545410156,unavailable,0,0,0,0,0,0,0,0,3,0,1
5,baseline,timed,timeline,12648430,10000,100000,38260,40531,0.02734375,unavailable,0,0,0,0,0,0,0,0,4,0,1
5,baseline,timed,timeline,12648430,10000,100000,46260,46849,0.024169922,unavailable,0,0,0,0,0,0,0,0,5,0,1
5,baseline,timed,timeline,12648430,10000,100000,48926,48955,0.037597656,unavailable,0,0,0,0,0,0,0,0,6,0,1
5,baseline,timed,timeline,12648430,10000,100000,50279,50000,0.032714844,unavailable,0,0,0,0,0,0,0,0,6,0,1
5,baseline,timed,timeline,12648430,10000,100000,51172,50685,41.437988281,unavailable,0,0,0,0,0,0,0,0,4,0,1
5,baseline,timed,timeline,12648430,10000,100000,53040,52145,0.037353516,unavailable,0,0,0,0,0,0,0,0,4,0,1
5,baseline,timed,timeline,12648430,10000,100000,56954,55335,0.029785156,unavailable,0,0,0,0,0,0,0,0,2,0,1
5,baseline,timed,timeline,12648430,10000,100000,59554,57439,0.034179688,unavailable,0,0,0,0,0,0,0,0,2,0,1
5,baseline,timed,timeline,12648430,10000,100000,62164,59545,0.037841797,unavailable,0,0,0,0,0,0,0,0,3,0,1
5,baseline,timed,timeline,12648430,10000,100000,64794,61651,0.035644531,unavailable,0,0,0,0,0,0,0,0,3,0,1
5,baseline,timed,timeline,12648430,10000,100000,77693,71914,0.032958984,unavailable,0,0,0,0,0,0,0,0,6,0,1
5,baseline,timed,timeline,12648430,10000,100000,79311,73190,0.031982422,unavailable,0,0,0,0,0,0,0,0,6,0,1
5,baseline,timed,timeline,12648430,10000,100000,80333,74022,87.333496094,unavailable,0,0,0,0,0,0,0,0,4,0,1
5,baseline,diagnostic,timeline,12648430,10000,100000,7145,15706,0.125,direct,0,0,0,0,0,16,1,16,2,0,1
5,baseline,diagnostic,timeline,12648430,10000,100000,11006,18767,0.114013672,direct,0,0,0,0,0,14,0,14,2,0,1
5,baseline,diagnostic,timeline,12648430,10000,100000,17269,23748,0.120849609,direct,0,0,0,0,0,16,1,16,5,0,1
5,baseline,diagnostic,timeline,12648430,10000,100000,23174,28405,0.127685547,direct,0,0,0,0,0,16,1,16,6,0,1
5,baseline,diagnostic,timeline,12648430,10000,100000,26636,31195,28.541503906,full,31195,63955,1,12,63968,17,2,17,3,1,7
5,baseline,diagnostic,timeline,12648430,10000,100000,31549,35188,0.091064453,direct,0,0,0,0,0,16,0,16,2,0,1
5,baseline,diagnostic,timeline,12648430,10000,100000,33328,36593,0.167480469,direct,0,0,0,0,0,16,0,16,3,0,1
5,baseline,diagnostic,timeline,12648430,10000,100000,35061,37996,0.083984375,direct,0,0,0,0,0,18,1,18,3,0,1
5,baseline,diagnostic,timeline,12648430,10000,100000,36830,39401,0.077880859,direct,0,0,0,0,0,18,1,18,3,0,1
5,baseline,diagnostic,timeline,12648430,10000,100000,38538,40743,0.116455078,direct,0,0,0,0,0,17,1,17,4,0,1
5,baseline,diagnostic,timeline,12648430,10000,100000,48421,48544,0.125488281,direct,0,0,0,0,0,17,1,17,6,0,1
5,baseline,diagnostic,timeline,12648430,10000,100000,51172,50685,55.801025391,full,50685,116213,1,13,116227,16,0,16,4,1,7
5,baseline,diagnostic,timeline,12648430,10000,100000,55361,54044,0.108154297,direct,0,0,0,0,0,18,1,18,4,0,1
5,baseline,diagnostic,timeline,12648430,10000,100000,60665,58304,0.069335938,direct,0,0,0,0,0,17,0,17,2,0,1
5,baseline,diagnostic,timeline,12648430,10000,100000,61155,58706,0.098876953,direct,0,0,0,0,0,18,1,18,2,0,1
5,baseline,diagnostic,timeline,12648430,10000,100000,62370,59709,0.083496094,direct,0,0,0,0,0,18,1,18,3,0,1
5,baseline,diagnostic,timeline,12648430,10000,100000,64113,61114,0.075683594,direct,0,0,0,0,0,17,1,17,3,0,1
5,baseline,diagnostic,timeline,12648430,10000,100000,65884,62519,0.074462891,direct,0,0,0,0,0,19,1,19,3,0,1
5,baseline,diagnostic,timeline,12648430,10000,100000,66129,62716,0.112792969,direct,0,0,0,0,0,19,1,19,3,0,1
5,baseline,diagnostic,timeline,12648430,10000,100000,67694,63923,0.073974609,direct,0,0,0,0,0,19,1,19,4,0,1
5,baseline,diagnostic,timeline,12648430,10000,100000,71990,67353,0.116943359,direct,0,0,0,0,0,18,1,18,5,0,1
5,baseline,diagnostic,timeline,12648430,10000,100000,76070,70633,0.111083984,direct,0,0,0,0,0,17,0,17,6,0,1
5,baseline,diagnostic,timeline,12648430,10000,100000,80333,74022,115.309814453,full,74022,205086,1,14,205101,17,1,17,4,1,7
5,baseline,diagnostic,timeline,12648430,10000,100000,88394,80521,0.111572266,direct,0,0,0,0,0,17,2,17,4,0,1
5,baseline,diagnostic,timeline,12648430,10000,100000,96770,87247,0.099121094,direct,0,0,0,0,0,19,1,19,4,0,1
5,slack,timed,timeline,12648430,10000,100000,40788,42519,2.123046875,unavailable,0,0,0,0,0,0,0,0,6,0,1
5,slack,timed,timeline,12648430,10000,100000,43706,44819,2.115966797,unavailable,0,0,0,0,0,0,0,0,6,0,1
5,slack,timed,timeline,12648430,10000,100000,46195,46800,4.741699219,unavailable,0,0,0,0,0,0,0,0,6,0,1
5,slack,timed,timeline,12648430,10000,100000,52861,52000,2.160400391,unavailable,0,0,0,0,0,0,0,0,6,0,1
5,slack,timed,timeline,12648430,10000,100000,55886,54477,2.207519531,unavailable,0,0,0,0,0,0,0,0,6,0,1
5,slack,timed,timeline,12648430,10000,100000,58752,56789,4.641601562,unavailable,0,0,0,0,0,0,0,0,6,0,1
5,slack,timed,timeline,12648430,10000,100000,62324,59671,2.045898438,unavailable,0,0,0,0,0,0,0,0,6,0,1
5,slack,timed,timeline,12648430,10000,100000,64112,61113,2.123779297,unavailable,0,0,0,0,0,0,0,0,6,0,1
5,slack,timed,timeline,12648430,10000,100000,65644,62313,4.54296875,unavailable,0,0,0,0,0,0,0,0,6,0,1
5,slack,timed,timeline,12648430,10000,100000,69162,65077,4.535644531,unavailable,0,0,0,0,0,0,0,0,6,0,1
5,slack,timed,timeline,12648430,10000,100000,70172,65895,2.496337891,unavailable,0,0,0,0,0,0,0,0,6,0,1
5,slack,timed,timeline,12648430,10000,100000,71329,66820,4.728759766,unavailable,0,0,0,0,0,0,0,0,6,0,1
5,slack,timed,timeline,12648430,10000,100000,72371,67662,10.432617188,unavailable,0,0,0,0,0,0,0,0,6,0,1
5,slack,timed,timeline,12648430,10000,100000,77000,71341,2.086669922,unavailable,0,0,0,0,0,0,0,0,6,0,1
5,slack,timed,timeline,12648430,10000,100000,78990,72921,4.816894531,unavailable,0,0,0,0,0,0,0,0,6,0,1
5,slack,timed,timeline,12648430,10000,100000,80665,74286,2.280273438,unavailable,0,0,0,0,0,0,0,0,6,0,1
5,slack,timed,timeline,12648430,10000,100000,82089,75436,4.576904297,unavailable,0,0,0,0,0,0,0,0,6,0,1
5,slack,timed,timeline,12648430,10000,100000,84455,77350,10.727050781,unavailable,0,0,0,0,0,0,0,0,6,0,1
5,slack,timed,timeline,12648430,10000,100000,87587,79872,2.043212891,unavailable,0,0,0,0,0,0,0,0,6,0,1
5,slack,timed,timeline,12648430,10000,100000,88112,80293,4.519042969,unavailable,0,0,0,0,0,0,0,0,6,0,1
5,slack,timed,timeline,12648430,10000,100000,90276,82057,5.500244141,unavailable,0,0,0,0,0,0,0,0,6,0,1
5,slack,timed,timeline,12648430,10000,100000,91319,82868,10.678710938,unavailable,0,0,0,0,0,0,0,0,6,0,1
5,slack,timed,timeline,12648430,10000,100000,93379,84546,4.833251953,unavailable,0,0,0,0,0,0,0,0,6,0,1
5,slack,timed,timeline,12648430,10000,100000,95661,86370,10.929931641,unavailable,0,0,0,0,0,0,0,0,6,0,1
5,slack,timed,timeline,12648430,10000,100000,97788,88079,26.844482422,unavailable,0,0,0,0,0,0,0,0,6,0,1
5,slack,diagnostic,timeline,12648430,10000,100000,40788,42519,7.398925781,large,8192,16376,1,10,8193,17,0,17,6,0,3
5,slack,diagnostic,timeline,12648430,10000,100000,46195,46800,15.614746094,large,16384,32760,1,11,16385,18,2,18,6,0,3
5,slack,diagnostic,timeline,12648430,10000,100000,52861,52000,7.370361328,large,8192,16376,1,10,8193,17,0,17,6,0,3
5,slack,diagnostic,timeline,12648430,10000,100000,55886,54477,7.159667969,large,8192,16376,1,10,8193,18,2,18,6,0,3
5,slack,diagnostic,timeline,12648430,10000,100000,58752,56789,15.567382812,large,16384,32760,1,11,16385,17,2,17,6,0,3
5,slack,diagnostic,timeline,12648430,10000,100000,62324,59671,7.230224609,large,8192,16376,1,10,8193,18,2,18,6,0,3
5,slack,diagnostic,timeline,12648430,10000,100000,65644,62313,16.0078125,large,16384,32760,1,11,16385,18,0,18,6,0,3
5,slack,diagnostic,timeline,12648430,10000,100000,67531,63794,7.201416016,large,8192,16376,1,10,8193,18,0,18,6,0,3
5,slack,diagnostic,timeline,12648430,10000,100000,69162,65077,16.099365234,large,16384,32760,1,11,16385,17,0,17,6,0,3
5,slack,diagnostic,timeline,12648430,10000,100000,70172,65895,7.794677734,large,8192,16376,1,10,8193,17,0,17,6,0,3
5,slack,diagnostic,timeline,12648430,10000,100000,71329,66820,16.126464844,large,16384,32760,1,11,16385,17,0,17,6,0,3
5,slack,diagnostic,timeline,12648430,10000,100000,72371,67662,35.974609375,large,32768,65528,1,12,32769,17,0,17,6,0,3
5,slack,diagnostic,timeline,12648430,10000,100000,75433,70130,7.180908203,large,8192,16376,1,10,8193,17,0,17,6,0,3
5,slack,diagnostic,timeline,12648430,10000,100000,78990,72921,15.847900391,large,16384,32760,1,11,16385,18,2,18,6,0,3
5,slack,diagnostic,timeline,12648430,10000,100000,80665,74286,7.552978516,large,8192,16376,1,10,8193,18,0,18,6,0,3
5,slack,diagnostic,timeline,12648430,10000,100000,82089,75436,15.785644531,large,16384,32760,1,11,16385,18,0,18,6,0,3
5,slack,diagnostic,timeline,12648430,10000,100000,84455,77350,36.684570312,large,32768,65528,1,12,32769,18,1,18,6,0,3
5,slack,diagnostic,timeline,12648430,10000,100000,86525,79030,7.145751953,large,8192,16376,1,10,8193,16,0,16,6,0,3
5,slack,diagnostic,timeline,12648430,10000,100000,88112,80293,15.424316406,large,16384,32760,1,11,16385,18,2,18,6,0,3
5,slack,diagnostic,timeline,12648430,10000,100000,89115,81122,7.305419922,large,8192,16376,1,10,8193,17,0,17,6,0,3
5,slack,diagnostic,timeline,12648430,10000,100000,90276,82057,16.571289062,large,16384,32760,1,11,16385,17,0,17,6,0,3
5,slack,diagnostic,timeline,12648430,10000,100000,91319,82868,35.775878906,large,32768,65528,1,12,32769,17,0,17,6,0,3
5,slack,diagnostic,timeline,12648430,10000,100000,93379,84546,16.458984375,large,16384,32760,1,11,16385,19,1,19,6,0,3
5,slack,diagnostic,timeline,12648430,10000,100000,95661,86370,35.998779297,large,32768,65528,1,12,32769,18,0,18,6,0,3
5,slack,diagnostic,timeline,12648430,10000,100000,97788,88079,82.156738281,large,65536,131064,1,13,65537,19,2,19,6,0,3
6,baseline,timed,timeline,3512641005,10000,100000,1504,11175,0.032226562,unavailable,0,0,0,0,0,0,0,0,1,0,1
6,baseline,timed,timeline,3512641005,10000,100000,6788,15387,0.033691406,unavailable,0,0,0,0,0,0,0,0,2,0,1
6,baseline,timed,timeline,3512641005,10000,100000,9424,17493,0.032470703,unavailable,0,0,0,0,0,0,0,0,3,0,1
6,baseline,timed,timeline,3512641005,10000,100000,12118,19599,0.033691406,unavailable,0,0,0,0,0,0,0,0,3,0,1
6,baseline,timed,timeline,3512641005,10000,100000,14778,21705,0.03515625,unavailable,0,0,0,0,0,0,0,0,2,0,1
6,baseline,timed,timeline,3512641005,10000,100000,17143,23642,0.030273438,unavailable,0,0,0,0,0,0,0,0,4,0,1
6,baseline,timed,timeline,3512641005,10000,100000,17358,23811,0.053955078,unavailable,0,0,0,0,0,0,0,0,5,0,1
6,baseline,timed,timeline,3512641005,10000,100000,25281,30096,0.034667969,unavailable,0,0,0,0,0,0,0,0,6,0,1
6,baseline,timed,timeline,3512641005,10000,100000,25822,30541,0.031494141,unavailable,0,0,0,0,0,0,0,0,6,0,1
6,baseline,timed,timeline,3512641005,10000,100000,26789,31306,20.528564453,unavailable,0,0,0,0,0,0,0,0,4,0,1
6,baseline,timed,timeline,3512641005,10000,100000,38476,40607,0.033691406,unavailable,0,0,0,0,0,0,0,0,4,0,1
6,baseline,timed,timeline,3512641005,10000,100000,49032,49031,0.034667969,unavailable,0,0,0,0,0,0,0,0,6,0,1
6,baseline,timed,timeline,3512641005,10000,100000,50409,50094,0.032470703,unavailable,0,0,0,0,0,0,0,0,6,0,1
6,baseline,timed,timeline,3512641005,10000,100000,51288,50819,0.028808594,unavailable,0,0,0,0,0,0,0,0,6,0,1
6,baseline,timed,timeline,3512641005,10000,100000,51354,50869,41.600585938,unavailable,0,0,0,0,0,0,0,0,4,0,1
6,baseline,timed,timeline,3512641005,10000,100000,54340,53239,0.035400391,unavailable,0,0,0,0,0,0,0,0,4,0,1
6,baseline,timed,timeline,3512641005,10000,100000,58266,56429,0.032958984,unavailable,0,0,0,0,0,0,0,0,2,0,1
6,baseline,timed,timeline,3512641005,10000,100000,60848,58535,0.029296875,unavailable,0,0,0,0,0,0,0,0,2,0,1
6,baseline,timed,timeline,3512641005,10000,100000,63434,60639,0.035888672,unavailable,0,0,0,0,0,0,0,0,3,0,1
6,baseline,timed,timeline,3512641005,10000,100000,66080,62745,0.028320312,unavailable,0,0,0,0,0,0,0,0,3,0,1
6,baseline,timed,timeline,3512641005,10000,100000,68724,64851,0.037353516,unavailable,0,0,0,0,0,0,0,0,4,0,1
6,baseline,timed,timeline,3512641005,10000,100000,75453,70244,0.028320312,unavailable,0,0,0,0,0,0,0,0,5,0,1
6,baseline,timed,timeline,3512641005,10000,100000,80487,74198,80.638671875,unavailable,0,0,0,0,0,0,0,0,4,0,1
6,baseline,timed,timeline,3512641005,10000,100000,90946,82589,0.045898438,unavailable,0,0,0,0,0,0,0,0,3,0,1
6,baseline,timed,timeline,3512641005,10000,100000,93604,84695,0.031738281,unavailable,0,0,0,0,0,0,0,0,4,0,1
6,baseline,diagnostic,timeline,3512641005,10000,100000,6792,15391,0.035644531,direct,0,0,0,0,0,16,2,16,2,0,1
6,baseline,diagnostic,timeline,3512641005,10000,100000,8626,16823,0.034179688,direct,0,0,0,0,0,15,1,15,3,0,1
6,baseline,diagnostic,timeline,3512641005,10000,100000,9620,17647,0.03515625,direct,0,0,0,0,0,14,0,14,1,0,1
6,baseline,diagnostic,timeline,3512641005,10000,100000,10273,18174,0.036132812,direct,0,0,0,0,0,16,1,16,3,0,1
6,baseline,diagnostic,timeline,3512641005,10000,100000,10640,18461,0.034179688,direct,0,0,0,0,0,15,0,15,3,0,1
6,baseline,diagnostic,timeline,3512641005,10000,100000,15816,22559,0.034179688,direct,0,0,0,0,0,15,1,15,4,0,1
6,baseline,diagnostic,timeline,3512641005,10000,100000,16837,23404,0.034423828,direct,0,0,0,0,0,16,1,16,4,0,1
6,baseline,diagnostic,timeline,3512641005,10000,100000,18483,24706,0.03515625,direct,0,0,0,0,0,15,1,15,5,0,1
6,baseline,diagnostic,timeline,3512641005,10000,100000,19288,25355,0.037597656,direct,0,0,0,0,0,15,0,15,5,0,1
6,baseline,diagnostic,timeline,3512641005,10000,100000,22808,28141,0.034179688,direct,0,0,0,0,0,17,1,17,6,0,1
6,baseline,diagnostic,timeline,3512641005,10000,100000,26206,30835,0.012451172,local,8,8,1,0,9,15,0,15,6,0,2
6,baseline,diagnostic,timeline,3512641005,10000,100000,26789,31306,26.981689453,full,31306,64066,1,12,64079,17,1,17,4,1,7
6,baseline,diagnostic,timeline,3512641005,10000,100000,31581,35146,0.036621094,direct,0,0,0,0,0,17,1,17,2,0,1
6,baseline,diagnostic,timeline,3512641005,10000,100000,47456,47791,0.034423828,direct,0,0,0,0,0,18,1,18,6,0,1
6,baseline,diagnostic,timeline,3512641005,10000,100000,51288,50819,0.032470703,local,32,56,1,2,59,18,2,18,6,0,2
6,baseline,diagnostic,timeline,3512641005,10000,100000,51350,50869,0.006103516,local,8,8,1,0,9,17,0,17,6,0,2
6,baseline,diagnostic,timeline,3512641005,10000,100000,51354,50869,51.267333984,full,50869,116397,1,13,116411,17,0,17,4,1,7
6,baseline,diagnostic,timeline,3512641005,10000,100000,58713,56816,0.035644531,direct,0,0,0,0,0,18,1,18,2,0,1
6,baseline,diagnostic,timeline,3512641005,10000,100000,60494,58221,0.041992188,direct,0,0,0,0,0,18,1,18,2,0,1
6,baseline,diagnostic,timeline,3512641005,10000,100000,62179,59626,0.036376953,direct,0,0,0,0,0,17,0,17,3,0,1
6,baseline,diagnostic,timeline,3512641005,10000,100000,65671,62436,0.035400391,direct,0,0,0,0,0,17,1,17,3,0,1
6,baseline,diagnostic,timeline,3512641005,10000,100000,77984,72229,0.038330078,direct,0,0,0,0,0,17,1,17,6,0,1
6,baseline,diagnostic,timeline,3512641005,10000,100000,79763,73634,0.03515625,direct,0,0,0,0,0,18,1,18,6,0,1
6,baseline,diagnostic,timeline,3512641005,10000,100000,80487,74198,105.050292969,full,74198,205262,1,14,205277,17,0,17,4,1,7
6,baseline,diagnostic,timeline,3512641005,10000,100000,87605,79892,0.036132812,direct,0,0,0,0,0,19,1,19,2,0,1
6,baseline,diagnostic,timeline,3512641005,10000,100000,91075,82702,0.038818359,direct,0,0,0,0,0,19,1,19,3,0,1
6,baseline,diagnostic,timeline,3512641005,10000,100000,92868,84107,0.037841797,direct,0,0,0,0,0,19,1,19,3,0,1
6,baseline,diagnostic,timeline,3512641005,10000,100000,94637,85512,0.037841797,direct,0,0,0,0,0,18,1,18,4,0,1
6,slack,timed,timeline,3512641005,10000,100000,33115,36354,2.115722656,unavailable,0,0,0,0,0,0,0,0,6,0,1
6,slack,timed,timeline,3512641005,10000,100000,49334,49277,2.087402344,unavailable,0,0,0,0,0,0,0,0,6,0,1
6,slack,timed,timeline,3512641005,10000,100000,52534,51813,1.987792969,unavailable,0,0,0,0,0,0,0,0,6,0,1
6,slack,timed,timeline,3512641005,10000,100000,54376,53263,2.001708984,unavailable,0,0,0,0,0,0,0,0,6,0,1
6,slack,timed,timeline,3512641005,10000,100000,55354,54051,1.905029297,unavailable,0,0,0,0,0,0,0,0,6,0,1
6,slack,timed,timeline,3512641005,10000,100000,55587,54232,4.491455078,unavailable,0,0,0,0,0,0,0,0,6,0,1
6,slack,timed,timeline,3512641005,10000,100000,62146,59601,2.097412109,unavailable,0,0,0,0,0,0,0,0,6,0,1
6,slack,timed,timeline,3512641005,10000,100000,67619,63948,2.150146484,unavailable,0,0,0,0,0,0,0,0,6,0,1
6,slack,timed,timeline,3512641005,10000,100000,70070,65933,2.311767578,unavailable,0,0,0,0,0,0,0,0,6,0,1
6,slack,timed,timeline,3512641005,10000,100000,71430,66979,1.90234375,unavailable,0,0,0,0,0,0,0,0,6,0,1
6,slack,timed,timeline,3512641005,10000,100000,72247,67630,1.938232422,unavailable,0,0,0,0,0,0,0,0,6,0,1
6,slack,timed,timeline,3512641005,10000,100000,72537,67858,4.619873047,unavailable,0,0,0,0,0,0,0,0,6,0,1
6,slack,timed,timeline,3512641005,10000,100000,75747,70484,1.929931641,unavailable,0,0,0,0,0,0,0,0,6,0,1
6,slack,timed,timeline,3512641005,10000,100000,77203,71610,2.008056641,unavailable,0,0,0,0,0,0,0,0,6,0,1
6,slack,timed,timeline,3512641005,10000,100000,78413,72552,4.407470703,unavailable,0,0,0,0,0,0,0,0,6,0,1
6,slack,timed,timeline,3512641005,10000,100000,80257,74012,2.508300781,unavailable,0,0,0,0,0,0,0,0,6,0,1
6,slack,timed,timeline,3512641005,10000,100000,81275,74838,4.229248047,unavailable,0,0,0,0,0,0,0,0,6,0,1
6,slack,timed,timeline,3512641005,10000,100000,82798,76053,4.050048828,unavailable,0,0,0,0,0,0,0,0,6,0,1
6,slack,timed,timeline,3512641005,10000,100000,83614,76697,10.281005859,unavailable,0,0,0,0,0,0,0,0,6,0,1
6,slack,timed,timeline,3512641005,10000,100000,89047,81054,2.075927734,unavailable,0,0,0,0,0,0,0,0,6,0,1
6,slack,timed,timeline,3512641005,10000,100000,91553,83094,2.355712891,unavailable,0,0,0,0,0,0,0,0,6,0,1
6,slack,timed,timeline,3512641005,10000,100000,93606,84697,4.885986328,unavailable,0,0,0,0,0,0,0,0,6,0,1
6,slack,timed,timeline,3512641005,10000,100000,96566,87045,1.987792969,unavailable,0,0,0,0,0,0,0,0,6,0,1
6,slack,timed,timeline,3512641005,10000,100000,97971,88160,1.934814453,unavailable,0,0,0,0,0,0,0,0,6,0,1
6,slack,timed,timeline,3512641005,10000,100000,99099,89076,4.575439453,unavailable,0,0,0,0,0,0,0,0,6,0,1
6,slack,diagnostic,timeline,3512641005,10000,100000,33115,36354,7.694335938,large,8192,16376,1,10,8193,18,1,18,6,0,3
6,slack,diagnostic,timeline,3512641005,10000,100000,49334,49277,7.563476562,large,8192,16376,1,10,8193,18,1,18,6,0,3
6,slack,diagnostic,timeline,3512641005,10000,100000,52534,51813,7.423583984,large,8192,16376,1,10,8193,18,2,18,6,0,3
6,slack,diagnostic,timeline,3512641005,10000,100000,54376,53263,7.454101562,large,8192,16376,1,10,8193,18,1,18,6,0,3
6,slack,diagnostic,timeline,3512641005,10000,100000,55354,54051,7.564697266,large,8192,16376,1,10,8193,16,0,16,6,0,3
6,slack,diagnostic,timeline,3512641005,10000,100000,55587,54232,16.990722656,large,16384,32760,1,11,16385,17,0,17,6,0,3
6,slack,diagnostic,timeline,3512641005,10000,100000,62146,59601,7.62109375,large,8192,16376,1,10,8193,18,1,18,6,0,3
6,slack,diagnostic,timeline,3512641005,10000,100000,67619,63948,8.103271484,large,8192,16376,1,10,8193,18,1,18,6,0,3
6,slack,diagnostic,timeline,3512641005,10000,100000,70070,65933,7.759033203,large,8192,16376,1,10,8193,18,1,18,6,0,3
6,slack,diagnostic,timeline,3512641005,10000,100000,72537,67858,15.3359375,large,16384,32760,1,11,16385,18,2,18,6,0,3
6,slack,diagnostic,timeline,3512641005,10000,100000,75747,70484,6.971923828,large,8192,16376,1,10,8193,17,0,17,6,0,3
6,slack,diagnostic,timeline,3512641005,10000,100000,77203,71610,6.964355469,large,8192,16376,1,10,8193,17,0,17,6,0,3
6,slack,diagnostic,timeline,3512641005,10000,100000,78413,72552,15.422363281,large,16384,32760,1,11,16385,18,1,18,6,0,3
6,slack,diagnostic,timeline,3512641005,10000,100000,80257,74012,7.656005859,large,8192,16376,1,10,8193,18,1,18,6,0,3
6,slack,diagnostic,timeline,3512641005,10000,100000,80821,74472,6.906494141,large,8192,16376,1,10,8193,18,2,18,6,0,3
6,slack,diagnostic,timeline,3512641005,10000,100000,81275,74838,15.596679688,large,16384,32760,1,11,16385,18,1,18,6,0,3
6,slack,diagnostic,timeline,3512641005,10000,100000,82798,76053,14.975341797,large,16384,32760,1,11,16385,19,1,19,6,0,3
6,slack,diagnostic,timeline,3512641005,10000,100000,83614,76697,35.817382812,large,32768,65528,1,12,32769,19,2,19,6,0,3
6,slack,diagnostic,timeline,3512641005,10000,100000,91553,83094,7.134765625,large,8192,16376,1,10,8193,18,0,18,6,0,3
6,slack,diagnostic,timeline,3512641005,10000,100000,92806,84051,6.977050781,large,8192,16376,1,10,8193,19,2,19,6,0,3
6,slack,diagnostic,timeline,3512641005,10000,100000,93606,84697,15.849121094,large,16384,32760,1,11,16385,19,2,19,6,0,3
6,slack,diagnostic,timeline,3512641005,10000,100000,96566,87045,7.21484375,large,8192,16376,1,10,8193,19,1,19,6,0,3
6,slack,diagnostic,timeline,3512641005,10000,100000,97971,88160,6.975097656,large,8192,16376,1,10,8193,19,2,19,6,0,3
6,slack,diagnostic,timeline,3512641005,10000,100000,98685,88742,7.027099609,large,8192,16376,1,10,8193,19,1,19,6,0,3
6,slack,diagnostic,timeline,3512641005,10000,100000,99099,89076,16.193603516,large,16384,32760,1,11,16385,19,1,19,6,0,3
7,baseline,timed,timeline,17,100000,100000,7380,105927,0.050292969,unavailable,0,0,0,0,0,0,0,0,5,0,1
7,baseline,timed,timeline,17,100000,100000,8568,106883,0.050537109,unavailable,0,0,0,0,0,0,0,0,5,0,1
7,baseline,timed,timeline,17,100000,100000,9584,107689,0.044921875,unavailable,0,0,0,0,0,0,0,0,6,0,1
7,baseline,timed,timeline,17,100000,100000,13783,111020,92.073730469,unavailable,0,0,0,0,0,0,0,0,4,0,1
7,baseline,timed,timeline,17,100000,100000,24275,119456,0.044189453,unavailable,0,0,0,0,0,0,0,0,3,0,1
7,baseline,timed,timeline,17,100000,100000,26961,121562,0.038330078,unavailable,0,0,0,0,0,0,0,0,4,0,1
7,baseline,timed,timeline,17,100000,100000,32229,125774,0.041015625,unavailable,0,0,0,0,0,0,0,0,5,0,1
7,baseline,timed,timeline,17,100000,100000,34869,127880,0.035888672,unavailable,0,0,0,0,0,0,0,0,5,0,1
7,baseline,timed,timeline,17,100000,100000,37409,129906,0.243164062,unavailable,0,0,0,0,0,0,0,0,6,0,1
7,baseline,timed,timeline,17,100000,100000,37517,129986,0.039794922,unavailable,0,0,0,0,0,0,0,0,4,0,1
7,baseline,timed,timeline,17,100000,100000,38915,131072,0.034179688,unavailable,0,0,0,0,0,0,0,0,6,0,1
7,baseline,timed,timeline,17,100000,100000,39851,131844,184.856689453,unavailable,0,0,0,0,0,0,0,0,4,0,1
7,baseline,timed,timeline,17,100000,100000,54747,143700,0.051025391,unavailable,0,0,0,0,0,0,0,0,4,0,1
7,baseline,timed,timeline,17,100000,100000,57407,145806,0.039306641,unavailable,0,0,0,0,0,0,0,0,5,0,1
7,baseline,timed,timeline,17,100000,100000,60051,147912,0.04296875,unavailable,0,0,0,0,0,0,0,0,5,0,1
7,baseline,timed,timeline,17,100000,100000,62715,150018,0.038574219,unavailable,0,0,0,0,0,0,0,0,6,0,1
7,baseline,timed,timeline,17,100000,100000,65345,152124,0.036132812,unavailable,0,0,0,0,0,0,0,0,6,0,1
7,baseline,timed,timeline,17,100000,100000,65621,152358,179.482910156,unavailable,0,0,0,0,0,0,0,0,3,0,1
7,baseline,timed,timeline,17,100000,100000,87479,169854,0.208007812,unavailable,0,0,0,0,0,0,0,0,6,0,1
7,baseline,timed,timeline,17,100000,100000,87716,170045,0.036621094,unavailable,0,0,0,0,0,0,0,0,6,0,1
7,baseline,timed,timeline,17,100000,100000,88713,170882,0.035644531,unavailable,0,0,0,0,0,0,0,0,6,0,1
7,baseline,timed,timeline,17,100000,100000,90316,172151,0.043212891,unavailable,0,0,0,0,0,0,0,0,6,0,1
7,baseline,timed,timeline,17,100000,100000,90338,172169,0.034912109,unavailable,0,0,0,0,0,0,0,0,6,0,1
7,baseline,timed,timeline,17,100000,100000,91176,172865,0.055908203,unavailable,0,0,0,0,0,0,0,0,6,0,1
7,baseline,timed,timeline,17,100000,100000,91178,172867,211.176513672,unavailable,0,0,0,0,0,0,0,0,4,0,1
7,baseline,diagnostic,timeline,17,100000,100000,4363,103466,0.046386719,direct,0,0,0,0,0,17,0,17,2,0,1
7,baseline,diagnostic,timeline,17,100000,100000,5087,104048,0.032958984,direct,0,0,0,0,0,18,1,18,5,0,1
7,baseline,diagnostic,timeline,17,100000,100000,6428,105149,0.0390625,direct,0,0,0,0,0,17,1,17,5,0,1
7,baseline,diagnostic,timeline,17,100000,100000,8550,106865,0.032714844,direct,0,0,0,0,0,17,0,17,5,0,1
7,baseline,diagnostic,timeline,17,100000,100000,13783,111020,113.309570312,full,111020,242084,1,14,242099,17,1,17,4,1,7
7,baseline,diagnostic,timeline,17,100000,100000,24277,119458,0.036621094,direct,0,0,0,0,0,18,1,18,3,0,1
7,baseline,diagnostic,timeline,17,100000,100000,26074,120863,0.038330078,direct,0,0,0,0,0,18,1,18,4,0,1
7,baseline,diagnostic,timeline,17,100000,100000,27857,122268,0.034179688,direct,0,0,0,0,0,18,1,18,4,0,1
7,baseline,diagnostic,timeline,17,100000,100000,29636,123673,0.033691406,direct,0,0,0,0,0,19,1,19,4,0,1
7,baseline,diagnostic,timeline,17,100000,100000,31363,125078,0.039306641,direct,0,0,0,0,0,17,0,17,4,0,1
7,baseline,diagnostic,timeline,17,100000,100000,33152,126483,0.036865234,direct,0,0,0,0,0,19,1,19,5,0,1
7,baseline,diagnostic,timeline,17,100000,100000,34879,127888,0.037353516,direct,0,0,0,0,0,18,1,18,5,0,1
7,baseline,diagnostic,timeline,17,100000,100000,36660,129293,0.033935547,direct,0,0,0,0,0,18,0,18,6,0,1
7,baseline,diagnostic,timeline,17,100000,100000,38437,130698,0.033935547,direct,0,0,0,0,0,18,1,18,6,0,1
7,baseline,diagnostic,timeline,17,100000,100000,39851,131844,221.796630859,full,131844,393980,1,15,393996,19,2,19,4,1,7
7,baseline,diagnostic,timeline,17,100000,100000,57638,145981,0.044921875,direct,0,0,0,0,0,19,1,19,5,0,1
7,baseline,diagnostic,timeline,17,100000,100000,59405,147386,0.040039062,direct,0,0,0,0,0,18,0,18,4,0,1
7,baseline,diagnostic,timeline,17,100000,100000,61149,148774,0.034667969,direct,0,0,0,0,0,19,1,19,6,0,1
7,baseline,diagnostic,timeline,17,100000,100000,61168,148791,0.036132812,direct,0,0,0,0,0,18,1,18,6,0,1
7,baseline,diagnostic,timeline,17,100000,100000,62927,150196,0.037597656,direct,0,0,0,0,0,17,0,17,6,0,1
7,baseline,diagnostic,timeline,17,100000,100000,63535,150694,0.032714844,direct,0,0,0,0,0,18,1,18,6,0,1
7,baseline,diagnostic,timeline,17,100000,100000,64698,151601,0.036132812,direct,0,0,0,0,0,18,0,18,6,0,1
7,baseline,diagnostic,timeline,17,100000,100000,65621,152358,228.288330078,full,152358,414494,1,15,414510,19,2,19,3,1,7
7,baseline,diagnostic,timeline,17,100000,100000,91176,172865,0.059082031,local,64,120,1,3,124,18,0,18,6,0,3
7,baseline,diagnostic,timeline,17,100000,100000,91178,172867,252.025634766,full,172867,435003,1,15,435019,18,0,18,4,1,7
7,slack,timed,timeline,17,100000,100000,24719,119814,2.237548828,unavailable,0,0,0,0,0,0,0,0,6,0,1
7,slack,timed,timeline,17,100000,100000,35127,128096,2.140380859,unavailable,0,0,0,0,0,0,0,0,6,0,1
7,slack,timed,timeline,17,100000,100000,37951,130322,4.625,unavailable,0,0,0,0,0,0,0,0,6,0,1
7,slack,timed,timeline,17,100000,100000,42072,133621,2.350097656,unavailable,0,0,0,0,0,0,0,0,6,0,1
7,slack,timed,timeline,17,100000,100000,44189,135312,2.169677734,unavailable,0,0,0,0,0,0,0,0,6,0,1
7,slack,timed,timeline,17,100000,100000,45945,136760,4.729980469,unavailable,0,0,0,0,0,0,0,0,6,0,1
7,slack,timed,timeline,17,100000,100000,50246,140161,5.922607422,unavailable,0,0,0,0,0,0,0,0,6,0,1
7,slack,timed,timeline,17,100000,100000,52185,141668,2.228759766,unavailable,0,0,0,0,0,0,0,0,6,0,1
7,slack,timed,timeline,17,100000,100000,52248,141721,4.483154297,unavailable,0,0,0,0,0,0,0,0,6,0,1
7,slack,timed,timeline,17,100000,100000,54569,143560,11.248535156,unavailable,0,0,0,0,0,0,0,0,6,0,1
7,slack,timed,timeline,17,100000,100000,57493,145872,2.203613281,unavailable,0,0,0,0,0,0,0,0,6,0,1
7,slack,timed,timeline,17,100000,100000,59175,147194,2.047607422,unavailable,0,0,0,0,0,0,0,0,6,0,1
7,slack,timed,timeline,17,100000,100000,60251,148066,6.110839844,unavailable,0,0,0,0,0,0,0,0,6,0,1
7,slack,timed,timeline,17,100000,100000,62101,149522,2.150146484,unavailable,0,0,0,0,0,0,0,0,6,0,1
7,slack,timed,timeline,17,100000,100000,63652,150779,4.543212891,unavailable,0,0,0,0,0,0,0,0,6,0,1
7,slack,timed,timeline,17,100000,100000,65686,152413,4.711669922,unavailable,0,0,0,0,0,0,0,0,6,0,1
7,slack,timed,timeline,17,100000,100000,65911,152592,10.770996094,unavailable,0,0,0,0,0,0,0,0,6,0,1
7,slack,timed,timeline,17,100000,100000,68194,154427,2.37890625,unavailable,0,0,0,0,0,0,0,0,6,0,1
7,slack,timed,timeline,17,100000,100000,69256,155295,2.103271484,unavailable,0,0,0,0,0,0,0,0,6,0,1
7,slack,timed,timeline,17,100000,100000,69304,155327,4.5625,unavailable,0,0,0,0,0,0,0,0,6,0,1
7,slack,timed,timeline,17,100000,100000,70336,156169,2.773925781,unavailable,0,0,0,0,0,0,0,0,6,0,1
7,slack,timed,timeline,17,100000,100000,71038,156725,4.771972656,unavailable,0,0,0,0,0,0,0,0,6,0,1
7,slack,timed,timeline,17,100000,100000,72556,157949,10.828857422,unavailable,0,0,0,0,0,0,0,0,6,0,1
7,slack,timed,timeline,17,100000,100000,76801,161326,11.33203125,unavailable,0,0,0,0,0,0,0,0,6,0,1
7,slack,timed,timeline,17,100000,100000,77141,161614,25.930664062,unavailable,0,0,0,0,0,0,0,0,5,0,1
7,slack,diagnostic,timeline,17,100000,100000,24719,119814,7.346679688,large,8192,16376,1,10,8193,17,0,17,6,0,3
7,slack,diagnostic,timeline,17,100000,100000,32051,125626,7.479492188,large,8192,16376,1,10,8193,17,0,17,6,0,3
7,slack,diagnostic,timeline,17,100000,100000,35127,128096,7.288818359,large,8192,16376,1,10,8193,19,1,19,6,0,3
7,slack,diagnostic,timeline,17,100000,100000,37951,130322,16.070068359,large,16384,32760,1,11,16385,18,0,18,6,0,3
7,slack,diagnostic,timeline,17,100000,100000,42072,133621,7.552978516,large,8192,16376,1,10,8193,19,1,19,6,0,3
7,slack,diagnostic,timeline,17,100000,100000,44189,135312,7.41796875,large,8192,16376,1,10,8193,19,1,19,6,0,3
7,slack,diagnostic,timeline,17,100000,100000,45945,136760,16.211914062,large,16384,32760,1,11,16385,19,2,19,6,0,3
7,slack,diagnostic,timeline,17,100000,100000,50246,140161,17.459960938,large,16384,32760,1,11,16385,18,0,18,6,0,3
7,slack,diagnostic,timeline,17,100000,100000,52185,141668,7.432861328,large,8192,16376,1,10,8193,19,2,19,6,0,3
7,slack,diagnostic,timeline,17,100000,100000,52248,141721,15.540771484,large,16384,32760,1,11,16385,17,0,17,6,0,3
7,slack,diagnostic,timeline,17,100000,100000,54569,143560,37.499267578,large,32768,65528,1,12,32769,18,0,18,6,0,3
7,slack,diagnostic,timeline,17,100000,100000,57493,145872,7.372314453,large,8192,16376,1,10,8193,19,2,19,6,0,3
7,slack,diagnostic,timeline,17,100000,100000,60251,148066,17.138427734,large,16384,32760,1,11,16385,18,0,18,6,0,3
7,slack,diagnostic,timeline,17,100000,100000,62101,149522,7.407958984,large,8192,16376,1,10,8193,18,0,18,6,0,3
7,slack,diagnostic,timeline,17,100000,100000,63652,150779,15.729003906,large,16384,32760,1,11,16385,19,1,19,6,0,3
7,slack,diagnostic,timeline,17,100000,100000,65686,152413,15.00390625,large,16384,32760,1,11,16385,19,2,19,6,0,3
7,slack,diagnostic,timeline,17,100000,100000,65911,152592,37.993896484,large,32768,65528,1,12,32769,18,0,18,6,0,3
7,slack,diagnostic,timeline,17,100000,100000,68194,154427,14.652099609,large,8192,16376,1,10,8193,19,2,19,6,0,3
7,slack,diagnostic,timeline,17,100000,100000,69256,155295,7.616455078,large,8192,16376,1,10,8193,18,0,18,6,0,3
7,slack,diagnostic,timeline,17,100000,100000,69304,155327,16.441894531,large,16384,32760,1,11,16385,18,0,18,6,0,3
7,slack,diagnostic,timeline,17,100000,100000,70336,156169,7.693847656,large,8192,16376,1,10,8193,19,1,19,6,0,3
7,slack,diagnostic,timeline,17,100000,100000,71038,156725,14.994140625,large,16384,32760,1,11,16385,18,0,18,6,0,3
7,slack,diagnostic,timeline,17,100000,100000,72556,157949,31.807128906,large,32768,65528,1,12,32769,19,2,19,6,0,3
7,slack,diagnostic,timeline,17,100000,100000,76801,161326,30.624267578,large,32768,65528,1,12,32769,19,2,19,6,0,3
7,slack,diagnostic,timeline,17,100000,100000,77141,161614,65.244384766,large,65536,131064,1,13,65537,19,1,19,5,0,3
8,baseline,timed,priority,17,10000,100000,11290,11087,0.200927734,unavailable,0,0,0,0,0,0,0,0,1,0,1
8,baseline,timed,priority,17,10000,100000,22237,12286,0.209716797,unavailable,0,0,0,0,0,0,0,0,1,0,1
8,baseline,timed,priority,17,10000,100000,36307,13923,0.25390625,unavailable,0,0,0,0,0,0,0,0,1,0,1
8,baseline,timed,priority,17,10000,100000,54515,15967,8.713623047,unavailable,0,0,0,0,0,0,0,0,3,0,1
8,baseline,timed,priority,17,10000,100000,70041,17581,0.192138672,unavailable,0,0,0,0,0,0,0,0,1,0,1
8,baseline,timed,priority,17,10000,100000,75698,18147,0.385498047,unavailable,0,0,0,0,0,0,0,0,1,0,1
8,baseline,timed,priority,17,10000,100000,76593,18236,0.184082031,unavailable,0,0,0,0,0,0,0,0,1,0,1
8,baseline,timed,priority,17,10000,100000,80142,18617,0.234619141,unavailable,0,0,0,0,0,0,0,0,1,0,1
8,baseline,timed,priority,17,10000,100000,81560,18791,0.203857422,unavailable,0,0,0,0,0,0,0,0,1,0,1
8,baseline,timed,priority,17,10000,100000,82446,18865,0.215576172,unavailable,0,0,0,0,0,0,0,0,1,0,1
8,baseline,timed,priority,17,10000,100000,83276,18972,0.186767578,unavailable,0,0,0,0,0,0,0,0,1,0,1
8,baseline,timed,priority,17,10000,100000,83583,18994,0.196777344,unavailable,0,0,0,0,0,0,0,0,1,0,1
8,baseline,timed,priority,17,10000,100000,83709,19009,0.181396484,unavailable,0,0,0,0,0,0,0,0,1,0,1
8,baseline,timed,priority,17,10000,100000,84649,19069,0.204101562,unavailable,0,0,0,0,0,0,0,0,1,0,1
8,baseline,timed,priority,17,10000,100000,85681,19195,0.205322266,unavailable,0,0,0,0,0,0,0,0,1,0,1
8,baseline,timed,priority,17,10000,100000,86980,19298,0.239990234,unavailable,0,0,0,0,0,0,0,0,2,0,1
8,baseline,timed,priority,17,10000,100000,87070,19298,0.193603516,unavailable,0,0,0,0,0,0,0,0,1,0,1
8,baseline,timed,priority,17,10000,100000,88929,19432,0.410644531,unavailable,0,0,0,0,0,0,0,0,1,0,1
8,baseline,timed,priority,17,10000,100000,89260,19454,0.198730469,unavailable,0,0,0,0,0,0,0,0,1,0,1
8,baseline,timed,priority,17,10000,100000,90200,19493,0.195800781,unavailable,0,0,0,0,0,0,0,0,1,0,1
8,baseline,timed,priority,17,10000,100000,90306,19500,0.194580078,unavailable,0,0,0,0,0,0,0,0,1,0,1
8,baseline,timed,priority,17,10000,100000,91035,19613,0.201660156,unavailable,0,0,0,0,0,0,0,0,1,0,1
8,baseline,timed,priority,17,10000,100000,91792,19689,0.196044922,unavailable,0,0,0,0,0,0,0,0,1,0,1
8,baseline,timed,priority,17,10000,100000,94485,19915,0.208496094,unavailable,0,0,0,0,0,0,0,0,1,0,1
8,baseline,timed,priority,17,10000,100000,95671,20071,0.202880859,unavailable,0,0,0,0,0,0,0,0,1,0,1
8,baseline,diagnostic,priority,17,10000,100000,11290,11087,0.21875,large,512,1016,1,6,1023,14,1,14,1,0,3
8,baseline,diagnostic,priority,17,10000,100000,22237,12286,0.237548828,large,512,1016,1,6,1023,14,1,14,1,0,3
8,baseline,diagnostic,priority,17,10000,100000,36307,13923,0.296142578,large,512,1016,1,6,1023,13,1,13,1,0,3
8,baseline,diagnostic,priority,17,10000,100000,54515,15967,9.739257812,full,15967,32343,1,11,32355,13,1,13,3,1,7
8,baseline,diagnostic,priority,17,10000,100000,70041,17581,0.204589844,large,512,1016,1,6,1023,14,1,14,1,0,3
8,baseline,diagnostic,priority,17,10000,100000,75698,18147,0.396240234,large,1024,2040,1,7,2048,16,1,16,1,0,3
8,baseline,diagnostic,priority,17,10000,100000,76593,18236,0.201171875,large,512,1016,1,6,1023,14,1,14,1,0,3
8,baseline,diagnostic,priority,17,10000,100000,80142,18617,0.213867188,large,512,1016,1,6,1023,15,1,15,1,0,3
8,baseline,diagnostic,priority,17,10000,100000,81560,18791,0.211425781,large,512,1016,1,6,1023,16,1,16,1,0,3
8,baseline,diagnostic,priority,17,10000,100000,82446,18865,0.219238281,large,512,1016,1,6,1023,15,1,15,1,0,3
8,baseline,diagnostic,priority,17,10000,100000,83276,18972,0.205810547,large,512,1016,1,6,1023,14,1,14,1,0,3
8,baseline,diagnostic,priority,17,10000,100000,83583,18994,0.217285156,large,512,1016,1,6,1023,15,1,15,1,0,3
8,baseline,diagnostic,priority,17,10000,100000,83709,19009,0.201660156,large,512,1016,1,6,1023,15,1,15,1,0,3
8,baseline,diagnostic,priority,17,10000,100000,84649,19069,0.211425781,large,512,1016,1,6,1023,14,1,14,1,0,3
8,baseline,diagnostic,priority,17,10000,100000,85681,19195,0.223144531,large,512,1016,1,6,1023,14,1,14,1,0,3
8,baseline,diagnostic,priority,17,10000,100000,86980,19298,0.265380859,large,512,1016,1,6,1023,14,1,14,2,0,3
8,baseline,diagnostic,priority,17,10000,100000,87070,19298,0.206787109,large,512,1016,1,6,1023,15,1,15,1,0,3
8,baseline,diagnostic,priority,17,10000,100000,88929,19432,0.418212891,large,1024,2040,1,7,2048,15,1,15,1,0,3
8,baseline,diagnostic,priority,17,10000,100000,89260,19454,0.215820312,large,512,1016,1,6,1023,15,1,15,1,0,3
8,baseline,diagnostic,priority,17,10000,100000,90200,19493,0.212158203,large,512,1016,1,6,1023,15,1,15,1,0,3
8,baseline,diagnostic,priority,17,10000,100000,90306,19500,0.2109375,large,512,1016,1,6,1023,16,1,16,1,0,3
8,baseline,diagnostic,priority,17,10000,100000,91035,19613,0.218505859,large,512,1016,1,6,1023,15,1,15,1,0,3
8,baseline,diagnostic,priority,17,10000,100000,91792,19689,0.217285156,large,512,1016,1,6,1023,15,1,15,1,0,3
8,baseline,diagnostic,priority,17,10000,100000,94485,19915,0.227050781,large,512,1016,1,6,1023,16,1,16,1,0,3
8,baseline,diagnostic,priority,17,10000,100000,95671,20071,0.218505859,large,512,1016,1,6,1023,16,1,16,1,0,3
8,slack,timed,priority,17,10000,100000,3989,10367,0.019775391,unavailable,0,0,0,0,0,0,0,0,3,0,1
8,slack,timed,priority,17,10000,100000,6882,10677,0.033203125,unavailable,0,0,0,0,0,0,0,0,2,0,1
8,slack,timed,priority,17,10000,100000,8936,10901,0.007080078,unavailable,0,0,0,0,0,0,0,0,4,0,1
8,slack,timed,priority,17,10000,100000,12457,11207,0.007324219,unavailable,0,0,0,0,0,0,0,0,4,0,1
8,slack,timed,priority,17,10000,100000,14995,11502,0.008544922,unavailable,0,0,0,0,0,0,0,0,3,0,1
8,slack,timed,priority,17,10000,100000,23704,12485,0.008300781,unavailable,0,0,0,0,0,0,0,0,4,0,1
8,slack,timed,priority,17,10000,100000,26202,12783,0.025634766,unavailable,0,0,0,0,0,0,0,0,3,0,1
8,slack,timed,priority,17,10000,100000,27651,12945,0.014160156,unavailable,0,0,0,0,0,0,0,0,5,0,1
8,slack,timed,priority,17,10000,100000,32002,13392,0.008300781,unavailable,0,0,0,0,0,0,0,0,4,0,1
8,slack,timed,priority,17,10000,100000,41662,14488,0.007324219,unavailable,0,0,0,0,0,0,0,0,4,0,1
8,slack,timed,priority,17,10000,100000,42382,14582,0.008056641,unavailable,0,0,0,0,0,0,0,0,3,0,1
8,slack,timed,priority,17,10000,100000,44855,14889,0.024902344,unavailable,0,0,0,0,0,0,0,0,4,0,1
8,slack,timed,priority,17,10000,100000,49469,15457,0.008300781,unavailable,0,0,0,0,0,0,0,0,5,0,1
8,slack,timed,priority,17,10000,100000,49777,15475,0.018310547,unavailable,0,0,0,0,0,0,0,0,3,0,1
8,slack,timed,priority,17,10000,100000,51399,15687,0.007080078,unavailable,0,0,0,0,0,0,0,0,4,0,1
8,slack,timed,priority,17,10000,100000,55341,16057,0.008056641,unavailable,0,0,0,0,0,0,0,0,5,0,1
8,slack,timed,priority,17,10000,100000,64052,16995,0.020507812,unavailable,0,0,0,0,0,0,0,0,5,0,1
8,slack,timed,priority,17,10000,100000,65384,17132,0.014892578,unavailable,0,0,0,0,0,0,0,0,1,0,1
8,slack,timed,priority,17,10000,100000,69397,17470,0.007324219,unavailable,0,0,0,0,0,0,0,0,4,0,1
8,slack,timed,priority,17,10000,100000,69782,17544,0.018798828,unavailable,0,0,0,0,0,0,0,0,3,0,1
8,slack,timed,priority,17,10000,100000,76031,18187,0.008300781,unavailable,0,0,0,0,0,0,0,0,5,0,1
8,slack,timed,priority,17,10000,100000,76543,18236,0.013916016,unavailable,0,0,0,0,0,0,0,0,5,0,1
8,slack,timed,priority,17,10000,100000,78591,18422,0.013427734,unavailable,0,0,0,0,0,0,0,0,6,0,1
8,slack,timed,priority,17,10000,100000,79842,18572,0.008300781,unavailable,0,0,0,0,0,0,0,0,4,0,1
8,slack,timed,priority,17,10000,100000,98020,20364,0.010498047,unavailable,0,0,0,0,0,0,0,0,3,0,1
8,slack,diagnostic,priority,17,10000,100000,5411,10521,0.023193359,local,8,8,1,0,9,15,1,15,3,0,3
8,slack,diagnostic,priority,17,10000,100000,6615,10633,0.025146484,direct,0,0,0,0,0,15,1,15,3,0,1
8,slack,diagnostic,priority,17,10000,100000,12270,11191,0.010253906,local,8,8,1,0,9,14,1,14,5,0,2
8,slack,diagnostic,priority,17,10000,100000,17415,11783,0.034667969,local,8,8,1,0,9,14,1,14,2,0,3
8,slack,diagnostic,priority,17,10000,100000,19824,12038,0.032470703,direct,0,0,0,0,0,14,1,14,3,0,1
8,slack,diagnostic,priority,17,10000,100000,24290,12572,0.010986328,local,8,8,1,0,9,15,1,15,4,0,3
8,slack,diagnostic,priority,17,10000,100000,27334,12924,0.020019531,local,8,8,1,0,9,15,1,15,4,0,3
8,slack,diagnostic,priority,17,10000,100000,30779,13259,0.010742188,local,8,8,1,0,9,15,1,15,5,0,2
8,slack,diagnostic,priority,17,10000,100000,32653,13478,0.016845703,direct,0,0,0,0,0,15,1,15,5,0,1
8,slack,diagnostic,priority,17,10000,100000,34267,13695,0.015136719,direct,0,0,0,0,0,14,1,14,5,0,1
8,slack,diagnostic,priority,17,10000,100000,37977,14068,0.032958984,direct,0,0,0,0,0,15,1,15,3,0,1
8,slack,diagnostic,priority,17,10000,100000,44482,14848,0.013916016,local,8,8,1,0,9,15,1,15,3,0,3
8,slack,diagnostic,priority,17,10000,100000,46313,15092,0.013427734,direct,0,0,0,0,0,15,1,15,4,0,1
8,slack,diagnostic,priority,17,10000,100000,47412,15227,0.010986328,local,8,8,1,0,9,15,1,15,5,0,3
8,slack,diagnostic,priority,17,10000,100000,47744,15272,0.040039062,local,8,8,1,0,9,14,1,14,3,0,3
8,slack,diagnostic,priority,17,10000,100000,48551,15342,0.010253906,local,8,8,1,0,9,15,1,15,5,0,2
8,slack,diagnostic,priority,17,10000,100000,50218,15528,0.010253906,local,8,8,1,0,9,15,1,15,5,0,2
8,slack,diagnostic,priority,17,10000,100000,54858,15998,0.010253906,local,8,8,1,0,9,15,1,15,5,0,2
8,slack,diagnostic,priority,17,10000,100000,55239,16042,0.010253906,local,8,8,1,0,9,15,1,15,5,0,2
8,slack,diagnostic,priority,17,10000,100000,56880,16228,0.010498047,local,8,8,1,0,9,14,1,14,5,0,2
8,slack,diagnostic,priority,17,10000,100000,57002,16253,0.01953125,direct,0,0,0,0,0,14,1,14,2,0,1
8,slack,diagnostic,priority,17,10000,100000,71408,17658,0.015869141,direct,0,0,0,0,0,15,1,15,3,0,1
8,slack,diagnostic,priority,17,10000,100000,71449,17667,0.010253906,local,8,8,1,0,9,14,1,14,5,0,2
8,slack,diagnostic,priority,17,10000,100000,71796,17697,0.032226562,direct,0,0,0,0,0,15,1,15,4,0,1
8,slack,diagnostic,priority,17,10000,100000,73501,17893,0.010253906,local,8,8,1,0,9,15,1,15,5,0,2
8,slack,diagnostic,priority,17,10000,100000,80106,18608,0.010498047,local,8,8,1,0,9,15,1,15,5,0,2
8,slack,diagnostic,priority,17,10000,100000,80377,18657,0.010742188,local,8,8,1,0,9,15,1,15,5,0,3
8,slack,diagnostic,priority,17,10000,100000,80424,18669,0.010498047,local,8,8,1,0,9,15,1,15,5,0,2
8,slack,diagnostic,priority,17,10000,100000,80899,18723,0.010253906,local,8,8,1,0,9,16,1,16,5,0,2
8,slack,diagnostic,priority,17,10000,100000,82619,18894,0.010742188,local,8,8,1,0,9,16,1,16,5,0,3
8,slack,diagnostic,priority,17,10000,100000,84241,19062,0.029785156,direct,0,0,0,0,0,14,1,14,4,0,1
8,slack,diagnostic,priority,17,10000,100000,88546,19412,0.017822266,direct,0,0,0,0,0,15,1,15,3,0,1
8,slack,diagnostic,priority,17,10000,100000,90539,19521,0.012695312,direct,0,0,0,0,0,15,1,15,2,0,1
8,slack,diagnostic,priority,17,10000,100000,91651,19686,0.010253906,local,8,8,1,0,9,15,1,15,4,0,2
8,slack,diagnostic,priority,17,10000,100000,96239,20154,0.011230469,local,8,8,1,0,9,15,1,15,3,0,3
8,slack,diagnostic,priority,17,10000,100000,97040,20231,0.013183594,local,8,8,1,0,9,15,1,15,5,0,3
8,slack,diagnostic,priority,17,10000,100000,97884,20344,0.010742188,local,8,8,1,0,9,15,1,15,5,0,3
8,slack,diagnostic,priority,17,10000,100000,98924,20467,0.029052734,direct,0,0,0,0,0,14,1,14,1,0,1
9,baseline,timed,priority,305419896,10000,100000,1572,10172,6.824707031,unavailable,0,0,0,0,0,0,0,0,3,0,1
9,baseline,timed,priority,305419896,10000,100000,9616,11087,0.113525391,unavailable,0,0,0,0,0,0,0,0,1,0,1
9,baseline,timed,priority,305419896,10000,100000,11609,11215,0.202880859,unavailable,0,0,0,0,0,0,0,0,1,0,1
9,baseline,timed,priority,305419896,10000,100000,14171,11500,0.215820312,unavailable,0,0,0,0,0,0,0,0,1,0,1
9,baseline,timed,priority,305419896,10000,100000,16335,11722,0.214355469,unavailable,0,0,0,0,0,0,0,0,1,0,1
9,baseline,timed,priority,305419896,10000,100000,16441,11736,0.195068359,unavailable,0,0,0,0,0,0,0,0,1,0,1
9,baseline,timed,priority,305419896,10000,100000,17881,11884,0.20703125,unavailable,0,0,0,0,0,0,0,0,1,0,1
9,baseline,timed,priority,305419896,10000,100000,19289,12027,0.203125,unavailable,0,0,0,0,0,0,0,0,1,0,1
9,baseline,timed,priority,305419896,10000,100000,19324,12030,0.109375,unavailable,0,0,0,0,0,0,0,0,1,0,1
9,baseline,timed,priority,305419896,10000,100000,20840,12186,0.127929688,unavailable,0,0,0,0,0,0,0,0,1,0,1
9,baseline,timed,priority,305419896,10000,100000,22370,12376,0.1953125,unavailable,0,0,0,0,0,0,0,0,1,0,1
9,baseline,timed,priority,305419896,10000,100000,22868,12439,0.108398438,unavailable,0,0,0,0,0,0,0,0,1,0,1
9,baseline,timed,priority,305419896,10000,100000,22974,12462,0.245117188,unavailable,0,0,0,0,0,0,0,0,2,0,1
9,baseline,timed,priority,305419896,10000,100000,23778,12568,0.117919922,unavailable,0,0,0,0,0,0,0,0,1,0,1
9,baseline,timed,priority,305419896,10000,100000,26121,12875,0.197265625,unavailable,0,0,0,0,0,0,0,0,1,0,1
9,baseline,timed,priority,305419896,10000,100000,27764,13008,0.200439453,unavailable,0,0,0,0,0,0,0,0,1,0,1
9,baseline,timed,priority,305419896,10000,100000,33910,13524,0.114990234,unavailable,0,0,0,0,0,0,0,0,1,0,1
9,baseline,timed,priority,305419896,10000,100000,33974,13532,0.120117188,unavailable,0,0,0,0,0,0,0,0,1,0,1
9,baseline,timed,priority,305419896,10000,100000,35133,13611,0.128173828,unavailable,0,0,0,0,0,0,0,0,1,0,1
9,baseline,timed,priority,305419896,10000,100000,41686,14287,0.414306641,unavailable,0,0,0,0,0,0,0,0,1,0,1
9,baseline,timed,priority,305419896,10000,100000,43015,14444,0.196777344,unavailable,0,0,0,0,0,0,0,0,1,0,1
9,baseline,timed,priority,305419896,10000,100000,43861,14564,0.110839844,unavailable,0,0,0,0,0,0,0,0,1,0,1
9,baseline,timed,priority,305419896,10000,100000,69949,17022,0.219238281,unavailable,0,0,0,0,0,0,0,0,1,0,1
9,baseline,timed,priority,305419896,10000,100000,85910,18487,0.131103516,unavailable,0,0,0,0,0,0,0,0,1,0,1
9,baseline,timed,priority,305419896,10000,100000,96004,19589,16.092529297,unavailable,0,0,0,0,0,0,0,0,3,0,1
9,baseline,diagnostic,priority,305419896,10000,100000,1572,10172,7.92578125,full,10172,26548,1,11,26560,14,1,14,3,1,7
9,baseline,diagnostic,priority,305419896,10000,100000,9616,11087,0.127929688,large,256,504,1,5,510,15,1,15,1,0,3
9,baseline,diagnostic,priority,305419896,10000,100000,11609,11215,0.222900391,large,512,1016,1,6,1023,15,1,15,1,0,3
9,baseline,diagnostic,priority,305419896,10000,100000,14171,11500,0.221191406,large,512,1016,1,6,1023,14,1,14,1,0,3
9,baseline,diagnostic,priority,305419896,10000,100000,16335,11722,0.237060547,large,512,1016,1,6,1023,13,1,13,1,0,3
9,baseline,diagnostic,priority,305419896,10000,100000,16441,11736,0.217285156,large,512,1016,1,6,1023,15,1,15,1,0,3
9,baseline,diagnostic,priority,305419896,10000,100000,17881,11884,0.2109375,large,512,1016,1,6,1023,14,1,14,1,0,3
9,baseline,diagnostic,priority,305419896,10000,100000,19289,12027,0.225830078,large,512,1016,1,6,1023,13,1,13,1,0,3
9,baseline,diagnostic,priority,305419896,10000,100000,20840,12186,0.142333984,large,256,504,1,5,510,14,1,14,1,0,3
9,baseline,diagnostic,priority,305419896,10000,100000,21209,12248,0.119140625,large,256,504,1,5,510,14,1,14,1,0,3
9,baseline,diagnostic,priority,305419896,10000,100000,21644,12286,0.126220703,large,256,504,1,5,510,14,1,14,1,0,3
9,baseline,diagnostic,priority,305419896,10000,100000,22275,12378,0.145751953,large,256,504,1,5,510,14,1,14,1,0,3
9,baseline,diagnostic,priority,305419896,10000,100000,22370,12376,0.215087891,large,512,1016,1,6,1023,14,1,14,1,0,3
9,baseline,diagnostic,priority,305419896,10000,100000,22868,12439,0.119873047,large,256,504,1,5,510,14,1,14,1,0,3
9,baseline,diagnostic,priority,305419896,10000,100000,22974,12462,0.270263672,large,512,1016,1,6,1023,14,1,14,2,0,3
9,baseline,diagnostic,priority,305419896,10000,100000,23778,12568,0.134521484,large,256,504,1,5,510,14,1,14,1,0,3
9,baseline,diagnostic,priority,305419896,10000,100000,26121,12875,0.218505859,large,512,1016,1,6,1023,14,1,14,1,0,3
9,baseline,diagnostic,priority,305419896,10000,100000,27764,13008,0.219970703,large,512,1016,1,6,1023,14,1,14,1,0,3
9,baseline,diagnostic,priority,305419896,10000,100000,33974,13532,0.133544922,large,256,504,1,5,510,15,1,15,1,0,3
9,baseline,diagnostic,priority,305419896,10000,100000,35133,13611,0.140625,large,256,504,1,5,510,15,1,15,1,0,3
9,baseline,diagnostic,priority,305419896,10000,100000,41686,14287,0.476318359,large,1024,2040,1,7,2048,15,1,15,1,0,3
9,baseline,diagnostic,priority,305419896,10000,100000,43015,14444,0.211914062,large,512,1016,1,6,1023,15,1,15,1,0,3
9,baseline,diagnostic,priority,305419896,10000,100000,69949,17022,0.268554688,large,512,1016,1,6,1023,14,1,14,1,0,3
9,baseline,diagnostic,priority,305419896,10000,100000,85910,18487,0.143310547,large,256,504,1,5,510,15,1,15,1,0,3
9,baseline,diagnostic,priority,305419896,10000,100000,96004,19589,19.125244141,full,19589,52349,1,12,52362,15,1,15,3,1,7
9,slack,timed,priority,305419896,10000,100000,2208,10266,0.019287109,unavailable,0,0,0,0,0,0,0,0,1,0,1
9,slack,timed,priority,305419896,10000,100000,4643,10551,0.025878906,unavailable,0,0,0,0,0,0,0,0,2,0,1
9,slack,timed,priority,305419896,10000,100000,7200,10819,0.023681641,unavailable,0,0,0,0,0,0,0,0,2,0,1
9,slack,timed,priority,305419896,10000,100000,8928,11050,0.015380859,unavailable,0,0,0,0,0,0,0,0,2,0,1
9,slack,timed,priority,305419896,10000,100000,15063,11589,0.018310547,unavailable,0,0,0,0,0,0,0,0,3,0,1
9,slack,timed,priority,305419896,10000,100000,20359,12144,0.019287109,unavailable,0,0,0,0,0,0,0,0,2,0,1
9,slack,timed,priority,305419896,10000,100000,23996,12606,0.026367188,unavailable,0,0,0,0,0,0,0,0,2,0,1
9,slack,timed,priority,305419896,10000,100000,26450,12907,0.016113281,unavailable,0,0,0,0,0,0,0,0,2,0,1
9,slack,timed,priority,305419896,10000,100000,28363,13064,0.020019531,unavailable,0,0,0,0,0,0,0,0,3,0,1
9,slack,timed,priority,305419896,10000,100000,32327,13405,0.017578125,unavailable,0,0,0,0,0,0,0,0,3,0,1
9,slack,timed,priority,305419896,10000,100000,37756,13931,0.014160156,unavailable,0,0,0,0,0,0,0,0,2,0,1
9,slack,timed,priority,305419896,10000,100000,40927,14239,0.015625,unavailable,0,0,0,0,0,0,0,0,2,0,1
9,slack,timed,priority,305419896,10000,100000,42623,14412,0.014892578,unavailable,0,0,0,0,0,0,0,0,6,0,1
9,slack,timed,priority,305419896,10000,100000,42921,14430,0.133056641,unavailable,0,0,0,0,0,0,0,0,2,0,1
9,slack,timed,priority,305419896,10000,100000,44571,14656,0.021972656,unavailable,0,0,0,0,0,0,0,0,2,0,1
9,slack,timed,priority,305419896,10000,100000,45302,14712,0.025878906,unavailable,0,0,0,0,0,0,0,0,3,0,1
9,slack,timed,priority,305419896,10000,100000,53906,15542,0.013183594,unavailable,0,0,0,0,0,0,0,0,2,0,1
9,slack,timed,priority,305419896,10000,100000,55619,15692,0.017089844,unavailable,0,0,0,0,0,0,0,0,2,0,1
9,slack,timed,priority,305419896,10000,100000,67820,16818,0.020751953,unavailable,0,0,0,0,0,0,0,0,2,0,1
9,slack,timed,priority,305419896,10000,100000,69718,16986,0.015380859,unavailable,0,0,0,0,0,0,0,0,3,0,1
9,slack,timed,priority,305419896,10000,100000,70880,17068,0.023193359,unavailable,0,0,0,0,0,0,0,0,3,0,1
9,slack,timed,priority,305419896,10000,100000,78229,17745,0.018066406,unavailable,0,0,0,0,0,0,0,0,3,0,1
9,slack,timed,priority,305419896,10000,100000,81514,18083,0.019775391,unavailable,0,0,0,0,0,0,0,0,5,0,1
9,slack,timed,priority,305419896,10000,100000,89560,18924,0.018066406,unavailable,0,0,0,0,0,0,0,0,2,0,1
9,slack,timed,priority,305419896,10000,100000,92718,19249,0.016357422,unavailable,0,0,0,0,0,0,0,0,1,0,1
9,slack,diagnostic,priority,305419896,10000,100000,1,10000,0.009521484,local,8,8,1,0,9,14,1,14,3,0,2
9,slack,diagnostic,priority,305419896,10000,100000,3257,10383,0.008789062,local,8,8,1,0,9,14,1,14,3,0,2
9,slack,diagnostic,priority,305419896,10000,100000,5596,10634,0.016357422,direct,0,0,0,0,0,14,1,14,2,0,1
9,slack,diagnostic,priority,305419896,10000,100000,5903,10661,0.022216797,direct,0,0,0,0,0,15,1,15,2,0,1
9,slack,diagnostic,priority,305419896,10000,100000,6395,10708,0.015869141,direct,0,0,0,0,0,14,1,14,3,0,1
9,slack,diagnostic,priority,305419896,10000,100000,6741,10752,0.037841797,local,8,8,1,0,9,14,1,14,3,0,3
9,slack,diagnostic,priority,305419896,10000,100000,18258,11916,0.014892578,direct,0,0,0,0,0,15,1,15,1,0,1
9,slack,diagnostic,priority,305419896,10000,100000,19366,12039,0.02734375,direct,0,0,0,0,0,14,1,14,2,0,1
9,slack,diagnostic,priority,305419896,10000,100000,21401,12261,0.008789062,local,8,8,1,0,9,14,1,14,4,0,2
9,slack,diagnostic,priority,305419896,10000,100000,22343,12382,0.021972656,local,8,8,1,0,9,14,1,14,2,0,3
9,slack,diagnostic,priority,305419896,10000,100000,25299,12785,0.008544922,local,8,8,1,0,9,14,1,14,4,0,2
9,slack,diagnostic,priority,305419896,10000,100000,28301,13055,0.015625,direct,0,0,0,0,0,14,1,14,2,0,1
9,slack,diagnostic,priority,305419896,10000,100000,29650,13158,0.008789062,local,8,8,1,0,9,15,1,15,3,0,2
9,slack,diagnostic,priority,305419896,10000,100000,30490,13248,0.020507812,direct,0,0,0,0,0,15,1,15,3,0,1
9,slack,diagnostic,priority,305419896,10000,100000,31822,13360,0.015869141,direct,0,0,0,0,0,13,1,13,4,0,1
9,slack,diagnostic,priority,305419896,10000,100000,32086,13398,0.150390625,direct,0,0,0,0,0,15,1,15,5,0,1
9,slack,diagnostic,priority,305419896,10000,100000,32860,13457,0.021240234,direct,0,0,0,0,0,13,1,13,3,0,1
9,slack,diagnostic,priority,305419896,10000,100000,33061,13473,0.008544922,local,8,8,1,0,9,14,1,14,4,0,2
9,slack,diagnostic,priority,305419896,10000,100000,36389,13754,0.033203125,direct,0,0,0,0,0,14,1,14,1,0,1
9,slack,diagnostic,priority,305419896,10000,100000,41022,14249,0.010742188,local,8,8,1,0,9,15,1,15,4,0,2
9,slack,diagnostic,priority,305419896,10000,100000,42488,14405,0.014404297,local,8,8,1,0,9,15,1,15,2,0,3
9,slack,diagnostic,priority,305419896,10000,100000,44143,14610,0.008789062,local,8,8,1,0,9,16,1,16,3,0,2
9,slack,diagnostic,priority,305419896,10000,100000,44315,14618,0.008789062,local,8,8,1,0,9,14,1,14,3,0,2
9,slack,diagnostic,priority,305419896,10000,100000,46565,14848,0.033935547,direct,0,0,0,0,0,15,1,15,3,0,1
9,slack,diagnostic,priority,305419896,10000,100000,50516,15197,0.008789062,local,8,8,1,0,9,14,1,14,4,0,2
9,slack,diagnostic,priority,305419896,10000,100000,54393,15541,0.017333984,direct,0,0,0,0,0,15,1,15,3,0,1
9,slack,diagnostic,priority,305419896,10000,100000,54554,15571,0.009765625,local,8,8,1,0,9,15,1,15,4,0,2
9,slack,diagnostic,priority,305419896,10000,100000,55334,15654,0.008544922,local,8,8,1,0,9,14,1,14,4,0,2
9,slack,diagnostic,priority,305419896,10000,100000,58625,15981,0.016113281,direct,0,0,0,0,0,15,1,15,4,0,1
9,slack,diagnostic,priority,305419896,10000,100000,65257,16560,0.028076172,direct,0,0,0,0,0,14,1,14,2,0,1
9,slack,diagnostic,priority,305419896,10000,100000,67652,16803,0.040039062,local,8,8,1,0,9,15,1,15,3,0,3
9,slack,diagnostic,priority,305419896,10000,100000,74299,17434,0.009765625,local,8,8,1,0,9,15,1,15,3,0,2
9,slack,diagnostic,priority,305419896,10000,100000,75250,17530,0.017578125,direct,0,0,0,0,0,15,1,15,3,0,1
9,slack,diagnostic,priority,305419896,10000,100000,75261,17530,0.008544922,local,8,8,1,0,9,14,1,14,4,0,2
9,slack,diagnostic,priority,305419896,10000,100000,75515,17566,0.008544922,local,8,8,1,0,9,14,1,14,4,0,2
9,slack,diagnostic,priority,305419896,10000,100000,78057,17734,0.008544922,local,8,8,1,0,9,15,1,15,4,0,2
9,slack,diagnostic,priority,305419896,10000,100000,79418,17860,0.008544922,local,8,8,1,0,9,15,1,15,4,0,2
9,slack,diagnostic,priority,305419896,10000,100000,80529,18000,0.008789062,local,8,8,1,0,9,15,1,15,4,0,2
9,slack,diagnostic,priority,305419896,10000,100000,80702,18012,0.009033203,local,8,8,1,0,9,15,1,15,2,0,2
9,slack,diagnostic,priority,305419896,10000,100000,85891,18482,0.018554688,direct,0,0,0,0,0,16,1,16,6,0,1
9,slack,diagnostic,priority,305419896,10000,100000,89788,18945,0.016601562,direct,0,0,0,0,0,14,1,14,3,0,1
9,slack,diagnostic,priority,305419896,10000,100000,94152,19409,0.037109375,local,8,8,1,0,9,14,1,14,3,0,3
9,slack,diagnostic,priority,305419896,10000,100000,95483,19516,0.018554688,direct,0,0,0,0,0,15,1,15,2,0,1
9,slack,diagnostic,priority,305419896,10000,100000,98031,19829,0.036132812,direct,0,0,0,0,0,15,1,15,3,0,1
9,slack,diagnostic,priority,305419896,10000,100000,99304,19938,0.008300781,local,8,8,1,0,9,15,1,15,4,0,2
10,baseline,timed,priority,2654435769,10000,100000,7088,10641,0.218017578,unavailable,0,0,0,0,0,0,0,0,1,0,1
10,baseline,timed,priority,2654435769,10000,100000,9331,10846,0.240722656,unavailable,0,0,0,0,0,0,0,0,1,0,1
10,baseline,timed,priority,2654435769,10000,100000,9345,10847,0.194824219,unavailable,0,0,0,0,0,0,0,0,1,0,1
10,baseline,timed,priority,2654435769,10000,100000,20993,11920,0.209228516,unavailable,0,0,0,0,0,0,0,0,1,0,1
10,baseline,timed,priority,2654435769,10000,100000,23021,12126,0.135498047,unavailable,0,0,0,0,0,0,0,0,2,0,1
10,baseline,timed,priority,2654435769,10000,100000,25936,12352,0.199462891,unavailable,0,0,0,0,0,0,0,0,1,0,1
10,baseline,timed,priority,2654435769,10000,100000,27374,12487,0.133544922,unavailable,0,0,0,0,0,0,0,0,1,0,1
10,baseline,timed,priority,2654435769,10000,100000,28978,12637,0.215820312,unavailable,0,0,0,0,0,0,0,0,1,0,1
10,baseline,timed,priority,2654435769,10000,100000,29606,12714,0.251708984,unavailable,0,0,0,0,0,0,0,0,1,0,1
10,baseline,timed,priority,2654435769,10000,100000,41400,13956,0.216308594,unavailable,0,0,0,0,0,0,0,0,1,0,1
10,baseline,timed,priority,2654435769,10000,100000,42662,14059,7.836914062,unavailable,0,0,0,0,0,0,0,0,3,0,1
10,baseline,timed,priority,2654435769,10000,100000,52695,15083,0.194335938,unavailable,0,0,0,0,0,0,0,0,1,0,1
10,baseline,timed,priority,2654435769,10000,100000,56510,15435,0.220458984,unavailable,0,0,0,0,0,0,0,0,1,0,1
10,baseline,timed,priority,2654435769,10000,100000,58094,15616,0.202392578,unavailable,0,0,0,0,0,0,0,0,1,0,1
10,baseline,timed,priority,2654435769,10000,100000,58112,15621,0.197753906,unavailable,0,0,0,0,0,0,0,0,1,0,1
10,baseline,timed,priority,2654435769,10000,100000,59288,15715,0.173583984,unavailable,0,0,0,0,0,0,0,0,1,0,1
10,baseline,timed,priority,2654435769,10000,100000,63253,16059,0.220214844,unavailable,0,0,0,0,0,0,0,0,1,0,1
10,baseline,timed,priority,2654435769,10000,100000,63515,16086,0.188720703,unavailable,0,0,0,0,0,0,0,0,1,0,1
10,baseline,timed,priority,2654435769,10000,100000,65522,16302,0.189697266,unavailable,0,0,0,0,0,0,0,0,1,0,1
10,baseline,timed,priority,2654435769,10000,100000,67508,16503,0.194335938,unavailable,0,0,0,0,0,0,0,0,1,0,1
10,baseline,timed,priority,2654435769,10000,100000,73025,17069,0.207519531,unavailable,0,0,0,0,0,0,0,0,1,0,1
10,baseline,timed,priority,2654435769,10000,100000,75379,17275,0.224121094,unavailable,0,0,0,0,0,0,0,0,1,0,1
10,baseline,timed,priority,2654435769,10000,100000,79581,17780,0.196289062,unavailable,0,0,0,0,0,0,0,0,1,0,1
10,baseline,timed,priority,2654435769,10000,100000,79814,17777,0.209472656,unavailable,0,0,0,0,0,0,0,0,1,0,1
10,baseline,timed,priority,2654435769,10000,100000,92016,19022,0.453125,unavailable,0,0,0,0,0,0,0,0,1,0,1
10,baseline,diagnostic,priority,2654435769,10000,100000,7088,10641,0.231201172,large,512,1016,1,6,1023,14,1,14,1,0,3
10,baseline,diagnostic,priority,2654435769,10000,100000,9331,10846,0.219238281,large,512,1016,1,6,1023,14,1,14,1,0,3
10,baseline,diagnostic,priority,2654435769,10000,100000,9345,10847,0.215087891,large,512,1016,1,6,1023,14,1,14,1,0,3
10,baseline,diagnostic,priority,2654435769,10000,100000,20993,11920,0.23046875,large,512,1016,1,6,1023,14,1,14,1,0,3
10,baseline,diagnostic,priority,2654435769,10000,100000,22342,12062,0.145507812,large,256,504,1,5,510,14,1,14,1,0,3
10,baseline,diagnostic,priority,2654435769,10000,100000,23021,12126,0.15625,large,256,504,1,5,510,15,1,15,2,0,3
10,baseline,diagnostic,priority,2654435769,10000,100000,25936,12352,0.268066406,large,512,1016,1,6,1023,15,1,15,1,0,3
10,baseline,diagnostic,priority,2654435769,10000,100000,27374,12487,0.147460938,large,256,504,1,5,510,15,1,15,1,0,3
10,baseline,diagnostic,priority,2654435769,10000,100000,28978,12637,0.220214844,large,512,1016,1,6,1023,15,1,15,1,0,3
10,baseline,diagnostic,priority,2654435769,10000,100000,29606,12714,0.283447266,large,512,1016,1,6,1023,15,1,15,1,0,3
10,baseline,diagnostic,priority,2654435769,10000,100000,41400,13956,0.246826172,large,512,1016,1,6,1023,15,1,15,1,0,3
10,baseline,diagnostic,priority,2654435769,10000,100000,42662,14059,9.002441406,full,14059,30435,1,11,30447,15,1,15,3,1,7
10,baseline,diagnostic,priority,2654435769,10000,100000,52695,15083,0.218017578,large,512,1016,1,6,1023,16,1,16,1,0,3
10,baseline,diagnostic,priority,2654435769,10000,100000,56510,15435,0.247802734,large,512,1016,1,6,1023,16,1,16,1,0,3
10,baseline,diagnostic,priority,2654435769,10000,100000,58094,15616,0.223876953,large,512,1016,1,6,1023,14,1,14,1,0,3
10,baseline,diagnostic,priority,2654435769,10000,100000,58112,15621,0.21484375,large,512,1016,1,6,1023,15,1,15,1,0,3
10,baseline,diagnostic,priority,2654435769,10000,100000,63253,16059,0.230957031,large,512,1016,1,6,1023,14,1,14,1,0,3
10,baseline,diagnostic,priority,2654435769,10000,100000,63515,16086,0.20703125,large,512,1016,1,6,1023,14,0,14,1,0,3
10,baseline,diagnostic,priority,2654435769,10000,100000,65522,16302,0.212158203,large,512,1016,1,6,1023,14,1,14,1,0,3
10,baseline,diagnostic,priority,2654435769,10000,100000,67508,16503,0.214599609,large,512,1016,1,6,1023,15,1,15,1,0,3
10,baseline,diagnostic,priority,2654435769,10000,100000,73025,17069,0.255126953,large,512,1016,1,6,1023,14,1,14,1,0,3
10,baseline,diagnostic,priority,2654435769,10000,100000,75379,17275,0.215332031,large,512,1016,1,6,1023,15,1,15,1,0,3
10,baseline,diagnostic,priority,2654435769,10000,100000,79581,17780,0.212646484,large,512,1016,1,6,1023,15,1,15,1,0,3
10,baseline,diagnostic,priority,2654435769,10000,100000,79814,17777,0.225830078,large,512,1016,1,6,1023,15,1,15,1,0,3
10,baseline,diagnostic,priority,2654435769,10000,100000,92016,19022,0.494628906,large,1024,2040,1,7,2048,15,1,15,1,0,3
10,slack,timed,priority,2654435769,10000,100000,4066,10425,0.034179688,unavailable,0,0,0,0,0,0,0,0,2,0,1
10,slack,timed,priority,2654435769,10000,100000,14077,11325,0.006103516,unavailable,0,0,0,0,0,0,0,0,5,0,1
10,slack,timed,priority,2654435769,10000,100000,19051,11771,0.014892578,unavailable,0,0,0,0,0,0,0,0,1,0,1
10,slack,timed,priority,2654435769,10000,100000,23436,12155,0.007324219,unavailable,0,0,0,0,0,0,0,0,3,0,1
10,slack,timed,priority,2654435769,10000,100000,25968,12354,0.007324219,unavailable,0,0,0,0,0,0,0,0,4,0,1
10,slack,timed,priority,2654435769,10000,100000,26109,12371,0.029052734,unavailable,0,0,0,0,0,0,0,0,3,0,1
10,slack,timed,priority,2654435769,10000,100000,33406,13134,0.007568359,unavailable,0,0,0,0,0,0,0,0,4,0,1
10,slack,timed,priority,2654435769,10000,100000,42747,14082,0.006103516,unavailable,0,0,0,0,0,0,0,0,3,0,1
10,slack,timed,priority,2654435769,10000,100000,45472,14343,0.0078125,unavailable,0,0,0,0,0,0,0,0,4,0,1
10,slack,timed,priority,2654435769,10000,100000,46464,14477,0.033203125,unavailable,0,0,0,0,0,0,0,0,2,0,1
10,slack,timed,priority,2654435769,10000,100000,51741,14982,0.006103516,unavailable,0,0,0,0,0,0,0,0,5,0,1
10,slack,timed,priority,2654435769,10000,100000,55401,15342,0.006835938,unavailable,0,0,0,0,0,0,0,0,3,0,1
10,slack,timed,priority,2654435769,10000,100000,61092,15854,0.006347656,unavailable,0,0,0,0,0,0,0,0,2,0,1
10,slack,timed,priority,2654435769,10000,100000,67890,16543,0.007568359,unavailable,0,0,0,0,0,0,0,0,3,0,1
10,slack,timed,priority,2654435769,10000,100000,68076,16583,0.033935547,unavailable,0,0,0,0,0,0,0,0,2,0,1
10,slack,timed,priority,2654435769,10000,100000,74289,17192,0.009521484,unavailable,0,0,0,0,0,0,0,0,5,0,1
10,slack,timed,priority,2654435769,10000,100000,75056,17244,0.007324219,unavailable,0,0,0,0,0,0,0,0,4,0,1
10,slack,timed,priority,2654435769,10000,100000,76707,17463,0.005859375,unavailable,0,0,0,0,0,0,0,0,5,0,1
10,slack,timed,priority,2654435769,10000,100000,76753,17476,0.005859375,unavailable,0,0,0,0,0,0,0,0,5,0,1
10,slack,timed,priority,2654435769,10000,100000,77278,17540,0.007568359,unavailable,0,0,0,0,0,0,0,0,4,0,1
10,slack,timed,priority,2654435769,10000,100000,77706,17608,0.006103516,unavailable,0,0,0,0,0,0,0,0,5,0,1
10,slack,timed,priority,2654435769,10000,100000,87957,18644,0.006835938,unavailable,0,0,0,0,0,0,0,0,3,0,1
10,slack,timed,priority,2654435769,10000,100000,89278,18744,0.030273438,unavailable,0,0,0,0,0,0,0,0,6,0,1
10,slack,timed,priority,2654435769,10000,100000,89617,18793,0.022949219,unavailable,0,0,0,0,0,0,0,0,3,0,1
10,slack,timed,priority,2654435769,10000,100000,99290,19760,0.007568359,unavailable,0,0,0,0,0,0,0,0,4,0,1
10,slack,diagnostic,priority,2654435769,10000,100000,1922,10175,0.019775391,local,8,8,1,0,9,14,1,14,2,0,3
10,slack,diagnostic,priority,2654435769,10000,100000,5907,10574,0.015625,direct,0,0,0,0,0,14,1,14,2,0,1
10,slack,diagnostic,priority,2654435769,10000,100000,6786,10634,0.029541016,direct,0,0,0,0,0,15,1,15,2,0,1
10,slack,diagnostic,priority,2654435769,10000,100000,12871,11208,0.013427734,direct,0,0,0,0,0,14,1,14,3,0,1
10,slack,diagnostic,priority,2654435769,10000,100000,14195,11348,0.010009766,local,8,8,1,0,9,14,1,14,5,0,2
10,slack,diagnostic,priority,2654435769,10000,100000,14263,11362,0.010253906,local,8,8,1,0,9,14,1,14,5,0,2
10,slack,diagnostic,priority,2654435769,10000,100000,19754,11813,0.016357422,direct,0,0,0,0,0,14,1,14,2,0,1
10,slack,diagnostic,priority,2654435769,10000,100000,22255,12038,0.014160156,direct,0,0,0,0,0,14,1,14,1,0,1
10,slack,diagnostic,priority,2654435769,10000,100000,23657,12196,0.012695312,direct,0,0,0,0,0,14,1,14,2,0,1
10,slack,diagnostic,priority,2654435769,10000,100000,27595,12520,0.031982422,direct,0,0,0,0,0,14,1,14,4,0,1
10,slack,diagnostic,priority,2654435769,10000,100000,31886,12936,0.010009766,local,8,8,1,0,9,14,1,14,5,0,2
10,slack,diagnostic,priority,2654435769,10000,100000,36094,13442,0.010742188,direct,0,0,0,0,0,14,1,14,2,0,1
10,slack,diagnostic,priority,2654435769,10000,100000,36933,13508,0.015625,direct,0,0,0,0,0,14,1,14,2,0,1
10,slack,diagnostic,priority,2654435769,10000,100000,37470,13573,0.012451172,direct,0,0,0,0,0,14,1,14,2,0,1
10,slack,diagnostic,priority,2654435769,10000,100000,40835,13910,0.015136719,local,8,8,1,0,9,15,1,15,3,0,3
10,slack,diagnostic,priority,2654435769,10000,100000,50163,14807,0.011230469,local,8,8,1,0,9,15,1,15,4,0,3
10,slack,diagnostic,priority,2654435769,10000,100000,50987,14870,0.010009766,local,8,8,1,0,9,14,1,14,5,0,2
10,slack,diagnostic,priority,2654435769,10000,100000,51741,14982,0.013427734,local,8,8,1,0,9,14,1,14,5,0,3
10,slack,diagnostic,priority,2654435769,10000,100000,51870,15018,0.040527344,local,8,8,1,0,9,15,1,15,4,0,3
10,slack,diagnostic,priority,2654435769,10000,100000,52597,15076,0.010009766,local,8,8,1,0,9,14,1,14,5,0,2
10,slack,diagnostic,priority,2654435769,10000,100000,53271,15152,0.010009766,local,8,8,1,0,9,13,1,13,5,0,2
10,slack,diagnostic,priority,2654435769,10000,100000,54900,15307,0.022460938,local,8,8,1,0,9,15,1,15,2,0,3
10,slack,diagnostic,priority,2654435769,10000,100000,66473,16427,0.040039062,local,8,8,1,0,9,15,1,15,4,0,3
10,slack,diagnostic,priority,2654435769,10000,100000,69944,16730,0.033935547,direct,0,0,0,0,0,14,1,14,3,0,1
10,slack,diagnostic,priority,2654435769,10000,100000,71990,16948,0.011230469,local,8,8,1,0,9,15,1,15,4,0,3
10,slack,diagnostic,priority,2654435769,10000,100000,74289,17192,0.010253906,local,8,8,1,0,9,14,1,14,5,0,2
10,slack,diagnostic,priority,2654435769,10000,100000,75436,17285,0.010253906,local,8,8,1,0,9,15,1,15,5,0,2
10,slack,diagnostic,priority,2654435769,10000,100000,76055,17366,0.010253906,local,8,8,1,0,9,15,1,15,4,0,2
10,slack,diagnostic,priority,2654435769,10000,100000,76430,17423,0.011962891,local,8,8,1,0,9,15,1,15,5,0,3
10,slack,diagnostic,priority,2654435769,10000,100000,76707,17463,0.010253906,local,8,8,1,0,9,14,1,14,5,0,2
10,slack,diagnostic,priority,2654435769,10000,100000,76717,17467,0.010253906,local,8,8,1,0,9,14,1,14,5,0,2
10,slack,diagnostic,priority,2654435769,10000,100000,77494,17575,0.010009766,local,8,8,1,0,9,15,1,15,5,0,2
10,slack,diagnostic,priority,2654435769,10000,100000,77706,17608,0.010253906,local,8,8,1,0,9,15,1,15,5,0,2
10,slack,diagnostic,priority,2654435769,10000,100000,77747,17614,0.012207031,local,8,8,1,0,9,15,1,15,4,0,3
10,slack,diagnostic,priority,2654435769,10000,100000,78666,17656,0.032714844,direct,0,0,0,0,0,14,1,14,1,0,1
10,slack,diagnostic,priority,2654435769,10000,100000,87831,18638,0.012695312,direct,0,0,0,0,0,15,1,15,6,0,1
10,slack,diagnostic,priority,2654435769,10000,100000,89516,18773,0.009765625,local,8,8,1,0,9,15,1,15,3,0,2
10,slack,diagnostic,priority,2654435769,10000,100000,91726,19012,0.012695312,local,8,8,1,0,9,16,1,16,3,0,3
10,slack,diagnostic,priority,2654435769,10000,100000,92323,19061,0.030273438,direct,0,0,0,0,0,15,1,15,3,0,1
11,baseline,timed,priority,826366246,10000,100000,7924,10786,0.517578125,unavailable,0,0,0,0,0,0,0,0,1,0,1
11,baseline,timed,priority,826366246,10000,100000,17072,11717,0.235595703,unavailable,0,0,0,0,0,0,0,0,1,0,1
11,baseline,timed,priority,826366246,10000,100000,26289,12644,0.251708984,unavailable,0,0,0,0,0,0,0,0,1,0,1
11,baseline,timed,priority,826366246,10000,100000,27479,12755,0.465820312,unavailable,0,0,0,0,0,0,0,0,1,0,1
11,baseline,timed,priority,826366246,10000,100000,31269,13113,0.120361328,unavailable,0,0,0,0,0,0,0,0,1,0,1
11,baseline,timed,priority,826366246,10000,100000,32550,13227,0.204833984,unavailable,0,0,0,0,0,0,0,0,1,0,1
11,baseline,timed,priority,826366246,10000,100000,40705,14052,0.139648438,unavailable,0,0,0,0,0,0,0,0,1,0,1
11,baseline,timed,priority,826366246,10000,100000,47014,14623,0.191894531,unavailable,0,0,0,0,0,0,0,0,1,0,1
11,baseline,timed,priority,826366246,10000,100000,57141,15613,0.123291016,unavailable,0,0,0,0,0,0,0,0,1,0,1
11,baseline,timed,priority,826366246,10000,100000,59079,15836,0.123779297,unavailable,0,0,0,0,0,0,0,0,1,0,1
11,baseline,timed,priority,826366246,10000,100000,60557,16020,0.169677734,unavailable,0,0,0,0,0,0,0,0,1,0,1
11,baseline,timed,priority,826366246,10000,100000,61780,16164,0.123291016,unavailable,0,0,0,0,0,0,0,0,1,0,1
11,baseline,timed,priority,826366246,10000,100000,65907,16569,0.131835938,unavailable,0,0,0,0,0,0,0,0,1,0,1
11,baseline,timed,priority,826366246,10000,100000,69433,16887,0.224121094,unavailable,0,0,0,0,0,0,0,0,1,0,1
11,baseline,timed,priority,826366246,10000,100000,70007,16952,0.201416016,unavailable,0,0,0,0,0,0,0,0,1,0,1
11,baseline,timed,priority,826366246,10000,100000,70665,17032,0.420166016,unavailable,0,0,0,0,0,0,0,0,1,0,1
11,baseline,timed,priority,826366246,10000,100000,71656,17146,0.409423828,unavailable,0,0,0,0,0,0,0,0,1,0,1
11,baseline,timed,priority,826366246,10000,100000,76550,17707,0.304443359,unavailable,0,0,0,0,0,0,0,0,1,0,1
11,baseline,timed,priority,826366246,10000,100000,81590,18204,0.942626953,unavailable,0,0,0,0,0,0,0,0,1,0,1
11,baseline,timed,priority,826366246,10000,100000,84659,18502,0.125,unavailable,0,0,0,0,0,0,0,0,1,0,1
11,baseline,timed,priority,826366246,10000,100000,85355,18580,1.909423828,unavailable,0,0,0,0,0,0,0,0,1,0,1
11,baseline,timed,priority,826366246,10000,100000,86145,18666,0.168945312,unavailable,0,0,0,0,0,0,0,0,1,0,1
11,baseline,timed,priority,826366246,10000,100000,86997,18734,0.12109375,unavailable,0,0,0,0,0,0,0,0,1,0,1
11,baseline,timed,priority,826366246,10000,100000,87254,18780,0.132324219,unavailable,0,0,0,0,0,0,0,0,1,0,1
11,baseline,timed,priority,826366246,10000,100000,93362,19444,0.176025391,unavailable,0,0,0,0,0,0,0,0,4,0,1
11,baseline,diagnostic,priority,826366246,10000,100000,7924,10786,0.588134766,large,1024,2040,1,7,2048,14,1,14,1,0,3
11,baseline,diagnostic,priority,826366246,10000,100000,13169,11321,0.132568359,large,256,504,1,5,510,14,1,14,1,0,3
11,baseline,diagnostic,priority,826366246,10000,100000,17072,11717,0.290771484,large,512,1016,1,6,1023,14,1,14,1,0,3
11,baseline,diagnostic,priority,826366246,10000,100000,18420,11843,0.135742188,large,256,504,1,5,510,14,1,14,1,0,3
11,baseline,diagnostic,priority,826366246,10000,100000,19759,11980,0.116699219,direct,0,0,0,0,0,13,1,13,2,0,1
11,baseline,diagnostic,priority,826366246,10000,100000,25518,12570,0.123779297,direct,0,0,0,0,0,14,1,14,2,0,1
11,baseline,diagnostic,priority,826366246,10000,100000,26289,12644,0.287597656,large,512,1016,1,6,1023,15,1,15,1,0,3
11,baseline,diagnostic,priority,826366246,10000,100000,27479,12755,0.626708984,large,1024,2040,1,7,2048,14,1,14,1,0,3
11,baseline,diagnostic,priority,826366246,10000,100000,28356,12810,0.163085938,local,128,248,1,4,253,15,1,15,1,0,3
11,baseline,diagnostic,priority,826366246,10000,100000,31269,13113,0.132324219,large,256,504,1,5,510,15,1,15,1,0,3
11,baseline,diagnostic,priority,826366246,10000,100000,32550,13227,0.229003906,large,512,1016,1,6,1023,14,1,14,1,0,3
11,baseline,diagnostic,priority,826366246,10000,100000,38186,13770,0.106689453,local,8,8,1,0,9,15,1,15,1,0,1
11,baseline,diagnostic,priority,826366246,10000,100000,40705,14052,0.145507812,large,256,504,1,5,510,14,1,14,1,0,3
11,baseline,diagnostic,priority,826366246,10000,100000,47014,14623,0.240478516,large,512,1016,1,6,1023,14,1,14,1,0,3
11,baseline,diagnostic,priority,826366246,10000,100000,51868,15070,0.10546875,direct,0,0,0,0,0,15,1,15,1,0,1
11,baseline,diagnostic,priority,826366246,10000,100000,60557,16020,0.108886719,large,256,504,1,5,510,16,1,16,1,0,3
11,baseline,diagnostic,priority,826366246,10000,100000,61780,16164,0.083740234,local,128,248,1,4,253,16,1,16,1,0,2
11,baseline,diagnostic,priority,826366246,10000,100000,65907,16569,0.093505859,local,128,248,1,4,253,14,1,14,1,0,2
11,baseline,diagnostic,priority,826366246,10000,100000,69433,16887,0.140869141,large,256,504,1,5,510,16,1,16,1,0,3
11,baseline,diagnostic,priority,826366246,10000,100000,70007,16952,0.121337891,large,256,504,1,5,510,16,1,16,1,0,3
11,baseline,diagnostic,priority,826366246,10000,100000,70390,17008,0.088867188,local,128,248,1,4,253,13,1,13,1,0,2
11,baseline,diagnostic,priority,826366246,10000,100000,70665,17032,0.254150391,large,512,1016,1,6,1023,15,1,15,1,0,3
11,baseline,diagnostic,priority,826366246,10000,100000,71656,17146,0.250488281,large,512,1016,1,6,1023,14,1,14,1,0,3
11,baseline,diagnostic,priority,826366246,10000,100000,75480,17608,0.080566406,local,128,248,1,4,253,15,1,15,1,0,2
11,baseline,diagnostic,priority,826366246,10000,100000,76550,17707,0.296142578,large,512,1016,1,6,1023,15,1,15,1,0,3
11,baseline,diagnostic,priority,826366246,10000,100000,81590,18204,1.228271484,large,2048,4088,1,8,4097,13,1,13,1,0,3
11,baseline,diagnostic,priority,826366246,10000,100000,84659,18502,0.129150391,large,256,504,1,5,510,15,1,15,1,0,3
11,baseline,diagnostic,priority,826366246,10000,100000,85355,18580,1.895263672,large,4096,8184,1,9,8194,14,1,14,1,0,3
11,baseline,diagnostic,priority,826366246,10000,100000,86145,18666,0.135253906,large,256,504,1,5,510,16,1,16,1,0,3
11,slack,timed,priority,826366246,10000,100000,34,9999,0.006103516,unavailable,0,0,0,0,0,0,0,0,4,0,1
11,slack,timed,priority,826366246,10000,100000,1519,10154,0.008300781,unavailable,0,0,0,0,0,0,0,0,2,0,1
11,slack,timed,priority,826366246,10000,100000,6664,10677,0.028076172,unavailable,0,0,0,0,0,0,0,0,3,0,1
11,slack,timed,priority,826366246,10000,100000,9046,10917,0.019287109,unavailable,0,0,0,0,0,0,0,0,3,0,1
11,slack,timed,priority,826366246,10000,100000,19253,11916,0.008300781,unavailable,0,0,0,0,0,0,0,0,3,0,1
11,slack,timed,priority,826366246,10000,100000,27426,12749,0.014648438,unavailable,0,0,0,0,0,0,0,0,3,0,1
11,slack,timed,priority,826366246,10000,100000,29132,12914,0.019042969,unavailable,0,0,0,0,0,0,0,0,4,0,1
11,slack,timed,priority,826366246,10000,100000,31920,13165,0.020019531,unavailable,0,0,0,0,0,0,0,0,3,0,1
11,slack,timed,priority,826366246,10000,100000,40089,13994,0.009765625,unavailable,0,0,0,0,0,0,0,0,3,0,1
11,slack,timed,priority,826366246,10000,100000,44313,14398,0.006347656,unavailable,0,0,0,0,0,0,0,0,4,0,1
11,slack,timed,priority,826366246,10000,100000,48713,14797,0.008789062,unavailable,0,0,0,0,0,0,0,0,5,0,1
11,slack,timed,priority,826366246,10000,100000,49427,14855,0.037597656,unavailable,0,0,0,0,0,0,0,0,6,0,1
11,slack,timed,priority,826366246,10000,100000,51092,14977,0.010009766,unavailable,0,0,0,0,0,0,0,0,4,0,1
11,slack,timed,priority,826366246,10000,100000,61158,16095,0.008789062,unavailable,0,0,0,0,0,0,0,0,3,0,1
11,slack,timed,priority,826366246,10000,100000,70064,16961,0.008544922,unavailable,0,0,0,0,0,0,0,0,2,0,1
11,slack,timed,priority,826366246,10000,100000,70190,16989,0.006103516,unavailable,0,0,0,0,0,0,0,0,5,0,1
11,slack,timed,priority,826366246,10000,100000,71570,17123,0.018554688,unavailable,0,0,0,0,0,0,0,0,3,0,1
11,slack,timed,priority,826366246,10000,100000,74166,17471,0.005859375,unavailable,0,0,0,0,0,0,0,0,5,0,1
11,slack,timed,priority,826366246,10000,100000,75610,17612,0.005859375,unavailable,0,0,0,0,0,0,0,0,5,0,1
11,slack,timed,priority,826366246,10000,100000,75908,17657,0.006591797,unavailable,0,0,0,0,0,0,0,0,5,0,1
11,slack,timed,priority,826366246,10000,100000,78446,17941,0.024414062,unavailable,0,0,0,0,0,0,0,0,2,0,1
11,slack,timed,priority,826366246,10000,100000,80756,18157,0.007568359,unavailable,0,0,0,0,0,0,0,0,2,0,1
11,slack,timed,priority,826366246,10000,100000,89575,19067,0.023193359,unavailable,0,0,0,0,0,0,0,0,3,0,1
11,slack,timed,priority,826366246,10000,100000,97204,19797,0.020507812,unavailable,0,0,0,0,0,0,0,0,3,0,1
11,slack,timed,priority,826366246,10000,100000,97806,19843,0.006103516,unavailable,0,0,0,0,0,0,0,0,4,0,1
11,slack,diagnostic,priority,826366246,10000,100000,2779,10274,0.033203125,local,8,8,1,0,9,14,1,14,3,0,3
11,slack,diagnostic,priority,826366246,10000,100000,6396,10634,0.030517578,direct,0,0,0,0,0,14,1,14,2,0,1
11,slack,diagnostic,priority,826366246,10000,100000,10650,11062,0.021728516,local,8,8,1,0,9,14,1,14,4,0,3
11,slack,diagnostic,priority,826366246,10000,100000,12115,11216,0.017822266,direct,0,0,0,0,0,15,1,15,3,0,1
11,slack,diagnostic,priority,826366246,10000,100000,13466,11351,0.010498047,local,8,8,1,0,9,14,1,14,5,0,2
11,slack,diagnostic,priority,826366246,10000,100000,14114,11399,0.010742188,local,8,8,1,0,9,13,1,13,4,0,2
11,slack,diagnostic,priority,826366246,10000,100000,16045,11628,0.012451172,local,8,8,1,0,9,13,1,13,4,0,3
11,slack,diagnostic,priority,826366246,10000,100000,20171,12039,0.013183594,direct,0,0,0,0,0,15,1,15,2,0,1
11,slack,diagnostic,priority,826366246,10000,100000,22464,12286,0.044433594,local,8,8,1,0,9,14,1,14,3,0,3
11,slack,diagnostic,priority,826366246,10000,100000,31623,13146,0.010742188,local,8,8,1,0,9,14,1,14,5,0,2
11,slack,diagnostic,priority,826366246,10000,100000,34312,13443,0.027832031,direct,0,0,0,0,0,14,1,14,2,0,1
11,slack,diagnostic,priority,826366246,10000,100000,34516,13456,0.038330078,local,8,8,1,0,9,14,1,14,2,0,3
11,slack,diagnostic,priority,826366246,10000,100000,41691,14155,0.017822266,direct,0,0,0,0,0,14,1,14,4,0,1
11,slack,diagnostic,priority,826366246,10000,100000,43813,14356,0.010498047,local,8,8,1,0,9,15,1,15,3,0,2
11,slack,diagnostic,priority,826366246,10000,100000,49395,14847,0.033447266,direct,0,0,0,0,0,16,1,16,3,0,1
11,slack,diagnostic,priority,826366246,10000,100000,51060,14972,0.01171875,local,8,8,1,0,9,15,1,15,4,0,3
11,slack,diagnostic,priority,826366246,10000,100000,51139,14977,0.010742188,local,8,8,1,0,9,15,1,15,4,0,2
11,slack,diagnostic,priority,826366246,10000,100000,51168,14979,0.011962891,local,8,8,1,0,9,14,1,14,4,0,3
11,slack,diagnostic,priority,826366246,10000,100000,51231,14994,0.010742188,local,8,8,1,0,9,15,1,15,4,0,2
11,slack,diagnostic,priority,826366246,10000,100000,51233,14995,0.010742188,local,8,8,1,0,9,14,1,14,4,0,3
11,slack,diagnostic,priority,826366246,10000,100000,51407,15023,0.010498047,local,8,8,1,0,9,14,1,14,4,0,2
11,slack,diagnostic,priority,826366246,10000,100000,51436,15026,0.010498047,local,8,8,1,0,9,14,1,14,4,0,2
11,slack,diagnostic,priority,826366246,10000,100000,51946,15083,0.010498047,local,8,8,1,0,9,14,1,14,5,0,2
11,slack,diagnostic,priority,826366246,10000,100000,53427,15226,0.012451172,local,8,8,1,0,9,15,1,15,5,0,3
11,slack,diagnostic,priority,826366246,10000,100000,59417,15896,0.022949219,direct,0,0,0,0,0,16,1,16,3,0,1
11,slack,diagnostic,priority,826366246,10000,100000,67366,16702,0.017089844,direct,0,0,0,0,0,16,1,16,3,0,1
11,slack,diagnostic,priority,826366246,10000,100000,71244,17105,0.016845703,local,8,8,1,0,9,16,1,16,4,0,3
11,slack,diagnostic,priority,826366246,10000,100000,73729,17427,0.010742188,local,8,8,1,0,9,15,1,15,5,0,3
11,slack,diagnostic,priority,826366246,10000,100000,73812,17434,0.011474609,local,8,8,1,0,9,15,1,15,5,0,3
11,slack,diagnostic,priority,826366246,10000,100000,75870,17657,0.034667969,direct,0,0,0,0,0,14,1,14,4,0,1
11,slack,diagnostic,priority,826366246,10000,100000,77286,17801,0.010253906,local,8,8,1,0,9,15,1,15,5,0,2
11,slack,diagnostic,priority,826366246,10000,100000,85415,18589,0.039306641,direct,0,0,0,0,0,15,1,15,3,0,1
11,slack,diagnostic,priority,826366246,10000,100000,89554,19062,0.032958984,direct,0,0,0,0,0,15,1,15,3,0,1
11,slack,diagnostic,priority,826366246,10000,100000,92915,19399,0.010986328,local,8,8,1,0,9,16,1,16,4,0,3
11,slack,diagnostic,priority,826366246,10000,100000,94425,19568,0.010986328,local,8,8,1,0,9,15,1,15,3,0,3
11,slack,diagnostic,priority,826366246,10000,100000,98991,20008,0.010498047,local,8,8,1,0,9,15,1,15,4,0,2
12,baseline,timed,priority,12648430,10000,100000,265,10024,0.124267578,unavailable,0,0,0,0,0,0,0,0,1,0,1
12,baseline,timed,priority,12648430,10000,100000,1019,10085,0.274414062,unavailable,0,0,0,0,0,0,0,0,1,0,1
12,baseline,timed,priority,12648430,10000,100000,6133,10527,0.076416016,unavailable,0,0,0,0,0,0,0,0,1,0,1
12,baseline,timed,priority,12648430,10000,100000,10976,11019,0.106201172,unavailable,0,0,0,0,0,0,0,0,1,0,1
12,baseline,timed,priority,12648430,10000,100000,11288,11060,0.092285156,unavailable,0,0,0,0,0,0,0,0,1,0,1
12,baseline,timed,priority,12648430,10000,100000,11757,11089,0.073242188,unavailable,0,0,0,0,0,0,0,0,1,0,1
12,baseline,timed,priority,12648430,10000,100000,12083,11117,0.09375,unavailable,0,0,0,0,0,0,0,0,1,0,1
12,baseline,timed,priority,12648430,10000,100000,12518,11158,0.474121094,unavailable,0,0,0,0,0,0,0,0,1,0,1
12,baseline,timed,priority,12648430,10000,100000,12809,11179,0.094482422,unavailable,0,0,0,0,0,0,0,0,1,0,1
12,baseline,timed,priority,12648430,10000,100000,13062,11196,0.092285156,unavailable,0,0,0,0,0,0,0,0,6,0,1
12,baseline,timed,priority,12648430,10000,100000,13142,11196,0.114257812,unavailable,0,0,0,0,0,0,0,0,1,0,1
12,baseline,timed,priority,12648430,10000,100000,13346,11226,0.244628906,unavailable,0,0,0,0,0,0,0,0,1,0,1
12,baseline,timed,priority,12648430,10000,100000,14050,11296,1.523193359,unavailable,0,0,0,0,0,0,0,0,1,0,1
12,baseline,timed,priority,12648430,10000,100000,16104,11528,0.102539062,unavailable,0,0,0,0,0,0,0,0,1,0,1
12,baseline,timed,priority,12648430,10000,100000,18408,11779,0.092285156,unavailable,0,0,0,0,0,0,0,0,1,0,1
12,baseline,timed,priority,12648430,10000,100000,31721,13037,0.109863281,unavailable,0,0,0,0,0,0,0,0,1,0,1
12,baseline,timed,priority,12648430,10000,100000,37285,13658,0.106201172,unavailable,0,0,0,0,0,0,0,0,1,0,1
12,baseline,timed,priority,12648430,10000,100000,42433,14210,0.099609375,unavailable,0,0,0,0,0,0,0,0,2,0,1
12,baseline,timed,priority,12648430,10000,100000,50220,14960,0.126708984,unavailable,0,0,0,0,0,0,0,0,1,0,1
12,baseline,timed,priority,12648430,10000,100000,64777,16416,0.095458984,unavailable,0,0,0,0,0,0,0,0,1,0,1
12,baseline,timed,priority,12648430,10000,100000,69030,16903,0.109619141,unavailable,0,0,0,0,0,0,0,0,1,0,1
12,baseline,timed,priority,12648430,10000,100000,72918,17249,0.067138672,unavailable,0,0,0,0,0,0,0,0,1,0,1
12,baseline,timed,priority,12648430,10000,100000,75492,17523,0.095947266,unavailable,0,0,0,0,0,0,0,0,1,0,1
12,baseline,timed,priority,12648430,10000,100000,82407,18344,0.106445312,unavailable,0,0,0,0,0,0,0,0,1,0,1
12,baseline,timed,priority,12648430,10000,100000,94655,19586,0.1953125,unavailable,0,0,0,0,0,0,0,0,1,0,1
12,baseline,diagnostic,priority,12648430,10000,100000,265,10024,0.135253906,large,256,504,1,5,510,13,1,13,1,0,3
12,baseline,diagnostic,priority,12648430,10000,100000,1019,10085,0.345214844,large,512,1016,1,6,1023,15,1,15,1,0,3
12,baseline,diagnostic,priority,12648430,10000,100000,2641,10189,0.095947266,direct,0,0,0,0,0,15,1,15,1,0,1
12,baseline,diagnostic,priority,12648430,10000,100000,3842,10296,0.067871094,local,128,248,1,4,253,14,1,14,1,0,2
12,baseline,diagnostic,priority,12648430,10000,100000,7878,10731,0.068359375,local,128,248,1,4,253,13,1,13,1,0,2
12,baseline,diagnostic,priority,12648430,10000,100000,10976,11019,0.147216797,large,256,504,1,5,510,15,1,15,1,0,3
12,baseline,diagnostic,priority,12648430,10000,100000,11288,11060,0.096679688,large,256,504,1,5,510,14,1,14,1,0,3
12,baseline,diagnostic,priority,12648430,10000,100000,12043,11115,0.074462891,local,128,248,1,4,253,14,1,14,1,0,2
12,baseline,diagnostic,priority,12648430,10000,100000,12083,11117,0.112060547,large,256,504,1,5,510,15,1,15,1,0,3
12,baseline,diagnostic,priority,12648430,10000,100000,12166,11126,0.103515625,direct,0,0,0,0,0,13,1,13,5,0,1
12,baseline,diagnostic,priority,12648430,10000,100000,12518,11158,0.523681641,large,1024,2040,1,7,2048,14,1,14,1,0,3
12,baseline,diagnostic,priority,12648430,10000,100000,12809,11179,0.103027344,large,256,504,1,5,510,14,1,14,1,0,3
12,baseline,diagnostic,priority,12648430,10000,100000,13142,11196,0.129394531,large,256,504,1,5,510,14,1,14,1,0,3
12,baseline,diagnostic,priority,12648430,10000,100000,13346,11226,0.278808594,large,512,1016,1,6,1023,13,1,13,1,0,3
12,baseline,diagnostic,priority,12648430,10000,100000,14050,11296,1.763916016,large,4096,8184,1,9,8194,15,1,15,1,0,3
12,baseline,diagnostic,priority,12648430,10000,100000,14690,11397,0.062988281,local,128,248,1,4,253,15,1,15,1,0,2
12,baseline,diagnostic,priority,12648430,10000,100000,16104,11528,0.124267578,large,256,504,1,5,510,14,1,14,1,0,3
12,baseline,diagnostic,priority,12648430,10000,100000,16515,11567,0.106933594,direct,0,0,0,0,0,14,1,14,5,0,1
12,baseline,diagnostic,priority,12648430,10000,100000,20042,11927,0.097412109,local,8,8,1,0,9,13,1,13,3,0,1
12,baseline,diagnostic,priority,12648430,10000,100000,29092,12779,0.095214844,direct,0,0,0,0,0,14,1,14,2,0,1
12,baseline,diagnostic,priority,12648430,10000,100000,31721,13037,0.125,large,256,504,1,5,510,15,1,15,1,0,3
12,baseline,diagnostic,priority,12648430,10000,100000,32756,13160,0.093505859,direct,0,0,0,0,0,14,1,14,1,0,1
12,baseline,diagnostic,priority,12648430,10000,100000,50220,14960,0.24609375,large,256,504,1,5,510,14,1,14,1,0,3
12,baseline,diagnostic,priority,12648430,10000,100000,56981,15511,0.104248047,direct,0,0,0,0,0,15,1,15,1,0,1
12,baseline,diagnostic,priority,12648430,10000,100000,69030,16903,0.127197266,large,256,504,1,5,510,14,1,14,1,0,3
12,baseline,diagnostic,priority,12648430,10000,100000,71043,17078,0.081298828,local,128,248,1,4,253,16,1,16,1,0,2
12,baseline,diagnostic,priority,12648430,10000,100000,72918,17249,0.072265625,local,128,248,1,4,253,14,1,14,1,0,2
12,baseline,diagnostic,priority,12648430,10000,100000,82407,18344,0.151367188,large,256,504,1,5,510,15,1,15,1,0,3
12,baseline,diagnostic,priority,12648430,10000,100000,85027,18542,0.065917969,local,128,248,1,4,253,15,1,15,1,0,2
12,baseline,diagnostic,priority,12648430,10000,100000,87492,18883,0.107910156,direct,0,0,0,0,0,15,1,15,6,0,1
12,baseline,diagnostic,priority,12648430,10000,100000,92765,19417,0.069824219,local,128,248,1,4,253,15,1,15,1,0,2
12,baseline,diagnostic,priority,12648430,10000,100000,94655,19586,0.201171875,large,512,1016,1,6,1023,15,1,15,1,0,3
12,baseline,diagnostic,priority,12648430,10000,100000,97997,19894,0.067871094,local,128,248,1,4,253,15,1,15,1,0,2
12,baseline,diagnostic,priority,12648430,10000,100000,98197,19904,0.096435547,direct,0,0,0,0,0,15,1,15,1,0,1
12,slack,timed,priority,12648430,10000,100000,2244,10160,0.008056641,unavailable,0,0,0,0,0,0,0,0,2,0,1
12,slack,timed,priority,12648430,10000,100000,2759,10215,0.033203125,unavailable,0,0,0,0,0,0,0,0,2,0,1
12,slack,timed,priority,12648430,10000,100000,6790,10593,0.009521484,unavailable,0,0,0,0,0,0,0,0,3,0,1
12,slack,timed,priority,12648430,10000,100000,16149,11540,0.020507812,unavailable,0,0,0,0,0,0,0,0,3,0,1
12,slack,timed,priority,12648430,10000,100000,18149,11777,0.023925781,unavailable,0,0,0,0,0,0,0,0,1,0,1
12,slack,timed,priority,12648430,10000,100000,24429,12346,0.007324219,unavailable,0,0,0,0,0,0,0,0,3,0,1
12,slack,timed,priority,12648430,10000,100000,29144,12791,0.006347656,unavailable,0,0,0,0,0,0,0,0,5,0,1
12,slack,timed,priority,12648430,10000,100000,34486,13374,0.012939453,unavailable,0,0,0,0,0,0,0,0,1,0,1
12,slack,timed,priority,12648430,10000,100000,35564,13514,0.012451172,unavailable,0,0,0,0,0,0,0,0,2,0,1
12,slack,timed,priority,12648430,10000,100000,39553,13889,0.022705078,unavailable,0,0,0,0,0,0,0,0,3,0,1
12,slack,timed,priority,12648430,10000,100000,45623,14476,0.016601562,unavailable,0,0,0,0,0,0,0,0,2,0,1
12,slack,timed,priority,12648430,10000,100000,50475,14982,0.006591797,unavailable,0,0,0,0,0,0,0,0,5,0,1
12,slack,timed,priority,12648430,10000,100000,51214,15045,0.006347656,unavailable,0,0,0,0,0,0,0,0,5,0,1
12,slack,timed,priority,12648430,10000,100000,56114,15431,0.006591797,unavailable,0,0,0,0,0,0,0,0,2,0,1
12,slack,timed,priority,12648430,10000,100000,56655,15480,0.024902344,unavailable,0,0,0,0,0,0,0,0,2,0,1
12,slack,timed,priority,12648430,10000,100000,62211,16083,0.007080078,unavailable,0,0,0,0,0,0,0,0,3,0,1
12,slack,timed,priority,12648430,10000,100000,70921,17073,0.006835938,unavailable,0,0,0,0,0,0,0,0,3,0,1
12,slack,timed,priority,12648430,10000,100000,71560,17126,0.015380859,unavailable,0,0,0,0,0,0,0,0,3,0,1
12,slack,timed,priority,12648430,10000,100000,72166,17182,0.006347656,unavailable,0,0,0,0,0,0,0,0,5,0,1
12,slack,timed,priority,12648430,10000,100000,76134,17586,0.022460938,unavailable,0,0,0,0,0,0,0,0,1,0,1
12,slack,timed,priority,12648430,10000,100000,77473,17785,0.006591797,unavailable,0,0,0,0,0,0,0,0,3,0,1
12,slack,timed,priority,12648430,10000,100000,91992,19337,0.007324219,unavailable,0,0,0,0,0,0,0,0,3,0,1
12,slack,timed,priority,12648430,10000,100000,95851,19692,0.016601562,unavailable,0,0,0,0,0,0,0,0,3,0,1
12,slack,timed,priority,12648430,10000,100000,99424,20002,0.008544922,unavailable,0,0,0,0,0,0,0,0,5,0,1
12,slack,timed,priority,12648430,10000,100000,99839,20038,0.016845703,unavailable,0,0,0,0,0,0,0,0,4,0,1
12,slack,diagnostic,priority,12648430,10000,100000,3327,10252,0.019287109,local,8,8,1,0,9,14,1,14,2,0,2
12,slack,diagnostic,priority,12648430,10000,100000,5544,10465,0.154785156,direct,0,0,0,0,0,14,1,14,1,0,1
12,slack,diagnostic,priority,12648430,10000,100000,7546,10691,0.040771484,local,8,8,1,0,9,14,1,14,3,0,3
12,slack,diagnostic,priority,12648430,10000,100000,10130,10948,0.128173828,direct,0,0,0,0,0,14,1,14,2,0,1
12,slack,diagnostic,priority,12648430,10000,100000,11996,11117,0.019042969,local,8,8,1,0,9,14,1,14,3,0,2
12,slack,diagnostic,priority,12648430,10000,100000,12385,11154,0.016113281,local,8,8,1,0,9,14,1,14,4,0,2
12,slack,diagnostic,priority,12648430,10000,100000,15095,11442,0.137695312,direct,0,0,0,0,0,14,1,14,4,0,1
12,slack,diagnostic,priority,12648430,10000,100000,19422,11870,0.034179688,direct,0,0,0,0,0,14,1,14,1,0,1
12,slack,diagnostic,priority,12648430,10000,100000,20268,11965,0.011474609,local,8,8,1,0,9,14,1,14,3,0,2
12,slack,diagnostic,priority,12648430,10000,100000,23711,12274,0.023681641,local,8,8,1,0,9,14,1,14,3,0,2
12,slack,diagnostic,priority,12648430,10000,100000,25870,12476,0.129882812,direct,0,0,0,0,0,14,1,14,4,0,1
12,slack,diagnostic,priority,12648430,10000,100000,29520,12823,0.035644531,direct,0,0,0,0,0,14,1,14,3,0,1
12,slack,diagnostic,priority,12648430,10000,100000,30023,12870,0.010986328,local,8,8,1,0,9,14,1,14,5,0,2
12,slack,diagnostic,priority,12648430,10000,100000,31841,13036,0.034912109,local,8,8,1,0,9,14,0,14,4,0,3
12,slack,diagnostic,priority,12648430,10000,100000,33861,13298,0.116455078,direct,0,0,0,0,0,14,1,14,2,0,1
12,slack,diagnostic,priority,12648430,10000,100000,34723,13417,0.041015625,local,8,8,1,0,9,15,1,15,2,0,3
12,slack,diagnostic,priority,12648430,10000,100000,47053,14681,0.039550781,direct,0,0,0,0,0,15,1,15,3,0,1
12,slack,diagnostic,priority,12648430,10000,100000,50256,14961,0.012939453,local,8,8,1,0,9,14,1,14,5,0,2
12,slack,diagnostic,priority,12648430,10000,100000,54214,15268,0.123535156,direct,0,0,0,0,0,14,1,14,2,0,1
12,slack,diagnostic,priority,12648430,10000,100000,58991,15748,0.095947266,direct,0,0,0,0,0,15,1,15,2,0,1
12,slack,diagnostic,priority,12648430,10000,100000,61477,16011,0.014404297,local,8,8,1,0,9,15,1,15,3,0,2
12,slack,diagnostic,priority,12648430,10000,100000,62162,16083,0.036132812,direct,0,0,0,0,0,15,1,15,3,0,1
12,slack,diagnostic,priority,12648430,10000,100000,62567,16136,0.053955078,direct,0,0,0,0,0,15,1,15,4,0,1
12,slack,diagnostic,priority,12648430,10000,100000,62776,16182,0.014892578,local,8,8,1,0,9,15,1,15,2,0,2
12,slack,diagnostic,priority,12648430,10000,100000,63046,16190,0.112548828,local,8,8,1,0,9,15,1,15,4,0,3
12,slack,diagnostic,priority,12648430,10000,100000,69600,16919,0.100585938,local,8,8,1,0,9,15,1,15,3,0,3
12,slack,diagnostic,priority,12648430,10000,100000,71444,17111,0.011230469,local,8,8,1,0,9,15,1,15,5,0,2
12,slack,diagnostic,priority,12648430,10000,100000,71541,17121,0.019287109,local,8,8,1,0,9,15,1,15,5,0,2
12,slack,diagnostic,priority,12648430,10000,100000,71782,17149,0.113525391,direct,0,0,0,0,0,14,1,14,1,0,1
12,slack,diagnostic,priority,12648430,10000,100000,72022,17170,0.010742188,local,8,8,1,0,9,14,1,14,5,0,2
12,slack,diagnostic,priority,12648430,10000,100000,72047,17172,0.015625,local,8,8,1,0,9,15,1,15,3,0,2
12,slack,diagnostic,priority,12648430,10000,100000,73444,17298,0.010742188,local,8,8,1,0,9,14,1,14,5,0,2
12,slack,diagnostic,priority,12648430,10000,100000,73803,17299,0.024169922,local,8,8,1,0,9,14,1,14,5,0,2
12,slack,diagnostic,priority,12648430,10000,100000,74590,17381,0.038818359,direct,0,0,0,0,0,15,1,15,3,0,1
12,slack,diagnostic,priority,12648430,10000,100000,75257,17488,0.037597656,direct,0,0,0,0,0,15,1,15,1,0,1
12,slack,diagnostic,priority,12648430,10000,100000,77875,17834,0.093994141,direct,0,0,0,0,0,15,1,15,3,0,1
12,slack,diagnostic,priority,12648430,10000,100000,77899,17830,0.020263672,local,8,8,1,0,9,15,1,15,4,0,2
12,slack,diagnostic,priority,12648430,10000,100000,80251,18055,0.111328125,local,8,8,1,0,9,14,1,14,2,0,3
12,slack,diagnostic,priority,12648430,10000,100000,87534,18892,0.033691406,direct,0,0,0,0,0,15,1,15,5,0,1
12,slack,diagnostic,priority,12648430,10000,100000,94216,19554,0.011962891,local,8,8,1,0,9,15,1,15,5,0,2
12,slack,diagnostic,priority,12648430,10000,100000,94456,19579,0.018798828,local,8,8,1,0,9,15,1,15,3,0,2
12,slack,diagnostic,priority,12648430,10000,100000,94977,19625,0.119628906,local,8,8,1,0,9,15,1,15,3,0,3
12,slack,diagnostic,priority,12648430,10000,100000,96891,19781,0.034667969,direct,0,0,0,0,0,15,1,15,3,0,1
13,baseline,timed,priority,3512641005,10000,100000,7720,10743,0.225341797,unavailable,0,0,0,0,0,0,0,0,1,0,1
13,baseline,timed,priority,3512641005,10000,100000,8578,10842,0.226074219,unavailable,0,0,0,0,0,0,0,0,1,0,1
13,baseline,timed,priority,3512641005,10000,100000,8606,10844,0.203369141,unavailable,0,0,0,0,0,0,0,0,1,0,1
13,baseline,timed,priority,3512641005,10000,100000,10222,10985,0.197509766,unavailable,0,0,0,0,0,0,0,0,1,0,1
13,baseline,timed,priority,3512641005,10000,100000,11774,11125,0.214355469,unavailable,0,0,0,0,0,0,0,0,1,0,1
13,baseline,timed,priority,3512641005,10000,100000,15169,11447,0.229003906,unavailable,0,0,0,0,0,0,0,0,1,0,1
13,baseline,timed,priority,3512641005,10000,100000,35766,13423,0.207275391,unavailable,0,0,0,0,0,0,0,0,1,0,1
13,baseline,timed,priority,3512641005,10000,100000,51085,14892,0.244140625,unavailable,0,0,0,0,0,0,0,0,1,0,1
13,baseline,timed,priority,3512641005,10000,100000,64841,16199,7.206054688,unavailable,0,0,0,0,0,0,0,0,3,0,1
13,baseline,timed,priority,3512641005,10000,100000,76779,17381,0.218261719,unavailable,0,0,0,0,0,0,0,0,1,0,1
13,baseline,timed,priority,3512641005,10000,100000,81071,17875,0.229003906,unavailable,0,0,0,0,0,0,0,0,1,0,1
13,baseline,timed,priority,3512641005,10000,100000,82099,18011,0.214111328,unavailable,0,0,0,0,0,0,0,0,1,0,1
13,baseline,timed,priority,3512641005,10000,100000,82562,18052,0.207763672,unavailable,0,0,0,0,0,0,0,0,1,0,1
13,baseline,timed,priority,3512641005,10000,100000,85406,18368,0.199707031,unavailable,0,0,0,0,0,0,0,0,1,0,1
13,baseline,timed,priority,3512641005,10000,100000,85757,18408,0.388427734,unavailable,0,0,0,0,0,0,0,0,1,0,1
13,baseline,timed,priority,3512641005,10000,100000,88543,18626,0.205810547,unavailable,0,0,0,0,0,0,0,0,1,0,1
13,baseline,timed,priority,3512641005,10000,100000,89083,18689,0.228271484,unavailable,0,0,0,0,0,0,0,0,1,0,1
13,baseline,timed,priority,3512641005,10000,100000,89718,18733,0.222167969,unavailable,0,0,0,0,0,0,0,0,1,0,1
13,baseline,timed,priority,3512641005,10000,100000,91296,18887,0.274902344,unavailable,0,0,0,0,0,0,0,0,1,0,1
13,baseline,timed,priority,3512641005,10000,100000,92309,18990,0.200683594,unavailable,0,0,0,0,0,0,0,0,1,0,1
13,baseline,timed,priority,3512641005,10000,100000,92943,19092,0.395019531,unavailable,0,0,0,0,0,0,0,0,1,0,1
13,baseline,timed,priority,3512641005,10000,100000,96508,19480,0.404052734,unavailable,0,0,0,0,0,0,0,0,1,0,1
13,baseline,timed,priority,3512641005,10000,100000,98115,19687,0.202880859,unavailable,0,0,0,0,0,0,0,0,1,0,1
13,baseline,timed,priority,3512641005,10000,100000,99381,19817,0.199951172,unavailable,0,0,0,0,0,0,0,0,1,0,1
13,baseline,timed,priority,3512641005,10000,100000,99867,19879,0.200927734,unavailable,0,0,0,0,0,0,0,0,1,0,1
13,baseline,diagnostic,priority,3512641005,10000,100000,7720,10743,0.218017578,large,512,1016,1,6,1023,14,1,14,1,0,3
13,baseline,diagnostic,priority,3512641005,10000,100000,8578,10842,0.222167969,large,512,1016,1,6,1023,14,1,14,1,0,3
13,baseline,diagnostic,priority,3512641005,10000,100000,8606,10844,0.217285156,large,512,1016,1,6,1023,15,1,15,1,0,3
13,baseline,diagnostic,priority,3512641005,10000,100000,10222,10985,0.215087891,large,512,1016,1,6,1023,13,1,13,1,0,3
13,baseline,diagnostic,priority,3512641005,10000,100000,11774,11125,0.230224609,large,512,1016,1,6,1023,14,1,14,1,0,3
13,baseline,diagnostic,priority,3512641005,10000,100000,15169,11447,0.218994141,large,512,1016,1,6,1023,14,1,14,1,0,3
13,baseline,diagnostic,priority,3512641005,10000,100000,35766,13423,0.245117188,large,512,1016,1,6,1023,14,1,14,1,0,3
13,baseline,diagnostic,priority,3512641005,10000,100000,51085,14892,0.270019531,large,512,1016,1,6,1023,15,1,15,1,0,3
13,baseline,diagnostic,priority,3512641005,10000,100000,64841,16199,8.369873047,full,16199,32575,1,11,32587,14,1,14,3,1,7
13,baseline,diagnostic,priority,3512641005,10000,100000,76779,17381,0.216308594,large,512,1016,1,6,1023,15,1,15,1,0,3
13,baseline,diagnostic,priority,3512641005,10000,100000,81071,17875,0.239257812,large,512,1016,1,6,1023,14,1,14,1,0,3
13,baseline,diagnostic,priority,3512641005,10000,100000,82099,18011,0.211425781,large,512,1016,1,6,1023,15,1,15,1,0,3
13,baseline,diagnostic,priority,3512641005,10000,100000,82562,18052,0.218017578,large,512,1016,1,6,1023,14,1,14,1,0,3
13,baseline,diagnostic,priority,3512641005,10000,100000,85406,18368,0.212158203,large,512,1016,1,6,1023,15,1,15,1,0,3
13,baseline,diagnostic,priority,3512641005,10000,100000,85757,18408,0.422363281,large,1024,2040,1,7,2048,14,1,14,1,0,3
13,baseline,diagnostic,priority,3512641005,10000,100000,88543,18626,0.21484375,large,512,1016,1,6,1023,15,1,15,1,0,3
13,baseline,diagnostic,priority,3512641005,10000,100000,89083,18689,0.231689453,large,512,1016,1,6,1023,15,1,15,1,0,3
13,baseline,diagnostic,priority,3512641005,10000,100000,89718,18733,0.23046875,large,512,1016,1,6,1023,14,1,14,1,0,3
13,baseline,diagnostic,priority,3512641005,10000,100000,91296,18887,0.262695312,large,512,1016,1,6,1023,16,1,16,1,0,3
13,baseline,diagnostic,priority,3512641005,10000,100000,92309,18990,0.224609375,large,512,1016,1,6,1023,16,1,16,1,0,3
13,baseline,diagnostic,priority,3512641005,10000,100000,92943,19092,0.415283203,large,1024,2040,1,7,2048,15,1,15,1,0,3
13,baseline,diagnostic,priority,3512641005,10000,100000,96508,19480,0.430175781,large,1024,2040,1,7,2048,15,1,15,1,0,3
13,baseline,diagnostic,priority,3512641005,10000,100000,98115,19687,0.216064453,large,512,1016,1,6,1023,15,1,15,1,0,3
13,baseline,diagnostic,priority,3512641005,10000,100000,99381,19817,0.208251953,large,512,1016,1,6,1023,15,1,15,1,0,3
13,baseline,diagnostic,priority,3512641005,10000,100000,99867,19879,0.221679688,large,512,1016,1,6,1023,15,1,15,1,0,3
13,slack,timed,priority,3512641005,10000,100000,2251,10232,0.006347656,unavailable,0,0,0,0,0,0,0,0,1,0,1
13,slack,timed,priority,3512641005,10000,100000,5248,10581,0.013427734,unavailable,0,0,0,0,0,0,0,0,3,0,1
13,slack,timed,priority,3512641005,10000,100000,6932,10677,0.032958984,unavailable,0,0,0,0,0,0,0,0,3,0,1
13,slack,timed,priority,3512641005,10000,100000,7011,10686,0.009521484,unavailable,0,0,0,0,0,0,0,0,3,0,1
13,slack,timed,priority,3512641005,10000,100000,14290,11398,0.008300781,unavailable,0,0,0,0,0,0,0,0,4,0,1
13,slack,timed,priority,3512641005,10000,100000,18527,11782,0.007568359,unavailable,0,0,0,0,0,0,0,0,3,0,1
13,slack,timed,priority,3512641005,10000,100000,26511,12496,0.020263672,unavailable,0,0,0,0,0,0,0,0,3,0,1
13,slack,timed,priority,3512641005,10000,100000,29156,12758,0.018310547,unavailable,0,0,0,0,0,0,0,0,4,0,1
13,slack,timed,priority,3512641005,10000,100000,40813,13869,0.008056641,unavailable,0,0,0,0,0,0,0,0,3,0,1
13,slack,timed,priority,3512641005,10000,100000,45356,14261,0.028564453,unavailable,0,0,0,0,0,0,0,0,4,0,1
13,slack,timed,priority,3512641005,10000,100000,48487,14602,0.02734375,unavailable,0,0,0,0,0,0,0,0,3,0,1
13,slack,timed,priority,3512641005,10000,100000,49590,14742,0.022460938,unavailable,0,0,0,0,0,0,0,0,4,0,1
13,slack,timed,priority,3512641005,10000,100000,60235,15782,0.007568359,unavailable,0,0,0,0,0,0,0,0,3,0,1
13,slack,timed,priority,3512641005,10000,100000,69407,16708,0.032226562,unavailable,0,0,0,0,0,0,0,0,4,0,1
13,slack,timed,priority,3512641005,10000,100000,69417,16713,0.019042969,unavailable,0,0,0,0,0,0,0,0,4,0,1
13,slack,timed,priority,3512641005,10000,100000,70141,16813,0.007568359,unavailable,0,0,0,0,0,0,0,0,4,0,1
13,slack,timed,priority,3512641005,10000,100000,70652,16873,0.006103516,unavailable,0,0,0,0,0,0,0,0,5,0,1
13,slack,timed,priority,3512641005,10000,100000,74309,17144,0.006103516,unavailable,0,0,0,0,0,0,0,0,5,0,1
13,slack,timed,priority,3512641005,10000,100000,74940,17184,0.006835938,unavailable,0,0,0,0,0,0,0,0,5,0,1
13,slack,timed,priority,3512641005,10000,100000,80603,17793,0.007568359,unavailable,0,0,0,0,0,0,0,0,3,0,1
13,slack,timed,priority,3512641005,10000,100000,83364,18146,0.014892578,unavailable,0,0,0,0,0,0,0,0,2,0,1
13,slack,timed,priority,3512641005,10000,100000,91297,18888,0.017578125,unavailable,0,0,0,0,0,0,0,0,4,0,1
13,slack,timed,priority,3512641005,10000,100000,96621,19483,0.006103516,unavailable,0,0,0,0,0,0,0,0,5,0,1
13,slack,timed,priority,3512641005,10000,100000,97994,19682,0.0078125,unavailable,0,0,0,0,0,0,0,0,5,0,1
13,slack,timed,priority,3512641005,10000,100000,99287,19819,0.0234375,unavailable,0,0,0,0,0,0,0,0,4,0,1
13,slack,diagnostic,priority,3512641005,10000,100000,879,10104,0.018554688,local,8,8,1,0,9,14,1,14,3,0,2
13,slack,diagnostic,priority,3512641005,10000,100000,1490,10179,0.032226562,local,8,8,1,0,9,14,1,14,2,0,3
13,slack,diagnostic,priority,3512641005,10000,100000,2431,10241,0.025878906,local,8,8,1,0,9,14,1,14,2,0,2
13,slack,diagnostic,priority,3512641005,10000,100000,4847,10527,0.105224609,direct,0,0,0,0,0,14,1,14,3,0,1
13,slack,diagnostic,priority,3512641005,10000,100000,6595,10634,0.026367188,direct,0,0,0,0,0,14,1,14,2,0,1
13,slack,diagnostic,priority,3512641005,10000,100000,9654,10932,0.044921875,local,8,8,1,0,9,14,1,14,3,0,3
13,slack,diagnostic,priority,3512641005,10000,100000,15391,11483,0.110351562,direct,0,0,0,0,0,14,1,14,4,0,1
13,slack,diagnostic,priority,3512641005,10000,100000,15392,11483,0.020019531,local,8,8,1,0,9,14,1,14,4,0,2
13,slack,diagnostic,priority,3512641005,10000,100000,21693,12053,0.039794922,local,8,8,1,0,9,14,1,14,3,0,3
13,slack,diagnostic,priority,3512641005,10000,100000,25891,12398,0.093505859,direct,0,0,0,0,0,14,1,14,4,0,1
13,slack,diagnostic,priority,3512641005,10000,100000,34279,13235,0.018310547,local,8,8,1,0,9,14,1,14,3,0,2
13,slack,diagnostic,priority,3512641005,10000,100000,35304,13371,0.104248047,direct,0,0,0,0,0,15,1,15,2,0,1
13,slack,diagnostic,priority,3512641005,10000,100000,35590,13420,0.028808594,direct,0,0,0,0,0,15,1,15,1,0,1
13,slack,diagnostic,priority,3512641005,10000,100000,43095,14044,0.026855469,local,8,8,1,0,9,15,1,15,4,0,3
13,slack,diagnostic,priority,3512641005,10000,100000,45683,14309,0.093994141,direct,0,0,0,0,0,14,1,14,3,0,1
13,slack,diagnostic,priority,3512641005,10000,100000,45924,14347,0.032470703,local,8,8,1,0,9,15,1,15,4,0,3
13,slack,diagnostic,priority,3512641005,10000,100000,49354,14707,0.026123047,local,8,8,1,0,9,14,1,14,3,0,2
13,slack,diagnostic,priority,3512641005,10000,100000,53486,15140,0.01953125,local,8,8,1,0,9,15,1,15,2,0,2
13,slack,diagnostic,priority,3512641005,10000,100000,53979,15196,0.095947266,direct,0,0,0,0,0,15,1,15,3,0,1
13,slack,diagnostic,priority,3512641005,10000,100000,57239,15508,0.040039062,local,8,8,1,0,9,15,1,15,3,0,3
13,slack,diagnostic,priority,3512641005,10000,100000,59858,15747,0.116699219,direct,0,0,0,0,0,15,1,15,2,0,1
13,slack,diagnostic,priority,3512641005,10000,100000,63403,16043,0.023681641,local,8,8,1,0,9,14,1,14,4,0,2
13,slack,diagnostic,priority,3512641005,10000,100000,63854,16108,0.110351562,direct,0,0,0,0,0,16,1,16,2,0,1
13,slack,diagnostic,priority,3512641005,10000,100000,66486,16381,0.01953125,local,8,8,1,0,9,16,1,16,4,0,2
13,slack,diagnostic,priority,3512641005,10000,100000,68911,16626,0.03515625,direct,0,0,0,0,0,14,1,14,5,0,1
13,slack,diagnostic,priority,3512641005,10000,100000,69279,16677,0.106689453,direct,0,0,0,0,0,16,1,16,4,0,1
13,slack,diagnostic,priority,3512641005,10000,100000,70652,16873,0.145263672,local,8,8,1,0,9,15,1,15,5,0,3
13,slack,diagnostic,priority,3512641005,10000,100000,74331,17147,0.029785156,local,8,8,1,0,9,15,1,15,5,0,3
13,slack,diagnostic,priority,3512641005,10000,100000,75171,17219,0.019775391,local,8,8,1,0,9,16,1,16,3,0,2
13,slack,diagnostic,priority,3512641005,10000,100000,75710,17266,0.112060547,local,8,8,1,0,9,15,1,15,4,0,3
13,slack,diagnostic,priority,3512641005,10000,100000,85595,18373,0.020751953,local,8,8,1,0,9,15,1,15,4,0,2
13,slack,diagnostic,priority,3512641005,10000,100000,88456,18615,0.020019531,local,8,8,1,0,9,15,1,15,4,0,2
13,slack,diagnostic,priority,3512641005,10000,100000,89088,18689,0.027587891,local,8,8,1,0,9,14,1,14,3,0,3
13,slack,diagnostic,priority,3512641005,10000,100000,92902,19086,0.059082031,local,8,8,1,0,9,16,1,16,4,0,3
13,slack,diagnostic,priority,3512641005,10000,100000,93133,19125,0.098144531,direct,0,0,0,0,0,15,1,15,4,0,1
13,slack,diagnostic,priority,3512641005,10000,100000,98844,19759,0.021728516,local,8,8,1,0,9,15,1,15,4,0,2
13,slack,diagnostic,priority,3512641005,10000,100000,99345,19816,0.111328125,local,8,8,1,0,9,15,1,15,4,0,3
13,slack,diagnostic,priority,3512641005,10000,100000,99444,19833,0.022460938,local,8,8,1,0,9,15,1,15,5,0,2
14,baseline,timed,random,17,10000,100000,6728,16727,0.043945312,unavailable,0,0,0,0,0,0,0,0,3,0,1
14,baseline,timed,random,17,10000,100000,8834,18833,0.035644531,unavailable,0,0,0,0,0,0,0,0,3,0,1
14,baseline,timed,random,17,10000,100000,13046,23045,0.037353516,unavailable,0,0,0,0,0,0,0,0,3,0,1
14,baseline,timed,random,17,10000,100000,17258,27257,0.038330078,unavailable,0,0,0,0,0,0,0,0,3,0,1
14,baseline,timed,random,17,10000,100000,23576,33575,0.041992188,unavailable,0,0,0,0,0,0,0,0,3,0,1
14,baseline,timed,random,17,10000,100000,29894,39893,0.038085938,unavailable,0,0,0,0,0,0,0,0,3,0,1
14,baseline,timed,random,17,10000,100000,34106,44105,0.04296875,unavailable,0,0,0,0,0,0,0,0,3,0,1
14,baseline,timed,random,17,10000,100000,38318,48317,0.037109375,unavailable,0,0,0,0,0,0,0,0,2,0,1
14,baseline,timed,random,17,10000,100000,44636,54635,0.045166016,unavailable,0,0,0,0,0,0,0,0,3,0,1
14,baseline,timed,random,17,10000,100000,46742,56741,0.039550781,unavailable,0,0,0,0,0,0,0,0,2,0,1
14,baseline,timed,random,17,10000,100000,48848,58847,0.041748047,unavailable,0,0,0,0,0,0,0,0,3,0,1
14,baseline,timed,random,17,10000,100000,55166,65165,0.042236328,unavailable,0,0,0,0,0,0,0,0,3,0,1
14,baseline,timed,random,17,10000,100000,57272,67271,0.039306641,unavailable,0,0,0,0,0,0,0,0,3,0,1
14,baseline,timed,random,17,10000,100000,59378,69377,0.054199219,unavailable,0,0,0,0,0,0,0,0,2,0,1
14,baseline,timed,random,17,10000,100000,63590,73589,0.046630859,unavailable,0,0,0,0,0,0,0,0,3,0,1
14,baseline,timed,random,17,10000,100000,65696,75695,0.040527344,unavailable,0,0,0,0,0,0,0,0,3,0,1
14,baseline,timed,random,17,10000,100000,67802,77801,0.037353516,unavailable,0,0,0,0,0,0,0,0,3,0,1
14,baseline,timed,random,17,10000,100000,74120,84119,0.039306641,unavailable,0,0,0,0,0,0,0,0,2,0,1
14,baseline,timed,random,17,10000,100000,76226,86225,0.045166016,unavailable,0,0,0,0,0,0,0,0,2,0,1
14,baseline,timed,random,17,10000,100000,78332,88331,0.036865234,unavailable,0,0,0,0,0,0,0,0,2,0,1
14,baseline,timed,random,17,10000,100000,84650,94649,0.042480469,unavailable,0,0,0,0,0,0,0,0,3,0,1
14,baseline,timed,random,17,10000,100000,86756,96755,0.036621094,unavailable,0,0,0,0,0,0,0,0,2,0,1
14,baseline,timed,random,17,10000,100000,88862,98861,0.035888672,unavailable,0,0,0,0,0,0,0,0,3,0,1
14,baseline,timed,random,17,10000,100000,97286,107285,0.051025391,unavailable,0,0,0,0,0,0,0,0,3,0,1
14,baseline,timed,random,17,10000,100000,99392,109391,0.043701172,unavailable,0,0,0,0,0,0,0,0,3,0,1
14,baseline,diagnostic,random,17,10000,100000,4731,14730,0.104248047,direct,0,0,0,0,0,14,0,14,3,0,1
14,baseline,diagnostic,random,17,10000,100000,7535,17534,0.237304688,direct,0,0,0,0,0,16,2,16,3,0,1
14,baseline,diagnostic,random,17,10000,100000,9925,19924,0.104736328,direct,0,0,0,0,0,14,0,14,3,0,1
14,baseline,diagnostic,random,17,10000,100000,13073,23072,0.114257812,direct,0,0,0,0,0,14,0,14,3,0,1
14,baseline,diagnostic,random,17,10000,100000,18130,28129,0.096679688,direct,0,0,0,0,0,15,0,15,3,0,1
14,baseline,diagnostic,random,17,10000,100000,22986,32985,0.139648438,direct,0,0,0,0,0,17,2,17,3,0,1
14,baseline,diagnostic,random,17,10000,100000,28315,38314,0.100097656,direct,0,0,0,0,0,14,0,14,3,0,1
14,baseline,diagnostic,random,17,10000,100000,34709,44708,0.101318359,direct,0,0,0,0,0,16,0,16,3,0,1
14,baseline,diagnostic,random,17,10000,100000,39957,49956,0.100097656,direct,0,0,0,0,0,17,1,17,3,0,1
14,baseline,diagnostic,random,17,10000,100000,40952,50951,0.126708984,direct,0,0,0,0,0,15,0,15,3,0,1
14,baseline,diagnostic,random,17,10000,100000,45918,55917,0.095703125,direct,0,0,0,0,0,17,2,17,2,0,1
14,baseline,diagnostic,random,17,10000,100000,52600,62599,0.104736328,direct,0,0,0,0,0,17,0,17,2,0,1
14,baseline,diagnostic,random,17,10000,100000,57515,67514,0.115234375,direct,0,0,0,0,0,16,0,16,2,0,1
14,baseline,diagnostic,random,17,10000,100000,61056,71055,0.103759766,direct,0,0,0,0,0,16,0,16,2,0,1
14,baseline,diagnostic,random,17,10000,100000,64987,74986,0.109619141,direct,0,0,0,0,0,15,0,15,3,0,1
14,baseline,diagnostic,random,17,10000,100000,65215,75214,0.011230469,local,8,8,1,0,9,17,0,17,3,0,2
14,baseline,diagnostic,random,17,10000,100000,69019,79018,0.111572266,direct,0,0,0,0,0,16,0,16,3,0,1
14,baseline,diagnostic,random,17,10000,100000,72078,82077,0.117919922,direct,0,0,0,0,0,16,0,16,2,0,1
14,baseline,diagnostic,random,17,10000,100000,75460,85459,0.009033203,local,8,8,1,0,9,19,2,19,2,0,2
14,baseline,diagnostic,random,17,10000,100000,76300,86299,0.099609375,direct,0,0,0,0,0,17,0,17,3,0,1
14,baseline,diagnostic,random,17,10000,100000,78670,88669,0.012451172,local,8,8,1,0,9,19,2,19,2,0,2
14,baseline,diagnostic,random,17,10000,100000,79658,89657,0.100830078,direct,0,0,0,0,0,15,0,15,3,0,1
14,baseline,diagnostic,random,17,10000,100000,81179,91178,0.103271484,direct,0,0,0,0,0,17,2,17,3,0,1
14,baseline,diagnostic,random,17,10000,100000,84334,94333,0.008056641,local,8,8,1,0,9,18,2,18,3,0,2
14,baseline,diagnostic,random,17,10000,100000,84957,94956,0.1171875,direct,0,0,0,0,0,17,0,17,3,0,1
14,baseline,diagnostic,random,17,10000,100000,88045,98044,0.100585938,direct,0,0,0,0,0,18,1,18,3,0,1
14,baseline,diagnostic,random,17,10000,100000,90391,100390,0.012695312,local,8,8,1,0,9,16,2,16,3,0,2
14,baseline,diagnostic,random,17,10000,100000,92260,102259,0.010009766,local,8,8,1,0,9,17,0,17,4,0,2
14,baseline,diagnostic,random,17,10000,100000,92517,102516,0.125732422,direct,0,0,0,0,0,18,1,18,4,0,1
14,baseline,diagnostic,random,17,10000,100000,93527,103526,0.008056641,local,8,8,1,0,9,15,0,15,3,0,2
14,baseline,diagnostic,random,17,10000,100000,94367,104366,0.018798828,local,16,24,1,1,26,16,0,16,3,0,2
14,baseline,diagnostic,random,17,10000,100000,95731,105730,0.123535156,direct,0,0,0,0,0,18,1,18,3,0,1
14,baseline,diagnostic,random,17,10000,100000,99442,109441,0.123535156,direct,0,0,0,0,0,17,0,17,3,0,1
14,slack,timed,random,17,10000,100000,7494,17493,0.034667969,unavailable,0,0,0,0,0,0,0,0,2,0,1
14,slack,timed,random,17,10000,100000,13812,23811,0.033935547,unavailable,0,0,0,0,0,0,0,0,4,0,1
14,slack,timed,random,17,10000,100000,18024,28023,0.033935547,unavailable,0,0,0,0,0,0,0,0,2,0,1
14,slack,timed,random,17,10000,100000,23396,33395,0.044677734,unavailable,0,0,0,0,0,0,0,0,6,0,1
14,slack,timed,random,17,10000,100000,24342,34341,0.03515625,unavailable,0,0,0,0,0,0,0,0,3,0,1
14,slack,timed,random,17,10000,100000,28554,38553,0.034667969,unavailable,0,0,0,0,0,0,0,0,2,0,1
14,slack,timed,random,17,10000,100000,32766,42765,0.039794922,unavailable,0,0,0,0,0,0,0,0,5,0,1
14,slack,timed,random,17,10000,100000,34872,44871,0.034912109,unavailable,0,0,0,0,0,0,0,0,6,0,1
14,slack,timed,random,17,10000,100000,36978,46977,0.035400391,unavailable,0,0,0,0,0,0,0,0,5,0,1
14,slack,timed,random,17,10000,100000,45402,55401,0.034667969,unavailable,0,0,0,0,0,0,0,0,2,0,1
14,slack,timed,random,17,10000,100000,49614,59613,0.034667969,unavailable,0,0,0,0,0,0,0,0,3,0,1
14,slack,timed,random,17,10000,100000,53826,63825,0.034912109,unavailable,0,0,0,0,0,0,0,0,2,0,1
14,slack,timed,random,17,10000,100000,55932,65931,0.03515625,unavailable,0,0,0,0,0,0,0,0,2,0,1
14,slack,timed,random,17,10000,100000,58038,68037,0.035644531,unavailable,0,0,0,0,0,0,0,0,3,0,1
14,slack,timed,random,17,10000,100000,66462,76461,0.034179688,unavailable,0,0,0,0,0,0,0,0,3,0,1
14,slack,timed,random,17,10000,100000,68568,78567,0.034667969,unavailable,0,0,0,0,0,0,0,0,4,0,1
14,slack,timed,random,17,10000,100000,72780,82779,0.0390625,unavailable,0,0,0,0,0,0,0,0,5,0,1
14,slack,timed,random,17,10000,100000,74886,84885,0.034912109,unavailable,0,0,0,0,0,0,0,0,4,0,1
14,slack,timed,random,17,10000,100000,76992,86991,0.035400391,unavailable,0,0,0,0,0,0,0,0,2,0,1
14,slack,timed,random,17,10000,100000,79098,89097,0.033691406,unavailable,0,0,0,0,0,0,0,0,2,0,1
14,slack,timed,random,17,10000,100000,80733,90732,0.084228516,unavailable,0,0,0,0,0,0,0,0,6,0,1
14,slack,timed,random,17,10000,100000,85416,95415,0.037597656,unavailable,0,0,0,0,0,0,0,0,4,0,1
14,slack,timed,random,17,10000,100000,95946,105945,0.051269531,unavailable,0,0,0,0,0,0,0,0,3,0,1
14,slack,timed,random,17,10000,100000,98052,108051,0.03515625,unavailable,0,0,0,0,0,0,0,0,3,0,1
14,slack,timed,random,17,10000,100000,98817,108816,0.038574219,unavailable,0,0,0,0,0,0,0,0,5,0,1
14,slack,diagnostic,random,17,10000,100000,79,10078,0.097900391,direct,0,0,0,0,0,14,0,14,3,0,1
14,slack,diagnostic,random,17,10000,100000,5350,15349,0.095947266,direct,0,0,0,0,0,14,2,14,2,0,1
14,slack,diagnostic,random,17,10000,100000,9067,19066,0.069335938,direct,0,0,0,0,0,14,1,14,3,0,1
14,slack,diagnostic,random,17,10000,100000,12899,22898,0.108398438,direct,0,0,0,0,0,15,1,15,3,0,1
14,slack,diagnostic,random,17,10000,100000,13900,23899,0.017089844,local,8,8,1,0,9,15,0,15,6,0,2
14,slack,diagnostic,random,17,10000,100000,18948,28947,0.096191406,direct,0,0,0,0,0,15,0,15,3,0,1
14,slack,diagnostic,random,17,10000,100000,20323,30322,0.151123047,direct,0,0,0,0,0,16,2,16,2,0,1
14,slack,diagnostic,random,17,10000,100000,23396,33395,0.113525391,local,64,120,1,3,65,15,0,15,6,0,3
14,slack,diagnostic,random,17,10000,100000,25340,35339,0.135498047,direct,0,0,0,0,0,16,2,16,3,0,1
14,slack,diagnostic,random,17,10000,100000,28687,38686,0.015869141,local,8,8,1,0,9,17,2,17,5,0,2
14,slack,diagnostic,random,17,10000,100000,29706,39705,0.118408203,direct,0,0,0,0,0,16,1,16,2,0,1
14,slack,diagnostic,random,17,10000,100000,32832,42831,0.043457031,local,8,8,1,0,9,16,1,16,3,0,2
14,slack,diagnostic,random,17,10000,100000,41771,51770,0.015625,local,8,8,1,0,9,15,0,15,6,0,2
14,slack,diagnostic,random,17,10000,100000,48425,58424,0.041259766,local,8,8,1,0,9,16,0,16,3,0,2
14,slack,diagnostic,random,17,10000,100000,49305,59304,0.018798828,local,8,8,1,0,9,17,2,17,6,0,2
14,slack,diagnostic,random,17,10000,100000,50279,60278,0.018066406,local,8,8,1,0,9,15,0,15,6,0,2
14,slack,diagnostic,random,17,10000,100000,52638,62637,0.051513672,direct,0,0,0,0,0,16,0,16,5,0,1
14,slack,diagnostic,random,17,10000,100000,52848,62847,0.056396484,direct,0,0,0,0,0,16,0,16,3,0,1
14,slack,diagnostic,random,17,10000,100000,56114,66113,0.056396484,direct,0,0,0,0,0,16,1,16,4,0,1
14,slack,diagnostic,random,17,10000,100000,56124,66123,0.060302734,direct,0,0,0,0,0,15,0,15,4,0,1
14,slack,diagnostic,random,17,10000,100000,57519,67518,0.055175781,direct,0,0,0,0,0,17,2,17,3,0,1
14,slack,diagnostic,random,17,10000,100000,58327,68326,0.065673828,direct,0,0,0,0,0,16,0,16,5,0,1
14,slack,diagnostic,random,17,10000,100000,58695,68694,0.07421875,direct,0,0,0,0,0,17,2,17,2,0,1
14,slack,diagnostic,random,17,10000,100000,58924,68923,0.057373047,direct,0,0,0,0,0,15,0,15,2,0,1
14,slack,diagnostic,random,17,10000,100000,59095,69094,0.248535156,direct,0,0,0,0,0,16,0,16,4,0,1
14,slack,diagnostic,random,17,10000,100000,63449,73448,0.016113281,local,8,8,1,0,9,18,2,18,6,0,2
14,slack,diagnostic,random,17,10000,100000,63796,73795,0.047851562,direct,0,0,0,0,0,16,2,16,3,0,1
14,slack,diagnostic,random,17,10000,100000,64888,74887,0.056152344,direct,0,0,0,0,0,17,0,17,4,0,1
14,slack,diagnostic,random,17,10000,100000,65058,75057,0.057373047,direct,0,0,0,0,0,17,2,17,5,0,1
14,slack,diagnostic,random,17,10000,100000,67072,77071,0.049804688,local,8,8,1,0,9,15,0,15,5,0,3
14,slack,diagnostic,random,17,10000,100000,67354,77353,0.048828125,direct,0,0,0,0,0,18,2,18,2,0,1
14,slack,diagnostic,random,17,10000,100000,76528,86527,0.015869141,local,8,8,1,0,9,17,0,17,5,0,2
14,slack,diagnostic,random,17,10000,100000,77188,87187,0.275390625,direct,0,0,0,0,0,16,0,16,5,0,1
14,slack,diagnostic,random,17,10000,100000,80652,90651,0.015625,local,8,8,1,0,9,16,0,16,6,0,2
14,slack,diagnostic,random,17,10000,100000,80733,90732,0.176757812,local,128,248,1,4,129,16,0,16,6,0,3
14,slack,diagnostic,random,17,10000,100000,83930,93929,0.018554688,local,8,8,1,0,9,18,2,18,5,0,2
14,slack,diagnostic,random,17,10000,100000,87430,97429,0.016601562,local,8,8,1,0,9,17,0,17,6,0,2
14,slack,diagnostic,random,17,10000,100000,90083,100082,0.021972656,local,8,8,1,0,9,17,1,17,6,0,2
14,slack,diagnostic,random,17,10000,100000,90269,100268,0.016845703,local,8,8,1,0,9,17,0,17,6,0,2
14,slack,diagnostic,random,17,10000,100000,90332,100331,0.016113281,local,8,8,1,0,9,16,0,16,6,0,2
14,slack,diagnostic,random,17,10000,100000,91015,101014,0.016601562,local,8,8,1,0,9,16,0,16,6,0,2
14,slack,diagnostic,random,17,10000,100000,91228,101227,0.015625,local,8,8,1,0,9,16,0,16,6,0,2
14,slack,diagnostic,random,17,10000,100000,93960,103959,0.017089844,local,8,8,1,0,9,18,1,18,6,0,2
14,slack,diagnostic,random,17,10000,100000,95134,105133,0.015380859,local,8,8,1,0,9,17,1,17,6,0,2
14,slack,diagnostic,random,17,10000,100000,97251,107250,0.018554688,local,8,8,1,0,9,16,0,16,6,0,2
14,slack,diagnostic,random,17,10000,100000,97293,107292,0.015380859,local,8,8,1,0,9,17,2,17,6,0,2
14,slack,diagnostic,random,17,10000,100000,99081,109080,0.016113281,local,8,8,1,0,9,17,2,17,6,0,2
15,baseline,timed,duplicates,17,10000,100000,13303,23302,0.27734375,unavailable,0,0,0,0,0,0,0,0,1,0,1
15,baseline,timed,duplicates,17,10000,100000,16101,26100,0.25390625,unavailable,0,0,0,0,0,0,0,0,1,0,1
15,baseline,timed,duplicates,17,10000,100000,34641,44640,0.131835938,unavailable,0,0,0,0,0,0,0,0,1,0,1
15,baseline,timed,duplicates,17,10000,100000,36870,46869,0.124755859,unavailable,0,0,0,0,0,0,0,0,1,0,1
15,baseline,timed,duplicates,17,10000,100000,42146,52145,0.844482422,unavailable,0,0,0,0,0,0,0,0,1,0,1
15,baseline,timed,duplicates,17,10000,100000,43413,53412,1.875,unavailable,0,0,0,0,0,0,0,0,1,0,1
15,baseline,timed,duplicates,17,10000,100000,62386,72385,0.885253906,unavailable,0,0,0,0,0,0,0,0,1,0,1
15,baseline,timed,duplicates,17,10000,100000,64267,74266,3.948974609,unavailable,0,0,0,0,0,0,0,0,1,0,1
15,baseline,timed,duplicates,17,10000,100000,65217,75216,0.135253906,unavailable,0,0,0,0,0,0,0,0,2,0,1
15,baseline,timed,duplicates,17,10000,100000,65681,75680,1.011962891,unavailable,0,0,0,0,0,0,0,0,1,0,1
15,baseline,timed,duplicates,17,10000,100000,66384,76383,0.987060547,unavailable,0,0,0,0,0,0,0,0,1,0,1
15,baseline,timed,duplicates,17,10000,100000,66608,76607,1.037353516,unavailable,0,0,0,0,0,0,0,0,1,0,1
15,baseline,timed,duplicates,17,10000,100000,66983,76982,1.166503906,unavailable,0,0,0,0,0,0,0,0,1,0,1
15,baseline,timed,duplicates,17,10000,100000,68834,78833,0.126464844,unavailable,0,0,0,0,0,0,0,0,1,0,1
15,baseline,timed,duplicates,17,10000,100000,69340,79339,1.100585938,unavailable,0,0,0,0,0,0,0,0,1,0,1
15,baseline,timed,duplicates,17,10000,100000,70419,80418,1.092773438,unavailable,0,0,0,0,0,0,0,0,1,0,1
15,baseline,timed,duplicates,17,10000,100000,75267,85266,0.134277344,unavailable,0,0,0,0,0,0,0,0,3,0,1
15,baseline,timed,duplicates,17,10000,100000,80763,90762,0.126464844,unavailable,0,0,0,0,0,0,0,0,1,0,1
15,baseline,timed,duplicates,17,10000,100000,80855,90854,0.125732422,unavailable,0,0,0,0,0,0,0,0,1,0,1
15,baseline,timed,duplicates,17,10000,100000,81185,91184,0.136230469,unavailable,0,0,0,0,0,0,0,0,1,0,1
15,baseline,timed,duplicates,17,10000,100000,81639,91638,0.135253906,unavailable,0,0,0,0,0,0,0,0,1,0,1
15,baseline,timed,duplicates,17,10000,100000,81907,91906,0.132080078,unavailable,0,0,0,0,0,0,0,0,1,0,1
15,baseline,timed,duplicates,17,10000,100000,82264,92263,0.263671875,unavailable,0,0,0,0,0,0,0,0,1,0,1
15,baseline,timed,duplicates,17,10000,100000,83356,93355,0.124267578,unavailable,0,0,0,0,0,0,0,0,1,0,1
15,baseline,timed,duplicates,17,10000,100000,87913,97912,0.137695312,unavailable,0,0,0,0,0,0,0,0,1,0,1
15,baseline,diagnostic,duplicates,17,10000,100000,13303,23302,0.432128906,large,512,1016,1,6,1023,16,1,16,1,0,3
15,baseline,diagnostic,duplicates,17,10000,100000,16101,26100,0.275878906,large,512,1016,1,6,1023,16,2,16,1,0,3
15,baseline,diagnostic,duplicates,17,10000,100000,42146,52145,1.140625,large,2048,4088,1,8,4097,17,1,17,1,0,3
15,baseline,diagnostic,duplicates,17,10000,100000,43413,53412,2.172119141,large,4096,8184,1,9,8194,17,2,17,1,0,3
15,baseline,diagnostic,duplicates,17,10000,100000,62386,72385,1.207275391,large,2048,4088,1,8,4097,17,1,17,1,0,3
15,baseline,diagnostic,duplicates,17,10000,100000,64267,74266,5.100585938,large,8192,16376,1,10,16387,16,1,16,1,0,3
15,baseline,diagnostic,duplicates,17,10000,100000,65681,75680,1.224365234,large,2048,4088,1,8,4097,17,1,17,1,0,3
15,baseline,diagnostic,duplicates,17,10000,100000,66384,76383,1.236328125,large,2048,4088,1,8,4097,18,1,18,1,0,3
15,baseline,diagnostic,duplicates,17,10000,100000,66608,76607,1.248291016,large,2048,4088,1,8,4097,17,1,17,1,0,3
15,baseline,diagnostic,duplicates,17,10000,100000,66983,76982,1.258300781,large,2048,4088,1,8,4097,17,2,17,1,0,3
15,baseline,diagnostic,duplicates,17,10000,100000,69340,79339,1.309326172,large,2048,4088,1,8,4097,17,1,17,1,0,3
15,baseline,diagnostic,duplicates,17,10000,100000,70419,80418,1.242431641,large,2048,4088,1,8,4097,17,1,17,1,0,3
15,baseline,diagnostic,duplicates,17,10000,100000,76042,86041,0.165283203,large,256,504,1,5,510,17,2,17,1,0,3
15,baseline,diagnostic,duplicates,17,10000,100000,80763,90762,0.178710938,large,256,504,1,5,510,17,1,17,1,0,3
15,baseline,diagnostic,duplicates,17,10000,100000,80855,90854,0.154541016,large,256,504,1,5,510,18,1,18,1,0,3
15,baseline,diagnostic,duplicates,17,10000,100000,81185,91184,0.153564453,large,256,504,1,5,510,16,1,16,1,0,3
15,baseline,diagnostic,duplicates,17,10000,100000,81490,91489,0.158447266,large,256,504,1,5,510,17,1,17,1,0,3
15,baseline,diagnostic,duplicates,17,10000,100000,81554,91553,0.155273438,large,256,504,1,5,510,17,1,17,1,0,3
15,baseline,diagnostic,duplicates,17,10000,100000,81639,91638,0.159912109,large,256,504,1,5,510,17,1,17,1,0,3
15,baseline,diagnostic,duplicates,17,10000,100000,81907,91906,0.176025391,large,256,504,1,5,510,17,2,17,1,0,3
15,baseline,diagnostic,duplicates,17,10000,100000,82118,92117,0.158447266,large,256,504,1,5,510,16,1,16,1,0,3
15,baseline,diagnostic,duplicates,17,10000,100000,83356,93355,0.161865234,large,256,504,1,5,510,17,1,17,1,0,3
15,baseline,diagnostic,duplicates,17,10000,100000,95161,105160,0.196777344,large,256,504,1,5,510,17,1,17,1,0,3
15,baseline,diagnostic,duplicates,17,10000,100000,97333,107332,0.171386719,large,256,504,1,5,510,17,1,17,1,0,3
15,baseline,diagnostic,duplicates,17,10000,100000,98606,108605,0.177978516,large,256,504,1,5,510,18,1,18,1,0,3
15,slack,timed,duplicates,17,10000,100000,1094,11093,0.094482422,unavailable,0,0,0,0,0,0,0,0,5,0,1
15,slack,timed,duplicates,17,10000,100000,4972,14971,0.099853516,unavailable,0,0,0,0,0,0,0,0,6,0,1
15,slack,timed,duplicates,17,10000,100000,8625,18624,0.098876953,unavailable,0,0,0,0,0,0,0,0,6,0,1
15,slack,timed,duplicates,17,10000,100000,12997,22996,0.098388672,unavailable,0,0,0,0,0,0,0,0,4,0,1
15,slack,timed,duplicates,17,10000,100000,17579,27578,0.093505859,unavailable,0,0,0,0,0,0,0,0,6,0,1
15,slack,timed,duplicates,17,10000,100000,20155,30154,0.111083984,unavailable,0,0,0,0,0,0,0,0,5,0,1
15,slack,timed,duplicates,17,10000,100000,24678,34677,0.106445312,unavailable,0,0,0,0,0,0,0,0,6,0,1
15,slack,timed,duplicates,17,10000,100000,37049,47048,0.109130859,unavailable,0,0,0,0,0,0,0,0,5,0,1
15,slack,timed,duplicates,17,10000,100000,43158,53157,0.118652344,unavailable,0,0,0,0,0,0,0,0,6,0,1
15,slack,timed,duplicates,17,10000,100000,46473,56472,0.095703125,unavailable,0,0,0,0,0,0,0,0,1,0,1
15,slack,timed,duplicates,17,10000,100000,51714,61713,0.098876953,unavailable,0,0,0,0,0,0,0,0,6,0,1
15,slack,timed,duplicates,17,10000,100000,55729,65728,0.096435547,unavailable,0,0,0,0,0,0,0,0,2,0,1
15,slack,timed,duplicates,17,10000,100000,59298,69297,0.108642578,unavailable,0,0,0,0,0,0,0,0,4,0,1
15,slack,timed,duplicates,17,10000,100000,61263,71262,0.104492188,unavailable,0,0,0,0,0,0,0,0,5,0,1
15,slack,timed,duplicates,17,10000,100000,64557,74556,0.097167969,unavailable,0,0,0,0,0,0,0,0,6,0,1
15,slack,timed,duplicates,17,10000,100000,68401,78400,0.096679688,unavailable,0,0,0,0,0,0,0,0,4,0,1
15,slack,timed,duplicates,17,10000,100000,70472,80471,0.124511719,unavailable,0,0,0,0,0,0,0,0,5,0,1
15,slack,timed,duplicates,17,10000,100000,74466,84465,0.100097656,unavailable,0,0,0,0,0,0,0,0,5,0,1
15,slack,timed,duplicates,17,10000,100000,77383,87382,0.100341797,unavailable,0,0,0,0,0,0,0,0,5,0,1
15,slack,timed,duplicates,17,10000,100000,80610,90609,0.102050781,unavailable,0,0,0,0,0,0,0,0,5,0,1
15,slack,timed,duplicates,17,10000,100000,84121,94120,0.125244141,unavailable,0,0,0,0,0,0,0,0,5,0,1
15,slack,timed,duplicates,17,10000,100000,87330,97329,0.096679688,unavailable,0,0,0,0,0,0,0,0,3,0,1
15,slack,timed,duplicates,17,10000,100000,90556,100555,0.126464844,unavailable,0,0,0,0,0,0,0,0,4,0,1
15,slack,timed,duplicates,17,10000,100000,94169,104168,0.100585938,unavailable,0,0,0,0,0,0,0,0,4,0,1
15,slack,timed,duplicates,17,10000,100000,97564,107563,0.114257812,unavailable,0,0,0,0,0,0,0,0,5,0,1
15,slack,diagnostic,duplicates,17,10000,100000,21491,31490,0.056396484,local,8,8,1,0,9,15,1,15,6,0,1
15,slack,diagnostic,duplicates,17,10000,100000,25377,35376,0.053222656,local,8,8,1,0,9,17,1,17,5,0,1
15,slack,diagnostic,duplicates,17,10000,100000,26528,36527,0.020263672,local,16,24,1,1,17,16,1,16,3,0,2
15,slack,diagnostic,duplicates,17,10000,100000,28512,38511,0.056884766,local,8,8,1,0,9,15,1,15,6,0,1
15,slack,diagnostic,duplicates,17,10000,100000,32272,42271,0.059570312,local,8,8,1,0,9,16,1,16,6,0,1
15,slack,diagnostic,duplicates,17,10000,100000,40121,50120,0.027587891,local,16,24,1,1,17,16,1,16,4,0,2
15,slack,diagnostic,duplicates,17,10000,100000,43671,53670,0.058837891,local,8,8,1,0,9,16,1,16,6,0,1
15,slack,diagnostic,duplicates,17,10000,100000,44926,54925,0.020263672,local,16,24,1,1,17,16,2,16,4,0,2
15,slack,diagnostic,duplicates,17,10000,100000,51367,61366,0.048095703,local,8,8,1,0,9,16,1,16,6,0,1
15,slack,diagnostic,duplicates,17,10000,100000,54451,64450,0.020507812,local,16,24,1,1,17,17,1,17,4,0,2
15,slack,diagnostic,duplicates,17,10000,100000,54676,64675,0.052246094,local,16,24,1,1,17,16,1,16,3,0,3
15,slack,diagnostic,duplicates,17,10000,100000,55681,65680,0.072265625,local,8,8,1,0,9,17,1,17,6,0,1
15,slack,diagnostic,duplicates,17,10000,100000,56257,66256,0.020263672,local,16,24,1,1,17,17,1,17,4,0,2
15,slack,diagnostic,duplicates,17,10000,100000,56991,66990,0.060058594,local,8,8,1,0,9,17,2,17,3,0,1
15,slack,diagnostic,duplicates,17,10000,100000,57519,67518,0.054931641,direct,0,0,0,0,0,17,1,17,6,0,1
15,slack,diagnostic,duplicates,17,10000,100000,58924,68923,0.069091797,direct,0,0,0,0,0,17,1,17,4,0,1
15,slack,diagnostic,duplicates,17,10000,100000,59107,69106,0.056152344,local,8,8,1,0,9,17,1,17,4,0,1
15,slack,diagnostic,duplicates,17,10000,100000,61320,71319,0.083251953,local,8,8,1,0,9,17,1,17,5,0,1
15,slack,diagnostic,duplicates,17,10000,100000,61734,71733,0.049072266,direct,0,0,0,0,0,17,1,17,4,0,1
15,slack,diagnostic,duplicates,17,10000,100000,62471,72470,0.070556641,local,8,8,1,0,9,18,1,18,4,0,1
15,slack,diagnostic,duplicates,17,10000,100000,63684,73683,0.056396484,direct,0,0,0,0,0,17,1,17,6,0,1
15,slack,diagnostic,duplicates,17,10000,100000,64544,74543,0.072509766,local,8,8,1,0,9,18,1,18,6,0,1
15,slack,diagnostic,duplicates,17,10000,100000,64966,74965,0.056640625,direct,0,0,0,0,0,17,2,17,6,0,1
15,slack,diagnostic,duplicates,17,10000,100000,65231,75230,0.064697266,local,8,8,1,0,9,17,1,17,6,0,1
15,slack,diagnostic,duplicates,17,10000,100000,67522,77521,0.075195312,local,16,24,1,1,17,18,1,18,3,0,3
15,slack,diagnostic,duplicates,17,10000,100000,68250,78249,0.020263672,local,16,24,1,1,17,16,1,16,4,0,2
15,slack,diagnostic,duplicates,17,10000,100000,68608,78607,0.020507812,local,16,24,1,1,17,17,1,17,4,0,2
15,slack,diagnostic,duplicates,17,10000,100000,68776,78775,0.052734375,direct,0,0,0,0,0,16,2,16,6,0,1
15,slack,diagnostic,duplicates,17,10000,100000,69559,79558,0.020751953,local,16,24,1,1,17,16,1,16,4,0,2
15,slack,diagnostic,duplicates,17,10000,100000,72708,82707,0.08203125,direct,0,0,0,0,0,17,1,17,6,0,1
15,slack,diagnostic,duplicates,17,10000,100000,73410,83409,0.020263672,local,16,24,1,1,17,17,1,17,4,0,2
15,slack,diagnostic,duplicates,17,10000,100000,77249,87248,0.049072266,direct,0,0,0,0,0,17,1,17,6,0,1
15,slack,diagnostic,duplicates,17,10000,100000,78292,88291,0.020996094,local,16,24,1,1,17,17,1,17,4,0,2
15,slack,diagnostic,duplicates,17,10000,100000,78533,88532,0.020263672,local,16,24,1,1,17,17,1,17,4,0,2
15,slack,diagnostic,duplicates,17,10000,100000,78866,88865,0.020751953,local,16,24,1,1,17,16,2,16,4,0,2
15,slack,diagnostic,duplicates,17,10000,100000,80895,90894,0.020751953,local,16,24,1,1,17,16,1,16,4,0,2
15,slack,diagnostic,duplicates,17,10000,100000,85404,95403,0.057128906,local,8,8,1,0,9,17,1,17,5,0,1
15,slack,diagnostic,duplicates,17,10000,100000,85553,95552,0.020263672,local,16,24,1,1,17,17,1,17,4,0,2
15,slack,diagnostic,duplicates,17,10000,100000,86755,96754,0.044433594,local,16,24,1,1,17,17,1,17,3,0,2
15,slack,diagnostic,duplicates,17,10000,100000,87652,97651,0.020507812,local,16,24,1,1,17,16,2,16,4,0,2
15,slack,diagnostic,duplicates,17,10000,100000,88684,98683,0.053710938,local,8,8,1,0,9,17,2,17,5,0,1
15,slack,diagnostic,duplicates,17,10000,100000,90448,100447,0.020507812,local,16,24,1,1,17,17,1,17,4,0,2
15,slack,diagnostic,duplicates,17,10000,100000,90640,100639,0.022949219,local,16,24,1,1,17,16,1,16,4,0,2
15,slack,diagnostic,duplicates,17,10000,100000,93941,103940,0.021240234,local,16,24,1,1,17,17,1,17,4,0,2
15,slack,diagnostic,duplicates,17,10000,100000,94587,104586,0.020507812,local,16,24,1,1,17,17,1,17,4,0,2
15,slack,diagnostic,duplicates,17,10000,100000,96898,106897,0.020263672,local,16,24,1,1,17,17,1,17,4,0,2
15,slack,diagnostic,duplicates,17,10000,100000,97243,107242,0.020507812,local,16,24,1,1,17,17,2,17,4,0,2
15,slack,diagnostic,duplicates,17,10000,100000,98705,108704,0.020263672,local,16,24,1,1,17,17,2,17,4,0,2
16,baseline,timed,alternating,17,10000,100000,15340,25339,6.441650391,unavailable,0,0,0,0,0,0,0,0,1,0,1
16,baseline,timed,alternating,17,10000,100000,19494,29493,6.718505859,unavailable,0,0,0,0,0,0,0,0,1,0,1
16,baseline,timed,alternating,17,10000,100000,21650,31649,6.470947266,unavailable,0,0,0,0,0,0,0,0,1,0,1
16,baseline,timed,alternating,17,10000,100000,22720,32719,6.572509766,unavailable,0,0,0,0,0,0,0,0,1,0,1
16,baseline,timed,alternating,17,10000,100000,23712,33711,13.847167969,unavailable,0,0,0,0,0,0,0,0,1,0,1
16,baseline,timed,alternating,17,10000,100000,32116,42115,13.218017578,unavailable,0,0,0,0,0,0,0,0,1,0,1
16,baseline,timed,alternating,17,10000,100000,35216,45215,13.189453125,unavailable,0,0,0,0,0,0,0,0,1,0,1
16,baseline,timed,alternating,17,10000,100000,37876,47875,13.185546875,unavailable,0,0,0,0,0,0,0,0,1,0,1
16,baseline,timed,alternating,17,10000,100000,39214,49213,12.99609375,unavailable,0,0,0,0,0,0,0,0,1,0,1
16,baseline,timed,alternating,17,10000,100000,39828,49827,12.989257812,unavailable,0,0,0,0,0,0,0,0,1,0,1
16,baseline,timed,alternating,17,10000,100000,40080,50079,13.615234375,unavailable,0,0,0,0,0,0,0,0,1,0,1
16,baseline,timed,alternating,17,10000,100000,40206,50205,13.288574219,unavailable,0,0,0,0,0,0,0,0,1,0,1
16,baseline,timed,alternating,17,10000,100000,40332,50331,22.595458984,unavailable,0,0,0,0,0,0,0,0,4,0,1
16,baseline,timed,alternating,17,10000,100000,53698,63697,12.406005859,unavailable,0,0,0,0,0,0,0,0,1,0,1
16,baseline,timed,alternating,17,10000,100000,75828,85827,12.842529297,unavailable,0,0,0,0,0,0,0,0,1,0,1
16,baseline,timed,alternating,17,10000,100000,86704,96703,13.310302734,unavailable,0,0,0,0,0,0,0,0,1,0,1
16,baseline,timed,alternating,17,10000,100000,90796,100795,7.129638672,unavailable,0,0,0,0,0,0,0,0,1,0,1
16,baseline,timed,alternating,17,10000,100000,92134,102133,13.760498047,unavailable,0,0,0,0,0,0,0,0,1,0,1
16,baseline,timed,alternating,17,10000,100000,93472,103471,6.437011719,unavailable,0,0,0,0,0,0,0,0,1,0,1
16,baseline,timed,alternating,17,10000,100000,94842,104841,13.346679688,unavailable,0,0,0,0,0,0,0,0,1,0,1
16,baseline,timed,alternating,17,10000,100000,96196,106195,13.334716797,unavailable,0,0,0,0,0,0,0,0,1,0,1
16,baseline,timed,alternating,17,10000,100000,96826,106825,13.08203125,unavailable,0,0,0,0,0,0,0,0,1,0,1
16,baseline,timed,alternating,17,10000,100000,97188,107187,12.836425781,unavailable,0,0,0,0,0,0,0,0,1,0,1
16,baseline,timed,alternating,17,10000,100000,97314,107313,12.682617188,unavailable,0,0,0,0,0,0,0,0,1,0,1
16,baseline,timed,alternating,17,10000,100000,97440,107439,27.602539062,unavailable,0,0,0,0,0,0,0,0,1,0,1
16,baseline,diagnostic,alternating,17,10000,100000,23712,33711,16.321044922,large,32768,65528,1,12,65541,19,1,19,1,0,3
16,baseline,diagnostic,alternating,17,10000,100000,32116,42115,16.39453125,large,32768,65528,1,12,65541,19,1,19,1,0,3
16,baseline,diagnostic,alternating,17,10000,100000,35216,45215,16.955078125,large,32768,65528,1,12,65541,19,1,19,1,0,3
16,baseline,diagnostic,alternating,17,10000,100000,37876,47875,16.727294922,large,32768,65528,1,12,65541,19,2,19,1,0,3
16,baseline,diagnostic,alternating,17,10000,100000,39214,49213,16.525634766,large,32768,65528,1,12,65541,19,2,19,1,0,3
16,baseline,diagnostic,alternating,17,10000,100000,39828,49827,15.986816406,large,32768,65528,1,12,65541,19,2,19,1,0,3
16,baseline,diagnostic,alternating,17,10000,100000,40080,50079,17.561035156,large,32768,65528,1,12,65541,19,2,19,1,0,3
16,baseline,diagnostic,alternating,17,10000,100000,40206,50205,15.970947266,large,32768,65528,1,12,65541,19,2,19,1,0,3
16,baseline,diagnostic,alternating,17,10000,100000,40332,50331,31.239013672,full,50331,115859,1,13,115873,19,1,19,4,1,7
16,baseline,diagnostic,alternating,17,10000,100000,53698,63697,16.455078125,large,32768,65528,1,12,65541,20,2,20,1,0,3
16,baseline,diagnostic,alternating,17,10000,100000,70240,80239,7.882324219,large,16384,32760,1,11,32772,20,1,20,1,0,3
16,baseline,diagnostic,alternating,17,10000,100000,75828,85827,16.181152344,large,32768,65528,1,12,65541,20,2,20,1,0,3
16,baseline,diagnostic,alternating,17,10000,100000,81258,91257,7.883789062,large,16384,32760,1,11,32772,21,2,21,1,0,3
16,baseline,diagnostic,alternating,17,10000,100000,85366,95365,8.690185547,large,16384,32760,1,11,32772,21,1,21,1,0,3
16,baseline,diagnostic,alternating,17,10000,100000,86090,96089,9.211181641,large,16384,32760,1,11,32772,21,2,21,1,0,3
16,baseline,diagnostic,alternating,17,10000,100000,86704,96703,17.546630859,large,32768,65528,1,12,65541,21,2,21,1,0,3
16,baseline,diagnostic,alternating,17,10000,100000,89458,99457,7.934814453,large,16384,32760,1,11,32772,21,2,21,1,0,3
16,baseline,diagnostic,alternating,17,10000,100000,90796,100795,7.974853516,large,16384,32760,1,11,32772,21,1,21,1,0,3
16,baseline,diagnostic,alternating,17,10000,100000,92134,102133,17.387939453,large,32768,65528,1,12,65541,21,2,21,1,0,3
16,baseline,diagnostic,alternating,17,10000,100000,94842,104841,17.331054688,large,32768,65528,1,12,65541,21,2,21,1,0,3
16,baseline,diagnostic,alternating,17,10000,100000,96196,106195,16.473388672,large,32768,65528,1,12,65541,21,2,21,1,0,3
16,baseline,diagnostic,alternating,17,10000,100000,96826,106825,16.535400391,large,32768,65528,1,12,65541,21,1,21,1,0,3
16,baseline,diagnostic,alternating,17,10000,100000,97188,107187,15.611328125,large,32768,65528,1,12,65541,21,2,21,1,0,3
16,baseline,diagnostic,alternating,17,10000,100000,97314,107313,16.375488281,large,32768,65528,1,12,65541,21,1,21,1,0,3
16,baseline,diagnostic,alternating,17,10000,100000,97440,107439,39.337890625,large,65536,131064,1,13,131078,21,1,21,1,0,3
16,slack,timed,alternating,17,10000,100000,9216,19215,5.000732422,unavailable,0,0,0,0,0,0,0,0,6,0,1
16,slack,timed,alternating,17,10000,100000,13959,23958,4.612304688,unavailable,0,0,0,0,0,0,0,0,6,0,1
16,slack,timed,alternating,17,10000,100000,16435,26434,4.605712891,unavailable,0,0,0,0,0,0,0,0,6,0,1
16,slack,timed,alternating,17,10000,100000,18026,28025,4.442871094,unavailable,0,0,0,0,0,0,0,0,6,0,1
16,slack,timed,alternating,17,10000,100000,18501,28500,4.229980469,unavailable,0,0,0,0,0,0,0,0,6,0,1
16,slack,timed,alternating,17,10000,100000,18671,28670,3.959228516,unavailable,0,0,0,0,0,0,0,0,6,0,1
16,slack,timed,alternating,17,10000,100000,18711,28710,3.843505859,unavailable,0,0,0,0,0,0,0,0,6,0,1
16,slack,timed,alternating,17,10000,100000,18716,28715,5.096679688,unavailable,0,0,0,0,0,0,0,0,2,0,1
16,slack,timed,alternating,17,10000,100000,37916,47915,4.340332031,unavailable,0,0,0,0,0,0,0,0,6,0,1
16,slack,timed,alternating,17,10000,100000,42659,52658,4.204833984,unavailable,0,0,0,0,0,0,0,0,6,0,1
16,slack,timed,alternating,17,10000,100000,45135,55134,4.162597656,unavailable,0,0,0,0,0,0,0,0,6,0,1
16,slack,timed,alternating,17,10000,100000,46726,56725,4.447021484,unavailable,0,0,0,0,0,0,0,0,6,0,1
16,slack,timed,alternating,17,10000,100000,47201,57200,4.172851562,unavailable,0,0,0,0,0,0,0,0,6,0,1
16,slack,timed,alternating,17,10000,100000,47371,57370,3.817138672,unavailable,0,0,0,0,0,0,0,0,6,0,1
16,slack,timed,alternating,17,10000,100000,47411,57410,3.667480469,unavailable,0,0,0,0,0,0,0,0,6,0,1
16,slack,timed,alternating,17,10000,100000,47416,57415,6.348632812,unavailable,0,0,0,0,0,0,0,0,2,0,1
16,slack,timed,alternating,17,10000,100000,66598,76597,4.587158203,unavailable,0,0,0,0,0,0,0,0,6,0,1
16,slack,timed,alternating,17,10000,100000,71341,81340,4.033691406,unavailable,0,0,0,0,0,0,0,0,6,0,1
16,slack,timed,alternating,17,10000,100000,73817,83816,4.098876953,unavailable,0,0,0,0,0,0,0,0,6,0,1
16,slack,timed,alternating,17,10000,100000,75408,85407,4.002197266,unavailable,0,0,0,0,0,0,0,0,6,0,1
16,slack,timed,alternating,17,10000,100000,75883,85882,3.851318359,unavailable,0,0,0,0,0,0,0,0,6,0,1
16,slack,timed,alternating,17,10000,100000,76053,86052,3.657226562,unavailable,0,0,0,0,0,0,0,0,6,0,1
16,slack,timed,alternating,17,10000,100000,76093,86092,3.736328125,unavailable,0,0,0,0,0,0,0,0,6,0,1
16,slack,timed,alternating,17,10000,100000,76098,86097,5.98046875,unavailable,0,0,0,0,0,0,0,0,2,0,1
16,slack,timed,alternating,17,10000,100000,95292,105291,4.260498047,unavailable,0,0,0,0,0,0,0,0,6,0,1
16,slack,diagnostic,alternating,17,10000,100000,9216,19215,14.500488281,large,16384,32760,1,11,16385,18,1,18,6,0,3
16,slack,diagnostic,alternating,17,10000,100000,13959,23958,14.764892578,large,16384,32760,1,11,16385,18,2,18,6,0,3
16,slack,diagnostic,alternating,17,10000,100000,16435,26434,14.592041016,large,16384,32760,1,11,16385,18,2,18,6,0,3
16,slack,diagnostic,alternating,17,10000,100000,18026,28025,14.353271484,large,16384,32760,1,11,16385,18,1,18,6,0,3
16,slack,diagnostic,alternating,17,10000,100000,18501,28500,14.530029297,large,16384,32760,1,11,16385,18,2,18,6,0,3
16,slack,diagnostic,alternating,17,10000,100000,18671,28670,13.709716797,large,16384,32760,1,11,16385,18,2,18,6,0,3
16,slack,diagnostic,alternating,17,10000,100000,18711,28710,13.406005859,large,16384,32760,1,11,16385,18,2,18,6,0,3
16,slack,diagnostic,alternating,17,10000,100000,18716,28715,13.986083984,full,28715,61475,1,12,28716,18,2,18,2,1,7
16,slack,diagnostic,alternating,17,10000,100000,37916,47915,14.740234375,large,16384,32760,1,11,16385,19,1,19,6,0,3
16,slack,diagnostic,alternating,17,10000,100000,42659,52658,14.578369141,large,16384,32760,1,11,16385,20,2,20,6,0,3
16,slack,diagnostic,alternating,17,10000,100000,45135,55134,14.371826172,large,16384,32760,1,11,16385,20,1,20,6,0,3
16,slack,diagnostic,alternating,17,10000,100000,46726,56725,14.297363281,large,16384,32760,1,11,16385,20,2,20,6,0,3
16,slack,diagnostic,alternating,17,10000,100000,47201,57200,13.878417969,large,16384,32760,1,11,16385,20,2,20,6,0,3
16,slack,diagnostic,alternating,17,10000,100000,47371,57370,13.583251953,large,16384,32760,1,11,16385,20,2,20,6,0,3
16,slack,diagnostic,alternating,17,10000,100000,47411,57410,13.3828125,large,16384,32760,1,11,16385,20,2,20,6,0,3
16,slack,diagnostic,alternating,17,10000,100000,47416,57415,17.104003906,large,32768,65528,1,12,32769,20,1,20,2,0,3
16,slack,diagnostic,alternating,17,10000,100000,66598,76597,15.060546875,large,16384,32760,1,11,16385,20,2,20,6,0,3
16,slack,diagnostic,alternating,17,10000,100000,71341,81340,14.893310547,large,16384,32760,1,11,16385,20,2,20,6,0,3
16,slack,diagnostic,alternating,17,10000,100000,73817,83816,14.787597656,large,16384,32760,1,11,16385,20,1,20,6,0,3
16,slack,diagnostic,alternating,17,10000,100000,75408,85407,14.708251953,large,16384,32760,1,11,16385,20,2,20,6,0,3
16,slack,diagnostic,alternating,17,10000,100000,75883,85882,13.863769531,large,16384,32760,1,11,16385,20,2,20,6,0,3
16,slack,diagnostic,alternating,17,10000,100000,76053,86052,15.375,large,16384,32760,1,11,16385,20,2,20,6,0,3
16,slack,diagnostic,alternating,17,10000,100000,76093,86092,13.661865234,large,16384,32760,1,11,16385,20,2,20,6,0,3
16,slack,diagnostic,alternating,17,10000,100000,76098,86097,17.945068359,large,32768,65528,1,12,32769,20,2,20,2,0,3
16,slack,diagnostic,alternating,17,10000,100000,95292,105291,14.377685547,large,16384,32760,1,11,16385,21,1,21,6,0,3
17,baseline,timed,local,17,10000,100000,139,9999,0.016601562,unavailable,0,0,0,0,0,0,0,0,2,0,1
17,baseline,timed,local,17,10000,100000,1539,10044,0.121337891,unavailable,0,0,0,0,0,0,0,0,2,0,1
17,baseline,timed,local,17,10000,100000,5163,10063,0.023925781,unavailable,0,0,0,0,0,0,0,0,1,0,1
17,baseline,timed,local,17,10000,100000,7270,10035,0.017333984,unavailable,0,0,0,0,0,0,0,0,1,0,1
17,baseline,timed,local,17,10000,100000,7510,10026,0.100097656,unavailable,0,0,0,0,0,0,0,0,4,0,1
17,baseline,timed,local,17,10000,100000,11688,10019,0.094726562,unavailable,0,0,0,0,0,0,0,0,1,0,1
17,baseline,timed,local,17,10000,100000,17663,10037,0.093994141,unavailable,0,0,0,0,0,0,0,0,2,0,1
17,baseline,timed,local,17,10000,100000,20211,10026,0.015625,unavailable,0,0,0,0,0,0,0,0,2,0,1
17,baseline,timed,local,17,10000,100000,24206,9992,0.021972656,unavailable,0,0,0,0,0,0,0,0,2,0,1
17,baseline,timed,local,17,10000,100000,25020,9979,0.028076172,unavailable,0,0,0,0,0,0,0,0,2,0,1
17,baseline,timed,local,17,10000,100000,34252,9956,0.094482422,unavailable,0,0,0,0,0,0,0,0,1,0,1
17,baseline,timed,local,17,10000,100000,39886,9932,0.092529297,unavailable,0,0,0,0,0,0,0,0,4,0,1
17,baseline,timed,local,17,10000,100000,41221,9945,0.021240234,unavailable,0,0,0,0,0,0,0,0,4,0,1
17,baseline,timed,local,17,10000,100000,42875,9950,0.094726562,unavailable,0,0,0,0,0,0,0,0,1,0,1
17,baseline,timed,local,17,10000,100000,43018,9957,0.016845703,unavailable,0,0,0,0,0,0,0,0,1,0,1
17,baseline,timed,local,17,10000,100000,59606,9880,0.020751953,unavailable,0,0,0,0,0,0,0,0,1,0,1
17,baseline,timed,local,17,10000,100000,60040,9866,0.10546875,unavailable,0,0,0,0,0,0,0,0,3,0,1
17,baseline,timed,local,17,10000,100000,63011,9844,0.020996094,unavailable,0,0,0,0,0,0,0,0,1,0,1
17,baseline,timed,local,17,10000,100000,68027,9891,0.020507812,unavailable,0,0,0,0,0,0,0,0,1,0,1
17,baseline,timed,local,17,10000,100000,76307,9922,0.020751953,unavailable,0,0,0,0,0,0,0,0,1,0,1
17,baseline,timed,local,17,10000,100000,76820,9929,0.019775391,unavailable,0,0,0,0,0,0,0,0,1,0,1
17,baseline,timed,local,17,10000,100000,84455,9934,0.023925781,unavailable,0,0,0,0,0,0,0,0,1,0,1
17,baseline,timed,local,17,10000,100000,86639,9915,0.086425781,unavailable,0,0,0,0,0,0,0,0,1,0,1
17,baseline,timed,local,17,10000,100000,86690,9915,0.015869141,unavailable,0,0,0,0,0,0,0,0,1,0,1
17,baseline,timed,local,17,10000,100000,92754,9903,0.020996094,unavailable,0,0,0,0,0,0,0,0,4,0,1
17,baseline,diagnostic,local,17,10000,100000,5901,10051,0.020751953,direct,0,0,0,0,0,14,2,14,3,0,1
17,baseline,diagnostic,local,17,10000,100000,6001,10049,0.005615234,local,8,8,1,0,9,15,2,15,1,0,2
17,baseline,diagnostic,local,17,10000,100000,33798,9961,0.006347656,local,16,24,1,1,26,14,1,14,1,0,3
17,baseline,diagnostic,local,17,10000,100000,35393,9958,0.006103516,local,16,24,1,1,26,13,0,13,1,0,3
17,baseline,diagnostic,local,17,10000,100000,35450,9960,0.015136719,direct,0,0,0,0,0,14,0,14,2,0,1
17,baseline,diagnostic,local,17,10000,100000,36960,9928,0.006591797,local,16,24,1,1,26,13,0,13,1,0,3
17,baseline,diagnostic,local,17,10000,100000,39764,9930,0.006347656,local,16,24,1,1,26,13,2,13,1,0,3
17,baseline,diagnostic,local,17,10000,100000,51744,9973,0.005859375,local,16,24,1,1,26,14,1,14,1,0,2
17,baseline,diagnostic,local,17,10000,100000,56789,9921,0.013427734,direct,0,0,0,0,0,15,1,15,1,0,1
17,baseline,diagnostic,local,17,10000,100000,58332,9913,0.013671875,local,32,56,1,2,59,13,0,13,1,0,3
17,baseline,diagnostic,local,17,10000,100000,61797,9857,0.006347656,local,16,24,1,1,26,13,2,13,1,0,3
17,baseline,diagnostic,local,17,10000,100000,62659,9854,0.006347656,local,16,24,1,1,26,13,1,13,1,0,3
17,baseline,diagnostic,local,17,10000,100000,66482,9909,0.007324219,local,16,24,1,1,26,14,0,14,1,0,3
17,baseline,diagnostic,local,17,10000,100000,67430,9907,0.005126953,local,8,8,1,0,9,15,1,15,1,0,2
17,baseline,diagnostic,local,17,10000,100000,68062,9894,0.013671875,direct,0,0,0,0,0,12,0,12,1,0,1
17,baseline,diagnostic,local,17,10000,100000,68368,9898,0.006835938,local,16,24,1,1,26,12,0,12,1,0,3
17,baseline,diagnostic,local,17,10000,100000,70628,9942,0.008056641,local,16,24,1,1,26,14,2,14,1,0,3
17,baseline,diagnostic,local,17,10000,100000,71049,9934,0.006103516,local,16,24,1,1,26,13,0,13,1,0,3
17,baseline,diagnostic,local,17,10000,100000,73306,9959,0.007324219,local,16,24,1,1,26,14,2,14,1,0,3
17,baseline,diagnostic,local,17,10000,100000,76820,9929,0.007080078,local,16,24,1,1,26,14,1,14,1,0,3
17,baseline,diagnostic,local,17,10000,100000,80951,9965,0.004150391,local,8,8,1,0,9,13,0,13,4,0,2
17,baseline,diagnostic,local,17,10000,100000,80971,9969,0.009033203,local,16,24,1,1,26,14,1,14,1,0,3
17,baseline,diagnostic,local,17,10000,100000,81943,9963,0.007080078,local,16,24,1,1,26,13,1,13,1,0,3
17,baseline,diagnostic,local,17,10000,100000,81957,9966,0.005371094,local,16,24,1,1,26,14,0,14,1,0,2
17,baseline,diagnostic,local,17,10000,100000,84721,9935,0.010009766,local,16,24,1,1,26,13,0,13,1,0,3
17,baseline,diagnostic,local,17,10000,100000,84852,9940,0.007324219,local,16,24,1,1,26,13,0,13,1,0,3
17,baseline,diagnostic,local,17,10000,100000,88281,9887,0.006591797,local,16,24,1,1,26,13,0,13,1,0,3
17,baseline,diagnostic,local,17,10000,100000,89341,9900,0.031005859,direct,0,0,0,0,0,12,0,12,1,0,1
17,baseline,diagnostic,local,17,10000,100000,90003,9889,0.007568359,local,16,24,1,1,26,13,0,13,1,0,3
17,baseline,diagnostic,local,17,10000,100000,93782,9892,0.007324219,local,16,24,1,1,26,14,0,14,1,0,3
17,slack,timed,local,17,10000,100000,6001,10049,0.006347656,unavailable,0,0,0,0,0,0,0,0,2,0,1
17,slack,timed,local,17,10000,100000,7171,10035,0.003662109,unavailable,0,0,0,0,0,0,0,0,2,0,1
17,slack,timed,local,17,10000,100000,9193,10015,0.003662109,unavailable,0,0,0,0,0,0,0,0,2,0,1
17,slack,timed,local,17,10000,100000,9537,10008,0.003662109,unavailable,0,0,0,0,0,0,0,0,2,0,1
17,slack,timed,local,17,10000,100000,10107,10014,0.006103516,unavailable,0,0,0,0,0,0,0,0,3,0,1
17,slack,timed,local,17,10000,100000,15002,10029,0.004882812,unavailable,0,0,0,0,0,0,0,0,6,0,1
17,slack,timed,local,17,10000,100000,16184,10041,0.004882812,unavailable,0,0,0,0,0,0,0,0,4,0,1
17,slack,timed,local,17,10000,100000,18552,10030,0.00390625,unavailable,0,0,0,0,0,0,0,0,5,0,1
17,slack,timed,local,17,10000,100000,19843,10019,0.004394531,unavailable,0,0,0,0,0,0,0,0,4,0,1
17,slack,timed,local,17,10000,100000,20392,10023,0.00390625,unavailable,0,0,0,0,0,0,0,0,2,0,1
17,slack,timed,local,17,10000,100000,21972,10000,0.004150391,unavailable,0,0,0,0,0,0,0,0,6,0,1
17,slack,timed,local,17,10000,100000,22224,9995,0.005126953,unavailable,0,0,0,0,0,0,0,0,2,0,1
17,slack,timed,local,17,10000,100000,24719,9985,0.016113281,unavailable,0,0,0,0,0,0,0,0,2,0,1
17,slack,timed,local,17,10000,100000,34386,9954,0.003662109,unavailable,0,0,0,0,0,0,0,0,1,0,1
17,slack,timed,local,17,10000,100000,42811,9952,0.003662109,unavailable,0,0,0,0,0,0,0,0,2,0,1
17,slack,timed,local,17,10000,100000,47337,9948,0.003662109,unavailable,0,0,0,0,0,0,0,0,3,0,1
17,slack,timed,local,17,10000,100000,48161,9952,0.014648438,unavailable,0,0,0,0,0,0,0,0,1,0,1
17,slack,timed,local,17,10000,100000,49084,9979,0.004638672,unavailable,0,0,0,0,0,0,0,0,3,0,1
17,slack,timed,local,17,10000,100000,52219,9964,0.00390625,unavailable,0,0,0,0,0,0,0,0,5,0,1
17,slack,timed,local,17,10000,100000,59648,9882,0.00390625,unavailable,0,0,0,0,0,0,0,0,3,0,1
17,slack,timed,local,17,10000,100000,74934,9953,0.003662109,unavailable,0,0,0,0,0,0,0,0,5,0,1
17,slack,timed,local,17,10000,100000,78321,9925,0.003662109,unavailable,0,0,0,0,0,0,0,0,3,0,1
17,slack,timed,local,17,10000,100000,80548,9957,0.035644531,unavailable,0,0,0,0,0,0,0,0,1,0,1
17,slack,timed,local,17,10000,100000,92696,9906,0.00390625,unavailable,0,0,0,0,0,0,0,0,3,0,1
17,slack,timed,local,17,10000,100000,95887,9907,0.004394531,unavailable,0,0,0,0,0,0,0,0,1,0,1
17,slack,diagnostic,local,17,10000,100000,5891,10050,0.022705078,direct,0,0,0,0,0,14,1,14,4,0,1
17,slack,diagnostic,local,17,10000,100000,6001,10049,0.009765625,local,8,8,1,0,9,15,2,15,2,0,3
17,slack,diagnostic,local,17,10000,100000,6668,10038,0.025390625,direct,0,0,0,0,0,14,0,14,1,0,1
17,slack,diagnostic,local,17,10000,100000,7171,10035,0.006591797,local,8,8,1,0,9,14,1,14,2,0,3
17,slack,diagnostic,local,17,10000,100000,9193,10015,0.006103516,local,8,8,1,0,9,15,1,15,2,0,3
17,slack,diagnostic,local,17,10000,100000,9537,10008,0.005859375,local,8,8,1,0,9,14,1,14,2,0,3
17,slack,diagnostic,local,17,10000,100000,11094,10022,0.005859375,local,8,8,1,0,9,14,1,14,2,0,3
17,slack,diagnostic,local,17,10000,100000,11430,10021,0.005859375,local,8,8,1,0,9,14,2,14,2,0,3
17,slack,diagnostic,local,17,10000,100000,12404,10014,0.005615234,local,8,8,1,0,9,13,0,13,2,0,2
17,slack,diagnostic,local,17,10000,100000,13263,10021,0.005615234,local,8,8,1,0,9,13,2,13,2,0,2
17,slack,diagnostic,local,17,10000,100000,13410,10018,0.005615234,local,8,8,1,0,9,14,1,14,2,0,2
17,slack,diagnostic,local,17,10000,100000,13946,10018,0.005615234,local,8,8,1,0,9,15,1,15,2,0,2
17,slack,diagnostic,local,17,10000,100000,16137,10036,0.005615234,local,8,8,1,0,9,13,0,13,2,0,3
17,slack,diagnostic,local,17,10000,100000,18074,10040,0.005615234,local,8,8,1,0,9,13,0,13,2,0,3
17,slack,diagnostic,local,17,10000,100000,18438,10030,0.005859375,direct,0,0,0,0,0,15,2,15,4,0,1
17,slack,diagnostic,local,17,10000,100000,18743,10034,0.018554688,direct,0,0,0,0,0,13,0,13,1,0,1
17,slack,diagnostic,local,17,10000,100000,20255,10023,0.005859375,local,8,8,1,0,9,14,1,14,2,0,3
17,slack,diagnostic,local,17,10000,100000,21728,10019,0.005615234,local,8,8,1,0,9,12,0,12,2,0,3
17,slack,diagnostic,local,17,10000,100000,23683,10000,0.005615234,local,8,8,1,0,9,12,0,12,2,0,3
17,slack,diagnostic,local,17,10000,100000,28690,9963,0.015380859,direct,0,0,0,0,0,14,1,14,3,0,1
17,slack,diagnostic,local,17,10000,100000,40121,9935,0.005859375,local,8,8,1,0,9,14,0,14,2,0,3
17,slack,diagnostic,local,17,10000,100000,42918,9950,0.010986328,local,8,8,1,0,9,13,0,13,2,0,3
17,slack,diagnostic,local,17,10000,100000,76096,9927,0.005615234,local,8,8,1,0,9,15,1,15,2,0,3
17,slack,diagnostic,local,17,10000,100000,91607,9905,0.006347656,local,8,8,1,0,9,13,2,13,2,0,3
17,slack,diagnostic,local,17,10000,100000,95110,9901,0.008056641,local,8,8,1,0,9,14,2,14,2,0,3
17,slack,diagnostic,local,17,10000,100000,96095,9901,0.005615234,local,8,8,1,0,9,14,1,14,2,0,3
17,slack,diagnostic,local,17,10000,100000,97183,9894,0.005371094,local,8,8,1,0,9,14,0,14,2,0,2
17,slack,diagnostic,local,17,10000,100000,98180,9893,0.005615234,local,8,8,1,0,9,14,2,14,2,0,3
17,slack,diagnostic,local,17,10000,100000,99531,9909,0.008544922,direct,0,0,0,0,0,14,1,14,1,0,1
17,slack,diagnostic,local,17,10000,100000,99654,9910,0.005371094,local,8,8,1,0,9,14,1,14,2,0,2
17,slack,diagnostic,local,17,10000,100000,99908,9918,0.005615234,local,8,8,1,0,9,13,0,13,2,0,3
18,baseline,timed,churn,17,10000,100000,3867,9976,0.013916016,unavailable,0,0,0,0,0,0,0,0,2,0,1
18,baseline,timed,churn,17,10000,100000,4703,9945,0.013671875,unavailable,0,0,0,0,0,0,0,0,1,0,1
18,baseline,timed,churn,17,10000,100000,11219,9986,0.132324219,unavailable,0,0,0,0,0,0,0,0,3,0,1
18,baseline,timed,churn,17,10000,100000,11250,9989,0.013671875,unavailable,0,0,0,0,0,0,0,0,2,0,1
18,baseline,timed,churn,17,10000,100000,15970,10009,0.0234375,unavailable,0,0,0,0,0,0,0,0,2,0,1
18,baseline,timed,churn,17,10000,100000,18281,10041,0.013916016,unavailable,0,0,0,0,0,0,0,0,2,0,1
18,baseline,timed,churn,17,10000,100000,19339,10036,0.014404297,unavailable,0,0,0,0,0,0,0,0,1,0,1
18,baseline,timed,churn,17,10000,100000,21249,10024,0.020751953,unavailable,0,0,0,0,0,0,0,0,1,0,1
18,baseline,timed,churn,17,10000,100000,30066,10035,0.018554688,unavailable,0,0,0,0,0,0,0,0,1,0,1
18,baseline,timed,churn,17,10000,100000,33446,10016,0.021728516,unavailable,0,0,0,0,0,0,0,0,2,0,1
18,baseline,timed,churn,17,10000,100000,36557,10100,0.013916016,unavailable,0,0,0,0,0,0,0,0,1,0,1
18,baseline,timed,churn,17,10000,100000,40684,10054,0.014404297,unavailable,0,0,0,0,0,0,0,0,2,0,1
18,baseline,timed,churn,17,10000,100000,44148,10030,0.025634766,unavailable,0,0,0,0,0,0,0,0,1,0,1
18,baseline,timed,churn,17,10000,100000,45042,10047,0.021240234,unavailable,0,0,0,0,0,0,0,0,4,0,1
18,baseline,timed,churn,17,10000,100000,59068,9937,0.094482422,unavailable,0,0,0,0,0,0,0,0,1,0,1
18,baseline,timed,churn,17,10000,100000,61182,9985,0.022949219,unavailable,0,0,0,0,0,0,0,0,5,0,1
18,baseline,timed,churn,17,10000,100000,62961,10008,0.013427734,unavailable,0,0,0,0,0,0,0,0,2,0,1
18,baseline,timed,churn,17,10000,100000,63894,10003,0.014404297,unavailable,0,0,0,0,0,0,0,0,4,0,1
18,baseline,timed,churn,17,10000,100000,67844,10000,0.020996094,unavailable,0,0,0,0,0,0,0,0,4,0,1
18,baseline,timed,churn,17,10000,100000,69249,9971,0.013427734,unavailable,0,0,0,0,0,0,0,0,3,0,1
18,baseline,timed,churn,17,10000,100000,72388,9949,0.020751953,unavailable,0,0,0,0,0,0,0,0,2,0,1
18,baseline,timed,churn,17,10000,100000,78989,9968,0.020996094,unavailable,0,0,0,0,0,0,0,0,1,0,1
18,baseline,timed,churn,17,10000,100000,85589,9957,0.014160156,unavailable,0,0,0,0,0,0,0,0,2,0,1
18,baseline,timed,churn,17,10000,100000,86074,9961,0.096435547,unavailable,0,0,0,0,0,0,0,0,2,0,1
18,baseline,timed,churn,17,10000,100000,98756,10066,0.014648438,unavailable,0,0,0,0,0,0,0,0,3,0,1
18,baseline,diagnostic,churn,17,10000,100000,89,9997,0.016845703,direct,0,0,0,0,0,14,0,14,2,0,1
18,baseline,diagnostic,churn,17,10000,100000,6472,9911,0.013916016,direct,0,0,0,0,0,12,0,12,1,0,1
18,baseline,diagnostic,churn,17,10000,100000,10095,9974,0.022216797,direct,0,0,0,0,0,12,0,12,1,0,1
18,baseline,diagnostic,churn,17,10000,100000,15971,10010,0.024414062,direct,0,0,0,0,0,14,2,14,3,0,1
18,baseline,diagnostic,churn,17,10000,100000,19915,10059,0.108154297,direct,0,0,0,0,0,13,0,13,2,0,1
18,baseline,diagnostic,churn,17,10000,100000,24270,10021,0.014404297,direct,0,0,0,0,0,13,0,13,1,0,1
18,baseline,diagnostic,churn,17,10000,100000,24942,10012,0.095214844,direct,0,0,0,0,0,13,0,13,3,0,1
18,baseline,diagnostic,churn,17,10000,100000,29731,10032,0.013916016,direct,0,0,0,0,0,14,0,14,1,0,1
18,baseline,diagnostic,churn,17,10000,100000,33698,10013,0.022216797,direct,0,0,0,0,0,14,1,14,2,0,1
18,baseline,diagnostic,churn,17,10000,100000,37879,10091,0.006347656,local,8,8,1,0,9,13,0,13,1,0,2
18,baseline,diagnostic,churn,17,10000,100000,38259,10092,0.00390625,local,8,8,1,0,9,14,1,14,1,0,2
18,baseline,diagnostic,churn,17,10000,100000,44911,10049,0.020996094,direct,0,0,0,0,0,13,0,13,1,0,1
18,baseline,diagnostic,churn,17,10000,100000,46851,10074,0.003417969,local,8,8,1,0,9,14,0,14,1,0,2
18,baseline,diagnostic,churn,17,10000,100000,51543,10035,0.014160156,direct,0,0,0,0,0,14,1,14,2,0,1
18,baseline,diagnostic,churn,17,10000,100000,53341,10012,0.003662109,local,8,8,1,0,9,13,0,13,1,0,2
18,baseline,diagnostic,churn,17,10000,100000,56229,9934,0.003417969,local,8,8,1,0,9,14,2,14,1,0,2
18,baseline,diagnostic,churn,17,10000,100000,57235,9940,0.013916016,direct,0,0,0,0,0,14,2,14,3,0,1
18,baseline,diagnostic,churn,17,10000,100000,57521,9928,0.00390625,local,8,8,1,0,9,15,1,15,1,0,2
18,baseline,diagnostic,churn,17,10000,100000,58269,9917,0.005615234,local,8,8,1,0,9,14,0,14,1,0,2
18,baseline,diagnostic,churn,17,10000,100000,60124,9927,0.021484375,direct,0,0,0,0,0,13,0,13,1,0,1
18,baseline,diagnostic,churn,17,10000,100000,62050,9970,0.102050781,direct,0,0,0,0,0,14,1,14,3,0,1
18,baseline,diagnostic,churn,17,10000,100000,62313,9990,0.014648438,direct,0,0,0,0,0,14,1,14,1,0,1
18,baseline,diagnostic,churn,17,10000,100000,68603,10004,0.003173828,local,8,8,1,0,9,13,0,13,1,0,2
18,baseline,diagnostic,churn,17,10000,100000,69156,9961,0.092529297,direct,0,0,0,0,0,13,0,13,1,0,1
18,baseline,diagnostic,churn,17,10000,100000,70008,9981,0.003417969,local,8,8,1,0,9,13,0,13,1,0,2
18,baseline,diagnostic,churn,17,10000,100000,70730,9981,0.020996094,direct,0,0,0,0,0,14,0,14,1,0,1
18,baseline,diagnostic,churn,17,10000,100000,71149,9958,0.003173828,local,8,8,1,0,9,13,0,13,1,0,2
18,baseline,diagnostic,churn,17,10000,100000,72860,9953,0.014160156,direct,0,0,0,0,0,14,1,14,2,0,1
18,baseline,diagnostic,churn,17,10000,100000,73134,9956,0.003173828,local,8,8,1,0,9,13,0,13,1,0,2
18,baseline,diagnostic,churn,17,10000,100000,73165,9956,0.091552734,direct,0,0,0,0,0,13,1,13,1,0,1
18,baseline,diagnostic,churn,17,10000,100000,74708,9943,0.005126953,local,8,8,1,0,9,14,0,14,1,0,2
18,baseline,diagnostic,churn,17,10000,100000,74855,9950,0.003417969,local,8,8,1,0,9,15,1,15,1,0,2
18,baseline,diagnostic,churn,17,10000,100000,79889,9940,0.093017578,direct,0,0,0,0,0,13,0,13,5,0,1
18,baseline,diagnostic,churn,17,10000,100000,80825,9929,0.003173828,local,8,8,1,0,9,15,2,15,1,0,2
18,baseline,diagnostic,churn,17,10000,100000,81908,9953,0.003662109,local,8,8,1,0,9,13,1,13,1,0,2
18,baseline,diagnostic,churn,17,10000,100000,82744,9966,0.003173828,local,8,8,1,0,9,15,2,15,1,0,2
18,baseline,diagnostic,churn,17,10000,100000,83490,9976,0.014404297,direct,0,0,0,0,0,14,2,14,3,0,1
18,baseline,diagnostic,churn,17,10000,100000,83937,9996,0.003173828,local,8,8,1,0,9,14,2,14,1,0,2
18,baseline,diagnostic,churn,17,10000,100000,85491,9949,0.003173828,local,8,8,1,0,9,15,1,15,1,0,2
18,baseline,diagnostic,churn,17,10000,100000,88273,9990,0.003173828,local,8,8,1,0,9,14,2,14,1,0,2
18,baseline,diagnostic,churn,17,10000,100000,88525,10003,0.004638672,local,8,8,1,0,9,13,0,13,1,0,2
18,baseline,diagnostic,churn,17,10000,100000,89311,9980,0.003173828,local,8,8,1,0,9,14,1,14,1,0,2
18,baseline,diagnostic,churn,17,10000,100000,89932,9993,0.003173828,local,8,8,1,0,9,16,1,16,1,0,2
18,baseline,diagnostic,churn,17,10000,100000,92590,9946,0.003173828,local,8,8,1,0,9,13,1,13,1,0,2
18,baseline,diagnostic,churn,17,10000,100000,93327,9949,0.013916016,direct,0,0,0,0,0,13,0,13,4,0,1
18,baseline,diagnostic,churn,17,10000,100000,94270,9985,0.013916016,direct,0,0,0,0,0,13,0,13,1,0,1
18,baseline,diagnostic,churn,17,10000,100000,96010,10020,0.003173828,local,8,8,1,0,9,14,0,14,1,0,2
18,baseline,diagnostic,churn,17,10000,100000,97698,10047,0.020507812,direct,0,0,0,0,0,15,1,15,1,0,1
18,baseline,diagnostic,churn,17,10000,100000,99136,10080,0.003417969,local,8,8,1,0,9,14,0,14,1,0,2
18,baseline,diagnostic,churn,17,10000,100000,99892,10096,0.013916016,direct,0,0,0,0,0,13,2,13,3,0,1
18,slack,timed,churn,17,10000,100000,2693,9962,0.00390625,unavailable,0,0,0,0,0,0,0,0,2,0,1
18,slack,timed,churn,17,10000,100000,7855,9930,0.00390625,unavailable,0,0,0,0,0,0,0,0,2,0,1
18,slack,timed,churn,17,10000,100000,20558,10038,0.00390625,unavailable,0,0,0,0,0,0,0,0,3,0,1
18,slack,timed,churn,17,10000,100000,23020,10052,0.004150391,unavailable,0,0,0,0,0,0,0,0,5,0,1
18,slack,timed,churn,17,10000,100000,27578,10038,0.003662109,unavailable,0,0,0,0,0,0,0,0,1,0,1
18,slack,timed,churn,17,10000,100000,29959,10022,0.005371094,unavailable,0,0,0,0,0,0,0,0,2,0,1
18,slack,timed,churn,17,10000,100000,30066,10035,0.006347656,unavailable,0,0,0,0,0,0,0,0,1,0,1
18,slack,timed,churn,17,10000,100000,30700,10028,0.006103516,unavailable,0,0,0,0,0,0,0,0,4,0,1
18,slack,timed,churn,17,10000,100000,32020,10022,0.00390625,unavailable,0,0,0,0,0,0,0,0,3,0,1
18,slack,timed,churn,17,10000,100000,34469,10023,0.003662109,unavailable,0,0,0,0,0,0,0,0,3,0,1
18,slack,timed,churn,17,10000,100000,37879,10091,0.011230469,unavailable,0,0,0,0,0,0,0,0,2,0,1
18,slack,timed,churn,17,10000,100000,39854,10071,0.003662109,unavailable,0,0,0,0,0,0,0,0,2,0,1
18,slack,timed,churn,17,10000,100000,44535,10048,0.017089844,unavailable,0,0,0,0,0,0,0,0,1,0,1
18,slack,timed,churn,17,10000,100000,49572,10041,0.003662109,unavailable,0,0,0,0,0,0,0,0,3,0,1
18,slack,timed,churn,17,10000,100000,51773,10043,0.003662109,unavailable,0,0,0,0,0,0,0,0,3,0,1
18,slack,timed,churn,17,10000,100000,53341,10012,0.003662109,unavailable,0,0,0,0,0,0,0,0,2,0,1
18,slack,timed,churn,17,10000,100000,59028,9944,0.015625,unavailable,0,0,0,0,0,0,0,0,1,0,1
18,slack,timed,churn,17,10000,100000,59931,9930,0.003417969,unavailable,0,0,0,0,0,0,0,0,3,0,1
18,slack,timed,churn,17,10000,100000,60128,9927,0.004882812,unavailable,0,0,0,0,0,0,0,0,5,0,1
18,slack,timed,churn,17,10000,100000,67781,10011,0.005371094,unavailable,0,0,0,0,0,0,0,0,2,0,1
18,slack,timed,churn,17,10000,100000,81013,9938,0.003662109,unavailable,0,0,0,0,0,0,0,0,4,0,1
18,slack,timed,churn,17,10000,100000,84832,10003,0.004150391,unavailable,0,0,0,0,0,0,0,0,2,0,1
18,slack,timed,churn,17,10000,100000,93147,9947,0.00390625,unavailable,0,0,0,0,0,0,0,0,1,0,1
18,slack,timed,churn,17,10000,100000,95312,10020,0.003417969,unavailable,0,0,0,0,0,0,0,0,1,0,1
18,slack,timed,churn,17,10000,100000,97517,10040,0.003662109,unavailable,0,0,0,0,0,0,0,0,2,0,1
18,slack,diagnostic,churn,17,10000,100000,2211,9958,0.015625,direct,0,0,0,0,0,13,2,13,1,0,1
18,slack,diagnostic,churn,17,10000,100000,6412,9909,0.022949219,direct,0,0,0,0,0,13,0,13,2,0,1
18,slack,diagnostic,churn,17,10000,100000,7685,9928,0.043701172,direct,0,0,0,0,0,14,1,14,4,0,1
18,slack,diagnostic,churn,17,10000,100000,9728,9955,0.094726562,direct,0,0,0,0,0,12,0,12,1,0,1
18,slack,diagnostic,churn,17,10000,100000,11870,9972,0.021728516,direct,0,0,0,0,0,14,1,14,2,0,1
18,slack,diagnostic,churn,17,10000,100000,14846,9998,0.014648438,direct,0,0,0,0,0,13,0,13,1,0,1
18,slack,diagnostic,churn,17,10000,100000,15971,10010,0.0234375,direct,0,0,0,0,0,14,2,14,3,0,1
18,slack,diagnostic,churn,17,10000,100000,21491,10026,0.017333984,direct,0,0,0,0,0,14,1,14,2,0,1
18,slack,diagnostic,churn,17,10000,100000,26537,10031,0.014892578,direct,0,0,0,0,0,14,0,14,2,0,1
18,slack,diagnostic,churn,17,10000,100000,27262,10035,0.089599609,direct,0,0,0,0,0,14,1,14,3,0,1
18,slack,diagnostic,churn,17,10000,100000,30645,10034,0.014160156,direct,0,0,0,0,0,14,0,14,1,0,1
18,slack,diagnostic,churn,17,10000,100000,37879,10091,0.010498047,local,8,8,1,0,9,13,0,13,2,0,2
18,slack,diagnostic,churn,17,10000,100000,38145,10078,0.005615234,local,8,8,1,0,9,13,0,13,2,0,2
18,slack,diagnostic,churn,17,10000,100000,38259,10092,0.005615234,local,8,8,1,0,9,14,1,14,2,0,2
18,slack,diagnostic,churn,17,10000,100000,38306,10093,0.096435547,direct,0,0,0,0,0,15,2,15,1,0,1
18,slack,diagnostic,churn,17,10000,100000,39854,10071,0.006347656,local,8,8,1,0,9,14,2,14,2,0,2
18,slack,diagnostic,churn,17,10000,100000,41748,10059,0.006103516,local,8,8,1,0,9,14,1,14,2,0,2
18,slack,diagnostic,churn,17,10000,100000,45917,10043,0.006103516,local,8,8,1,0,9,14,0,14,2,0,2
18,slack,diagnostic,churn,17,10000,100000,46851,10074,0.005615234,local,8,8,1,0,9,14,0,14,2,0,2
18,slack,diagnostic,churn,17,10000,100000,48352,10040,0.005615234,local,8,8,1,0,9,13,0,13,2,0,2
18,slack,diagnostic,churn,17,10000,100000,48964,10054,0.013916016,direct,0,0,0,0,0,14,2,14,4,0,1
18,slack,diagnostic,churn,17,10000,100000,51329,10028,0.005615234,local,8,8,1,0,9,13,0,13,2,0,2
18,slack,diagnostic,churn,17,10000,100000,51344,10033,0.020996094,direct,0,0,0,0,0,13,0,13,1,0,1
18,slack,diagnostic,churn,17,10000,100000,53341,10012,0.005615234,local,8,8,1,0,9,13,0,13,2,0,2
18,slack,diagnostic,churn,17,10000,100000,53993,9993,0.093017578,direct,0,0,0,0,0,13,0,13,1,0,1
18,slack,diagnostic,churn,17,10000,100000,61025,9972,0.005615234,local,8,8,1,0,9,14,0,14,2,0,2
18,slack,diagnostic,churn,17,10000,100000,61940,9963,0.005615234,local,8,8,1,0,9,15,1,15,2,0,2
18,slack,diagnostic,churn,17,10000,100000,62165,9982,0.021484375,direct,0,0,0,0,0,13,0,13,1,0,1
18,slack,diagnostic,churn,17,10000,100000,63140,10013,0.005615234,local,8,8,1,0,9,13,0,13,2,0,2
18,slack,diagnostic,churn,17,10000,100000,64172,9992,0.094238281,direct,0,0,0,0,0,13,0,13,1,0,1
18,slack,diagnostic,churn,17,10000,100000,64466,9995,0.013916016,direct,0,0,0,0,0,14,0,14,2,0,1
18,slack,diagnostic,churn,17,10000,100000,70008,9981,0.005615234,local,8,8,1,0,9,13,0,13,2,0,2
18,slack,diagnostic,churn,17,10000,100000,72868,9948,0.020507812,direct,0,0,0,0,0,12,0,12,1,0,1
18,slack,diagnostic,churn,17,10000,100000,75167,9930,0.014160156,direct,0,0,0,0,0,12,0,12,4,0,1
18,slack,diagnostic,churn,17,10000,100000,75608,9942,0.013671875,direct,0,0,0,0,0,13,2,13,3,0,1
18,slack,diagnostic,churn,17,10000,100000,75774,9955,0.013916016,direct,0,0,0,0,0,14,0,14,2,0,1
18,slack,diagnostic,churn,17,10000,100000,78118,9983,0.005615234,local,8,8,1,0,9,13,0,13,2,0,2
18,slack,diagnostic,churn,17,10000,100000,82744,9966,0.005615234,local,8,8,1,0,9,15,2,15,2,0,2
18,slack,diagnostic,churn,17,10000,100000,83445,9975,0.021240234,direct,0,0,0,0,0,14,0,14,2,0,1
18,slack,diagnostic,churn,17,10000,100000,85466,9952,0.013671875,direct,0,0,0,0,0,12,0,12,2,0,1
18,slack,diagnostic,churn,17,10000,100000,87795,9969,0.005615234,local,8,8,1,0,9,13,0,13,2,0,2
18,slack,diagnostic,churn,17,10000,100000,89311,9980,0.005371094,local,8,8,1,0,9,14,1,14,2,0,2
18,slack,diagnostic,churn,17,10000,100000,90713,9978,0.005371094,local,8,8,1,0,9,13,2,13,2,0,2
18,slack,diagnostic,churn,17,10000,100000,92590,9946,0.005371094,local,8,8,1,0,9,13,1,13,2,0,2
18,slack,diagnostic,churn,17,10000,100000,92772,9949,0.005371094,local,8,8,1,0,9,13,0,13,2,0,2
18,slack,diagnostic,churn,17,10000,100000,93382,9956,0.005371094,local,8,8,1,0,9,14,2,14,2,0,2
18,slack,diagnostic,churn,17,10000,100000,93926,9977,0.021240234,direct,0,0,0,0,0,15,2,15,2,0,1
18,slack,diagnostic,churn,17,10000,100000,94000,9972,0.005371094,local,8,8,1,0,9,14,2,14,2,0,2
18,slack,diagnostic,churn,17,10000,100000,97045,10036,0.005371094,local,8,8,1,0,9,13,1,13,2,0,2
18,slack,diagnostic,churn,17,10000,100000,97556,10048,0.005371094,local,8,8,1,0,9,13,0,13,2,0,2
19,baseline,timed,churn,17,50000,500000,40906,50049,0.019287109,unavailable,0,0,0,0,0,0,0,0,2,0,1
19,baseline,timed,churn,17,50000,500000,66473,50026,0.008789062,unavailable,0,0,0,0,0,0,0,0,2,0,1
19,baseline,timed,churn,17,50000,500000,87602,49959,0.018066406,unavailable,0,0,0,0,0,0,0,0,4,0,1
19,baseline,timed,churn,17,50000,500000,130878,50112,0.009521484,unavailable,0,0,0,0,0,0,0,0,1,0,1
19,baseline,timed,churn,17,50000,500000,174602,50128,0.009277344,unavailable,0,0,0,0,0,0,0,0,3,0,1
19,baseline,timed,churn,17,50000,500000,199399,50228,0.026855469,unavailable,0,0,0,0,0,0,0,0,6,0,1
19,baseline,timed,churn,17,50000,500000,202648,50212,0.022949219,unavailable,0,0,0,0,0,0,0,0,2,0,1
19,baseline,timed,churn,17,50000,500000,224938,50161,0.009033203,unavailable,0,0,0,0,0,0,0,0,2,0,1
19,baseline,timed,churn,17,50000,500000,227707,50136,0.036865234,unavailable,0,0,0,0,0,0,0,0,1,0,1
19,baseline,timed,churn,17,50000,500000,266678,50038,0.024902344,unavailable,0,0,0,0,0,0,0,0,4,0,1
19,baseline,timed,churn,17,50000,500000,279219,49998,0.009277344,unavailable,0,0,0,0,0,0,0,0,2,0,1
19,baseline,timed,churn,17,50000,500000,290677,49995,0.019287109,unavailable,0,0,0,0,0,0,0,0,1,0,1
19,baseline,timed,churn,17,50000,500000,294322,49972,0.010009766,unavailable,0,0,0,0,0,0,0,0,2,0,1
19,baseline,timed,churn,17,50000,500000,302097,50016,0.009521484,unavailable,0,0,0,0,0,0,0,0,2,0,1
19,baseline,timed,churn,17,50000,500000,304312,49981,0.0234375,unavailable,0,0,0,0,0,0,0,0,4,0,1
19,baseline,timed,churn,17,50000,500000,304399,49976,0.009033203,unavailable,0,0,0,0,0,0,0,0,2,0,1
19,baseline,timed,churn,17,50000,500000,328330,49961,0.022705078,unavailable,0,0,0,0,0,0,0,0,4,0,1
19,baseline,timed,churn,17,50000,500000,339380,49782,0.038085938,unavailable,0,0,0,0,0,0,0,0,2,0,1
19,baseline,timed,churn,17,50000,500000,396434,49939,0.009521484,unavailable,0,0,0,0,0,0,0,0,2,0,1
19,baseline,timed,churn,17,50000,500000,403458,49928,0.020751953,unavailable,0,0,0,0,0,0,0,0,3,0,1
19,baseline,timed,churn,17,50000,500000,404522,49891,0.008544922,unavailable,0,0,0,0,0,0,0,0,1,0,1
19,baseline,timed,churn,17,50000,500000,429952,50179,0.017089844,unavailable,0,0,0,0,0,0,0,0,2,0,1
19,baseline,timed,churn,17,50000,500000,493593,50278,0.010253906,unavailable,0,0,0,0,0,0,0,0,2,0,1
19,baseline,timed,churn,17,50000,500000,494306,50272,0.019042969,unavailable,0,0,0,0,0,0,0,0,3,0,1
19,baseline,timed,churn,17,50000,500000,494771,50298,0.010009766,unavailable,0,0,0,0,0,0,0,0,2,0,1
19,baseline,diagnostic,churn,17,50000,500000,49931,50041,0.050292969,direct,0,0,0,0,0,15,2,15,3,0,1
19,baseline,diagnostic,churn,17,50000,500000,66473,50026,0.011230469,local,8,8,1,0,9,14,0,14,2,0,3
19,baseline,diagnostic,churn,17,50000,500000,73901,49960,0.01171875,direct,0,0,0,0,0,16,0,16,2,0,1
19,baseline,diagnostic,churn,17,50000,500000,88335,49993,0.026123047,direct,0,0,0,0,0,16,2,16,3,0,1
19,baseline,diagnostic,churn,17,50000,500000,111235,50070,0.006103516,local,8,8,1,0,9,18,1,18,2,0,2
19,baseline,diagnostic,churn,17,50000,500000,127604,50167,0.006103516,local,8,8,1,0,9,16,0,16,2,0,2
19,baseline,diagnostic,churn,17,50000,500000,130878,50112,0.011230469,local,16,24,1,1,26,17,1,17,1,0,3
19,baseline,diagnostic,churn,17,50000,500000,135571,50195,0.0234375,direct,0,0,0,0,0,15,0,15,2,0,1
19,baseline,diagnostic,churn,17,50000,500000,146076,50172,0.025146484,direct,0,0,0,0,0,16,0,16,2,0,1
19,baseline,diagnostic,churn,17,50000,500000,166552,50079,0.008056641,local,8,8,1,0,9,16,2,16,2,0,2
19,baseline,diagnostic,churn,17,50000,500000,175454,50165,0.005615234,local,8,8,1,0,9,16,0,16,2,0,2
19,baseline,diagnostic,churn,17,50000,500000,191359,50195,0.022705078,direct,0,0,0,0,0,16,1,16,3,0,1
19,baseline,diagnostic,churn,17,50000,500000,194133,50194,0.007080078,local,8,8,1,0,9,17,1,17,2,0,2
19,baseline,diagnostic,churn,17,50000,500000,202234,50232,0.018798828,direct,0,0,0,0,0,16,2,16,3,0,1
19,baseline,diagnostic,churn,17,50000,500000,216922,50135,0.015380859,direct,0,0,0,0,0,16,2,16,6,0,1
19,baseline,diagnostic,churn,17,50000,500000,218254,50128,0.005859375,local,8,8,1,0,9,16,0,16,2,0,2
19,baseline,diagnostic,churn,17,50000,500000,223917,50183,0.022949219,direct,0,0,0,0,0,17,2,17,3,0,1
19,baseline,diagnostic,churn,17,50000,500000,224938,50161,0.010498047,local,16,24,1,1,26,16,2,16,2,0,2
19,baseline,diagnostic,churn,17,50000,500000,234255,50119,0.022705078,direct,0,0,0,0,0,17,0,17,2,0,1
19,baseline,diagnostic,churn,17,50000,500000,250521,50010,0.006103516,local,8,8,1,0,9,16,2,16,2,0,2
19,baseline,diagnostic,churn,17,50000,500000,278863,49986,0.012207031,local,16,24,1,1,26,16,0,16,2,0,3
19,baseline,diagnostic,churn,17,50000,500000,304399,49976,0.009765625,local,16,24,1,1,26,16,2,16,2,0,2
19,baseline,diagnostic,churn,17,50000,500000,318038,50057,0.022460938,direct,0,0,0,0,0,16,0,16,3,0,1
19,baseline,diagnostic,churn,17,50000,500000,320031,50084,0.010253906,local,8,8,1,0,9,14,0,14,2,0,2
19,baseline,diagnostic,churn,17,50000,500000,328631,49954,0.024169922,direct,0,0,0,0,0,16,0,16,1,0,1
19,baseline,diagnostic,churn,17,50000,500000,332889,49901,0.006835938,local,8,8,1,0,9,16,0,16,2,0,2
19,baseline,diagnostic,churn,17,50000,500000,333696,49849,0.005615234,local,8,8,1,0,9,14,0,14,2,0,2
19,baseline,diagnostic,churn,17,50000,500000,338401,49772,0.025634766,direct,0,0,0,0,0,17,1,17,5,0,1
19,baseline,diagnostic,churn,17,50000,500000,366898,49704,0.026123047,direct,0,0,0,0,0,14,0,14,3,0,1
19,baseline,diagnostic,churn,17,50000,500000,369623,49665,0.005615234,local,8,8,1,0,9,16,2,16,2,0,2
19,baseline,diagnostic,churn,17,50000,500000,377116,49736,0.027099609,direct,0,0,0,0,0,16,0,16,1,0,1
19,baseline,diagnostic,churn,17,50000,500000,385763,49753,0.006835938,local,8,8,1,0,9,14,0,14,2,0,2
19,baseline,diagnostic,churn,17,50000,500000,386799,49769,0.027099609,direct,0,0,0,0,0,16,1,16,5,0,1
19,baseline,diagnostic,churn,17,50000,500000,393267,49885,0.006103516,local,8,8,1,0,9,16,2,16,2,0,2
19,baseline,diagnostic,churn,17,50000,500000,396434,49939,0.011962891,local,16,24,1,1,26,15,2,15,2,0,3
19,baseline,diagnostic,churn,17,50000,500000,396511,49935,0.025634766,direct,0,0,0,0,0,17,1,17,2,0,1
19,baseline,diagnostic,churn,17,50000,500000,405855,49859,0.029296875,direct,0,0,0,0,0,17,2,17,1,0,1
19,baseline,diagnostic,churn,17,50000,500000,424133,50020,0.01171875,direct,0,0,0,0,0,14,0,14,2,0,1
19,baseline,diagnostic,churn,17,50000,500000,429952,50179,0.020019531,local,32,56,1,2,59,16,0,16,2,0,3
19,baseline,diagnostic,churn,17,50000,500000,444844,50226,0.008789062,local,8,8,1,0,9,14,0,14,2,0,2
19,baseline,diagnostic,churn,17,50000,500000,447479,50232,0.007324219,local,8,8,1,0,9,16,2,16,1,0,2
19,baseline,diagnostic,churn,17,50000,500000,493593,50278,0.010498047,local,16,24,1,1,26,14,0,14,2,0,2
19,baseline,diagnostic,churn,17,50000,500000,494771,50298,0.010498047,local,16,24,1,1,26,17,2,17,2,0,2
19,baseline,diagnostic,churn,17,50000,500000,499654,50187,0.010498047,local,8,8,1,0,9,15,0,15,2,0,3
19,slack,timed,churn,17,50000,500000,44642,50061,0.125488281,unavailable,0,0,0,0,0,0,0,0,2,0,1
19,slack,timed,churn,17,50000,500000,57299,49928,0.111083984,unavailable,0,0,0,0,0,0,0,0,2,0,1
19,slack,timed,churn,17,50000,500000,83265,49975,0.131103516,unavailable,0,0,0,0,0,0,0,0,3,0,1
19,slack,timed,churn,17,50000,500000,107383,50145,0.111816406,unavailable,0,0,0,0,0,0,0,0,1,0,1
19,slack,timed,churn,17,50000,500000,112128,50095,0.1015625,unavailable,0,0,0,0,0,0,0,0,4,0,1
19,slack,timed,churn,17,50000,500000,140560,50197,0.115478516,unavailable,0,0,0,0,0,0,0,0,1,0,1
19,slack,timed,churn,17,50000,500000,213242,50158,0.109130859,unavailable,0,0,0,0,0,0,0,0,2,0,1
19,slack,timed,churn,17,50000,500000,232456,50128,0.114257812,unavailable,0,0,0,0,0,0,0,0,3,0,1
19,slack,timed,churn,17,50000,500000,246713,50104,0.117431641,unavailable,0,0,0,0,0,0,0,0,4,0,1
19,slack,timed,churn,17,50000,500000,254934,50033,0.110839844,unavailable,0,0,0,0,0,0,0,0,4,0,1
19,slack,timed,churn,17,50000,500000,263608,50008,0.102539062,unavailable,0,0,0,0,0,0,0,0,4,0,1
19,slack,timed,churn,17,50000,500000,268852,50074,0.106689453,unavailable,0,0,0,0,0,0,0,0,2,0,1
19,slack,timed,churn,17,50000,500000,277656,49941,0.113037109,unavailable,0,0,0,0,0,0,0,0,3,0,1
19,slack,timed,churn,17,50000,500000,281298,49977,0.137207031,unavailable,0,0,0,0,0,0,0,0,3,0,1
19,slack,timed,churn,17,50000,500000,295206,49939,0.121826172,unavailable,0,0,0,0,0,0,0,0,5,0,1
19,slack,timed,churn,17,50000,500000,299301,49954,0.107177734,unavailable,0,0,0,0,0,0,0,0,5,0,1
19,slack,timed,churn,17,50000,500000,308355,50001,0.121582031,unavailable,0,0,0,0,0,0,0,0,2,0,1
19,slack,timed,churn,17,50000,500000,321973,50043,0.213867188,unavailable,0,0,0,0,0,0,0,0,3,0,1
19,slack,timed,churn,17,50000,500000,340225,49790,0.110351562,unavailable,0,0,0,0,0,0,0,0,2,0,1
19,slack,timed,churn,17,50000,500000,353618,49674,0.1015625,unavailable,0,0,0,0,0,0,0,0,2,0,1
19,slack,timed,churn,17,50000,500000,358284,49640,0.103027344,unavailable,0,0,0,0,0,0,0,0,2,0,1
19,slack,timed,churn,17,50000,500000,380635,49738,0.112060547,unavailable,0,0,0,0,0,0,0,0,2,0,1
19,slack,timed,churn,17,50000,500000,385397,49737,0.102539062,unavailable,0,0,0,0,0,0,0,0,2,0,1
19,slack,timed,churn,17,50000,500000,401378,49944,0.108886719,unavailable,0,0,0,0,0,0,0,0,1,0,1
19,slack,timed,churn,17,50000,500000,418319,49894,0.123046875,unavailable,0,0,0,0,0,0,0,0,2,0,1
19,slack,diagnostic,churn,17,50000,500000,41718,50061,0.115234375,direct,0,0,0,0,0,15,0,15,1,0,1
19,slack,diagnostic,churn,17,50000,500000,51343,50032,0.116455078,direct,0,0,0,0,0,15,0,15,2,0,1
19,slack,diagnostic,churn,17,50000,500000,55686,49941,0.125488281,direct,0,0,0,0,0,17,1,17,3,0,1
19,slack,diagnostic,churn,17,50000,500000,66473,50026,0.015136719,local,8,8,1,0,9,14,0,14,3,0,2
19,slack,diagnostic,churn,17,50000,500000,78724,49976,0.113769531,direct,0,0,0,0,0,17,2,17,1,0,1
19,slack,diagnostic,churn,17,50000,500000,87371,49963,0.125244141,direct,0,0,0,0,0,18,1,18,1,0,1
19,slack,diagnostic,churn,17,50000,500000,91601,49980,0.110839844,direct,0,0,0,0,0,17,1,17,1,0,1
19,slack,diagnostic,churn,17,50000,500000,111235,50070,0.011230469,local,8,8,1,0,9,18,1,18,3,0,2
19,slack,diagnostic,churn,17,50000,500000,137405,50180,0.125488281,direct,0,0,0,0,0,17,1,17,2,0,1
19,slack,diagnostic,churn,17,50000,500000,151061,50150,0.107177734,direct,0,0,0,0,0,17,0,17,2,0,1
19,slack,diagnostic,churn,17,50000,500000,159249,50095,0.112548828,direct,0,0,0,0,0,16,0,16,1,0,1
19,slack,diagnostic,churn,17,50000,500000,198746,50192,0.019287109,local,8,8,1,0,9,17,2,17,3,0,2
19,slack,diagnostic,churn,17,50000,500000,200748,50241,0.010253906,local,8,8,1,0,9,15,1,15,3,0,2
19,slack,diagnostic,churn,17,50000,500000,205891,50210,0.010253906,local,8,8,1,0,9,15,2,15,3,0,2
19,slack,diagnostic,churn,17,50000,500000,234508,50128,0.124755859,direct,0,0,0,0,0,16,0,16,2,0,1
19,slack,diagnostic,churn,17,50000,500000,235941,50109,0.010009766,local,8,8,1,0,9,15,0,15,3,0,2
19,slack,diagnostic,churn,17,50000,500000,243081,50039,0.010009766,local,8,8,1,0,9,15,1,15,3,0,2
19,slack,diagnostic,churn,17,50000,500000,243423,50053,0.010498047,local,8,8,1,0,9,16,0,16,3,0,2
19,slack,diagnostic,churn,17,50000,500000,249252,50017,0.124511719,direct,0,0,0,0,0,15,0,15,3,0,1
19,slack,diagnostic,churn,17,50000,500000,250521,50010,0.012451172,local,8,8,1,0,9,16,2,16,3,0,2
19,slack,diagnostic,churn,17,50000,500000,258547,50037,0.109619141,direct,0,0,0,0,0,17,2,17,1,0,1
19,slack,diagnostic,churn,17,50000,500000,270277,50033,0.109619141,direct,0,0,0,0,0,17,0,17,5,0,1
19,slack,diagnostic,churn,17,50000,500000,273853,49962,0.018066406,local,8,8,1,0,9,16,0,16,3,0,2
19,slack,diagnostic,churn,17,50000,500000,278055,49941,0.141357422,direct,0,0,0,0,0,16,0,16,2,0,1
19,slack,diagnostic,churn,17,50000,500000,280512,50016,0.009765625,local,8,8,1,0,9,15,0,15,3,0,2
19,slack,diagnostic,churn,17,50000,500000,281322,49978,0.010986328,local,8,8,1,0,9,18,1,18,3,0,2
19,slack,diagnostic,churn,17,50000,500000,284677,49972,0.009765625,local,8,8,1,0,9,15,1,15,3,0,2
19,slack,diagnostic,churn,17,50000,500000,284731,49973,0.120605469,direct,0,0,0,0,0,16,1,16,3,0,1
19,slack,diagnostic,churn,17,50000,500000,300177,50000,0.010253906,local,8,8,1,0,9,16,0,16,3,0,2
19,slack,diagnostic,churn,17,50000,500000,302527,49993,0.132324219,direct,0,0,0,0,0,17,1,17,5,0,1
19,slack,diagnostic,churn,17,50000,500000,310654,50023,0.114746094,direct,0,0,0,0,0,16,1,16,3,0,1
19,slack,diagnostic,churn,17,50000,500000,317998,50050,0.124755859,direct,0,0,0,0,0,16,1,16,1,0,1
19,slack,diagnostic,churn,17,50000,500000,321932,50045,0.108398438,direct,0,0,0,0,0,17,1,17,5,0,1
19,slack,diagnostic,churn,17,50000,500000,328016,49970,0.015869141,local,8,8,1,0,9,16,2,16,3,0,2
19,slack,diagnostic,churn,17,50000,500000,329628,49920,0.111816406,direct,0,0,0,0,0,14,0,14,4,0,1
19,slack,diagnostic,churn,17,50000,500000,340827,49805,0.130615234,local,8,8,1,0,9,15,0,15,3,0,3
19,slack,diagnostic,churn,17,50000,500000,350660,49680,0.01171875,local,8,8,1,0,9,14,0,14,3,0,2
19,slack,diagnostic,churn,17,50000,500000,351021,49703,0.125732422,direct,0,0,0,0,0,15,0,15,2,0,1
19,slack,diagnostic,churn,17,50000,500000,356410,49665,0.010742188,local,8,8,1,0,9,17,1,17,3,0,2
19,slack,diagnostic,churn,17,50000,500000,363102,49626,0.109863281,direct,0,0,0,0,0,16,1,16,1,0,1
19,slack,diagnostic,churn,17,50000,500000,377818,49758,0.115234375,direct,0,0,0,0,0,16,2,16,1,0,1
19,slack,diagnostic,churn,17,50000,500000,388147,49796,0.009765625,local,8,8,1,0,9,16,0,16,3,0,2
19,slack,diagnostic,churn,17,50000,500000,392153,49865,0.114013672,direct,0,0,0,0,0,16,0,16,3,0,1
19,slack,diagnostic,churn,17,50000,500000,400241,49916,0.010986328,local,8,8,1,0,9,17,2,17,3,0,2
19,slack,diagnostic,churn,17,50000,500000,403984,49908,0.012451172,local,8,8,1,0,9,15,0,15,2,0,2
19,slack,diagnostic,churn,17,50000,500000,404465,49886,0.010009766,local,8,8,1,0,9,16,2,16,3,0,2
19,slack,diagnostic,churn,17,50000,500000,450745,50193,0.009765625,local,8,8,1,0,9,16,1,16,3,0,2
19,slack,diagnostic,churn,17,50000,500000,454473,50215,0.010986328,local,8,8,1,0,9,15,0,15,3,0,2
19,slack,diagnostic,churn,17,50000,500000,477688,50182,0.010009766,local,8,8,1,0,9,16,0,16,3,0,2
20,baseline,timed,churn,3512641005,50000,500000,26231,49907,0.1015625,unavailable,0,0,0,0,0,0,0,0,1,0,1
20,baseline,timed,churn,3512641005,50000,500000,47784,49741,0.12109375,unavailable,0,0,0,0,0,0,0,0,4,0,1
20,baseline,timed,churn,3512641005,50000,500000,76093,49660,0.114257812,unavailable,0,0,0,0,0,0,0,0,1,0,1
20,baseline,timed,churn,3512641005,50000,500000,118682,49773,0.124023438,unavailable,0,0,0,0,0,0,0,0,1,0,1
20,baseline,timed,churn,3512641005,50000,500000,154239,49991,0.099365234,unavailable,0,0,0,0,0,0,0,0,3,0,1
20,baseline,timed,churn,3512641005,50000,500000,178656,50079,0.119873047,unavailable,0,0,0,0,0,0,0,0,2,0,1
20,baseline,timed,churn,3512641005,50000,500000,211876,50132,0.108886719,unavailable,0,0,0,0,0,0,0,0,2,0,1
20,baseline,timed,churn,3512641005,50000,500000,215025,50091,0.224121094,unavailable,0,0,0,0,0,0,0,0,2,0,1
20,baseline,timed,churn,3512641005,50000,500000,216995,50087,0.112548828,unavailable,0,0,0,0,0,0,0,0,1,0,1
20,baseline,timed,churn,3512641005,50000,500000,235912,49987,0.107177734,unavailable,0,0,0,0,0,0,0,0,5,0,1
20,baseline,timed,churn,3512641005,50000,500000,240075,49994,0.112304688,unavailable,0,0,0,0,0,0,0,0,2,0,1
20,baseline,timed,churn,3512641005,50000,500000,279204,49808,0.115722656,unavailable,0,0,0,0,0,0,0,0,4,0,1
20,baseline,timed,churn,3512641005,50000,500000,283698,49868,0.120605469,unavailable,0,0,0,0,0,0,0,0,4,0,1
20,baseline,timed,churn,3512641005,50000,500000,288697,49815,0.101806641,unavailable,0,0,0,0,0,0,0,0,2,0,1
20,baseline,timed,churn,3512641005,50000,500000,344249,49989,0.1171875,unavailable,0,0,0,0,0,0,0,0,2,0,1
20,baseline,timed,churn,3512641005,50000,500000,347892,49852,0.121826172,unavailable,0,0,0,0,0,0,0,0,2,0,1
20,baseline,timed,churn,3512641005,50000,500000,352005,49788,0.110107422,unavailable,0,0,0,0,0,0,0,0,2,0,1
20,baseline,timed,churn,3512641005,50000,500000,385266,49790,0.111083984,unavailable,0,0,0,0,0,0,0,0,2,0,1
20,baseline,timed,churn,3512641005,50000,500000,394238,49772,0.10546875,unavailable,0,0,0,0,0,0,0,0,1,0,1
20,baseline,timed,churn,3512641005,50000,500000,398553,49788,0.107666016,unavailable,0,0,0,0,0,0,0,0,1,0,1
20,baseline,timed,churn,3512641005,50000,500000,402583,49745,0.119140625,unavailable,0,0,0,0,0,0,0,0,4,0,1
20,baseline,timed,churn,3512641005,50000,500000,411820,49738,0.108154297,unavailable,0,0,0,0,0,0,0,0,1,0,1
20,baseline,timed,churn,3512641005,50000,500000,416171,49800,0.100830078,unavailable,0,0,0,0,0,0,0,0,3,0,1
20,baseline,timed,churn,3512641005,50000,500000,430017,49753,0.100830078,unavailable,0,0,0,0,0,0,0,0,4,0,1
20,baseline,timed,churn,3512641005,50000,500000,439201,49837,0.108886719,unavailable,0,0,0,0,0,0,0,0,1,0,1
20,baseline,diagnostic,churn,3512641005,50000,500000,6272,50020,0.027832031,direct,0,0,0,0,0,16,0,16,2,0,1
20,baseline,diagnostic,churn,3512641005,50000,500000,54334,49736,0.025146484,direct,0,0,0,0,0,14,0,14,2,0,1
20,baseline,diagnostic,churn,3512641005,50000,500000,66063,49654,0.022460938,direct,0,0,0,0,0,14,0,14,3,0,1
20,baseline,diagnostic,churn,3512641005,50000,500000,78047,49698,0.010742188,direct,0,0,0,0,0,16,2,16,1,0,1
20,baseline,diagnostic,churn,3512641005,50000,500000,97334,49764,0.015869141,local,8,8,1,0,9,17,2,17,2,0,3
20,baseline,diagnostic,churn,3512641005,50000,500000,108428,49841,0.010498047,direct,0,0,0,0,0,17,0,17,3,0,1
20,baseline,diagnostic,churn,3512641005,50000,500000,150964,50030,0.006591797,local,8,8,1,0,9,16,1,16,2,0,2
20,baseline,diagnostic,churn,3512641005,50000,500000,154620,50014,0.014648438,local,8,8,1,0,9,16,1,16,2,0,3
20,baseline,diagnostic,churn,3512641005,50000,500000,173934,50063,0.019287109,direct,0,0,0,0,0,16,2,16,1,0,1
20,baseline,diagnostic,churn,3512641005,50000,500000,202913,50171,0.024169922,direct,0,0,0,0,0,17,1,17,3,0,1
20,baseline,diagnostic,churn,3512641005,50000,500000,208916,50083,0.012207031,local,16,24,1,1,26,17,2,17,2,0,3
20,baseline,diagnostic,churn,3512641005,50000,500000,213383,50153,0.022949219,direct,0,0,0,0,0,17,1,17,3,0,1
20,baseline,diagnostic,churn,3512641005,50000,500000,223599,50025,0.022949219,direct,0,0,0,0,0,16,0,16,1,0,1
20,baseline,diagnostic,churn,3512641005,50000,500000,225388,50034,0.006103516,local,8,8,1,0,9,16,2,16,2,0,2
20,baseline,diagnostic,churn,3512641005,50000,500000,233940,49998,0.021484375,direct,0,0,0,0,0,14,0,14,2,0,1
20,baseline,diagnostic,churn,3512641005,50000,500000,241723,50006,0.007080078,local,16,24,1,1,26,16,0,16,1,0,2
20,baseline,diagnostic,churn,3512641005,50000,500000,250015,49855,0.0078125,local,8,8,1,0,9,15,0,15,2,0,2
20,baseline,diagnostic,churn,3512641005,50000,500000,251031,49837,0.011230469,direct,0,0,0,0,0,16,0,16,3,0,1
20,baseline,diagnostic,churn,3512641005,50000,500000,254467,49861,0.006347656,local,8,8,1,0,9,15,2,15,2,0,2
20,baseline,diagnostic,churn,3512641005,50000,500000,261764,49909,0.0078125,local,8,8,1,0,9,17,0,17,2,0,2
20,baseline,diagnostic,churn,3512641005,50000,500000,300438,49873,0.006103516,local,8,8,1,0,9,17,1,17,2,0,2
20,baseline,diagnostic,churn,3512641005,50000,500000,307685,49883,0.022216797,direct,0,0,0,0,0,16,2,16,1,0,1
20,baseline,diagnostic,churn,3512641005,50000,500000,310829,49909,0.010986328,local,16,24,1,1,26,16,0,16,2,0,3
20,baseline,diagnostic,churn,3512641005,50000,500000,317118,50016,0.0234375,direct,0,0,0,0,0,16,2,16,4,0,1
20,baseline,diagnostic,churn,3512641005,50000,500000,330416,49992,0.006591797,local,8,8,1,0,9,14,0,14,2,0,2
20,baseline,diagnostic,churn,3512641005,50000,500000,341379,49949,0.017822266,local,16,24,1,1,26,18,1,18,2,0,3
20,baseline,diagnostic,churn,3512641005,50000,500000,350157,49803,0.007324219,local,8,8,1,0,9,16,1,16,2,0,2
20,baseline,diagnostic,churn,3512641005,50000,500000,356334,49751,0.008789062,local,16,24,1,1,26,14,0,14,1,0,2
20,baseline,diagnostic,churn,3512641005,50000,500000,405397,49713,0.010742188,local,16,24,1,1,26,16,2,16,2,0,3
20,baseline,diagnostic,churn,3512641005,50000,500000,406628,49716,0.022705078,direct,0,0,0,0,0,17,1,17,3,0,1
20,baseline,diagnostic,churn,3512641005,50000,500000,415812,49812,0.009033203,local,8,8,1,0,9,16,0,16,2,0,2
20,baseline,diagnostic,churn,3512641005,50000,500000,428110,49764,0.011230469,local,16,24,1,1,26,16,0,16,2,0,3
20,baseline,diagnostic,churn,3512641005,50000,500000,449125,49736,0.008300781,local,16,24,1,1,26,16,0,16,1,0,2
20,baseline,diagnostic,churn,3512641005,50000,500000,450669,49713,0.006591797,local,8,8,1,0,9,16,0,16,2,0,2
20,baseline,diagnostic,churn,3512641005,50000,500000,451862,49682,0.006835938,local,8,8,1,0,9,15,0,15,2,0,2
20,baseline,diagnostic,churn,3512641005,50000,500000,454063,49771,0.006103516,local,8,8,1,0,9,14,0,14,2,0,2
20,baseline,diagnostic,churn,3512641005,50000,500000,458181,49761,0.024902344,direct,0,0,0,0,0,15,2,15,2,0,1
20,baseline,diagnostic,churn,3512641005,50000,500000,481502,49535,0.014404297,local,16,24,1,1,26,15,0,15,1,0,3
20,baseline,diagnostic,churn,3512641005,50000,500000,488247,49580,0.005859375,local,8,8,1,0,9,17,2,17,2,0,2
20,baseline,diagnostic,churn,3512641005,50000,500000,494589,49484,0.024658203,direct,0,0,0,0,0,16,0,16,2,0,1
20,baseline,diagnostic,churn,3512641005,50000,500000,497883,49542,0.01171875,local,16,24,1,1,26,17,2,17,2,0,3
20,slack,timed,churn,3512641005,50000,500000,28224,49866,0.108642578,unavailable,0,0,0,0,0,0,0,0,3,0,1
20,slack,timed,churn,3512641005,50000,500000,40287,49900,0.131347656,unavailable,0,0,0,0,0,0,0,0,3,0,1
20,slack,timed,churn,3512641005,50000,500000,94680,49777,0.109619141,unavailable,0,0,0,0,0,0,0,0,3,0,1
20,slack,timed,churn,3512641005,50000,500000,128475,49927,0.108642578,unavailable,0,0,0,0,0,0,0,0,1,0,1
20,slack,timed,churn,3512641005,50000,500000,143082,50006,0.115966797,unavailable,0,0,0,0,0,0,0,0,2,0,1
20,slack,timed,churn,3512641005,50000,500000,153976,49990,0.114013672,unavailable,0,0,0,0,0,0,0,0,3,0,1
20,slack,timed,churn,3512641005,50000,500000,163418,49869,0.107666016,unavailable,0,0,0,0,0,0,0,0,1,0,1
20,slack,timed,churn,3512641005,50000,500000,195403,50134,0.117919922,unavailable,0,0,0,0,0,0,0,0,1,0,1
20,slack,timed,churn,3512641005,50000,500000,201248,50150,0.115966797,unavailable,0,0,0,0,0,0,0,0,1,0,1
20,slack,timed,churn,3512641005,50000,500000,205991,50132,0.106445312,unavailable,0,0,0,0,0,0,0,0,4,0,1
20,slack,timed,churn,3512641005,50000,500000,209830,50100,0.126464844,unavailable,0,0,0,0,0,0,0,0,1,0,1
20,slack,timed,churn,3512641005,50000,500000,232440,49984,0.117431641,unavailable,0,0,0,0,0,0,0,0,4,0,1
20,slack,timed,churn,3512641005,50000,500000,273135,49884,0.119384766,unavailable,0,0,0,0,0,0,0,0,2,0,1
20,slack,timed,churn,3512641005,50000,500000,290312,49790,0.114501953,unavailable,0,0,0,0,0,0,0,0,1,0,1
20,slack,timed,churn,3512641005,50000,500000,327764,49995,0.112060547,unavailable,0,0,0,0,0,0,0,0,4,0,1
20,slack,timed,churn,3512641005,50000,500000,359108,49733,0.115478516,unavailable,0,0,0,0,0,0,0,0,1,0,1
20,slack,timed,churn,3512641005,50000,500000,380158,49720,0.110351562,unavailable,0,0,0,0,0,0,0,0,1,0,1
20,slack,timed,churn,3512641005,50000,500000,397280,49795,0.110351562,unavailable,0,0,0,0,0,0,0,0,2,0,1
20,slack,timed,churn,3512641005,50000,500000,402331,49743,0.114746094,unavailable,0,0,0,0,0,0,0,0,4,0,1
20,slack,timed,churn,3512641005,50000,500000,410361,49686,0.111328125,unavailable,0,0,0,0,0,0,0,0,2,0,1
20,slack,timed,churn,3512641005,50000,500000,423279,49869,0.106201172,unavailable,0,0,0,0,0,0,0,0,2,0,1
20,slack,timed,churn,3512641005,50000,500000,426780,49777,0.125976562,unavailable,0,0,0,0,0,0,0,0,1,0,1
20,slack,timed,churn,3512641005,50000,500000,443715,49799,0.122070312,unavailable,0,0,0,0,0,0,0,0,6,0,1
20,slack,timed,churn,3512641005,50000,500000,447933,49715,0.118652344,unavailable,0,0,0,0,0,0,0,0,2,0,1
20,slack,timed,churn,3512641005,50000,500000,474223,49630,0.108398438,unavailable,0,0,0,0,0,0,0,0,1,0,1
20,slack,diagnostic,churn,3512641005,50000,500000,70115,49588,0.022460938,direct,0,0,0,0,0,16,1,16,1,0,1
20,slack,diagnostic,churn,3512641005,50000,500000,82238,49710,0.023925781,direct,0,0,0,0,0,15,0,15,2,0,1
20,slack,diagnostic,churn,3512641005,50000,500000,97334,49764,0.015136719,local,8,8,1,0,9,17,2,17,3,0,3
20,slack,diagnostic,churn,3512641005,50000,500000,123059,49779,0.010498047,local,8,8,1,0,9,15,0,15,3,0,2
20,slack,diagnostic,churn,3512641005,50000,500000,143545,50013,0.039550781,direct,0,0,0,0,0,16,0,16,2,0,1
20,slack,diagnostic,churn,3512641005,50000,500000,150964,50030,0.011474609,local,8,8,1,0,9,16,1,16,3,0,3
20,slack,diagnostic,churn,3512641005,50000,500000,188046,50150,0.025390625,direct,0,0,0,0,0,15,0,15,3,0,1
20,slack,diagnostic,churn,3512641005,50000,500000,222270,50036,0.021484375,direct,0,0,0,0,0,16,1,16,1,0,1
20,slack,diagnostic,churn,3512641005,50000,500000,250015,49855,0.012695312,local,8,8,1,0,9,15,0,15,3,0,3
20,slack,diagnostic,churn,3512641005,50000,500000,252084,49820,0.010253906,local,8,8,1,0,9,16,2,16,3,0,2
20,slack,diagnostic,churn,3512641005,50000,500000,261764,49909,0.010742188,local,8,8,1,0,9,17,0,17,3,0,2
20,slack,diagnostic,churn,3512641005,50000,500000,264987,49929,0.01171875,direct,0,0,0,0,0,16,2,16,3,0,1
20,slack,diagnostic,churn,3512641005,50000,500000,296365,49867,0.011230469,local,8,8,1,0,9,16,1,16,3,0,3
20,slack,diagnostic,churn,3512641005,50000,500000,296984,49858,0.010253906,local,8,8,1,0,9,15,0,15,3,0,2
20,slack,diagnostic,churn,3512641005,50000,500000,300438,49873,0.011962891,local,8,8,1,0,9,17,1,17,3,0,3
20,slack,diagnostic,churn,3512641005,50000,500000,301619,49889,0.010742188,local,8,8,1,0,9,15,0,15,3,0,2
20,slack,diagnostic,churn,3512641005,50000,500000,307888,49902,0.010009766,local,8,8,1,0,9,15,1,15,3,0,2
20,slack,diagnostic,churn,3512641005,50000,500000,314574,49978,0.010009766,local,8,8,1,0,9,15,0,15,3,0,2
20,slack,diagnostic,churn,3512641005,50000,500000,330416,49992,0.010009766,local,8,8,1,0,9,14,0,14,3,0,2
20,slack,diagnostic,churn,3512641005,50000,500000,350157,49803,0.010986328,local,8,8,1,0,9,16,1,16,3,0,3
20,slack,diagnostic,churn,3512641005,50000,500000,350942,49800,0.010742188,local,8,8,1,0,9,17,1,17,3,0,2
20,slack,diagnostic,churn,3512641005,50000,500000,351830,49805,0.014404297,local,8,8,1,0,9,17,1,17,3,0,3
20,slack,diagnostic,churn,3512641005,50000,500000,358220,49742,0.013427734,local,8,8,1,0,9,16,1,16,3,0,3
20,slack,diagnostic,churn,3512641005,50000,500000,358554,49737,0.010009766,local,8,8,1,0,9,17,2,17,3,0,2
20,slack,diagnostic,churn,3512641005,50000,500000,359656,49703,0.049560547,direct,0,0,0,0,0,15,0,15,1,0,1
20,slack,diagnostic,churn,3512641005,50000,500000,376049,49714,0.011230469,local,8,8,1,0,9,15,0,15,3,0,3
20,slack,diagnostic,churn,3512641005,50000,500000,376408,49680,0.010986328,local,8,8,1,0,9,15,0,15,2,0,3
20,slack,diagnostic,churn,3512641005,50000,500000,402825,49752,0.028564453,direct,0,0,0,0,0,15,0,15,5,0,1
20,slack,diagnostic,churn,3512641005,50000,500000,422355,49861,0.013183594,local,8,8,1,0,9,16,0,16,3,0,3
20,slack,diagnostic,churn,3512641005,50000,500000,432145,49794,0.022216797,direct,0,0,0,0,0,16,0,16,4,0,1
20,slack,diagnostic,churn,3512641005,50000,500000,450669,49713,0.010253906,local,8,8,1,0,9,16,0,16,3,0,2
20,slack,diagnostic,churn,3512641005,50000,500000,451343,49675,0.028076172,direct,0,0,0,0,0,16,1,16,3,0,1
20,slack,diagnostic,churn,3512641005,50000,500000,458327,49765,0.011474609,local,8,8,1,0,9,14,0,14,3,0,3
20,slack,diagnostic,churn,3512641005,50000,500000,461059,49713,0.029785156,direct,0,0,0,0,0,17,2,17,2,0,1
20,slack,diagnostic,churn,3512641005,50000,500000,464299,49643,0.010742188,local,8,8,1,0,9,17,2,17,3,0,2
20,slack,diagnostic,churn,3512641005,50000,500000,470079,49635,0.034179688,local,8,8,1,0,9,16,2,16,3,0,3
20,slack,diagnostic,churn,3512641005,50000,500000,488861,49607,0.025634766,direct,0,0,0,0,0,15,0,15,1,0,1
