run,strategy,build,workload,seed,initial,operations,operation,resident,depth_mean,depth_p95,depth_p99,depth_max,display_mean,display_max,lk1_mean,lk1_max,resident_path_bytes,lk1_payload_bytes,path_digest,alloc_calls,requested_bytes,live_bytes,peak_live_bytes,path_object_bytes,path_step_bytes,tree_node_bytes
1,baseline,timed,timeline,17,10000,100000,0,10000,0.9999,1,1,1,3.9999,4,13.9992,14,479984,139992,e683f3560ca72cf4,,,,,,,
1,baseline,timed,timeline,17,10000,100000,10000,18020,1.440899,3,3,3,5.763762,12,17.527192,30,943136,315840,e6bc66f0e8101f2a,,,,,,,
1,baseline,timed,timeline,17,10000,100000,20000,26034,2.277599,5,5,5,9.110509,20,24.220788,46,1621160,630564,25f58a8f1a3e34e1,,,,,,,
1,baseline,timed,timeline,17,10000,100000,30000,33970,3.279129,4,4,4,13.116603,16,32.233029,38,2702888,1094956,a4219770eb1e3daa,,,,,,,
1,baseline,timed,timeline,17,10000,100000,40000,41976,3.232037,4,4,4,12.928221,16,31.856299,38,3239344,1337200,c1b1c11d98f5dd0e,,,,,,,
1,baseline,timed,timeline,17,10000,100000,50000,49980,3.560124,6,6,6,14.240556,24,34.480992,54,4086312,1723360,178f7556446357ee,,,,,,,
1,baseline,timed,timeline,17,10000,100000,60000,57866,3.554989,4,4,4,14.220008,16,34.439913,38,4870952,1992900,af3f5b1f718c8a65,,,,,,,
1,baseline,timed,timeline,17,10000,100000,70000,65898,3.511685,4,4,4,14.046784,16,34.093478,38,5415048,2246692,e4e4fb0e06098b74,,,,,,,
1,baseline,timed,timeline,17,10000,100000,80000,73862,3.724581,6,6,6,14.898365,24,35.796648,54,6289056,2644012,2685ceb3de420a69,,,,,,,
1,baseline,timed,timeline,17,10000,100000,90000,81904,3.633901,4,4,4,14.535639,16,35.071205,38,7133896,2872472,84c0bb6ab286360d,,,,,,,
1,baseline,timed,timeline,17,10000,100000,100000,89886,3.662027,4,5,5,14.648143,20,35.29622,46,7770544,3172636,fd465be287ec7a91,,,,,,,
1,baseline,diagnostic,timeline,17,10000,100000,0,10000,0.9999,1,1,1,3.9999,4,13.9992,14,479984,139992,e683f3560ca72cf4,30001,960040,960040,960040,320000,159984,480000
1,baseline,diagnostic,timeline,17,10000,100000,10000,18020,1.440899,3,3,3,5.763762,12,17.527192,30,943136,315840,e6bc66f0e8101f2a,57031,2047936,1808152,1808152,576640,366496,864960
1,baseline,diagnostic,timeline,17,10000,100000,20000,26034,2.277599,5,5,5,9.110509,20,24.220788,46,1621160,630564,25f58a8f1a3e34e1,84052,3656312,2870848,2870848,833088,788072,1249632
1,baseline,diagnostic,timeline,17,10000,100000,30000,33970,3.279129,4,4,4,13.116603,16,32.233029,38,2702888,1094956,a4219770eb1e3daa,239253,15448968,4333504,6803632,1087040,1615848,1630560
1,baseline,diagnostic,timeline,17,10000,100000,40000,41976,3.232037,4,4,4,12.928221,16,31.856299,38,3239344,1337200,c1b1c11d98f5dd0e,266262,16803576,5254248,6803632,1343232,1896112,2014848
1,baseline,diagnostic,timeline,17,10000,100000,50000,49980,3.560124,6,6,6,14.240556,24,34.480992,54,4086312,1723360,178f7556446357ee,293268,18798472,6485408,6803632,1599360,2486952,2399040
1,baseline,diagnostic,timeline,17,10000,100000,60000,57866,3.554989,4,4,4,14.220008,16,34.439913,38,4870952,1992900,af3f5b1f718c8a65,552890,38640312,7648576,11871168,1851712,3019240,2777568
1,baseline,diagnostic,timeline,17,10000,100000,70000,65898,3.511685,4,4,4,14.046784,16,34.093478,38,5415048,2246692,e4e4fb0e06098b74,579938,40026088,8578208,11871168,2108736,3306312,3163104
1,baseline,diagnostic,timeline,17,10000,100000,80000,73862,3.724581,6,6,6,14.898365,24,35.796648,54,6289056,2644012,2685ceb3de420a69,606884,42088120,9834488,11871168,2363584,3925472,3545376
1,baseline,diagnostic,timeline,17,10000,100000,90000,81904,3.633901,4,4,4,14.535639,16,35.071205,38,7133896,2872472,84c0bb6ab286360d,1044294,76486400,11065344,17717360,2620928,4512968,3931392
1,baseline,diagnostic,timeline,17,10000,100000,100000,89886,3.662027,4,5,5,14.648143,20,35.29622,46,7770544,3172636,fd465be287ec7a91,1071267,78079192,12085128,17717360,2876352,4894192,4314528
1,slack,timed,timeline,17,10000,100000,0,10000,0.9999,1,1,1,3.9999,4,13.9992,14,479984,139992,e683f3560ca72cf4,,,,,,,
1,slack,timed,timeline,17,10000,100000,10000,18020,1.440899,3,3,3,5.763762,12,17.527192,30,943136,315840,e6bc66f0e8101f2a,,,,,,,
1,slack,timed,timeline,17,10000,100000,20000,26034,2.277599,5,5,5,9.110509,20,24.220788,46,1621160,630564,25f58a8f1a3e34e1,,,,,,,
1,slack,timed,timeline,17,10000,100000,30000,33970,3.15499,6,6,7,12.620047,28,31.239918,62,2533160,1061220,e6b89fe1c7b95e3a,,,,,,,
1,slack,timed,timeline,17,10000,100000,40000,41976,3.724867,6,6,7,14.899538,28,35.798933,62,3444192,1502696,0e6beaa34c559e54,,,,,,,
1,slack,timed,timeline,17,10000,100000,50000,49980,4.1012,6,6,6,16.404862,24,38.809604,54,4348192,1939704,90579a9e7e6049ee,,,,,,,
1,slack,timed,timeline,17,10000,100000,60000,57866,4.372187,6,6,6,17.488802,24,40.9775,54,5240160,2371204,03bd07ef023361d1,,,,,,,
1,slack,timed,timeline,17,10000,100000,70000,65898,4.587939,6,6,7,18.351801,28,42.703511,62,6146936,2814076,3be53b29bbc1010a,,,,,,,
1,slack,timed,timeline,17,10000,100000,80000,73862,4.746622,6,6,6,18.986529,24,43.972977,54,7045248,3247932,43bef3e56d404ffc,,,,,,,
1,slack,timed,timeline,17,10000,100000,90000,81904,4.872937,6,6,6,19.491783,24,44.983493,54,7949032,3684328,f7babc3f261a498c,,,,,,,
1,slack,timed,timeline,17,10000,100000,100000,89886,4.975602,6,6,6,19.902443,24,45.804819,54,8845592,4117212,2c3bbe7c6016abca,,,,,,,
1,slack,diagnostic,timeline,17,10000,100000,0,10000,0.9999,1,1,1,3.9999,4,13.9992,14,479984,139992,e683f3560ca72cf4,30001,960040,960040,960040,320000,159984,480000
1,slack,diagnostic,timeline,17,10000,100000,10000,18020,1.440899,3,3,3,5.763762,12,17.527192,30,943136,315840,e6bc66f0e8101f2a,57031,2047936,1808152,1808152,576640,366496,864960
1,slack,diagnostic,timeline,17,10000,100000,20000,26034,2.277599,5,5,5,9.110509,20,24.220788,46,1621160,630564,25f58a8f1a3e34e1,84052,3656312,2870848,2870848,833088,788072,1249632
1,slack,diagnostic,timeline,17,10000,100000,30000,33970,3.15499,6,6,7,12.620047,28,31.239918,62,2533160,1061220,e6b89fe1c7b95e3a,128252,7670464,4163776,4265008,1087040,1446120,1630560
1,slack,diagnostic,timeline,17,10000,100000,40000,41976,3.724867,6,6,7,14.899538,28,35.798933,62,3444192,1502696,0e6beaa34c559e54,322031,28225288,5459096,6295080,1343232,2100960,2014848
1,slack,diagnostic,timeline,17,10000,100000,50000,49980,4.1012,6,6,6,16.404862,24,38.809604,54,4348192,1939704,90579a9e7e6049ee,595899,57854944,6747288,8781024,1599360,2748832,2399040
1,slack,diagnostic,timeline,17,10000,100000,60000,57866,4.372187,6,6,6,17.488802,24,40.9775,54,5240160,2371204,03bd07ef023361d1,854656,85855328,8017784,9926904,1851712,3388448,2777568
1,slack,diagnostic,timeline,17,10000,100000,70000,65898,4.587939,6,6,7,18.351801,28,42.703511,62,6146936,2814076,3be53b29bbc1010a,1051646,106865560,9310096,12330824,2108736,4038200,3163104
1,slack,diagnostic,timeline,17,10000,100000,80000,73862,4.746622,6,6,6,18.986529,24,43.972977,54,7045248,3247932,43bef3e56d404ffc,1273016,130565672,10590680,12330824,2363584,4681664,3545376
1,slack,diagnostic,timeline,17,10000,100000,90000,81904,4.872937,6,6,6,19.491783,24,44.983493,54,7949032,3684328,f7babc3f261a498c,1590487,165098872,11880480,13278608,2620928,5328104,3931392
1,slack,diagnostic,timeline,17,10000,100000,100000,89886,4.975602,6,6,6,19.902443,24,45.804819,54,8845592,4117212,2c3bbe7c6016abca,1822794,190199304,13160176,16820832,2876352,5969240,4314528
2,baseline,timed,timeline,305419896,10000,100000,0,10000,0.9999,1,1,1,3.9999,4,13.9992,14,479984,139992,e683f3560ca72cf4,,,,,,,
2,baseline,timed,timeline,305419896,10000,100000,10000,17994,1.436868,3,3,3,5.747638,12,17.494943,30,940840,314804,59e57be19d8ba348,,,,,,,
2,baseline,timed,timeline,305419896,10000,100000,20000,25958,2.269975,5,5,5,9.080014,20,24.159797,46,1613264,627140,327a9dd3f4b12fdd,,,,,,,
2,baseline,timed,timeline,305419896,10000,100000,30000,33956,3.279921,4,4,4,13.119773,16,32.239369,38,2701272,1094720,3e016143e8ac2921,,,,,,,
2,baseline,timed,timeline,305419896,10000,100000,40000,41894,3.233279,4,4,4,12.933189,16,31.866234,38,3232960,1335004,55669d66503379d9,,,,,,,
2,baseline,timed,timeline,305419896,10000,100000,50000,49906,3.562938,6,6,6,14.251813,24,34.503507,54,4081688,1721932,c8aedcbf3ebb1765,,,,,,,
2,baseline,timed,timeline,305419896,10000,100000,60000,57918,3.555164,4,4,4,14.220709,16,34.441314,38,4877152,1994772,c2b40492ce2cad3c,,,,,,,
2,baseline,timed,timeline,305419896,10000,100000,70000,65922,3.509132,4,4,4,14.036574,16,34.073056,38,5419000,2246164,0646de44ba771c3e,,,,,,,
2,baseline,timed,timeline,305419896,10000,100000,80000,73924,3.717169,5,6,6,14.868717,24,35.737352,54,6288832,2641848,122a5409f29faf23,,,,,,,
2,baseline,timed,timeline,305419896,10000,100000,90000,81852,3.636307,4,4,4,14.545265,16,35.090456,38,7133208,2872224,ff36ea6b24a1a47b,,,,,,,
2,baseline,timed,timeline,305419896,10000,100000,100000,89760,3.658612,4,5,5,14.634481,20,35.268895,46,7755200,3165736,e25667c0f839dc08,,,,,,,
2,baseline,diagnostic,timeline,305419896,10000,100000,0,10000,0.9999,1,1,1,3.9999,4,13.9992,14,479984,139992,e683f3560ca72cf4,30001,960040,960040,960040,320000,159984,480000
2,baseline,diagnostic,timeline,305419896,10000,100000,10000,17994,1.436868,3,3,3,5.747638,12,17.494943,30,940840,314804,59e57be19d8ba348,56992,2044224,1804608,1804712,575808,365032,863712
2,baseline,diagnostic,timeline,305419896,10000,100000,20000,25958,2.269975,5,5,5,9.080014,20,24.159797,46,1613264,627140,327a9dd3f4b12fdd,83938,3643880,2859304,2859304,830656,782608,1245984
2,baseline,diagnostic,timeline,305419896,10000,100000,30000,33956,3.279921,4,4,4,13.119773,16,32.239369,38,2701272,1094720,3e016143e8ac2921,239120,15435968,4331216,6788016,1086592,1614680,1629888
2,baseline,diagnostic,timeline,305419896,10000,100000,40000,41894,3.233279,4,4,4,12.933189,16,31.866234,38,3232960,1335004,55669d66503379d9,266027,16785984,5243928,6788016,1340608,1892352,2010912
2,baseline,diagnostic,timeline,305419896,10000,100000,50000,49906,3.562938,6,6,6,14.251813,24,34.503507,54,4081688,1721932,c8aedcbf3ebb1765,293045,18783752,6477232,6788016,1596992,2484696,2395488
2,baseline,diagnostic,timeline,305419896,10000,100000,60000,57918,3.555164,4,4,4,14.220709,16,34.441314,38,4877152,1994772,c2b40492ce2cad3c,553292,40155568,7657272,11898624,1853376,3023776,2780064
2,baseline,diagnostic,timeline,305419896,10000,100000,70000,65922,3.509132,4,4,4,14.036574,16,34.073056,38,5419000,2246164,0646de44ba771c3e,580298,41535368,8583312,11898624,2109504,3309496,3164256
2,baseline,diagnostic,timeline,305419896,10000,100000,80000,73924,3.717169,5,6,6,14.868717,24,35.737352,54,6288832,2641848,122a5409f29faf23,607301,43584160,9837240,11898624,2365568,3923264,3548352
2,baseline,diagnostic,timeline,305419896,10000,100000,90000,81852,3.636307,4,4,4,14.545265,16,35.090456,38,7133208,2872224,ff36ea6b24a1a47b,1044866,79479432,11062160,17755464,2619264,4513944,3928896
2,baseline,diagnostic,timeline,305419896,10000,100000,100000,89760,3.658612,4,5,5,14.634481,20,35.268895,46,7755200,3165736,e25667c0f839dc08,1071728,81046816,12063736,17755464,2872320,4882880,4308480
2,slack,timed,timeline,305419896,10000,100000,0,10000,0.9999,1,1,1,3.9999,4,13.9992,14,479984,139992,e683f3560ca72cf4,,,,,,,
2,slack,timed,timeline,305419896,10000,100000,10000,17994,1.436868,3,3,3,5.747638,12,17.494943,30,940840,314804,59e57be19d8ba348,,,,,,,
2,slack,timed,timeline,305419896,10000,100000,20000,25958,2.269975,5,5,5,9.080014,20,24.159797,46,1613264,627140,327a9dd3f4b12fdd,,,,,,,
2,slack,timed,timeline,305419896,10000,100000,30000,33956,3.148692,6,6,6,12.594858,24,31.189539,54,2529192,1059072,d4e2e3b4246ce136,,,,,,,
2,slack,timed,timeline,305419896,10000,100000,40000,41894,3.717286,6,6,6,14.869218,24,35.738292,54,3433320,1497220,f6d43b23891c9fe5,,,,,,,
2,slack,timed,timeline,305419896,10000,100000,50000,49906,4.10083,6,6,6,16.403378,24,38.806636,54,4341128,1936684,d0eec9b4587eb835,,,,,,,
2,slack,timed,timeline,305419896,10000,100000,60000,57918,4.37175,6,6,6,17.487051,24,40.973998,54,5244104,2373132,e3b0e8eb173867d7,,,,,,,
2,slack,timed,timeline,305419896,10000,100000,70000,65922,4.578396,6,6,6,18.313628,24,42.627165,54,6147784,2810068,c44203a7b840ed25,,,,,,,
2,slack,timed,timeline,305419896,10000,100000,80000,73924,4.736148,6,6,6,18.944632,24,43.889183,54,7047480,3244464,da9e99e610847867,,,,,,,
2,slack,timed,timeline,305419896,10000,100000,90000,81852,4.863571,6,6,6,19.45432,24,44.908567,54,7940520,3675856,f60782899e0c6d79,,,,,,,
2,slack,timed,timeline,305419896,10000,100000,100000,89760,4.968516,6,6,6,19.874098,24,45.748128,54,8831568,4106352,c164dc625ee7705d,,,,,,,
2,slack,diagnostic,timeline,305419896,10000,100000,0,10000,0.9999,1,1,1,3.9999,4,13.9992,14,479984,139992,e683f3560ca72cf4,30001,960040,960040,960040,320000,159984,480000
2,slack,diagnostic,timeline,305419896,10000,100000,10000,17994,1.436868,3,3,3,5.747638,12,17.494943,30,940840,314804,59e57be19d8ba348,56992,2044224,1804608,1804712,575808,365032,863712
2,slack,diagnostic,timeline,305419896,10000,100000,20000,25958,2.269975,5,5,5,9.080014,20,24.159797,46,1613264,627140,327a9dd3f4b12fdd,83938,3643880,2859304,2859304,830656,782608,1245984
2,slack,diagnostic,timeline,305419896,10000,100000,30000,33956,3.148692,6,6,6,12.594858,24,31.189539,54,2529192,1059072,d4e2e3b4246ce136,127509,7602032,4159136,4659272,1086592,1442600,1629888
2,slack,diagnostic,timeline,305419896,10000,100000,40000,41894,3.717286,6,6,6,14.869218,24,35.738292,54,3433320,1497220,f6d43b23891c9fe5,294924,25216872,5444288,5930440,1340608,2092712,2010912
2,slack,diagnostic,timeline,305419896,10000,100000,50000,49906,4.10083,6,6,6,16.403378,24,38.806636,54,4341128,1936684,d0eec9b4587eb835,531638,50710768,6736672,8391240,1596992,2744136,2395488
2,slack,diagnostic,timeline,305419896,10000,100000,60000,57918,4.37175,6,6,6,17.487051,24,40.973998,54,5244104,2373132,e3b0e8eb173867d7,729760,71805784,8024224,8391240,1853376,3390728,2780064
2,slack,diagnostic,timeline,305419896,10000,100000,70000,65922,4.578396,6,6,6,18.313628,24,42.627165,54,6147784,2810068,c44203a7b840ed25,1010554,102175624,9312096,10259256,2109504,4038280,3164256
2,slack,diagnostic,timeline,305419896,10000,100000,80000,73924,4.736148,6,6,6,18.944632,24,43.889183,54,7047480,3244464,da9e99e610847867,1324741,136395360,10595888,12658976,2365568,4681912,3548352
2,slack,diagnostic,timeline,305419896,10000,100000,90000,81852,4.863571,6,6,6,19.45432,24,44.908567,54,7940520,3675856,f60782899e0c6d79,1555889,161294360,11869472,15059504,2619264,5321256,3928896
2,slack,diagnostic,timeline,305419896,10000,100000,100000,89760,4.968516,6,6,6,19.874098,24,45.748128,54,8831568,4106352,c164dc625ee7705d,1826081,190531768,13140104,15059504,2872320,5959248,4308480
3,baseline,timed,timeline,2654435769,10000,100000,0,10000,0.9999,1,1,1,3.9999,4,13.9992,14,479984,139992,e683f3560ca72cf4,,,,,,,
3,baseline,timed,timeline,2654435769,10000,100000,10000,17944,1.437974,3,3,3,5.752062,12,17.50379,30,938616,314088,8e2983b711dd84e9,,,,,,,
3,baseline,timed,timeline,2654435769,10000,100000,20000,25954,2.276104,5,5,5,9.104531,20,24.208831,46,1614744,628316,30cbdf355e645f54,,,,,,,
3,baseline,timed,timeline,2654435769,10000,100000,30000,33884,3.284116,4,4,4,13.136554,16,32.272931,38,2698632,1093536,7fd43e6593f9c676,,,,,,,
3,baseline,timed,timeline,2654435769,10000,100000,40000,41828,3.228292,4,4,4,12.91324,16,31.826336,38,3227832,1331232,57a4e6a7d8933773,,,,,,,
3,baseline,timed,timeline,2654435769,10000,100000,50000,49752,3.548903,6,6,6,14.195671,24,34.39122,54,4060904,1711032,bce8f23e72b7cd40,,,,,,,
3,baseline,timed,timeline,2654435769,10000,100000,60000,57804,3.560169,4,4,4,14.240727,16,34.481351,38,4872768,1993160,220fea1895974640,,,,,,,
3,baseline,timed,timeline,2654435769,10000,100000,70000,65894,3.507072,4,4,4,14.028333,16,34.056576,38,5417800,2244124,9f905f9ebdf85999,,,,,,,
3,baseline,timed,timeline,2654435769,10000,100000,80000,73832,3.710221,5,6,6,14.840923,24,35.681764,54,6274616,2634456,6ad2b35e41e75f09,,,,,,,
3,baseline,timed,timeline,2654435769,10000,100000,90000,81814,3.637018,4,4,4,14.548109,16,35.096145,38,7133880,2871356,d10b79837a05feec,,,,,,,
3,baseline,timed,timeline,2654435769,10000,100000,100000,89818,3.659033,4,5,5,14.636164,20,35.272262,46,7763984,3168084,6d9c38df4b8a67a7,,,,,,,
3,baseline,diagnostic,timeline,2654435769,10000,100000,0,10000,0.9999,1,1,1,3.9999,4,13.9992,14,479984,139992,e683f3560ca72cf4,30001,960040,960040,960040,320000,159984,480000
3,baseline,diagnostic,timeline,2654435769,10000,100000,10000,17944,1.437974,3,3,3,5.752062,12,17.50379,30,938616,314088,8e2983b711dd84e9,56917,2042672,1799984,1799984,574208,364408,861312
3,baseline,diagnostic,timeline,2654435769,10000,100000,20000,25954,2.276104,5,5,5,9.104531,20,24.208831,46,1614744,628316,30cbdf355e645f54,83932,3646992,2860592,2860592,830528,784216,1245792
3,baseline,diagnostic,timeline,2654435769,10000,100000,30000,33884,3.284116,4,4,4,13.136554,16,32.272931,38,2698632,1093536,7fd43e6593f9c676,239102,15451440,4325120,6805424,1084288,1614344,1626432
3,baseline,diagnostic,timeline,2654435769,10000,100000,40000,41828,3.228292,4,4,4,12.91324,16,31.826336,38,3227832,1331232,57a4e6a7d8933773,266018,16795800,5235632,6805424,1338496,1889336,2007744
3,baseline,diagnostic,timeline,2654435769,10000,100000,50000,49752,3.548903,6,6,6,14.195671,24,34.39122,54,4060904,1711032,bce8f23e72b7cd40,292904,18770016,6449056,6805424,1592064,2468840,2388096
3,baseline,diagnostic,timeline,2654435769,10000,100000,60000,57804,3.560169,4,4,4,14.240727,16,34.481351,38,4872768,1993160,220fea1895974640,553093,40152712,7647416,11897328,1849728,3023040,2774592
3,baseline,diagnostic,timeline,2654435769,10000,100000,70000,65894,3.507072,4,4,4,14.028333,16,34.056576,38,5417800,2244124,9f905f9ebdf85999,580228,41533264,8580768,11897328,2108608,3309192,3162912
3,baseline,diagnostic,timeline,2654435769,10000,100000,80000,73832,3.710221,5,6,6,14.840923,24,35.681764,54,6274616,2634456,6ad2b35e41e75f09,607135,43563000,9818608,11897328,2362624,3911992,3543936
3,baseline,diagnostic,timeline,2654435769,10000,100000,90000,81814,3.637018,4,4,4,14.548109,16,35.096145,38,7133880,2871356,d10b79837a05feec,1045057,80974376,11061008,18633592,2618048,4515832,3927072
3,baseline,diagnostic,timeline,2654435769,10000,100000,100000,89818,3.659033,4,5,5,14.636164,20,35.272262,46,7763984,3168084,6d9c38df4b8a67a7,1072063,82549984,12075304,18633592,2874176,4889808,4311264
3,slack,timed,timeline,2654435769,10000,100000,0,10000,0.9999,1,1,1,3.9999,4,13.9992,14,479984,139992,e683f3560ca72cf4,,,,,,,
3,slack,timed,timeline,2654435769,10000,100000,10000,17944,1.437974,3,3,3,5.752062,12,17.50379,30,938616,314088,8e2983b711dd84e9,,,,,,,
3,slack,timed,timeline,2654435769,10000,100000,20000,25954,2.276104,5,5,5,9.104531,20,24.208831,46,1614744,628316,30cbdf355e645f54,,,,,,,
3,slack,timed,timeline,2654435769,10000,100000,30000,33884,3.152904,6,6,7,12.611705,28,31.223232,62,2526872,1057968,d73eefb0008e8f45,,,,,,,
3,slack,timed,timeline,2654435769,10000,100000,40000,41828,3.719112,6,6,7,14.876518,28,35.752893,62,3429096,1495472,de58f089b1af6b4b,,,,,,,
3,slack,timed,timeline,2654435769,10000,100000,50000,49752,4.101704,6,6,6,16.406878,24,38.813636,54,4329016,1931056,2386165c7dfa150a,,,,,,,
3,slack,timed,timeline,2654435769,10000,100000,60000,57804,4.376687,6,6,6,17.506799,24,41.013494,54,5238544,2370744,7e6104cebe06bf1e,,,,,,,
3,slack,timed,timeline,2654435769,10000,100000,70000,65894,4.58157,6,6,6,18.326327,24,42.652563,54,6148888,2810548,44b33f301ddcbd4a,,,,,,,
3,slack,timed,timeline,2654435769,10000,100000,80000,73832,4.742077,6,6,6,18.968347,24,43.936613,54,7045552,3243928,2e0bf1e6e9eb5bf8,,,,,,,
3,slack,timed,timeline,2654435769,10000,100000,90000,81814,4.869387,6,6,6,19.477583,24,44.955093,54,7944280,3677956,b04609958e80b2dc,,,,,,,
3,slack,timed,timeline,2654435769,10000,100000,100000,89818,4.264457,5,5,6,17.057861,24,40.115656,54,8853016,3603108,1b01623b77de00bc,,,,,,,
3,slack,diagnostic,timeline,2654435769,10000,100000,0,10000,0.9999,1,1,1,3.9999,4,13.9992,14,479984,139992,e683f3560ca72cf4,30001,960040,960040,960040,320000,159984,480000
3,slack,diagnostic,timeline,2654435769,10000,100000,10000,17944,1.437974,3,3,3,5.752062,12,17.50379,30,938616,314088,8e2983b711dd84e9,56917,2042672,1799984,1799984,574208,364408,861312
3,slack,diagnostic,timeline,2654435769,10000,100000,20000,25954,2.276104,5,5,5,9.104531,20,24.208831,46,1614744,628316,30cbdf355e645f54,83932,3646992,2860592,2860592,830528,784216,1245792
3,slack,diagnostic,timeline,2654435769,10000,100000,30000,33884,3.152904,6,6,7,12.611705,28,31.223232,62,2526872,1057968,d73eefb0008e8f45,131177,7985672,4153360,4268032,1084288,1442584,1626432
3,slack,diagnostic,timeline,2654435769,10000,100000,40000,41828,3.719112,6,6,7,14.876518,28,35.752893,62,3429096,1495472,de58f089b1af6b4b,320843,28103064,5436896,6101928,1338496,2090600,2007744
3,slack,diagnostic,timeline,2654435769,10000,100000,50000,49752,4.101704,6,6,6,16.406878,24,38.813636,54,4329016,1931056,2386165c7dfa150a,569121,54835504,6717168,7600624,1592064,2736952,2388096
3,slack,diagnostic,timeline,2654435769,10000,100000,60000,57804,4.376687,6,6,6,17.506799,24,41.013494,54,5238544,2370744,7e6104cebe06bf1e,789179,78467264,8013192,8978368,1849728,3388816,2774592
3,slack,diagnostic,timeline,2654435769,10000,100000,70000,65894,4.58157,6,6,6,18.326327,24,42.652563,54,6148888,2810548,44b33f301ddcbd4a,1091676,111343952,9311856,11242960,2108608,4040280,3162912
3,slack,diagnostic,timeline,2654435769,10000,100000,80000,73832,4.742077,6,6,6,18.968347,24,43.936613,54,7045552,3243928,2e0bf1e6e9eb5bf8,1378965,142567200,10589544,14149512,2362624,4682928,3543936
3,slack,diagnostic,timeline,2654435769,10000,100000,90000,81814,4.869387,6,6,6,19.477583,24,44.955093,54,7944280,3677956,b04609958e80b2dc,1702242,177832040,11871408,15607792,2618048,5326232,3927072
3,slack,diagnostic,timeline,2654435769,10000,100000,100000,89818,4.264457,5,5,6,17.057861,24,40.115656,54,8853016,3603108,1b01623b77de00bc,2040676,214832528,13164336,21197696,2874176,5978840,4311264
4,baseline,timed,timeline,826366246,10000,100000,0,10000,0.9999,1,1,1,3.9999,4,13.9992,14,479984,139992,e683f3560ca72cf4,,,,,,,
4,baseline,timed,timeline,826366246,10000,100000,10000,18064,1.438607,3,3,4,5.754595,16,17.508857,38,944896,316280,ddc931464b54ea25,,,,,,,
4,baseline,timed,timeline,826366246,10000,100000,20000,26036,2.280343,5,5,5,9.121486,20,24.242741,46,1623376,631184,5b43b26606ebdffb,,,,,,,
4,baseline,timed,timeline,826366246,10000,100000,30000,34122,3.270266,4,4,4,13.08115,16,32.162124,38,2709072,1097436,0d851f91220cd7a4,,,,,,,
4,baseline,timed,timeline,826366246,10000,100000,40000,42200,3.234621,4,4,4,12.938555,16,31.876967,38,3254056,1345208,33d2a235d8fbb5f4,,,,,,,
4,baseline,timed,timeline,826366246,10000,100000,50000,50256,3.570579,6,6,6,14.282374,24,34.564629,54,4116408,1737080,750a58ced0a356b7,,,,,,,
4,baseline,timed,timeline,826366246,10000,100000,60000,58294,3.549199,4,4,5,14.196796,20,34.393591,46,4902632,2004940,b6f81f1d9bd79856,,,,,,,
4,baseline,timed,timeline,826366246,10000,100000,70000,66304,3.513046,4,4,5,14.052184,20,34.104368,46,5449384,2261256,6a0191a1881e6672,,,,,,,
4,baseline,timed,timeline,826366246,10000,100000,80000,74360,3.728295,6,6,7,14.913179,28,35.826358,62,6336512,2664048,267dcd20af71050c,,,,,,,
4,baseline,timed,timeline,826366246,10000,100000,90000,82246,3.633587,4,4,4,14.534385,16,35.068696,38,7163688,2884260,5814eb26a3d346f9,,,,,,,
4,baseline,timed,timeline,826366246,10000,100000,100000,90238,3.66697,4,5,5,14.667912,20,35.335757,46,7812968,3188628,23a4d80e1ef2912a,,,,,,,
4,baseline,diagnostic,timeline,826366246,10000,100000,0,10000,0.9999,1,1,1,3.9999,4,13.9992,14,479984,139992,e683f3560ca72cf4,30001,960040,960040,960040,320000,159984,480000
4,baseline,diagnostic,timeline,826366246,10000,100000,10000,18064,1.438607,3,3,4,5.754595,16,17.508857,38,944896,316280,ddc931464b54ea25,57097,2049328,1812024,1812120,578048,366848,867072
4,baseline,diagnostic,timeline,826366246,10000,100000,20000,26036,2.280343,5,5,5,9.121486,20,24.242741,46,1623376,631184,5b43b26606ebdffb,84055,3660952,2873160,2873160,833152,790224,1249728
4,baseline,diagnostic,timeline,826366246,10000,100000,30000,34122,3.270266,4,4,4,13.08115,16,32.162124,38,2709072,1097436,0d851f91220cd7a4,239317,15432328,4346984,6778200,1091904,1617168,1637856
4,baseline,diagnostic,timeline,826366246,10000,100000,40000,42200,3.234621,4,4,4,12.938555,16,31.876967,38,3254056,1345208,33d2a235d8fbb5f4,266434,16800256,5279712,6778200,1350400,1903656,2025600
4,baseline,diagnostic,timeline,826366246,10000,100000,50000,50256,3.570579,6,6,6,14.282374,24,34.564629,54,4116408,1737080,750a58ced0a356b7,293518,18821984,6528752,6778200,1608192,2508216,2412288
4,baseline,diagnostic,timeline,826366246,10000,100000,60000,58294,3.549199,4,4,5,14.196796,20,34.393591,46,4902632,2004940,b6f81f1d9bd79856,553790,38684216,7700800,11923024,1865408,3037224,2798112
4,baseline,diagnostic,timeline,826366246,10000,100000,70000,66304,3.513046,4,4,5,14.052184,20,34.104368,46,5449384,2261256,6a0191a1881e6672,580805,40076944,8632032,11923024,2121728,3327656,3182592
4,baseline,diagnostic,timeline,826366246,10000,100000,80000,74360,3.728295,6,6,7,14.913179,28,35.826358,62,6336512,2664048,267dcd20af71050c,607889,42157960,9905848,11923024,2379520,3956992,3569280
4,baseline,diagnostic,timeline,826366246,10000,100000,90000,82246,3.633587,4,4,4,14.534385,16,35.068696,38,7163688,2884260,5814eb26a3d346f9,1045617,78037088,11111552,17784256,2631872,4531816,3947808
4,baseline,diagnostic,timeline,826366246,10000,100000,100000,90238,3.66697,4,5,5,14.667912,20,35.335757,46,7812968,3188628,23a4d80e1ef2912a,1072605,79652400,12144448,17784256,2887616,4925352,4331424
4,slack,timed,timeline,826366246,10000,100000,0,10000,0.9999,1,1,1,3.9999,4,13.9992,14,479984,139992,e683f3560ca72cf4,,,,,,,
4,slack,timed,timeline,826366246,10000,100000,10000,18064,1.438607,3,3,4,5.754595,16,17.508857,38,944896,316280,ddc931464b54ea25,,,,,,,
4,slack,timed,timeline,826366246,10000,100000,20000,26036,2.280343,5,5,5,9.121486,20,24.242741,46,1623376,631184,5b43b26606ebdffb,,,,,,,
4,slack,timed,timeline,826366246,10000,100000,30000,34122,3.15553,6,6,6,12.622209,24,31.244241,54,2543704,1066116,ec88404787a08487,,,,,,,
4,slack,timed,timeline,826366246,10000,100000,40000,42200,3.722938,6,6,6,14.891825,24,35.783507,54,3460456,1510064,3b916c7e4bc7539d,,,,,,,
4,slack,timed,timeline,826366246,10000,100000,50000,50256,4.105082,6,6,6,16.420388,24,38.840656,54,4373744,1951976,38b73a162b0fc99f,,,,,,,
4,slack,timed,timeline,826366246,10000,100000,60000,58294,4.374601,6,6,6,17.498405,24,40.996809,54,5280168,2389868,b1392619d7d7f5f9,,,,,,,
4,slack,timed,timeline,826366246,10000,100000,70000,66304,4.581534,6,6,6,18.326134,24,42.652268,54,6186328,2828016,6e1f7c1de08ab827,,,,,,,
4,slack,timed,timeline,826366246,10000,100000,80000,74360,4.739779,6,6,6,18.959118,24,43.918236,54,7092912,3265760,d1dc8a673ed0f55d,,,,,,,
4,slack,timed,timeline,826366246,10000,100000,90000,82246,4.865404,6,6,6,19.461615,24,44.92323,54,7981304,3694756,b2e87139cbc89bbe,,,,,,,
4,slack,timed,timeline,826366246,10000,100000,100000,90238,4.969979,6,6,6,19.879918,24,45.759835,54,8881288,4129276,9d2447adccfb8ceb,,,,,,,
4,slack,diagnostic,timeline,826366246,10000,100000,0,10000,0.9999,1,1,1,3.9999,4,13.9992,14,479984,139992,e683f3560ca72cf4,30001,960040,960040,960040,320000,159984,480000
4,slack,diagnostic,timeline,826366246,10000,100000,10000,18064,1.438607,3,3,4,5.754595,16,17.508857,38,944896,316280,ddc931464b54ea25,57097,2049328,1812024,1812120,578048,366848,867072
4,slack,diagnostic,timeline,826366246,10000,100000,20000,26036,2.280343,5,5,5,9.121486,20,24.242741,46,1623376,631184,5b43b26606ebdffb,84055,3660952,2873160,2873160,833152,790224,1249728
4,slack,diagnostic,timeline,826366246,10000,100000,30000,34122,3.15553,6,6,6,12.622209,24,31.244241,54,2543704,1066116,ec88404787a08487,127758,7624960,4181616,4681008,1091904,1451800,1637856
4,slack,diagnostic,timeline,826366246,10000,100000,40000,42200,3.722938,6,6,6,14.891825,24,35.783507,54,3460456,1510064,3b916c7e4bc7539d,302171,26042960,5486112,6467864,1350400,2110056,2025600
4,slack,diagnostic,timeline,826366246,10000,100000,50000,50256,4.105082,6,6,6,16.420388,24,38.840656,54,4373744,1951976,38b73a162b0fc99f,514789,48698032,6786088,7629880,1608192,2765552,2412288
4,slack,diagnostic,timeline,826366246,10000,100000,60000,58294,4.374601,6,6,6,17.498405,24,40.996809,54,5280168,2389868,b1392619d7d7f5f9,764064,75585440,8078336,9559824,1865408,3414760,2798112
4,slack,diagnostic,timeline,826366246,10000,100000,70000,66304,4.581534,6,6,6,18.326134,24,42.652268,54,6186328,2828016,6e1f7c1de08ab827,1054209,107030464,9368976,11107064,2121728,4064600,3182592
4,slack,diagnostic,timeline,826366246,10000,100000,80000,74360,4.739779,6,6,6,18.959118,24,43.918236,54,7092912,3265760,d1dc8a673ed0f55d,1363867,140742056,10662248,14808536,2379520,4713392,3569280
4,slack,diagnostic,timeline,826366246,10000,100000,90000,82246,4.865404,6,6,6,19.461615,24,44.92323,54,7981304,3694756,b2e87139cbc89bbe,1642644,170987288,11929168,14808536,2631872,5349432,3947808
4,slack,diagnostic,timeline,826366246,10000,100000,100000,90238,4.969979,6,6,6,19.879918,24,45.759835,54,8881288,4129276,9d2447adccfb8ceb,1987410,208662328,13212768,17280136,2887616,5993672,4331424
5,baseline,timed,timeline,12648430,10000,100000,0,10000,0.9999,1,1,1,3.9999,4,13.9992,14,479984,139992,e683f3560ca72cf4,,,,,,,
5,baseline,timed,timeline,12648430,10000,100000,10000,18006,1.440464,3,3,3,5.761857,12,17.523714,30,942328,315532,3bbb6bb3ba62e226,,,,,,,
5,baseline,timed,timeline,12648430,10000,100000,20000,25876,2.278598,5,5,5,9.114392,20,24.228783,46,1611272,626944,686d4378037365e5,,,,,,,
5,baseline,timed,timeline,12648430,10000,100000,30000,33894,3.273706,4,4,4,13.094914,16,32.18965,38,2692400,1091036,f4e90ac412cc7c0f,,,,,,,
5,baseline,timed,timeline,12648430,10000,100000,40000,41878,3.231363,4,4,4,12.925522,16,31.8509,38,3228144,1333852,01f61a853f396902,,,,,,,
5,baseline,timed,timeline,12648430,10000,100000,50000,49782,3.560664,6,6,6,14.242718,24,34.485316,54,4069000,1716748,e9258f001dee2df2,,,,,,,
5,baseline,timed,timeline,12648430,10000,100000,60000,57780,3.551073,4,4,4,14.204344,16,34.408584,38,4859808,1988128,a387448cbfa71746,,,,,,,
5,baseline,timed,timeline,12648430,10000,100000,70000,65754,3.509444,4,4,4,14.037823,16,34.075554,38,5400824,2240604,f4aa363fa8a25286,,,,,,,
5,baseline,timed,timeline,12648430,10000,100000,80000,73752,3.721716,6,6,6,14.886905,24,35.773728,54,6275928,2638384,8c5158981f473ff9,,,,,,,
5,baseline,timed,timeline,12648430,10000,100000,90000,81834,3.63371,4,4,4,14.534875,16,35.069678,38,7127824,2869892,202ef5ab5385c685,,,,,,,
5,baseline,timed,timeline,12648430,10000,100000,100000,89868,3.664007,4,5,5,14.656062,20,35.312058,46,7774904,3173424,7dcb541698e507d5,,,,,,,
5,baseline,diagnostic,timeline,12648430,10000,100000,0,10000,0.9999,1,1,1,3.9999,4,13.9992,14,479984,139992,e683f3560ca72cf4,30001,960040,960040,960040,320000,159984,480000
5,baseline,diagnostic,timeline,12648430,10000,100000,10000,18006,1.440464,3,3,3,5.761857,12,17.523714,30,942328,315532,3bbb6bb3ba62e226,57010,2047952,1806672,1806672,576192,366136,864288
5,baseline,diagnostic,timeline,12648430,10000,100000,20000,25876,2.278598,5,5,5,9.114392,20,24.228783,46,1611272,626944,686d4378037365e5,83815,3644288,2853376,2853376,828032,783240,1242048
5,baseline,diagnostic,timeline,12648430,10000,100000,30000,33894,3.273706,4,4,4,13.094914,16,32.18965,38,2692400,1091036,f4e90ac412cc7c0f,238795,15411400,4319368,6761296,1084608,1607792,1626912
5,baseline,diagnostic,timeline,12648430,10000,100000,40000,41878,3.231363,4,4,4,12.925522,16,31.8509,38,3228144,1333852,01f61a853f396902,265771,16767096,5238344,6761296,1340096,1888048,2010144
5,baseline,diagnostic,timeline,12648430,10000,100000,50000,49782,3.560664,6,6,6,14.242718,24,34.485316,54,4069000,1716748,e9258f001dee2df2,292627,18755944,6458592,6761296,1593024,2475976,2389536
5,baseline,diagnostic,timeline,12648430,10000,100000,60000,57780,3.551073,4,4,4,14.204344,16,34.408584,38,4859808,1988128,a387448cbfa71746,552097,38581776,7633304,11831368,1848960,3010848,2773440
5,baseline,diagnostic,timeline,12648430,10000,100000,70000,65754,3.509444,4,4,4,14.037823,16,34.075554,38,5400824,2240604,f4aa363fa8a25286,579058,39966232,8557072,11831368,2104128,3296696,3156192
5,baseline,diagnostic,timeline,12648430,10000,100000,80000,73752,3.721716,6,6,6,14.886905,24,35.773728,54,6275928,2638384,8c5158981f473ff9,606055,42026280,9816080,11831368,2360064,3915864,3540096
5,baseline,diagnostic,timeline,12648430,10000,100000,90000,81834,3.63371,4,4,4,14.534875,16,35.069678,38,7127824,2869892,202ef5ab5385c685,1043401,80843848,11055912,18590168,2618688,4509136,3928032
5,baseline,diagnostic,timeline,12648430,10000,100000,100000,89868,3.664007,4,5,5,14.656062,20,35.312058,46,7774904,3173424,7dcb541698e507d5,1070452,82451176,12088624,18590168,2875776,4899128,4313664
5,slack,timed,timeline,12648430,10000,100000,0,10000,0.9999,1,1,1,3.9999,4,13.9992,14,479984,139992,e683f3560ca72cf4,,,,,,,
5,slack,timed,timeline,12648430,10000,100000,10000,18006,1.440464,3,3,3,5.761857,12,17.523714,30,942328,315532,3bbb6bb3ba62e226,,,,,,,
5,slack,timed,timeline,12648430,10000,100000,20000,25876,2.278598,5,5,5,9.114392,20,24.228783,46,1611272,626944,686d4378037365e5,,,,,,,
5,slack,timed,timeline,12648430,10000,100000,30000,33894,3.158465,6,6,7,12.633859,28,31.267717,62,2528264,1059788,035703a3a02dc653,,,,,,,
5,slack,timed,timeline,12648430,10000,100000,40000,41878,3.727876,6,6,6,14.911505,24,35.82301,54,3437632,1500196,35ff2377ee5df3f8,,,,,,,
5,slack,timed,timeline,12648430,10000,100000,50000,49782,4.106103,6,6,6,16.42441,24,38.848821,54,4334192,1933972,31df1a0fc358cac5,,,,,,,
5,slack,timed,timeline,12648430,10000,100000,60000,57780,4.381083,6,6,7,17.524334,28,41.048667,62,5238640,2371792,dfb2ab2b32a697f2,,,,,,,
5,slack,timed,timeline,12648430,10000,100000,70000,65754,4.586763,6,6,6,18.347051,24,42.694102,54,6139392,2807308,110f10589337ae5d,,,,,,,
5,slack,timed,timeline,12648430,10000,100000,80000,73752,4.74581,6,6,6,18.983241,24,43.966482,54,7040352,3242616,8e9c8b6153ce87fe,,,,,,,
5,slack,timed,timeline,12648430,10000,100000,90000,81834,4.874734,6,6,6,19.498937,24,44.997874,54,7950928,3682356,89121706c42b0773,,,,,,,
5,slack,timed,timeline,12648430,10000,100000,100000,89868,5.012719,6,6,6,20.050875,24,46.101749,54,8853408,4143072,3a8fe5a531679364,,,,,,,
5,slack,diagnostic,timeline,12648430,10000,100000,0,10000,0.9999,1,1,1,3.9999,4,13.9992,14,479984,139992,e683f3560ca72cf4,30001,960040,960040,960040,320000,159984,480000
5,slack,diagnostic,timeline,12648430,10000,100000,10000,18006,1.440464,3,3,3,5.761857,12,17.523714,30,942328,315532,3bbb6bb3ba62e226,57010,2047952,1806672,1806672,576192,366136,864288
5,slack,diagnostic,timeline,12648430,10000,100000,20000,25876,2.278598,5,5,5,9.114392,20,24.228783,46,1611272,626944,686d4378037365e5,83815,3644288,2853376,2853376,828032,783240,1242048
5,slack,diagnostic,timeline,12648430,10000,100000,30000,33894,3.158465,6,6,7,12.633859,28,31.267717,62,2528264,1059788,035703a3a02dc653,127658,7609888,4155232,4276488,1084608,1443656,1626912
5,slack,diagnostic,timeline,12648430,10000,100000,40000,41878,3.727876,6,6,6,14.911505,24,35.82301,54,3437632,1500196,35ff2377ee5df3f8,317014,27673376,5447832,5929056,1340096,2097536,2010144
5,slack,diagnostic,timeline,12648430,10000,100000,50000,49782,4.106103,6,6,6,16.42441,24,38.848821,54,4334192,1933972,31df1a0fc358cac5,571526,55137896,6723784,8339320,1593024,2741168,2389536
5,slack,diagnostic,timeline,12648430,10000,100000,60000,57780,4.381083,6,6,7,17.524334,28,41.048667,62,5238640,2371792,dfb2ab2b32a697f2,841429,84331136,8012136,9950216,1848960,3389680,2773440
5,slack,diagnostic,timeline,12648430,10000,100000,70000,65754,4.586763,6,6,6,18.347051,24,42.694102,54,6139392,2807308,110f10589337ae5d,1123818,114977536,9295640,11284304,2104128,4035264,3156192
5,slack,diagnostic,timeline,12648430,10000,100000,80000,73752,4.74581,6,6,6,18.983241,24,43.966482,54,7040352,3242616,8e9c8b6153ce87fe,1443169,149754832,10580504,13797712,2360064,4680288,3540096
5,slack,diagnostic,timeline,12648430,10000,100000,90000,81834,4.874734,6,6,6,19.498937,24,44.997874,54,7950928,3682356,89121706c42b0773,1740026,182050272,11879016,15352568,2618688,5332240,3928032
5,slack,diagnostic,timeline,12648430,10000,100000,100000,89868,5.012719,6,6,6,20.050875,24,46.101749,54,8853408,4143072,3a8fe5a531679364,2095485,220946240,13167128,21269536,2875776,5977632,4313664
6,baseline,timed,timeline,3512641005,10000,100000,0,10000,0.9999,1,1,1,3.9999,4,13.9992,14,479984,139992,e683f3560ca72cf4,,,,,,,
6,baseline,timed,timeline,3512641005,10000,100000,10000,17950,1.435543,3,3,4,5.74234,16,17.484345,38,938256,313844,517b9f7d8ebaa9da,,,,,,,
6,baseline,timed,timeline,3512641005,10000,100000,20000,25898,2.275465,5,5,5,9.101977,20,24.203722,46,1611120,626828,c75ca9e72a1f4d95,,,,,,,
6,baseline,timed,timeline,3512641005,10000,100000,30000,33908,3.281055,4,4,4,13.124307,16,32.248437,38,2698648,1093480,fe6cdaf5a54a69e2,,,,,,,
6,baseline,timed,timeline,3512641005,10000,100000,40000,41862,3.228178,4,4,4,12.912785,16,31.825426,38,3229200,1332276,97ce0c65d8d12820,,,,,,,
6,baseline,timed,timeline,3512641005,10000,100000,50000,49774,3.554165,6,6,6,14.21672,24,34.433319,54,4066264,1713884,19a765d8032f7408,,,,,,,
6,baseline,timed,timeline,3512641005,10000,100000,60000,57850,3.554347,4,4,4,14.217442,16,34.43478,38,4870936,1992052,90acc5e0cad55484,,,,,,,
6,baseline,timed,timeline,3512641005,10000,100000,70000,65884,3.508105,4,4,4,14.032466,16,34.064841,38,5414672,2244328,dc57f5159536fd85,,,,,,,
6,baseline,timed,timeline,3512641005,10000,100000,80000,73810,3.714402,5,6,6,14.857648,24,35.715215,54,6276472,2636140,040be146318f526e,,,,,,,
6,baseline,timed,timeline,3512641005,10000,100000,90000,81820,3.635053,4,4,4,14.540247,16,35.08042,38,7130800,2870280,3db1a3ee13c571fd,,,,,,,
6,baseline,timed,timeline,3512641005,10000,100000,100000,89782,3.65913,4,5,5,14.636553,20,35.273039,46,7760224,3166884,9fa4450d22cd91d8,,,,,,,
6,baseline,diagnostic,timeline,3512641005,10000,100000,0,10000,0.9999,1,1,1,3.9999,4,13.9992,14,479984,139992,e683f3560ca72cf4,30001,960040,960040,960040,320000,159984,480000
6,baseline,diagnostic,timeline,3512641005,10000,100000,10000,17950,1.435543,3,3,4,5.74234,16,17.484345,38,938256,313844,517b9f7d8ebaa9da,56926,2041040,1799912,1799912,574400,363856,861600
6,baseline,diagnostic,timeline,3512641005,10000,100000,20000,25898,2.275465,5,5,5,9.101977,20,24.203722,46,1611120,626828,c75ca9e72a1f4d95,83848,3641592,2854280,2854280,828736,782384,1243104
6,baseline,diagnostic,timeline,3512641005,10000,100000,30000,33908,3.281055,4,4,4,13.124307,16,32.248437,38,2698648,1093480,fe6cdaf5a54a69e2,239056,15438888,4326288,6791256,1085056,1613592,1627584
6,baseline,diagnostic,timeline,3512641005,10000,100000,40000,41862,3.228178,4,4,4,12.912785,16,31.825426,38,3229200,1332276,97ce0c65d8d12820,265987,16784648,5238632,6791256,1339584,1889616,2009376
6,baseline,diagnostic,timeline,3512641005,10000,100000,50000,49774,3.554165,6,6,6,14.21672,24,34.433319,54,4066264,1713884,19a765d8032f7408,292855,18764440,6455472,6791256,1592768,2473496,2389152
6,baseline,diagnostic,timeline,3512641005,10000,100000,60000,57850,3.554347,4,4,4,14.217442,16,34.43478,38,4870936,1992052,90acc5e0cad55484,552946,38652872,7647792,11879368,1851200,3019736,2776800
6,baseline,diagnostic,timeline,3512641005,10000,100000,70000,65884,3.508105,4,4,4,14.032466,16,34.064841,38,5414672,2244328,dc57f5159536fd85,579997,40036360,8577160,11879368,2108288,3306384,3162432
6,baseline,diagnostic,timeline,3512641005,10000,100000,80000,73810,3.714402,5,6,6,14.857648,24,35.715215,54,6276472,2636140,040be146318f526e,606886,42077416,9819408,11879368,2361920,3914552,3542880
6,baseline,diagnostic,timeline,3512641005,10000,100000,90000,81820,3.635053,4,4,4,14.540247,16,35.08042,38,7130800,2870280,3db1a3ee13c571fd,1044476,77975656,11058216,17741984,2618240,4512560,3927360
6,baseline,diagnostic,timeline,3512641005,10000,100000,100000,89782,3.65913,4,5,5,14.636553,20,35.273039,46,7760224,3166884,9fa4450d22cd91d8,1071419,79554424,12069816,17741984,2873024,4887200,4309536
6,slack,timed,timeline,3512641005,10000,100000,0,10000,0.9999,1,1,1,3.9999,4,13.9992,14,479984,139992,e683f3560ca72cf4,,,,,,,
6,slack,timed,timeline,3512641005,10000,100000,10000,17950,1.435543,3,3,4,5.74234,16,17.484345,38,938256,313844,517b9f7d8ebaa9da,,,,,,,
6,slack,timed,timeline,3512641005,10000,100000,20000,25898,2.275465,5,5,5,9.101977,20,24.203722,46,1611120,626828,c75ca9e72a1f4d95,,,,,,,
6,slack,timed,timeline,3512641005,10000,100000,30000,33908,3.167807,6,6,6,12.671317,24,31.342456,54,2528280,1062760,30ae00865ef8257f,,,,,,,
6,slack,timed,timeline,3512641005,10000,100000,40000,41862,3.735369,6,6,6,14.941546,24,35.882949,54,3435032,1502132,6f77cdefc092295d,,,,,,,
6,slack,timed,timeline,3512641005,10000,100000,50000,49774,4.113573,6,6,7,16.454354,28,38.908587,62,4332616,1936636,1e36b11678f1c029,,,,,,,
6,slack,timed,timeline,3512641005,10000,100000,60000,57850,4.388729,6,6,7,17.55497,28,41.109836,62,5245752,2378204,6682d098e04f9a38,,,,,,,
6,slack,timed,timeline,3512641005,10000,100000,70000,65884,4.592906,6,6,6,18.371668,24,42.743246,54,6151944,2816096,a09cf63a08a4fb84,,,,,,,
6,slack,timed,timeline,3512641005,10000,100000,80000,73810,4.749831,6,6,6,18.999363,24,43.998645,54,7045416,3247540,3eae201a063d0556,,,,,,,
6,slack,timed,timeline,3512641005,10000,100000,90000,81820,4.87789,6,6,7,19.511599,28,45.023124,62,7948024,3683792,a8383a4374078ce5,,,,,,,
6,slack,timed,timeline,3512641005,10000,100000,100000,89782,4.981566,6,6,6,19.926299,24,45.852532,54,8845064,4116732,c3f8786c9337a2d7,,,,,,,
6,slack,diagnostic,timeline,3512641005,10000,100000,0,10000,0.9999,1,1,1,3.9999,4,13.9992,14,479984,139992,e683f3560ca72cf4,30001,960040,960040,960040,320000,159984,480000
6,slack,diagnostic,timeline,3512641005,10000,100000,10000,17950,1.435543,3,3,4,5.74234,16,17.484345,38,938256,313844,517b9f7d8ebaa9da,56926,2041040,1799912,1799912,574400,363856,861600
6,slack,diagnostic,timeline,3512641005,10000,100000,20000,25898,2.275465,5,5,5,9.101977,20,24.203722,46,1611120,626828,c75ca9e72a1f4d95,83848,3641592,2854280,2854280,828736,782384,1243104
6,slack,diagnostic,timeline,3512641005,10000,100000,30000,33908,3.167807,6,6,6,12.671317,24,31.342456,54,2528280,1062760,30ae00865ef8257f,119573,6715320,4155920,4183856,1085056,1443224,1627584
6,slack,diagnostic,timeline,3512641005,10000,100000,40000,41862,3.735369,6,6,6,14.941546,24,35.882949,54,3435032,1502132,6f77cdefc092295d,196420,14334208,5444464,5622592,1339584,2095448,2009376
6,slack,diagnostic,timeline,3512641005,10000,100000,50000,49774,4.113573,6,6,7,16.454354,28,38.908587,62,4332616,1936636,1e36b11678f1c029,407858,36887200,6721824,7689744,1592768,2739848,2389152
6,slack,diagnostic,timeline,3512641005,10000,100000,60000,57850,4.388729,6,6,7,17.55497,28,41.109836,62,5245752,2378204,6682d098e04f9a38,660904,64142112,8022608,9538384,1851200,3394552,2776800
6,slack,diagnostic,timeline,3512641005,10000,100000,70000,65884,4.592906,6,6,6,18.371668,24,42.743246,54,6151944,2816096,a09cf63a08a4fb84,895303,89323560,9314432,10052808,2108288,4043656,3162432
6,slack,diagnostic,timeline,3512641005,10000,100000,80000,73810,4.749831,6,6,6,18.999363,24,43.998645,54,7045416,3247540,3eae201a063d0556,1168686,118978512,10588352,12483232,2361920,4683496,3542880
6,slack,diagnostic,timeline,3512641005,10000,100000,90000,81820,4.87789,6,6,7,19.511599,28,45.023124,62,7948024,3683792,a8383a4374078ce5,1452949,149842400,11875440,15247224,2618240,5329784,3927360
6,slack,diagnostic,timeline,3512641005,10000,100000,100000,89782,4.981566,6,6,6,19.926299,24,45.852532,54,8845064,4116732,c3f8786c9337a2d7,1802234,187950056,13154656,15247224,2873024,5972040,4309536
7,baseline,timed,timeline,17,100000,100000,0,100000,2.05089,3,4,4,8.20359,16,22.40712,38,5902872,2240712,d68cfc369fc68ad8,,,,,,,
7,baseline,timed,timeline,17,100000,100000,10000,108020,2.260128,4,5,6,9.040539,24,24.081022,54,6685872,2601232,16ff9f0ac5853683,,,,,,,
7,baseline,timed,timeline,17,100000,100000,20000,116034,3.768482,4,4,4,15.073952,16,36.147853,38,10496352,4194380,f5718f59dcd44e18,,,,,,,
7,baseline,timed,timeline,17,100000,100000,30000,123970,3.73805,4,4,4,14.952222,16,35.904396,38,11034992,4451068,1d3350a6ad90e538,,,,,,,
7,baseline,timed,timeline,17,100000,100000,40000,131976,3.855936,4,4,4,15.423766,16,36.847487,38,12216184,4862984,08e6d7e2467cfd64,,,,,,,
7,baseline,timed,timeline,17,100000,100000,50000,139980,3.77714,4,4,4,15.10858,16,36.217117,38,12698384,5069672,ce9994305a40fd24,,,,,,,
7,baseline,timed,timeline,17,100000,100000,60000,147866,3.802625,4,5,5,15.210522,20,36.421003,46,13372544,5385428,a959ec8a560780d4,,,,,,,
7,baseline,timed,timeline,17,100000,100000,70000,155898,3.842647,4,4,4,15.370608,16,36.741177,38,14380128,5727876,b11c52d5a2bdc185,,,,,,,
7,baseline,timed,timeline,17,100000,100000,80000,163862,3.80187,4,4,4,15.207498,16,36.414959,38,14900976,5967028,0e366f217b3312d8,,,,,,,
7,baseline,timed,timeline,17,100000,100000,90000,171904,3.869008,4,6,6,15.476051,24,36.952066,54,15737544,6352208,0d42382c0ad12d4c,,,,,,,
7,baseline,timed,timeline,17,100000,100000,100000,179886,3.830793,4,4,4,15.323188,16,36.646343,38,16555368,6592164,3e9c12df9c3d56b7,,,,,,,
7,baseline,diagnostic,timeline,17,100000,100000,0,100000,2.05089,3,4,4,8.20359,16,22.40712,38,5902872,2240712,d68cfc369fc68ad8,300001,12628392,10702928,10702928,3200000,2702872,4800000
7,baseline,diagnostic,timeline,17,100000,100000,10000,108020,2.260128,4,5,6,9.040539,24,24.081022,54,6685872,2601232,16ff9f0ac5853683,327031,14446200,11870888,11870888,3456640,3229232,5184960
7,baseline,diagnostic,timeline,17,100000,100000,20000,116034,3.768482,4,4,4,15.073952,16,36.147853,38,10496352,4194380,f5718f59dcd44e18,838271,53323848,16066040,24347136,3713088,6783264,5569632
7,baseline,diagnostic,timeline,17,100000,100000,30000,123970,3.73805,4,4,4,14.952222,16,35.904396,38,11034992,4451068,1d3350a6ad90e538,865175,54723024,16985608,24347136,3967040,7067952,5950560
7,baseline,diagnostic,timeline,17,100000,100000,40000,131976,3.855936,4,4,4,15.423766,16,36.847487,38,12216184,4862984,08e6d7e2467cfd64,1680199,128268104,18551088,35685784,4223232,7992952,6334848
7,baseline,diagnostic,timeline,17,100000,100000,50000,139980,3.77714,4,4,4,15.10858,16,36.217117,38,12698384,5069672,ce9994305a40fd24,1707205,129520152,19417480,35685784,4479360,8219024,6719040
7,baseline,diagnostic,timeline,17,100000,100000,60000,147866,3.802625,4,5,5,15.210522,20,36.421003,46,13372544,5385428,a959ec8a560780d4,1734034,131202848,20470168,35685784,4731712,8640832,7097568
7,baseline,diagnostic,timeline,17,100000,100000,70000,155898,3.842647,4,4,4,15.370608,16,36.741177,38,14380128,5727876,b11c52d5a2bdc185,2590125,201435208,21863288,37805072,4988736,9391392,7483104
7,baseline,diagnostic,timeline,17,100000,100000,80000,163862,3.80187,4,4,4,15.207498,16,36.414959,38,14900976,5967028,0e366f217b3312d8,2617071,202791080,22766408,37805072,5243584,9657392,7865376
7,baseline,diagnostic,timeline,17,100000,100000,90000,171904,3.869008,4,6,6,15.476051,24,36.952066,54,15737544,6352208,0d42382c0ad12d4c,2644134,204787960,23988992,37805072,5500928,10236616,8251392
7,baseline,diagnostic,timeline,17,100000,100000,100000,179886,3.830793,4,4,4,15.323188,16,36.646343,38,16555368,6592164,3e9c12df9c3d56b7,3541416,286459120,25189952,43054208,5756352,10799016,8634528
7,slack,timed,timeline,17,100000,100000,0,100000,2.05089,3,4,4,8.20359,16,22.40712,38,5902872,2240712,d68cfc369fc68ad8,,,,,,,
7,slack,timed,timeline,17,100000,100000,10000,108020,2.260128,4,5,6,9.040539,24,24.081022,54,6685872,2601232,16ff9f0ac5853683,,,,,,,
7,slack,timed,timeline,17,100000,100000,20000,116034,2.537825,6,6,7,10.151326,28,26.302601,62,7613504,3051996,4b03cb6d8f4f89d5,,,,,,,
7,slack,timed,timeline,17,100000,100000,30000,123970,2.776873,6,6,6,11.107518,24,28.214987,54,8533152,3497812,9a4b0c2ac182d98f,,,,,,,
7,slack,timed,timeline,17,100000,100000,40000,131976,2.985846,6,6,6,11.943406,24,29.886767,54,9454712,3944336,c85a40f2e3b144a4,,,,,,,
7,slack,timed,timeline,17,100000,100000,50000,139980,3.168824,6,6,6,12.675318,24,31.350593,54,10371920,4388456,31cdbba600af5641,,,,,,,
7,slack,timed,timeline,17,100000,100000,60000,147866,3.330123,6,6,6,13.320513,24,32.640986,54,11276752,4826492,2167a2aac4131377,,,,,,,
7,slack,timed,timeline,17,100000,100000,70000,155898,3.476344,6,6,6,13.905393,24,33.810748,54,12195640,5271028,62bc0fb2ed186e4d,,,,,,,
7,slack,timed,timeline,17,100000,100000,80000,163862,3.275195,5,5,6,13.100798,24,32.20156,54,13302112,5276612,5f7874e6b2bbcb25,,,,,,,
7,slack,timed,timeline,17,100000,100000,90000,171904,3.400404,5,6,6,13.601632,24,33.20323,54,14216112,5707768,d45716e184fd707d,,,,,,,
7,slack,timed,timeline,17,100000,100000,100000,179886,3.522737,6,6,6,14.090963,24,34.181893,54,15124240,6148844,8cd98414b672733f,,,,,,,
7,slack,diagnostic,timeline,17,100000,100000,0,100000,2.05089,3,4,4,8.20359,16,22.40712,38,5902872,2240712,d68cfc369fc68ad8,300001,12628392,10702928,10702928,3200000,2702872,4800000
7,slack,diagnostic,timeline,17,100000,100000,10000,108020,2.260128,4,5,6,9.040539,24,24.081022,54,6685872,2601232,16ff9f0ac5853683,327031,14446200,11870888,11870888,3456640,3229232,5184960
7,slack,diagnostic,timeline,17,100000,100000,20000,116034,2.537825,6,6,7,10.151326,28,26.302601,62,7613504,3051996,4b03cb6d8f4f89d5,407912,22475408,13183192,13419040,3713088,3900416,5569632
7,slack,diagnostic,timeline,17,100000,100000,30000,123970,2.776873,6,6,6,11.107518,24,28.214987,54,8533152,3497812,9a4b0c2ac182d98f,644442,47801136,14483768,14851016,3967040,4566112,5950560
7,slack,diagnostic,timeline,17,100000,100000,40000,131976,2.985846,6,6,6,11.943406,24,29.886767,54,9454712,3944336,c85a40f2e3b144a4,937501,79562592,15789616,17617256,4223232,5231480,6334848
7,slack,diagnostic,timeline,17,100000,100000,50000,139980,3.168824,6,6,6,12.675318,24,31.350593,54,10371920,4388456,31cdbba600af5641,1251309,113647312,17091016,18664472,4479360,5892560,6719040
7,slack,diagnostic,timeline,17,100000,100000,60000,147866,3.330123,6,6,6,13.320513,24,32.640986,54,11276752,4826492,2167a2aac4131377,1530380,143928392,18374376,21869000,4731712,6545040,7097568
7,slack,diagnostic,timeline,17,100000,100000,70000,155898,3.476344,6,6,6,13.905393,24,33.810748,54,12195640,5271028,62bc0fb2ed186e4d,1862844,180205720,19678800,23336344,4988736,7206904,7483104
7,slack,diagnostic,timeline,17,100000,100000,80000,163862,3.275195,5,5,6,13.100798,24,32.20156,54,13302112,5276612,5f7874e6b2bbcb25,2201218,217182632,21167544,28994504,5243584,8058528,7865376
7,slack,diagnostic,timeline,17,100000,100000,90000,171904,3.400404,5,6,6,13.601632,24,33.20323,54,14216112,5707768,d45716e184fd707d,2244801,221149336,22467560,28994504,5500928,8715184,8251392
7,slack,diagnostic,timeline,17,100000,100000,100000,179886,3.522737,6,6,6,14.090963,24,34.181893,54,15124240,6148844,8cd98414b672733f,2394958,236860288,23758824,28994504,5756352,9367888,8634528
8,baseline,timed,priority,17,10000,100000,0,10000,2.3541,4,5,6,9.4167,24,24.8328,54,620368,248328,077ff11f51ebb72e,,,,,,,
8,baseline,timed,priority,17,10000,100000,10000,10986,1.707537,3,5,6,6.830147,24,19.660295,54,609288,215988,0d0b2e305dc97f04,,,,,,,
8,baseline,timed,priority,17,10000,100000,20000,12067,1.408469,3,5,6,5.633878,24,17.267755,54,634968,208370,a921b0a7203f3d82,,,,,,,
8,baseline,timed,priority,17,10000,100000,30000,13188,1.491128,4,5,6,5.964513,24,17.929026,54,708872,236448,c1cac4dbe8fed97d,,,,,,,
8,baseline,timed,priority,17,10000,100000,40000,14310,1.573585,4,5,6,6.29434,24,18.588679,54,785056,266004,7e9d7c103c82add7,,,,,,,
8,baseline,timed,priority,17,10000,100000,50000,15496,1.64636,4,5,6,6.585441,24,19.170883,54,864688,297072,b101dab88638121a,,,,,,,
8,baseline,timed,priority,17,10000,100000,60000,16507,2.800812,3,4,6,11.203247,24,28.406494,54,1135344,468906,dbc8f6b25d32f831,,,,,,,
8,baseline,timed,priority,17,10000,100000,70000,17584,2.391208,4,5,6,9.564832,24,25.129663,54,1108600,441880,b0ec6a5cdedbf63a,,,,,,,
8,baseline,timed,priority,17,10000,100000,80000,18590,1.92114,4,5,6,7.684562,24,21.369123,54,1064152,397252,b33e1678302e9fe2,,,,,,,
8,baseline,timed,priority,17,10000,100000,90000,19476,1.494865,3,5,6,5.979462,24,17.958924,54,1035096,349768,0245ef921494741b,,,,,,,
8,baseline,timed,priority,17,10000,100000,100000,20539,1.388042,3,5,6,5.552169,24,17.104338,54,1073488,351306,fac6d83c09596794,,,,,,,
8,baseline,diagnostic,priority,17,10000,100000,0,10000,2.3541,4,5,6,9.4167,24,24.8328,54,620368,248328,077ff11f51ebb72e,51116,2632216,1100424,1100424,320000,300368,480000
8,baseline,diagnostic,priority,17,10000,100000,10000,10986,1.707537,3,5,6,6.830147,24,19.660295,54,609288,215988,0d0b2e305dc97f04,105385,5344304,1136672,1155224,351552,257736,527328
8,baseline,diagnostic,priority,17,10000,100000,20000,12067,1.408469,3,5,6,5.633878,24,17.267755,54,634968,208370,a921b0a7203f3d82,155713,7690632,1214240,1214312,386144,248824,579216
8,baseline,diagnostic,priority,17,10000,100000,30000,13188,1.491128,4,5,6,5.964513,24,17.929026,54,708872,236448,c1cac4dbe8fed97d,186152,8969160,1341952,1341952,422016,286856,633024
8,baseline,diagnostic,priority,17,10000,100000,40000,14310,1.573585,4,5,6,6.29434,24,18.588679,54,785056,266004,7e9d7c103c82add7,216397,10262232,1471992,1472384,457920,327136,686880
8,baseline,diagnostic,priority,17,10000,100000,50000,15496,1.64636,4,5,6,6.585441,24,19.170883,54,864688,297072,b101dab88638121a,243804,11405648,1608552,1609440,495872,368816,743808
8,baseline,diagnostic,priority,17,10000,100000,60000,16507,2.800812,3,4,6,11.203247,24,28.406494,54,1135344,468906,dbc8f6b25d32f831,341763,17544432,1927736,3051792,528224,607120,792336
8,baseline,diagnostic,priority,17,10000,100000,70000,17584,2.391208,4,5,6,9.564832,24,25.129663,54,1108600,441880,b0ec6a5cdedbf63a,386314,19844392,1952688,3051792,562688,545912,844032
8,baseline,diagnostic,priority,17,10000,100000,80000,18590,1.92114,4,5,6,7.684562,24,21.369123,54,1064152,397252,b33e1678302e9fe2,450760,23135976,1956528,3051792,594880,469272,892320
8,baseline,diagnostic,priority,17,10000,100000,90000,19476,1.494865,3,5,6,5.979462,24,17.958924,54,1035096,349768,0245ef921494741b,526622,26917304,1970000,3051792,623232,411864,934848
8,baseline,diagnostic,priority,17,10000,100000,100000,20539,1.388042,3,5,6,5.552169,24,17.104338,54,1073488,351306,fac6d83c09596794,570957,28889776,2059416,3051792,657248,416240,985872
8,slack,timed,priority,17,10000,100000,0,10000,3.0046,5,5,6,12.0187,24,30.0368,54,689608,300368,b8c3b67c16b6adbf,,,,,,,
8,slack,timed,priority,17,10000,100000,10000,10986,2.894593,5,5,6,11.578646,24,29.156745,54,748472,320316,a2bd1caa6642a806,,,,,,,
8,slack,timed,priority,17,10000,100000,20000,12067,2.832933,4,5,6,11.33198,24,28.663462,54,816416,345882,47c4ca0516288e20,,,,,,,
8,slack,timed,priority,17,10000,100000,30000,13188,2.825296,4,5,6,11.30141,24,28.602366,54,891496,377208,2bf66a661a603d0f,,,,,,,
8,slack,timed,priority,17,10000,100000,40000,14310,2.790007,4,5,6,11.160238,24,28.320056,54,963448,405260,cc741383e5093459,,,,,,,
8,slack,timed,priority,17,10000,100000,50000,15496,2.787364,4,5,6,11.149652,24,28.298916,54,1043040,438520,7feb8e78c15f7cac,,,,,,,
8,slack,timed,priority,17,10000,100000,60000,16507,2.765433,5,5,6,11.061913,24,28.123463,54,1109800,464234,a9bd2db607ebb83d,,,,,,,
8,slack,timed,priority,17,10000,100000,70000,17584,2.738114,4,5,6,10.952627,24,27.904914,54,1175816,490680,5e4305d9f03d3300,,,,,,,
8,slack,timed,priority,17,10000,100000,80000,18590,2.723185,4,5,6,10.892899,24,27.785476,54,1240952,516532,1365de27fe4938e8,,,,,,,
8,slack,timed,priority,17,10000,100000,90000,19476,2.696909,4,5,6,10.78779,24,27.575272,54,1295320,537056,f0a9e0008155758c,,,,,,,
8,slack,timed,priority,17,10000,100000,100000,20539,2.694776,4,5,6,10.779249,24,27.558206,54,1364368,566018,2cd048e724a72ecc,,,,,,,
8,slack,diagnostic,priority,17,10000,100000,0,10000,3.0046,5,5,6,12.0187,24,30.0368,54,689608,300368,b8c3b67c16b6adbf,45409,2567992,1169664,1169664,320000,369608,480000
8,slack,diagnostic,priority,17,10000,100000,10000,10986,2.894593,5,5,6,11.578646,24,29.156745,54,748472,320316,a2bd1caa6642a806,71277,3842168,1275856,1275880,351552,396920,527328
8,slack,diagnostic,priority,17,10000,100000,20000,12067,2.832933,4,5,6,11.33198,24,28.663462,54,816416,345882,47c4ca0516288e20,97142,5186648,1395688,1395808,386144,430272,579216
8,slack,diagnostic,priority,17,10000,100000,30000,13188,2.825296,4,5,6,11.30141,24,28.602366,54,891496,377208,2bf66a661a603d0f,123257,6540448,1524576,1525136,422016,469480,633024
8,slack,diagnostic,priority,17,10000,100000,40000,14310,2.790007,4,5,6,11.160238,24,28.320056,54,963448,405260,cc741383e5093459,149275,7858856,1650384,1650384,457920,505528,686880
8,slack,diagnostic,priority,17,10000,100000,50000,15496,2.787364,4,5,6,11.149652,24,28.298916,54,1043040,438520,7feb8e78c15f7cac,175642,9222144,1786904,1787248,495872,547168,743808
8,slack,diagnostic,priority,17,10000,100000,60000,16507,2.765433,5,5,6,11.061913,24,28.123463,54,1109800,464234,a9bd2db607ebb83d,201675,10561368,1902192,1904272,528224,581576,792336
8,slack,diagnostic,priority,17,10000,100000,70000,17584,2.738114,4,5,6,10.952627,24,27.904914,54,1175816,490680,5e4305d9f03d3300,227982,11870072,2019904,2020424,562688,613128,844032
8,slack,diagnostic,priority,17,10000,100000,80000,18590,2.723185,4,5,6,10.892899,24,27.785476,54,1240952,516532,1365de27fe4938e8,254202,13267096,2133328,2134376,594880,646072,892320
8,slack,diagnostic,priority,17,10000,100000,90000,19476,2.696909,4,5,6,10.78779,24,27.575272,54,1295320,537056,f0a9e0008155758c,278723,14413880,2230224,2230640,623232,672088,934848
8,slack,diagnostic,priority,17,10000,100000,100000,20539,2.694776,4,5,6,10.779249,24,27.558206,54,1364368,566018,2cd048e724a72ecc,305396,15787016,2350296,2350712,657248,707120,985872
9,baseline,timed,priority,305419896,10000,100000,0,10000,2.0715,4,5,6,8.3059,25,22.572,54,588232,225720,602b63039a07399e,,,,,,,
9,baseline,timed,priority,305419896,10000,100000,10000,11106,2.476049,3,5,6,9.904196,24,25.808392,54,712560,286628,edde2500b6addcf3,,,,,,,
9,baseline,timed,priority,305419896,10000,100000,20000,12111,1.663034,3,5,6,6.652134,24,19.304269,54,663872,233794,04bf4e3ddf749710,,,,,,,
9,baseline,timed,priority,305419896,10000,100000,30000,13178,1.367279,3,5,6,5.469115,24,16.93823,54,683992,223212,15f644399808c2a1,,,,,,,
9,baseline,timed,priority,305419896,10000,100000,40000,14158,1.421599,3,5,6,5.686396,24,17.372793,54,748864,245964,217390295aac38e4,,,,,,,
9,baseline,timed,priority,305419896,10000,100000,50000,15164,1.44388,3,5,6,5.775521,24,17.551042,54,809656,266144,900684268650bb21,,,,,,,
9,baseline,timed,priority,305419896,10000,100000,60000,16107,1.521761,4,5,6,6.087043,24,18.174086,54,876224,292730,4e652963a2581689,,,,,,,
9,baseline,timed,priority,305419896,10000,100000,70000,17034,1.569332,4,5,6,6.277328,24,18.554655,54,937392,316060,cb8eff9dc1cac163,,,,,,,
9,baseline,timed,priority,305419896,10000,100000,80000,17939,1.593679,4,5,6,6.374714,24,18.749429,54,992176,336346,b4cade9e0ddc1074,,,,,,,
9,baseline,timed,priority,305419896,10000,100000,90000,18971,1.657741,4,5,6,6.630963,24,19.261926,54,1064496,365418,6415a7bc459a5803,,,,,,,
9,baseline,timed,priority,305419896,10000,100000,100000,19986,2.933103,4,4,6,11.732413,24,29.464825,54,1426400,588884,ff116120353b8e4a,,,,,,,
9,baseline,diagnostic,priority,305419896,10000,100000,0,10000,2.0715,4,5,6,8.3059,25,22.572,54,588232,225720,602b63039a07399e,50026,2474704,1068288,1068288,320000,268232,480000
9,baseline,diagnostic,priority,305419896,10000,100000,10000,11106,2.476049,3,5,6,9.904196,24,25.808392,54,712560,286628,edde2500b6addcf3,136638,7563248,1245704,1995936,355392,357168,533088
9,baseline,diagnostic,priority,305419896,10000,100000,20000,12111,1.663034,3,5,6,6.652134,24,19.304269,54,663872,233794,04bf4e3ddf749710,197414,10625544,1245256,1995936,387552,276320,581328
9,baseline,diagnostic,priority,305419896,10000,100000,30000,13178,1.367279,3,5,6,5.469115,24,16.93823,54,683992,223212,15f644399808c2a1,248476,13019744,1316592,1995936,421696,262296,632544
9,baseline,diagnostic,priority,305419896,10000,100000,40000,14158,1.421599,3,5,6,5.686396,24,17.372793,54,748864,245964,217390295aac38e4,280811,14418824,1428504,1995936,453056,295808,679584
9,baseline,diagnostic,priority,305419896,10000,100000,50000,15164,1.44388,3,5,6,5.775521,24,17.551042,54,809656,266144,900684268650bb21,313270,15763368,1537584,1995936,485248,324408,727872
9,baseline,diagnostic,priority,305419896,10000,100000,60000,16107,1.521761,4,5,6,6.087043,24,18.174086,54,876224,292730,4e652963a2581689,338310,16745432,1649416,1995936,515424,360800,773136
9,baseline,diagnostic,priority,305419896,10000,100000,70000,17034,1.569332,4,5,6,6.277328,24,18.554655,54,937392,316060,cb8eff9dc1cac163,366933,17938192,1755080,1995936,545088,392304,817632
9,baseline,diagnostic,priority,305419896,10000,100000,80000,17939,1.593679,4,5,6,6.374714,24,18.749429,54,992176,336346,b4cade9e0ddc1074,393935,19037224,1853304,1995936,574048,418128,861072
9,baseline,diagnostic,priority,305419896,10000,100000,90000,18971,1.657741,4,5,6,6.630963,24,19.261926,54,1064496,365418,6415a7bc459a5803,421747,20219008,1975160,1995936,607072,457424,910608
9,baseline,diagnostic,priority,305419896,10000,100000,100000,19986,2.933103,4,4,6,11.732413,24,29.464825,54,1426400,588884,ff116120353b8e4a,558275,29800840,2385784,4224664,639552,786848,959328
9,slack,timed,priority,305419896,10000,100000,0,10000,2.4217,4,4,6,9.6871,24,25.3736,54,626448,253736,0b743470a1a053eb,,,,,,,
9,slack,timed,priority,305419896,10000,100000,10000,11106,2.328111,4,4,6,9.312714,24,24.624887,54,687872,273484,123d3a68b51d5aa4,,,,,,,
9,slack,timed,priority,305419896,10000,100000,20000,12111,2.286186,4,5,6,9.144992,24,24.289489,54,747600,294170,57fcbcad6a3046b9,,,,,,,
9,slack,timed,priority,305419896,10000,100000,30000,13178,2.266353,4,5,6,9.06564,24,24.130824,54,811152,317996,25a63cef5f3446a5,,,,,,,
9,slack,timed,priority,305419896,10000,100000,40000,14158,2.245162,4,5,6,8.980859,24,23.961294,54,868344,339244,79b4811cbc5a0505,,,,,,,
9,slack,timed,priority,305419896,10000,100000,50000,15164,2.23503,4,5,6,8.940319,24,23.880243,54,929344,362120,4e7af8af6ace7960,,,,,,,
9,slack,timed,priority,305419896,10000,100000,60000,16107,2.210902,4,5,6,8.843795,24,23.687217,54,983728,381530,41efe86a93fac77a,,,,,,,
9,slack,timed,priority,305419896,10000,100000,70000,17034,2.186685,4,5,6,8.746918,24,23.493484,54,1034664,400188,f686a61a99155749,,,,,,,
9,slack,timed,priority,305419896,10000,100000,80000,17939,2.188751,3,5,6,8.75517,24,23.510006,54,1093656,421746,8ad3b8433bd738b0,,,,,,,
9,slack,timed,priority,305419896,10000,100000,90000,18971,2.165516,3,5,6,8.662221,24,23.324126,54,1150976,442482,07e9956cd7041f92,,,,,,,
9,slack,timed,priority,305419896,10000,100000,100000,19986,2.172221,3,5,6,8.689032,24,23.377764,54,1215808,467228,de5d343c4fe6de3c,,,,,,,
9,slack,diagnostic,priority,305419896,10000,100000,0,10000,2.4217,4,4,6,9.6871,24,25.3736,54,626448,253736,0b743470a1a053eb,44329,2278896,1106504,1106792,320000,306448,480000
9,slack,diagnostic,priority,305419896,10000,100000,10000,11106,2.328111,4,4,6,9.312714,24,24.624887,54,687872,273484,123d3a68b51d5aa4,69399,3353352,1221016,1222016,355392,332480,533088
9,slack,diagnostic,priority,305419896,10000,100000,20000,12111,2.286186,4,5,6,9.144992,24,24.289489,54,747600,294170,57fcbcad6a3046b9,94742,4556488,1328984,1328984,387552,360048,581328
9,slack,diagnostic,priority,305419896,10000,100000,30000,13178,2.266353,4,5,6,9.06564,24,24.130824,54,811152,317996,25a63cef5f3446a5,120116,5736104,1443752,1444152,421696,389456,632544
9,slack,diagnostic,priority,305419896,10000,100000,40000,14158,2.245162,4,5,6,8.980859,24,23.961294,54,868344,339244,79b4811cbc5a0505,145696,6896136,1547984,1548912,453056,415288,679584
9,slack,diagnostic,priority,305419896,10000,100000,50000,15164,2.23503,4,5,6,8.940319,24,23.880243,54,929344,362120,4e7af8af6ace7960,171349,8093736,1657272,1657752,485248,444096,727872
9,slack,diagnostic,priority,305419896,10000,100000,60000,16107,2.210902,4,5,6,8.843795,24,23.687217,54,983728,381530,41efe86a93fac77a,196302,9223560,1756920,1757256,515424,468304,773136
9,slack,diagnostic,priority,305419896,10000,100000,70000,17034,2.186685,4,5,6,8.746918,24,23.493484,54,1034664,400188,f686a61a99155749,221517,10334416,1852352,1852648,545088,489576,817632
9,slack,diagnostic,priority,305419896,10000,100000,80000,17939,2.188751,3,5,6,8.75517,24,23.510006,54,1093656,421746,8ad3b8433bd738b0,246752,11572424,1954784,1955384,574048,519608,861072
9,slack,diagnostic,priority,305419896,10000,100000,90000,18971,2.165516,3,5,6,8.662221,24,23.324126,54,1150976,442482,07e9956cd7041f92,272090,12616248,2061640,2062696,607072,543904,910608
9,slack,diagnostic,priority,305419896,10000,100000,100000,19986,2.172221,3,5,6,8.689032,24,23.377764,54,1215808,467228,de5d343c4fe6de3c,298385,13888496,2175192,2176000,639552,576256,959328
10,baseline,timed,priority,2654435769,10000,100000,0,10000,2.4928,4,5,6,9.9715,24,25.9424,54,641408,259424,86454844c04cc7dc,,,,,,,
10,baseline,timed,priority,2654435769,10000,100000,10000,10906,1.737667,3,5,6,6.950669,24,19.901339,54,609160,217044,51acf7dd0fd72b31,,,,,,,
10,baseline,timed,priority,2654435769,10000,100000,20000,11841,1.524533,3,5,6,6.098134,24,18.196267,54,637632,215462,f84ac031605bdfc4,,,,,,,
10,baseline,timed,priority,2654435769,10000,100000,30000,12741,1.527274,4,5,6,6.109097,24,18.218193,54,691320,232118,d3903ad0e7c9a1fc,,,,,,,
10,baseline,timed,priority,2654435769,10000,100000,40000,13823,1.650293,4,5,6,6.601172,24,19.202344,54,772728,265434,3d5e06be5d984e08,,,,,,,
10,baseline,timed,priority,2654435769,10000,100000,50000,14806,2.67297,3,4,6,10.691882,24,27.383763,54,991768,405444,e96c4a7793dbe531,,,,,,,
10,baseline,timed,priority,2654435769,10000,100000,60000,15774,2.066755,4,5,6,8.267022,24,22.534043,54,931928,355452,78e25505071689e5,,,,,,,
10,baseline,timed,priority,2654435769,10000,100000,70000,16732,1.65826,4,5,6,6.633038,24,19.266077,54,917152,322360,fbb5c9270d5f5846,,,,,,,
10,baseline,timed,priority,2654435769,10000,100000,80000,17808,1.481469,3,5,6,5.925876,24,17.851752,54,950608,317904,ca97954a52570c2c,,,,,,,
10,baseline,timed,priority,2654435769,10000,100000,90000,18825,1.54162,4,5,6,6.166481,24,18.332961,54,1022592,345118,643cdca62f640443,,,,,,,
10,baseline,timed,priority,2654435769,10000,100000,100000,19828,1.621646,4,5,6,6.486585,24,18.973169,54,1097912,376200,8c287cb91226fc41,,,,,,,
10,baseline,diagnostic,priority,2654435769,10000,100000,0,10000,2.4928,4,5,6,9.9715,24,25.9424,54,641408,259424,86454844c04cc7dc,65353,3527904,1121464,1121896,320000,321408,480000
10,baseline,diagnostic,priority,2654435769,10000,100000,10000,10906,1.737667,3,5,6,6.950669,24,19.901339,54,609160,217044,51acf7dd0fd72b31,124547,6524432,1132704,1182472,348992,260168,523488
10,baseline,diagnostic,priority,2654435769,10000,100000,20000,11841,1.524533,3,5,6,6.098134,24,18.196267,54,637632,215462,f84ac031605bdfc4,171548,8789296,1206056,1210080,378912,258720,568368
10,baseline,diagnostic,priority,2654435769,10000,100000,30000,12741,1.527274,4,5,6,6.109097,24,18.218193,54,691320,232118,d3903ad0e7c9a1fc,212660,10700856,1302944,1344912,407712,283608,611568
10,baseline,diagnostic,priority,2654435769,10000,100000,40000,13823,1.650293,4,5,6,6.601172,24,19.202344,54,772728,265434,3d5e06be5d984e08,239817,11851480,1436288,1436472,442336,330392,663504
10,baseline,diagnostic,priority,2654435769,10000,100000,50000,14806,2.67297,3,4,6,10.691882,24,27.383763,54,991768,405444,e96c4a7793dbe531,337706,17699040,1702512,2681000,473792,517976,710688
10,baseline,diagnostic,priority,2654435769,10000,100000,60000,15774,2.066755,4,5,6,8.267022,24,22.534043,54,931928,355452,78e25505071689e5,389998,20329088,1689136,2681000,504768,427160,757152
10,baseline,diagnostic,priority,2654435769,10000,100000,70000,16732,1.65826,4,5,6,6.633038,24,19.266077,54,917152,322360,fbb5c9270d5f5846,449451,23263952,1720344,2681000,535424,381728,803136
10,baseline,diagnostic,priority,2654435769,10000,100000,80000,17808,1.481469,3,5,6,5.925876,24,17.851752,54,950608,317904,ca97954a52570c2c,500601,25734752,1805448,2681000,569856,380752,854784
10,baseline,diagnostic,priority,2654435769,10000,100000,90000,18825,1.54162,4,5,6,6.166481,24,18.332961,54,1022592,345118,643cdca62f640443,532744,27162904,1926248,2681000,602400,420192,903600
10,baseline,diagnostic,priority,2654435769,10000,100000,100000,19828,1.621646,4,5,6,6.486585,24,18.973169,54,1097912,376200,8c287cb91226fc41,563788,28507880,2049712,2681000,634496,463416,951744
10,slack,timed,priority,2654435769,10000,100000,0,10000,2.6613,4,4,6,10.6455,24,27.2904,54,648544,272904,1c9eaed7bb244227,,,,,,,
10,slack,timed,priority,2654435769,10000,100000,10000,10906,2.571153,4,5,6,10.284889,24,26.569228,54,699024,289764,ef26c8d0b3e8d3ba,,,,,,,
10,slack,timed,priority,2654435769,10000,100000,20000,11841,2.514737,4,5,6,10.059201,24,26.117895,54,760144,309262,a8e1103f9e905b6b,,,,,,,
10,slack,timed,priority,2654435769,10000,100000,30000,12741,2.511106,4,5,6,10.044659,24,26.088847,54,819368,332398,ad1d98a0436bb8ca,,,,,,,
10,slack,timed,priority,2654435769,10000,100000,40000,13823,2.47421,4,5,6,9.897056,24,25.793677,54,881648,356546,8e1595c5c160445f,,,,,,,
10,slack,timed,priority,2654435769,10000,100000,50000,14806,2.468661,4,5,6,9.874848,24,25.749291,54,943712,381244,75536ba4581eab68,,,,,,,
10,slack,timed,priority,2654435769,10000,100000,60000,15774,2.445417,4,5,6,9.781856,24,25.563332,54,999624,403236,2543489e42970ea5,,,,,,,
10,slack,timed,priority,2654435769,10000,100000,70000,16732,2.430971,4,5,6,9.724062,24,25.447765,54,1059520,425792,b9eb6a0a8b86ed33,,,,,,,
10,slack,timed,priority,2654435769,10000,100000,80000,17808,2.427841,4,5,6,9.711534,24,25.422731,54,1128400,452728,ef79a6280b11dd29,,,,,,,
10,slack,timed,priority,2654435769,10000,100000,90000,18825,2.403984,4,5,6,9.616096,24,25.231873,54,1188856,474990,0ec24793d64d737c,,,,,,,
10,slack,timed,priority,2654435769,10000,100000,100000,19828,2.40352,4,5,6,9.614232,24,25.228162,54,1252144,500224,b4bc6a15be5397f1,,,,,,,
10,slack,diagnostic,priority,2654435769,10000,100000,0,10000,2.6613,4,4,6,10.6455,24,27.2904,54,648544,272904,1c9eaed7bb244227,45121,2411816,1128600,1129432,320000,328544,480000
10,slack,diagnostic,priority,2654435769,10000,100000,10000,10906,2.571153,4,5,6,10.284889,24,26.569228,54,699024,289764,ef26c8d0b3e8d3ba,70566,3588208,1222568,1224056,348992,350032,523488
10,slack,diagnostic,priority,2654435769,10000,100000,20000,11841,2.514737,4,5,6,10.059201,24,26.117895,54,760144,309262,a8e1103f9e905b6b,95852,4812920,1328568,1328568,378912,381232,568368
10,slack,diagnostic,priority,2654435769,10000,100000,30000,12741,2.511106,4,5,6,10.044659,24,26.088847,54,819368,332398,ad1d98a0436bb8ca,121226,6078272,1430992,1431096,407712,411656,611568
10,slack,diagnostic,priority,2654435769,10000,100000,40000,13823,2.47421,4,5,6,9.897056,24,25.793677,54,881648,356546,8e1595c5c160445f,147106,7272520,1545208,1545408,442336,439312,663504
10,slack,diagnostic,priority,2654435769,10000,100000,50000,14806,2.468661,4,5,6,9.874848,24,25.749291,54,943712,381244,75536ba4581eab68,172744,8568392,1654456,1655976,473792,469920,710688
10,slack,diagnostic,priority,2654435769,10000,100000,60000,15774,2.445417,4,5,6,9.781856,24,25.563332,54,999624,403236,2543489e42970ea5,198747,9768984,1756832,1757152,504768,494856,757152
10,slack,diagnostic,priority,2654435769,10000,100000,70000,16732,2.430971,4,5,6,9.724062,24,25.447765,54,1059520,425792,b9eb6a0a8b86ed33,224652,11044296,1862712,1863496,535424,524096,803136
10,slack,diagnostic,priority,2654435769,10000,100000,80000,17808,2.427841,4,5,6,9.711534,24,25.422731,54,1128400,452728,ef79a6280b11dd29,251303,12360560,1983240,1983776,569856,558544,854784
10,slack,diagnostic,priority,2654435769,10000,100000,90000,18825,2.403984,4,5,6,9.616096,24,25.231873,54,1188856,474990,0ec24793d64d737c,276428,13477040,2092512,2093416,602400,586456,903600
10,slack,diagnostic,priority,2654435769,10000,100000,100000,19828,2.40352,4,5,6,9.614232,24,25.228162,54,1252144,500224,b4bc6a15be5397f1,301952,14775752,2203944,2205008,634496,617648,951744
11,baseline,timed,priority,826366246,10000,100000,0,10000,1.9082,4,4,6,7.6328,24,21.2656,54,567024,212656,c1c72bd147b7a040,,,,,,,
11,baseline,timed,priority,826366246,10000,100000,10000,11000,2.033909,4,5,6,8.135636,24,22.271273,54,654208,244984,ef0c0350560c3d4a,,,,,,,
11,baseline,timed,priority,826366246,10000,100000,20000,12022,2.097155,5,6,6,8.388621,24,22.777242,54,732984,273828,b6538013ddacfb72,,,,,,,
11,baseline,timed,priority,826366246,10000,100000,30000,12983,2.063005,4,6,6,8.252022,24,22.504044,54,787824,292170,38291c2cfda22736,,,,,,,
11,baseline,timed,priority,826366246,10000,100000,40000,13982,2.05221,4,6,6,8.20884,24,22.41768,54,846608,313444,a6ab4f96c47679ef,,,,,,,
11,baseline,timed,priority,826366246,10000,100000,50000,14908,2.046016,4,6,6,8.184062,24,22.368124,54,903776,333464,a53562a628b67755,,,,,,,
11,baseline,timed,priority,826366246,10000,100000,60000,15953,2.061869,5,6,6,8.247477,24,22.494954,54,971208,358862,0fa25f0f5d7e9889,,,,,,,
11,baseline,timed,priority,826366246,10000,100000,70000,16955,2.062636,4,6,6,8.250546,24,22.501091,54,1031824,381506,732da3e468efc59e,,,,,,,
11,baseline,timed,priority,826366246,10000,100000,80000,18069,2.006697,4,6,6,8.026786,24,22.053572,54,1086152,398486,efb05b3367ee5dbc,,,,,,,
11,baseline,timed,priority,826366246,10000,100000,90000,19117,1.809175,4,5,6,7.2367,24,20.473401,54,1103936,391390,4877605a2693817d,,,,,,,
11,baseline,timed,priority,826366246,10000,100000,100000,20085,1.866368,4,6,6,7.465472,24,20.930943,54,1176728,420398,5b691d4124cc39b9,,,,,,,
11,baseline,diagnostic,priority,826366246,10000,100000,0,10000,1.9082,4,4,6,7.6328,24,21.2656,54,567024,212656,c1c72bd147b7a040,47733,2246168,1047080,1047080,320000,247024,480000
11,baseline,diagnostic,priority,826366246,10000,100000,10000,11000,2.033909,4,5,6,8.135636,24,22.271273,54,654208,244984,ef0c0350560c3d4a,90399,4428704,1182264,1236360,352000,302208,528000
11,baseline,diagnostic,priority,826366246,10000,100000,20000,12022,2.097155,5,6,6,8.388621,24,22.777242,54,732984,273828,b6538013ddacfb72,132664,6566616,1310096,1319240,384704,348280,577056
11,baseline,diagnostic,priority,826366246,10000,100000,30000,12983,2.063005,4,6,6,8.252022,24,22.504044,54,787824,292170,38291c2cfda22736,175209,8728696,1411064,1471696,415456,372368,623184
11,baseline,diagnostic,priority,826366246,10000,100000,40000,13982,2.05221,4,6,6,8.20884,24,22.41768,54,846608,313444,a6ab4f96c47679ef,210306,10403432,1517800,1523168,447424,399184,671136
11,baseline,diagnostic,priority,826366246,10000,100000,50000,14908,2.046016,4,6,6,8.184062,24,22.368124,54,903776,333464,a53562a628b67755,245793,12137840,1619416,1628344,477056,426720,715584
11,baseline,diagnostic,priority,826366246,10000,100000,60000,15953,2.061869,5,6,6,8.247477,24,22.494954,54,971208,358862,0fa25f0f5d7e9889,278876,13707800,1737008,1737368,510496,460712,765744
11,baseline,diagnostic,priority,826366246,10000,100000,70000,16955,2.062636,4,6,6,8.250546,24,22.501091,54,1031824,381506,732da3e468efc59e,313084,15371888,1845720,1856280,542560,489264,813840
11,baseline,diagnostic,priority,826366246,10000,100000,80000,18069,2.006697,4,6,6,8.026786,24,22.053572,54,1086152,398486,efb05b3367ee5dbc,351648,17213672,1953520,1960104,578208,507944,867312
11,baseline,diagnostic,priority,826366246,10000,100000,90000,19117,1.809175,4,5,6,7.2367,24,20.473401,54,1103936,391390,4877605a2693817d,407873,19853656,2021608,2282520,611744,492192,917616
11,baseline,diagnostic,priority,826366246,10000,100000,100000,20085,1.866368,4,6,6,7.465472,24,20.930943,54,1176728,420398,5b691d4124cc39b9,437298,21212760,2140864,2282520,642720,534008,964080
11,slack,timed,priority,826366246,10000,100000,0,10000,2.7644,4,5,6,11.0579,24,28.1152,54,660208,281152,c9711196b7e5ebb6,,,,,,,
11,slack,timed,priority,826366246,10000,100000,10000,11000,2.677,4,5,6,10.708273,24,27.416,54,718336,301576,d8b40eadb1d4c743,,,,,,,
11,slack,timed,priority,826366246,10000,100000,20000,12022,2.633672,4,5,6,10.534936,24,27.069373,54,784896,325428,a251cea3cc527a8f,,,,,,,
11,slack,timed,priority,826366246,10000,100000,30000,12983,2.623662,4,5,6,10.494878,24,26.989294,54,848544,350402,e22ffe7d1824aa6f,,,,,,,
11,slack,timed,priority,826366246,10000,100000,40000,13982,2.595051,4,5,6,10.380418,24,26.760406,54,908584,374164,dba33b991bde4cf4,,,,,,,
11,slack,timed,priority,826366246,10000,100000,50000,14908,2.580963,4,5,6,10.324054,24,26.647706,54,967136,397264,c7b05ef2bb619d83,,,,,,,
11,slack,timed,priority,826366246,10000,100000,60000,15953,2.562465,4,5,6,10.250047,24,26.499718,54,1031360,422750,fececde858ccf65e,,,,,,,
11,slack,timed,priority,826366246,10000,100000,70000,16955,2.553524,4,5,6,10.214273,24,26.428192,54,1096544,448090,a35c9ce7229250e5,,,,,,,
11,slack,timed,priority,826366246,10000,100000,80000,18069,2.552881,4,5,6,10.211689,24,26.423045,54,1169520,477438,97c711e4022d6813,,,,,,,
11,slack,timed,priority,826366246,10000,100000,90000,19117,2.527855,4,5,6,10.111576,24,26.222838,54,1232936,501302,780dcd8cf9414c73,,,,,,,
11,slack,timed,priority,826366246,10000,100000,100000,20085,2.528255,4,5,6,10.113169,24,26.226039,54,1294840,526750,4b3967a48a25893b,,,,,,,
11,slack,diagnostic,priority,826366246,10000,100000,0,10000,2.7644,4,5,6,11.0579,24,28.1152,54,660208,281152,c9711196b7e5ebb6,44977,2443728,1140264,1140264,320000,340208,480000
11,slack,diagnostic,priority,826366246,10000,100000,10000,11000,2.677,4,5,6,10.708273,24,27.416,54,718336,301576,d8b40eadb1d4c743,70602,3656592,1246392,1246800,352000,366336,528000
11,slack,diagnostic,priority,826366246,10000,100000,20000,12022,2.633672,4,5,6,10.534936,24,27.069373,54,784896,325428,a251cea3cc527a8f,95768,4900584,1362008,1362128,384704,400192,577056
11,slack,diagnostic,priority,826366246,10000,100000,30000,12983,2.623662,4,5,6,10.494878,24,26.989294,54,848544,350402,e22ffe7d1824aa6f,121079,6171552,1471784,1473472,415456,433088,623184
11,slack,diagnostic,priority,826366246,10000,100000,40000,13982,2.595051,4,5,6,10.380418,24,26.760406,54,908584,374164,dba33b991bde4cf4,147037,7408808,1579776,1580248,447424,461160,671136
11,slack,diagnostic,priority,826366246,10000,100000,50000,14908,2.580963,4,5,6,10.324054,24,26.647706,54,967136,397264,c7b05ef2bb619d83,172852,8731912,1682776,1683648,477056,490080,715584
11,slack,diagnostic,priority,826366246,10000,100000,60000,15953,2.562465,4,5,6,10.250047,24,26.499718,54,1031360,422750,fececde858ccf65e,198624,9954992,1797160,1797272,510496,520864,765744
11,slack,diagnostic,priority,826366246,10000,100000,70000,16955,2.553524,4,5,6,10.214273,24,26.428192,54,1096544,448090,a35c9ce7229250e5,224820,11265928,1910440,1910464,542560,553984,813840
11,slack,diagnostic,priority,826366246,10000,100000,80000,18069,2.552881,4,5,6,10.211689,24,26.423045,54,1169520,477438,97c711e4022d6813,250781,12575800,2036888,2037200,578208,591312,867312
11,slack,diagnostic,priority,826366246,10000,100000,90000,19117,2.527855,4,5,6,10.111576,24,26.222838,54,1232936,501302,780dcd8cf9414c73,276158,13730544,2150608,2150864,611744,621192,917616
11,slack,diagnostic,priority,826366246,10000,100000,100000,20085,2.528255,4,5,6,10.113169,24,26.226039,54,1294840,526750,4b3967a48a25893b,301877,15050656,2258976,2259040,642720,652120,964080
12,baseline,timed,priority,12648430,10000,100000,0,10000,1.9972,4,5,6,7.9889,24,21.9776,54,581744,219776,51e499e005d806d7,,,,,,,
12,baseline,timed,priority,12648430,10000,100000,10000,10927,2.204539,4,6,6,8.818157,24,23.636314,54,674832,258274,890b412725196ec4,,,,,,,
12,baseline,timed,priority,12648430,10000,100000,20000,11925,1.684109,4,5,6,6.736436,24,19.472872,54,670992,232214,4990dced8f6790a6,,,,,,,
12,baseline,timed,priority,12648430,10000,100000,30000,12870,1.769153,4,5,6,7.076612,24,20.153225,54,739056,259372,e58f9658bd769d73,,,,,,,
12,baseline,timed,priority,12648430,10000,100000,40000,13952,1.797162,4,5,6,7.188647,24,20.377294,54,806000,284304,17bf8ed50b722d28,,,,,,,
12,baseline,timed,priority,12648430,10000,100000,50000,14927,1.862531,4,6,6,7.450124,24,20.900248,54,873768,311978,60c89a69900bff79,,,,,,,
12,baseline,timed,priority,12648430,10000,100000,60000,15826,1.90067,4,6,6,7.602679,24,21.205358,54,934864,335596,5dc6c7dbe8c3d34f,,,,,,,
12,baseline,timed,priority,12648430,10000,100000,70000,16963,1.922537,4,6,6,7.690149,24,21.380298,54,1007232,362674,cf69659c6c0f441e,,,,,,,
12,baseline,timed,priority,12648430,10000,100000,80000,18036,1.935074,4,6,6,7.740297,24,21.480594,54,1074432,387424,318f01902e78f796,,,,,,,
12,baseline,timed,priority,12648430,10000,100000,90000,19157,1.935585,4,6,6,7.74234,24,21.484679,54,1140408,411582,6d12d8a3d2da82d1,,,,,,,
12,baseline,timed,priority,12648430,10000,100000,100000,20058,1.921228,4,6,6,7.684914,24,21.369828,54,1189968,428636,55aa117b7a4192a6,,,,,,,
12,baseline,diagnostic,priority,12648430,10000,100000,0,10000,1.9972,4,5,6,7.9889,24,21.9776,54,581744,219776,51e499e005d806d7,73313,3751360,1061800,1061800,320000,261744,480000
12,baseline,diagnostic,priority,12648430,10000,100000,10000,10927,2.204539,4,6,6,8.818157,24,23.636314,54,674832,258274,890b412725196ec4,111488,5663472,1199384,1199928,349664,325168,524496
12,baseline,diagnostic,priority,12648430,10000,100000,20000,11925,1.684109,4,5,6,6.736436,24,19.472872,54,670992,232214,4990dced8f6790a6,176140,8790872,1243448,1496880,381600,289392,572400
12,baseline,diagnostic,priority,12648430,10000,100000,30000,12870,1.769153,4,5,6,7.076612,24,20.153225,54,739056,259372,e58f9658bd769d73,204467,10045824,1356872,1496880,411840,327216,617760
12,baseline,diagnostic,priority,12648430,10000,100000,40000,13952,1.797162,4,5,6,7.188647,24,20.377294,54,806000,284304,17bf8ed50b722d28,233340,11300808,1475752,1496880,446464,359536,669696
12,baseline,diagnostic,priority,12648430,10000,100000,50000,14927,1.862531,4,6,6,7.450124,24,20.900248,54,873768,311978,60c89a69900bff79,261046,12537928,1590320,1590960,477664,396104,716496
12,baseline,diagnostic,priority,12648430,10000,100000,60000,15826,1.90067,4,6,6,7.602679,24,21.205358,54,934864,335596,5dc6c7dbe8c3d34f,288552,13731488,1694568,1696112,506432,428432,759648
12,baseline,diagnostic,priority,12648430,10000,100000,70000,16963,1.922537,4,6,6,7.690149,24,21.380298,54,1007232,362674,cf69659c6c0f441e,319250,15148144,1821512,1837176,542816,464416,814224
12,baseline,diagnostic,priority,12648430,10000,100000,80000,18036,1.935074,4,6,6,7.740297,24,21.480594,54,1074432,387424,318f01902e78f796,348541,16473200,1940216,1940584,577152,497280,865728
12,baseline,diagnostic,priority,12648430,10000,100000,90000,19157,1.935585,4,6,6,7.74234,24,21.484679,54,1140408,411582,6d12d8a3d2da82d1,378161,17808840,2060000,2061064,613024,527384,919536
12,baseline,diagnostic,priority,12648430,10000,100000,100000,20058,1.921228,4,6,6,7.684914,24,21.369828,54,1189968,428636,55aa117b7a4192a6,410562,19315968,2152808,2153648,641856,548112,962784
12,slack,timed,priority,12648430,10000,100000,0,10000,2.5928,4,5,6,10.3715,24,26.7424,54,643288,267424,5821a92378df0376,,,,,,,
12,slack,timed,priority,12648430,10000,100000,10000,10927,2.511943,4,5,6,10.048046,24,26.095543,54,696816,285146,5d49c5c77c420614,,,,,,,
12,slack,timed,priority,12648430,10000,100000,20000,11925,2.438239,4,5,6,9.753208,24,25.505912,54,756120,304158,64b4a6fb3a23f4ae,,,,,,,
12,slack,timed,priority,12648430,10000,100000,30000,12870,2.439627,4,5,6,9.758741,24,25.517016,54,817896,328404,0a24f5bde9ce93ea,,,,,,,
12,slack,timed,priority,12648430,10000,100000,40000,13952,2.410981,4,5,6,9.644137,24,25.287844,54,882392,352816,6e8fbcb497df63db,,,,,,,
12,slack,timed,priority,12648430,10000,100000,50000,14927,2.415891,4,5,6,9.663764,24,25.327125,54,946264,378058,6bc00f333bfff3cf,,,,,,,
12,slack,timed,priority,12648430,10000,100000,60000,15826,2.402818,4,5,6,9.611462,24,25.222545,54,1001544,399172,42c1b6d0d8b8be46,,,,,,,
12,slack,timed,priority,12648430,10000,100000,70000,16963,2.394624,4,5,6,9.578671,24,25.156989,54,1074136,426738,6d433e4510c02375,,,,,,,
12,slack,timed,priority,12648430,10000,100000,80000,18036,2.37963,4,5,6,9.518685,24,25.037037,54,1139360,451568,c950c788398bd591,,,,,,,
12,slack,timed,priority,12648430,10000,100000,90000,19157,2.363522,4,5,6,9.454246,24,24.90818,54,1206536,477166,bcb1672dfa5dcb7c,,,,,,,
12,slack,timed,priority,12648430,10000,100000,100000,20058,2.356117,4,5,6,9.424619,24,24.848938,54,1261800,498420,75351880f1a57177,,,,,,,
12,slack,diagnostic,priority,12648430,10000,100000,0,10000,2.5928,4,5,6,10.3715,24,26.7424,54,643288,267424,5821a92378df0376,44779,2369128,1123344,1123344,320000,323288,480000
12,slack,diagnostic,priority,12648430,10000,100000,10000,10927,2.511943,4,5,6,10.048046,24,26.095543,54,696816,285146,5d49c5c77c420614,69963,3506976,1221368,1222040,349664,347152,524496
12,slack,diagnostic,priority,12648430,10000,100000,20000,11925,2.438239,4,5,6,9.753208,24,25.505912,54,756120,304158,64b4a6fb3a23f4ae,95288,4724240,1328576,1328680,381600,374520,572400
12,slack,diagnostic,priority,12648430,10000,100000,30000,12870,2.439627,4,5,6,9.758741,24,25.517016,54,817896,328404,0a24f5bde9ce93ea,120701,5975240,1435712,1436240,411840,406056,617760
12,slack,diagnostic,priority,12648430,10000,100000,40000,13952,2.410981,4,5,6,9.644137,24,25.287844,54,882392,352816,6e8fbcb497df63db,146533,7163704,1552144,1552488,446464,435928,669696
12,slack,diagnostic,priority,12648430,10000,100000,50000,14927,2.415891,4,5,6,9.663764,24,25.327125,54,946264,378058,6bc00f333bfff3cf,172225,8441440,1662816,1662960,477664,468600,716496
12,slack,diagnostic,priority,12648430,10000,100000,60000,15826,2.402818,4,5,6,9.611462,24,25.222545,54,1001544,399172,42c1b6d0d8b8be46,197568,9607520,1761248,1762336,506432,495112,759648
12,slack,diagnostic,priority,12648430,10000,100000,70000,16963,2.394624,4,5,6,9.578671,24,25.156989,54,1074136,426738,6d433e4510c02375,223308,10844104,1888416,1888568,542816,531320,814224
12,slack,diagnostic,priority,12648430,10000,100000,80000,18036,2.37963,4,5,6,9.518685,24,25.037037,54,1139360,451568,c950c788398bd591,249074,12113856,2005144,2005600,577152,562208,865728
12,slack,diagnostic,priority,12648430,10000,100000,90000,19157,2.363522,4,5,6,9.454246,24,24.90818,54,1206536,477166,bcb1672dfa5dcb7c,274472,13225312,2126128,2126856,613024,593512,919536
12,slack,diagnostic,priority,12648430,10000,100000,100000,20058,2.356117,4,5,6,9.424619,24,24.848938,54,1261800,498420,75351880f1a57177,300293,14536128,2224640,2225016,641856,619944,962784
13,baseline,timed,priority,3512641005,10000,100000,0,10000,2.3171,4,5,6,9.2687,24,24.5368,54,616904,245368,db2ff4073ffbdd5f,,,,,,,
13,baseline,timed,priority,3512641005,10000,100000,10000,10972,1.651203,4,5,6,6.604812,24,19.209624,54,603032,210768,7d6d0c2ad3cc348f,,,,,,,
13,baseline,timed,priority,3512641005,10000,100000,20000,11944,1.429421,3,5,6,5.717683,24,17.435365,54,631680,208248,3c9c1b2c55837e1f,,,,,,,
13,baseline,timed,priority,3512641005,10000,100000,30000,12839,1.499883,4,5,6,5.999533,24,17.999065,54,692184,231090,c231db482413280d,,,,,,,
13,baseline,timed,priority,3512641005,10000,100000,40000,13804,1.548826,4,5,6,6.195306,24,18.390611,54,753768,253864,f5f3c23c90b53687,,,,,,,
13,baseline,timed,priority,3512641005,10000,100000,50000,14774,1.607689,4,5,6,6.430757,24,18.861513,54,819024,278660,400bf3fff136d030,,,,,,,
13,baseline,timed,priority,3512641005,10000,100000,60000,15762,1.656833,4,5,6,6.627332,24,19.254663,54,883432,303492,d99963e2766cd540,,,,,,,
13,baseline,timed,priority,3512641005,10000,100000,70000,16792,2.822356,3,4,6,11.289424,24,28.578847,54,1160336,479896,edbc2757e5bfe7d6,,,,,,,
13,baseline,timed,priority,3512641005,10000,100000,80000,17736,2.382048,3,5,6,9.528191,24,25.056382,54,1115712,444400,d03341967829077c,,,,,,,
13,baseline,timed,priority,3512641005,10000,100000,90000,18769,1.750599,4,5,6,7.002398,24,20.004795,54,1037232,375470,68c4ec4c7e79fec9,,,,,,,
13,baseline,timed,priority,3512641005,10000,100000,100000,19889,1.43069,3,4,6,5.722761,24,17.445523,54,1042624,346974,353e98685273bd11,,,,,,,
13,baseline,diagnostic,priority,3512641005,10000,100000,0,10000,2.3171,4,5,6,9.2687,24,24.5368,54,616904,245368,db2ff4073ffbdd5f,57758,3001352,1096960,1096960,320000,296904,480000
13,baseline,diagnostic,priority,3512641005,10000,100000,10000,10972,1.651203,4,5,6,6.604812,24,19.209624,54,603032,210768,7d6d0c2ad3cc348f,117937,6065880,1129744,1183112,351104,251928,526656
13,baseline,diagnostic,priority,3512641005,10000,100000,20000,11944,1.429421,3,5,6,5.717683,24,17.435365,54,631680,208248,3c9c1b2c55837e1f,158298,7886680,1205048,1205240,382208,249472,573312
13,baseline,diagnostic,priority,3512641005,10000,100000,30000,12839,1.499883,4,5,6,5.999533,24,17.999065,54,692184,231090,c231db482413280d,189771,9261952,1308512,1310824,410848,281336,616272
13,baseline,diagnostic,priority,3512641005,10000,100000,40000,13804,1.548826,4,5,6,6.195306,24,18.390611,54,753768,253864,f5f3c23c90b53687,217741,10400488,1416416,1417120,441728,312040,662592
13,baseline,diagnostic,priority,3512641005,10000,100000,50000,14774,1.607689,4,5,6,6.430757,24,18.861513,54,819024,278660,400bf3fff136d030,246007,11617528,1528232,1531192,472768,346256,709152
13,baseline,diagnostic,priority,3512641005,10000,100000,60000,15762,1.656833,4,5,6,6.627332,24,19.254663,54,883432,303492,d99963e2766cd540,274586,12807376,1640064,1640216,504384,379048,756576
13,baseline,diagnostic,priority,3512641005,10000,100000,70000,16792,2.822356,3,4,6,11.289424,24,28.578847,54,1160336,479896,edbc2757e5bfe7d6,371984,18107304,1966408,3102456,537344,622992,806016
13,baseline,diagnostic,priority,3512641005,10000,100000,80000,17736,2.382048,3,5,6,9.528191,24,25.056382,54,1115712,444400,d03341967829077c,420829,20651688,1967096,3102456,567552,548160,851328
13,baseline,diagnostic,priority,3512641005,10000,100000,90000,18769,1.750599,4,5,6,7.002398,24,20.004795,54,1037232,375470,68c4ec4c7e79fec9,489647,24148224,1938200,3102456,600608,436624,900912
13,baseline,diagnostic,priority,3512641005,10000,100000,100000,19889,1.43069,3,4,6,5.722761,24,17.445523,54,1042624,346974,353e98685273bd11,552083,27142752,1997352,3102456,636448,406176,954672
13,slack,timed,priority,3512641005,10000,100000,0,10000,2.8563,4,5,6,11.4255,24,28.8504,54,671696,288504,d608230ad0476a11,,,,,,,
13,slack,timed,priority,3512641005,10000,100000,10000,10972,2.773059,4,5,6,11.092508,24,28.18447,54,731048,309240,cb4d98a39c85024e,,,,,,,
13,slack,timed,priority,3512641005,10000,100000,20000,11944,2.706715,4,5,6,10.82711,24,27.653717,54,788592,330296,3e63ef1564d035de,,,,,,,
13,slack,timed,priority,3512641005,10000,100000,30000,12839,2.702703,4,5,6,10.811044,24,27.621622,54,848888,354634,90ab9ca9db7462dd,,,,,,,
13,slack,timed,priority,3512641005,10000,100000,40000,13804,2.654883,4,5,6,10.619748,24,27.239061,54,906256,376008,f026a98049cb422f,,,,,,,
13,slack,timed,priority,3512641005,10000,100000,50000,14774,2.668675,4,5,6,10.674902,24,27.349398,54,971824,404060,1a748b291ae68b64,,,,,,,
13,slack,timed,priority,3512641005,10000,100000,60000,15762,2.64941,4,5,6,10.59783,24,27.19528,54,1034704,428652,ff006f06d46ab593,,,,,,,
13,slack,timed,priority,3512641005,10000,100000,70000,16792,2.642866,4,5,6,10.571641,24,27.142925,54,1102080,455784,1ee877da660ca130,,,,,,,
13,slack,timed,priority,3512641005,10000,100000,80000,17736,2.637066,4,5,6,10.548433,24,27.096527,54,1162288,480584,bf16bfebedd51bc8,,,,,,,
13,slack,timed,priority,3512641005,10000,100000,90000,18769,2.611327,4,5,6,10.445469,24,26.890618,54,1226504,504710,8dc371455cb1f0aa,,,,,,,
13,slack,timed,priority,3512641005,10000,100000,100000,19889,2.613756,4,5,6,10.455176,24,26.910051,54,1300680,535214,30797c21b6ae56ef,,,,,,,
13,slack,diagnostic,priority,3512641005,10000,100000,0,10000,2.8563,4,5,6,11.4255,24,28.8504,54,671696,288504,d608230ad0476a11,45247,2499200,1151752,1151752,320000,351696,480000
13,slack,diagnostic,priority,3512641005,10000,100000,10000,10972,2.773059,4,5,6,11.092508,24,28.18447,54,731048,309240,cb4d98a39c85024e,71085,3745952,1257760,1258784,351104,379944,526656
13,slack,diagnostic,priority,3512641005,10000,100000,20000,11944,2.706715,4,5,6,10.82711,24,27.653717,54,788592,330296,3e63ef1564d035de,96941,5058960,1361960,1362160,382208,406384,573312
13,slack,diagnostic,priority,3512641005,10000,100000,30000,12839,2.702703,4,5,6,10.811044,24,27.621622,54,848888,354634,90ab9ca9db7462dd,122348,6351592,1465216,1465720,410848,438040,616272
13,slack,diagnostic,priority,3512641005,10000,100000,40000,13804,2.654883,4,5,6,10.619748,24,27.239061,54,906256,376008,f026a98049cb422f,147895,7592368,1568904,1570448,441728,464528,662592
13,slack,diagnostic,priority,3512641005,10000,100000,50000,14774,2.668675,4,5,6,10.674902,24,27.349398,54,971824,404060,1a748b291ae68b64,173719,8933008,1681032,1682352,472768,499056,709152
13,slack,diagnostic,priority,3512641005,10000,100000,60000,15762,2.64941,4,5,6,10.59783,24,27.19528,54,1034704,428652,ff006f06d46ab593,199635,10200024,1791336,1791536,504384,530320,756576
13,slack,diagnostic,priority,3512641005,10000,100000,70000,16792,2.642866,4,5,6,10.571641,24,27.142925,54,1102080,455784,1ee877da660ca130,226092,11542272,1908152,1908944,537344,564736,806016
13,slack,diagnostic,priority,3512641005,10000,100000,80000,17736,2.637066,4,5,6,10.548433,24,27.096527,54,1162288,480584,bf16bfebedd51bc8,252566,12899600,2013672,2013672,567552,594736,851328
13,slack,diagnostic,priority,3512641005,10000,100000,90000,18769,2.611327,4,5,6,10.445469,24,26.890618,54,1226504,504710,8dc371455cb1f0aa,278420,14125944,2127472,2127608,600608,625896,900912
13,slack,diagnostic,priority,3512641005,10000,100000,100000,19889,2.613756,4,5,6,10.455176,24,26.910051,54,1300680,535214,30797c21b6ae56ef,304292,15478568,2255408,2255704,636448,664232,954672
14,baseline,timed,random,17,10000,100000,0,10000,2.6921,3,3,3,10.7687,12,27.5368,30,671632,275368,c2b0853a182c09ff,,,,,,,
14,baseline,timed,random,17,10000,100000,10000,20000,2.6918,3,3,4,10.76735,16,27.5344,38,1343008,550688,fc540b794c93c0f7,,,,,,,
14,baseline,timed,random,17,10000,100000,20000,30000,2.6918,3,3,5,10.7673,20,27.5344,46,2014712,826032,7aaf7c666bc4c072,,,,,,,
14,baseline,timed,random,17,10000,100000,30000,40000,2.692875,3,3,6,10.771575,24,27.543,54,2687032,1101720,a56b524de5e4b38f,,,,,,,
14,baseline,timed,random,17,10000,100000,40000,50000,2.69642,3,3,6,10.78574,24,27.57136,54,3362136,1378568,87b3a77c2441278e,,,,,,,
14,baseline,timed,random,17,10000,100000,50000,60000,2.699583,3,3,6,10.798383,24,27.596667,54,4037504,1655800,41a0f26950b86d2d,,,,,,,
14,baseline,timed,random,17,10000,100000,60000,70000,2.703214,3,3,6,10.8129,24,27.625714,54,4714560,1933800,86102895645b750e,,,,,,,
14,baseline,timed,random,17,10000,100000,70000,80000,2.706113,3,3,6,10.824488,24,27.6489,54,5392096,2211912,05073cf27e58848a,,,,,,,
14,baseline,timed,random,17,10000,100000,80000,90000,2.709922,3,3,6,10.839722,24,27.679378,54,6071864,2491144,55a89ea6008cad1f,,,,,,,
14,baseline,timed,random,17,10000,100000,90000,100000,2.71257,3,3,6,10.85031,24,27.70056,54,6750856,2770056,60cc71264d51a64e,,,,,,,
14,baseline,timed,random,17,10000,100000,100000,110000,2.716591,3,3,6,10.866391,24,27.732727,54,7433616,3050600,0744de6c17a96242,,,,,,,
14,baseline,diagnostic,random,17,10000,100000,0,10000,2.6921,3,3,3,10.7687,12,27.5368,30,671632,275368,c2b0853a182c09ff,44019,2274512,1151688,1151688,320000,351632,480000
14,baseline,diagnostic,random,17,10000,100000,10000,20000,2.6918,3,3,4,10.76735,16,27.5344,38,1343008,550688,fc540b794c93c0f7,74019,3752472,2303064,2303064,640000,703008,960000
14,baseline,diagnostic,random,17,10000,100000,20000,30000,2.6918,3,3,5,10.7673,20,27.5344,46,2014712,826032,7aaf7c666bc4c072,104019,5230736,3454768,3454768,960000,1054712,1440000
14,baseline,diagnostic,random,17,10000,100000,30000,40000,2.692875,3,3,6,10.771575,24,27.543,54,2687032,1101720,a56b524de5e4b38f,134019,6709584,4607088,4607088,1280000,1407032,1920000
14,baseline,diagnostic,random,17,10000,100000,40000,50000,2.69642,3,3,6,10.78574,24,27.57136,54,3362136,1378568,87b3a77c2441278e,164019,8194224,5762192,5762192,1600000,1762136,2400000
14,baseline,diagnostic,random,17,10000,100000,50000,60000,2.699583,3,3,6,10.798383,24,27.596667,54,4037504,1655800,41a0f26950b86d2d,194019,9678888,6917560,6917560,1920000,2117504,2880000
14,baseline,diagnostic,random,17,10000,100000,60000,70000,2.703214,3,3,6,10.8129,24,27.625714,54,4714560,1933800,86102895645b750e,224019,11166112,8074616,8074616,2240000,2474560,3360000
14,baseline,diagnostic,random,17,10000,100000,70000,80000,2.706113,3,3,6,10.824488,24,27.6489,54,5392096,2211912,05073cf27e58848a,254037,12654512,9232152,9232152,2560000,2832096,3840000
14,baseline,diagnostic,random,17,10000,100000,80000,90000,2.709922,3,3,6,10.839722,24,27.679378,54,6071864,2491144,55a89ea6008cad1f,284073,14147848,10391920,10391920,2880000,3191864,4320000
14,baseline,diagnostic,random,17,10000,100000,90000,100000,2.71257,3,3,6,10.85031,24,27.70056,54,6750856,2770056,60cc71264d51a64e,314091,15637000,11550912,11550912,3200000,3550856,4800000
14,baseline,diagnostic,random,17,10000,100000,100000,110000,2.716591,3,3,6,10.866391,24,27.732727,54,7433616,3050600,0744de6c17a96242,344197,17139304,12713672,12713672,3520000,3913616,5280000
14,slack,timed,random,17,10000,100000,0,10000,2.5764,4,5,6,10.3059,24,26.6112,54,644760,266112,f9fd1bee10bc819e,,,,,,,
14,slack,timed,random,17,10000,100000,10000,20000,2.66635,5,5,6,10.66555,24,27.3308,54,1313432,546616,1519a1d1253d0d9e,,,,,,,
14,slack,timed,random,17,10000,100000,20000,30000,2.722667,5,6,6,10.890767,24,27.781333,54,1993488,833440,c6c038a42f3ca915,,,,,,,
14,slack,timed,random,17,10000,100000,30000,40000,2.760625,5,6,6,11.042575,24,28.085,54,2680800,1123400,a5f66e2af3de8b73,,,,,,,
14,slack,timed,random,17,10000,100000,40000,50000,2.79884,5,6,6,11.19542,24,28.39072,54,3379952,1419536,c87659e596f55c66,,,,,,,
14,slack,timed,random,17,10000,100000,50000,60000,2.8294,5,6,6,11.31765,24,28.6352,54,4082600,1718112,ac669308a89fcd05,,,,,,,
14,slack,timed,random,17,10000,100000,60000,70000,2.855286,5,6,6,11.421186,24,28.842286,54,4790048,2018960,82845a6565adc0ae,,,,,,,
14,slack,timed,random,17,10000,100000,70000,80000,2.879688,5,6,6,11.518788,24,29.0375,54,5504632,2323000,2e279d29c835e2a1,,,,,,,
14,slack,timed,random,17,10000,100000,80000,90000,2.903156,5,6,6,11.612656,24,29.225244,54,6224112,2630272,821ab206d9c4e3b8,,,,,,,
14,slack,timed,random,17,10000,100000,90000,100000,2.92063,5,6,6,11.68255,24,29.36504,54,6942280,2936504,91191c6fbc0c16b6,,,,,,,
14,slack,timed,random,17,10000,100000,100000,110000,2.938309,5,6,6,11.753264,24,29.506473,54,7665896,3245712,81923e4252bbab94,,,,,,,
14,slack,diagnostic,random,17,10000,100000,0,10000,2.5764,4,5,6,10.3059,24,26.6112,54,644760,266112,f9fd1bee10bc819e,30541,1418064,1124816,1124816,320000,324760,480000
14,slack,diagnostic,random,17,10000,100000,10000,20000,2.66635,5,5,6,10.66555,24,27.3308,54,1313432,546616,1519a1d1253d0d9e,61099,2891520,2273488,2273488,640000,673432,960000
14,slack,diagnostic,random,17,10000,100000,20000,30000,2.722667,5,6,6,10.890767,24,27.781333,54,1993488,833440,c6c038a42f3ca915,91711,4397256,3433544,3433544,960000,1033488,1440000
14,slack,diagnostic,random,17,10000,100000,30000,40000,2.760625,5,6,6,11.042575,24,28.085,54,2680800,1123400,a5f66e2af3de8b73,122525,5935488,4600856,4600856,1280000,1400800,1920000
14,slack,diagnostic,random,17,10000,100000,40000,50000,2.79884,5,6,6,11.19542,24,28.39072,54,3379952,1419536,c87659e596f55c66,153065,7473952,5780008,5780008,1600000,1779952,2400000
14,slack,diagnostic,random,17,10000,100000,50000,60000,2.8294,5,6,6,11.31765,24,28.6352,54,4082600,1718112,ac669308a89fcd05,183749,9035176,6962656,6962656,1920000,2162600,2880000
14,slack,diagnostic,random,17,10000,100000,60000,70000,2.855286,5,6,6,11.421186,24,28.842286,54,4790048,2018960,82845a6565adc0ae,214433,10605664,8150104,8150104,2240000,2550048,3360000
14,slack,diagnostic,random,17,10000,100000,70000,80000,2.879688,5,6,6,11.518788,24,29.0375,54,5504632,2323000,2e279d29c835e2a1,245405,12216456,9344688,9344688,2560000,2944632,3840000
14,slack,diagnostic,random,17,10000,100000,80000,90000,2.903156,5,6,6,11.612656,24,29.225244,54,6224112,2630272,821ab206d9c4e3b8,276377,13839760,10544168,10544168,2880000,3344112,4320000
14,slack,diagnostic,random,17,10000,100000,90000,100000,2.92063,5,6,6,11.68255,24,29.36504,54,6942280,2936504,91191c6fbc0c16b6,307807,15499792,11742336,11742336,3200000,3742280,4800000
14,slack,diagnostic,random,17,10000,100000,100000,110000,2.938309,5,6,6,11.753264,24,29.506473,54,7665896,3245712,81923e4252bbab94,338995,17150088,12945952,12945952,3520000,4145896,5280000
15,baseline,timed,duplicates,17,10000,100000,0,10000,2.3541,4,5,6,9.4167,24,24.8328,54,620368,248328,077ff11f51ebb72e,,,,,,,
15,baseline,timed,duplicates,17,10000,100000,10000,20000,2.54545,4,5,6,10.18195,24,26.3636,54,1297488,527272,9163d9a439b37928,,,,,,,
15,baseline,timed,duplicates,17,10000,100000,20000,30000,2.6182,4,5,6,10.4729,24,26.9456,54,1979264,808368,e213eea31b77b1fd,,,,,,,
15,baseline,timed,duplicates,17,10000,100000,30000,40000,2.618925,4,5,6,10.475775,24,26.9514,54,2638560,1078056,322d6cf8586744aa,,,,,,,
15,baseline,timed,duplicates,17,10000,100000,40000,50000,2.63926,4,5,6,10.5571,24,27.11408,54,3312680,1355704,5d2e46d8c913d652,,,,,,,
15,baseline,timed,duplicates,17,10000,100000,50000,60000,2.49725,4,5,6,9.989,24,25.978,54,3880576,1558680,8224935b0a68154e,,,,,,,
15,baseline,timed,duplicates,17,10000,100000,60000,70000,2.539471,4,5,6,10.157886,24,26.315771,54,4564312,1842104,c759191dbffac2e0,,,,,,,
15,baseline,timed,duplicates,17,10000,100000,70000,80000,2.315738,4,5,6,9.26295,24,24.5259,54,4995624,1962072,54a0ce9711ed87ed,,,,,,,
15,baseline,timed,duplicates,17,10000,100000,80000,90000,2.326256,4,5,6,9.305022,24,24.610044,54,5636136,2214904,680c3f09669989c2,,,,,,,
15,baseline,timed,duplicates,17,10000,100000,90000,100000,2.33378,4,5,6,9.33512,24,24.67024,54,6268688,2467024,35bd9e6197553d37,,,,,,,
15,baseline,timed,duplicates,17,10000,100000,100000,110000,2.345836,4,5,6,9.383345,24,24.766691,54,6905760,2724336,8cb2f92f67e72372,,,,,,,
15,baseline,diagnostic,duplicates,17,10000,100000,0,10000,2.3541,4,5,6,9.4167,24,24.8328,54,620368,248328,077ff11f51ebb72e,51116,2632216,1100424,1100424,320000,300368,480000
15,baseline,diagnostic,duplicates,17,10000,100000,10000,20000,2.54545,4,5,6,10.18195,24,26.3636,54,1297488,527272,9163d9a439b37928,98434,5259864,2257544,2257664,640000,657488,960000
15,baseline,diagnostic,duplicates,17,10000,100000,20000,30000,2.6182,4,5,6,10.4729,24,26.9456,54,1979264,808368,e213eea31b77b1fd,150664,8191472,3419320,3419888,960000,1019264,1440000
15,baseline,diagnostic,duplicates,17,10000,100000,30000,40000,2.618925,4,5,6,10.475775,24,26.9514,54,2638560,1078056,322d6cf8586744aa,200342,10875264,4558616,4559240,1280000,1358560,1920000
15,baseline,diagnostic,duplicates,17,10000,100000,40000,50000,2.63926,4,5,6,10.5571,24,27.11408,54,3312680,1355704,5d2e46d8c913d652,249598,13616448,5712736,5712736,1600000,1712680,2400000
15,baseline,diagnostic,duplicates,17,10000,100000,50000,60000,2.49725,4,5,6,9.989,24,25.978,54,3880576,1558680,8224935b0a68154e,321195,17345656,6760632,6760632,1920000,1960576,2880000
15,baseline,diagnostic,duplicates,17,10000,100000,60000,70000,2.539471,4,5,6,10.157886,24,26.315771,54,4564312,1842104,c759191dbffac2e0,370935,20141864,7924368,7924368,2240000,2324312,3360000
15,baseline,diagnostic,duplicates,17,10000,100000,70000,80000,2.315738,4,5,6,9.26295,24,24.5259,54,4995624,1962072,54a0ce9711ed87ed,504381,27176424,8835680,8936328,2560000,2435624,3840000
15,baseline,diagnostic,duplicates,17,10000,100000,80000,90000,2.326256,4,5,6,9.305022,24,24.610044,54,5636136,2214904,680c3f09669989c2,566391,30578456,9956192,9956192,2880000,2756136,4320000
15,baseline,diagnostic,duplicates,17,10000,100000,90000,100000,2.33378,4,5,6,9.33512,24,24.67024,54,6268688,2467024,35bd9e6197553d37,630943,34074216,11068744,11068872,3200000,3068688,4800000
15,baseline,diagnostic,duplicates,17,10000,100000,100000,110000,2.345836,4,5,6,9.383345,24,24.766691,54,6905760,2724336,8cb2f92f67e72372,682457,36785416,12185816,12187968,3520000,3385760,5280000
15,slack,timed,duplicates,17,10000,100000,0,10000,3.0046,5,5,6,12.0187,24,30.0368,54,689608,300368,b8c3b67c16b6adbf,,,,,,,
15,slack,timed,duplicates,17,10000,100000,10000,20000,3.8514,6,6,6,15.40575,24,36.8112,54,1654440,736224,47873891959e185d,,,,,,,
15,slack,timed,duplicates,17,10000,100000,20000,30000,3.7844,6,6,6,15.1377,24,36.2752,54,2446840,1088256,d919f452320b81b6,,,,,,,
15,slack,timed,duplicates,17,10000,100000,30000,40000,3.9613,6,6,6,15.845275,24,37.6904,54,3373048,1507616,f16e46c825c32d06,,,,,,,
15,slack,timed,duplicates,17,10000,100000,40000,50000,3.96632,6,6,6,15.86534,24,37.73056,54,4216304,1886528,f480d5a246619eff,,,,,,,
15,slack,timed,duplicates,17,10000,100000,50000,60000,4.039117,6,6,6,16.156517,24,38.312933,54,5122384,2298776,3c01309ad3a2372c,,,,,,,
15,slack,timed,duplicates,17,10000,100000,60000,70000,4.061257,6,6,6,16.245071,24,38.490057,54,5994320,2694304,2e426ca2d41e78f7,,,,,,,
15,slack,timed,duplicates,17,10000,100000,70000,80000,4.1083,6,6,6,16.433238,24,38.8664,54,6910352,3109312,00e5107e866edcbb,,,,,,,
15,slack,timed,duplicates,17,10000,100000,80000,90000,4.1301,6,6,6,16.520433,24,39.0408,54,7803944,3513672,e174109af3c06b77,,,,,,,
15,slack,timed,duplicates,17,10000,100000,90000,100000,4.17396,6,6,6,16.69587,24,39.39168,54,8741920,3939168,10106294a6bd0dea,,,,,,,
15,slack,timed,duplicates,17,10000,100000,100000,110000,4.192809,6,6,6,16.771264,24,39.542473,54,9640008,4349672,b249f966406780ae,,,,,,,
15,slack,diagnostic,duplicates,17,10000,100000,0,10000,3.0046,5,5,6,12.0187,24,30.0368,54,689608,300368,b8c3b67c16b6adbf,45409,2567992,1169664,1169664,320000,369608,480000
15,slack,diagnostic,duplicates,17,10000,100000,10000,20000,3.8514,6,6,6,15.40575,24,36.8112,54,1654440,736224,47873891959e185d,95435,6442592,2614496,2614888,640000,1014440,960000
15,slack,diagnostic,duplicates,17,10000,100000,20000,30000,3.7844,6,6,6,15.1377,24,36.2752,54,2446840,1088256,d919f452320b81b6,143123,9550024,3886896,3886928,960000,1486840,1440000
15,slack,diagnostic,duplicates,17,10000,100000,30000,40000,3.9613,6,6,6,15.845275,24,37.6904,54,3373048,1507616,f16e46c825c32d06,192915,13275736,5293104,5293104,1280000,2093048,1920000
15,slack,diagnostic,duplicates,17,10000,100000,40000,50000,3.96632,6,6,6,15.86534,24,37.73056,54,4216304,1886528,f480d5a246619eff,240893,16564792,6616360,6617216,1600000,2616304,2400000
15,slack,diagnostic,duplicates,17,10000,100000,50000,60000,4.039117,6,6,6,16.156517,24,38.312933,54,5122384,2298776,3c01309ad3a2372c,290697,20226200,8002440,8002440,1920000,3202384,2880000
15,slack,diagnostic,duplicates,17,10000,100000,60000,70000,4.061257,6,6,6,16.245071,24,38.490057,54,5994320,2694304,2e426ca2d41e78f7,339663,23709856,9354376,9354376,2240000,3754320,3360000
15,slack,diagnostic,duplicates,17,10000,100000,70000,80000,4.1083,6,6,6,16.433238,24,38.8664,54,6910352,3109312,00e5107e866edcbb,389445,27400040,10750408,10750408,2560000,4350352,3840000
15,slack,diagnostic,duplicates,17,10000,100000,80000,90000,4.1301,6,6,6,16.520433,24,39.0408,54,7803944,3513672,e174109af3c06b77,438843,30989408,12124000,12124000,2880000,4923944,4320000
15,slack,diagnostic,duplicates,17,10000,100000,90000,100000,4.17396,6,6,6,16.69587,24,39.39168,54,8741920,3939168,10106294a6bd0dea,489005,34779080,13541976,13541976,3200000,5541920,4800000
15,slack,diagnostic,duplicates,17,10000,100000,100000,110000,4.192809,6,6,6,16.771264,24,39.542473,54,9640008,4349672,b249f966406780ae,538291,38369616,14920064,14920992,3520000,6120008,5280000
16,baseline,timed,alternating,17,10000,100000,0,10000,1.6244,3,5,6,6.4979,24,18.9952,54,543744,189952,8538ee49d4da3cec,,,,,,,
16,baseline,timed,alternating,17,10000,100000,10000,20000,1.77005,3,4,6,7.08035,24,20.1604,54,1110696,403208,9f27dc7ffe9fae27,,,,,,,
16,baseline,timed,alternating,17,10000,100000,20000,30000,2.048967,4,4,6,8.195967,24,22.391733,54,1778632,671752,6afafe887cca405a,,,,,,,
16,baseline,timed,alternating,17,10000,100000,30000,40000,2.1894,4,4,6,8.757675,24,23.5152,54,2443656,940608,1068464f8c8746ab,,,,,,,
16,baseline,timed,alternating,17,10000,100000,40000,50000,2.299,4,4,6,9.19606,24,24.392,54,3142072,1219600,6ef5aa9dfc20c322,,,,,,,
16,baseline,timed,alternating,17,10000,100000,50000,60000,3.362417,4,4,6,13.449717,24,32.899333,54,4944064,1973960,63e174929792a67e,,,,,,,
16,baseline,timed,alternating,17,10000,100000,60000,70000,2.375929,4,4,6,9.503757,24,25.007429,54,4712952,1750520,eadc3266c3190e42,,,,,,,
16,baseline,timed,alternating,17,10000,100000,70000,80000,2.390188,4,4,6,9.560787,24,25.1215,54,5360512,2009720,abe54a8ad563f970,,,,,,,
16,baseline,timed,alternating,17,10000,100000,80000,90000,2.383344,4,4,6,9.533411,24,25.066756,54,5970480,2256008,da73382576d4fd50,,,,,,,
16,baseline,timed,alternating,17,10000,100000,90000,100000,2.41731,4,4,6,9.66927,24,25.33848,54,6663864,2533848,5db057ec11317f17,,,,,,,
16,baseline,timed,alternating,17,10000,100000,100000,110000,2.368727,4,4,6,9.474936,24,24.949818,54,7184544,2744480,5a1f48028f63b757,,,,,,,
16,baseline,diagnostic,alternating,17,10000,100000,0,10000,1.6244,3,5,6,6.4979,24,18.9952,54,543744,189952,8538ee49d4da3cec,467792,34524112,1023800,1296136,320000,223744,480000
16,baseline,diagnostic,alternating,17,10000,100000,10000,20000,1.77005,3,4,6,7.08035,24,20.1604,54,1110696,403208,9f27dc7ffe9fae27,1439366,95043344,2070752,2963240,640000,470696,960000
16,baseline,diagnostic,alternating,17,10000,100000,20000,30000,2.048967,4,4,6,8.195967,24,22.391733,54,1778632,671752,6afafe887cca405a,2698626,170241504,3218688,4444656,960000,818632,1440000
16,baseline,diagnostic,alternating,17,10000,100000,30000,40000,2.1894,4,4,6,8.757675,24,23.5152,54,2443656,940608,1068464f8c8746ab,4586722,276754232,4363712,6136040,1280000,1163656,1920000
16,baseline,diagnostic,alternating,17,10000,100000,40000,50000,2.299,4,4,6,9.19606,24,24.392,54,3142072,1219600,6ef5aa9dfc20c322,7681102,443805600,5542128,8143928,1600000,1542072,2400000
16,baseline,diagnostic,alternating,17,10000,100000,50000,60000,3.362417,4,4,6,13.449717,24,32.899333,54,4944064,1973960,63e174929792a67e,8766089,511437168,7824120,10771896,1920000,3024064,2880000
16,baseline,diagnostic,alternating,17,10000,100000,60000,70000,2.375929,4,4,6,9.503757,24,25.007429,54,4712952,1750520,eadc3266c3190e42,9764045,572288784,8073008,10771896,2240000,2472952,3360000
16,baseline,diagnostic,alternating,17,10000,100000,70000,80000,2.390188,4,4,6,9.560787,24,25.1215,54,5360512,2009720,abe54a8ad563f970,10867949,639619448,9200568,10771896,2560000,2800512,3840000
16,baseline,diagnostic,alternating,17,10000,100000,80000,90000,2.383344,4,4,6,9.533411,24,25.066756,54,5970480,2256008,da73382576d4fd50,12514707,733685224,10290536,12303752,2880000,3090480,4320000
16,baseline,diagnostic,alternating,17,10000,100000,90000,100000,2.41731,4,4,6,9.66927,24,25.33848,54,6663864,2533848,5db057ec11317f17,14366069,838440584,11463920,13622408,3200000,3463864,4800000
16,baseline,diagnostic,alternating,17,10000,100000,100000,110000,2.368727,4,4,6,9.474936,24,24.949818,54,7184544,2744480,5a1f48028f63b757,17491179,1006177216,12464600,17162256,3520000,3664544,5280000
16,slack,timed,alternating,17,10000,100000,0,10000,5.9282,6,6,6,23.7131,24,53.4256,54,1116784,534256,8d4b2722acfbd528,,,,,,,
16,slack,timed,alternating,17,10000,100000,10000,20000,5.9641,6,6,6,23.85655,24,53.7128,54,2236784,1074256,96d012435bc43c99,,,,,,,
16,slack,timed,alternating,17,10000,100000,20000,30000,2.149967,2,6,6,8.599867,24,23.199733,54,1749728,695992,19b6da8401f19311,,,,,,,
16,slack,timed,alternating,17,10000,100000,30000,40000,3.112475,6,6,6,12.4499,24,30.8998,54,2869728,1235992,d7c4bff04220c9c2,,,,,,,
16,slack,timed,alternating,17,10000,100000,40000,50000,3.68998,6,6,6,14.75992,24,35.51984,54,3989728,1775992,8509cae78c28b492,,,,,,,
16,slack,timed,alternating,17,10000,100000,50000,60000,2.162617,2,6,6,8.650467,24,23.300933,54,3503304,1398056,20680b2d38edf811,,,,,,,
16,slack,timed,alternating,17,10000,100000,60000,70000,2.710814,6,6,6,10.843257,24,27.686514,54,4623304,1938056,8ca8e29ee3d3cc51,,,,,,,
16,slack,timed,alternating,17,10000,100000,70000,80000,3.121962,6,6,6,12.48785,24,30.9757,54,5743304,2478056,d83bf409a3606e7b,,,,,,,
16,slack,timed,alternating,17,10000,100000,80000,90000,2.166622,2,6,6,8.666489,24,23.332978,54,5256680,2099968,393db2782f390e05,,,,,,,
16,slack,timed,alternating,17,10000,100000,90000,100000,2.54996,6,6,6,10.19984,24,26.39968,54,6376680,2639968,4922dd0f187fc831,,,,,,,
16,slack,timed,alternating,17,10000,100000,100000,110000,2.8636,6,6,6,11.4544,24,28.9088,54,7496680,3179968,036db74474e36506,,,,,,,
16,slack,diagnostic,alternating,17,10000,100000,0,10000,5.9282,6,6,6,23.7131,24,53.4256,54,1116784,534256,8d4b2722acfbd528,892347,95202104,1596840,2616456,320000,796784,480000
16,slack,diagnostic,alternating,17,10000,100000,10000,20000,5.9641,6,6,6,23.85655,24,53.7128,54,2236784,1074256,96d012435bc43c99,2656371,287160744,3196840,5168712,640000,1596784,960000
16,slack,diagnostic,alternating,17,10000,100000,20000,30000,2.149967,2,6,6,8.599867,24,23.199733,54,1749728,695992,19b6da8401f19311,5415167,587110456,3189784,6687912,960000,789728,1440000
16,slack,diagnostic,alternating,17,10000,100000,30000,40000,3.112475,6,6,6,12.4499,24,30.8998,54,2869728,1235992,d7c4bff04220c9c2,6377767,689931272,4789784,6687912,1280000,1589728,1920000
16,slack,diagnostic,alternating,17,10000,100000,40000,50000,3.68998,6,6,6,14.75992,24,35.51984,54,3989728,1775992,8509cae78c28b492,8266525,895753648,6389784,8153656,1600000,2389728,2400000
16,slack,diagnostic,alternating,17,10000,100000,50000,60000,2.162617,2,6,6,8.650467,24,23.300933,54,3503304,1398056,20680b2d38edf811,10875637,1178573984,6383360,9935744,1920000,1583304,2880000
16,slack,diagnostic,alternating,17,10000,100000,60000,70000,2.710814,6,6,6,10.843257,24,27.686514,54,4623304,1938056,8ca8e29ee3d3cc51,11934937,1292078688,7983360,9935744,2240000,2383304,3360000
16,slack,diagnostic,alternating,17,10000,100000,70000,80000,3.121962,6,6,6,12.48785,24,30.9757,54,5743304,2478056,d83bf409a3606e7b,13944453,1511376096,9583360,11136352,2560000,3183304,3840000
16,slack,diagnostic,alternating,17,10000,100000,80000,90000,2.166622,2,6,6,8.666489,24,23.332978,54,5256680,2099968,393db2782f390e05,16324093,1768726696,9576736,12918440,2880000,2376680,4320000
16,slack,diagnostic,alternating,17,10000,100000,90000,100000,2.54996,6,6,6,10.19984,24,26.39968,54,6376680,2639968,4922dd0f187fc831,17523321,1897695752,11176736,12918440,3200000,3176680,4800000
16,slack,diagnostic,alternating,17,10000,100000,100000,110000,2.8636,6,6,6,11.4544,24,28.9088,54,7496680,3179968,036db74474e36506,19784373,2145099928,12776736,14120768,3520000,3976680,5280000
17,baseline,timed,local,17,10000,100000,0,10000,0.9999,1,1,1,3.9999,4,13.9992,14,479984,139992,e683f3560ca72cf4,,,,,,,
17,baseline,timed,local,17,10000,100000,10000,10005,1.628786,3,4,6,6.515442,24,19.030285,54,546776,190398,2ba8d624225989b3,,,,,,,
17,baseline,timed,local,17,10000,100000,20000,10019,1.981934,4,5,6,7.928037,24,21.855475,54,599096,218970,c93659dd44b20ad9,,,,,,,
17,baseline,timed,local,17,10000,100000,30000,9975,2.10396,5,6,6,8.41614,24,22.831679,54,615720,227746,fbf97c7bce8240b1,,,,,,,
17,baseline,timed,local,17,10000,100000,40000,9936,2.125302,5,6,6,8.50151,24,23.002415,54,616624,228552,633e0593d4f35739,,,,,,,
17,baseline,timed,local,17,10000,100000,50000,9961,2.132115,5,6,6,8.528762,24,23.056922,54,618056,229670,3afc885438cfd330,,,,,,,
17,baseline,timed,local,17,10000,100000,60000,9869,2.123721,5,6,6,8.495187,24,22.989766,54,609480,226886,019a43da2fe72e80,,,,,,,
17,baseline,timed,local,17,10000,100000,70000,9940,2.129477,5,6,6,8.517907,24,23.035815,54,613632,228976,7c30bd367ff83335,,,,,,,
17,baseline,timed,local,17,10000,100000,80000,9939,2.159573,5,6,6,8.638595,24,23.276587,54,616976,231346,b287c1e4b6a2a1f8,,,,,,,
17,baseline,timed,local,17,10000,100000,90000,9889,2.143594,5,6,6,8.574679,24,23.148751,54,611464,228918,b4388da7e71fae8e,,,,,,,
17,baseline,timed,local,17,10000,100000,100000,9923,2.17011,5,6,6,8.680742,24,23.360879,54,617552,231810,65a5c71236ff9999,,,,,,,
17,baseline,diagnostic,local,17,10000,100000,0,10000,0.9999,1,1,1,3.9999,4,13.9992,14,479984,139992,e683f3560ca72cf4,30001,960040,960040,960040,320000,159984,480000
17,baseline,diagnostic,local,17,10000,100000,10000,10005,1.628786,3,4,6,6.515442,24,19.030285,54,546776,190398,2ba8d624225989b3,57145,2023656,1027072,1027640,320160,226616,480240
17,baseline,diagnostic,local,17,10000,100000,20000,10019,1.981934,4,5,6,7.928037,24,21.855475,54,599096,218970,c93659dd44b20ad9,84459,3139368,1080064,1080064,320608,278488,480912
17,baseline,diagnostic,local,17,10000,100000,30000,9975,2.10396,5,6,6,8.41614,24,22.831679,54,615720,227746,fbf97c7bce8240b1,112443,4305976,1094576,1094680,319200,296520,478800
17,baseline,diagnostic,local,17,10000,100000,40000,9936,2.125302,5,6,6,8.50151,24,23.002415,54,616624,228552,633e0593d4f35739,140691,5497064,1093608,1099232,317952,298672,476928
17,baseline,diagnostic,local,17,10000,100000,50000,9961,2.132115,5,6,6,8.528762,24,23.056922,54,618056,229670,3afc885438cfd330,169151,6700176,1096240,1099304,318752,299304,478128
17,baseline,diagnostic,local,17,10000,100000,60000,9869,2.123721,5,6,6,8.495187,24,22.989766,54,609480,226886,019a43da2fe72e80,197881,7916264,1083248,1099304,315808,293672,473712
17,baseline,diagnostic,local,17,10000,100000,70000,9940,2.129477,5,6,6,8.517907,24,23.035815,54,613632,228976,7c30bd367ff83335,226667,9139072,1090808,1099304,318080,295552,477120
17,baseline,diagnostic,local,17,10000,100000,80000,9939,2.159573,5,6,6,8.638595,24,23.276587,54,616976,231346,b287c1e4b6a2a1f8,255341,10366952,1094104,1099304,318048,298928,477072
17,baseline,diagnostic,local,17,10000,100000,90000,9889,2.143594,5,6,6,8.574679,24,23.148751,54,611464,228918,b4388da7e71fae8e,284153,11593112,1086192,1100552,316448,295016,474672
17,baseline,diagnostic,local,17,10000,100000,100000,9923,2.17011,5,6,6,8.680742,24,23.360879,54,617552,231810,65a5c71236ff9999,312639,12813048,1093912,1100552,317536,300016,476304
17,slack,timed,local,17,10000,100000,0,10000,0.9999,1,1,1,3.9999,4,13.9992,14,479984,139992,e683f3560ca72cf4,,,,,,,
17,slack,timed,local,17,10000,100000,10000,10005,1.630685,3,4,6,6.523038,24,19.045477,54,546920,190550,03aae8573645df6a,,,,,,,
17,slack,timed,local,17,10000,100000,20000,10019,1.990019,4,5,6,7.960375,24,21.920152,54,599752,219618,1f3bdeef7d6b4079,,,,,,,
17,slack,timed,local,17,10000,100000,30000,9975,2.121805,5,6,6,8.487519,24,22.974436,54,616832,229170,ed263fbc04b324e2,,,,,,,
17,slack,timed,local,17,10000,100000,40000,9936,2.163547,5,6,6,8.654489,24,23.308374,54,620056,231592,59be0db8940a0984,,,,,,,
17,slack,timed,local,17,10000,100000,50000,9961,2.170565,5,6,6,8.682562,24,23.364522,54,621360,232734,9bcc34e29d2ca64f,,,,,,,
17,slack,timed,local,17,10000,100000,60000,9869,2.197183,5,6,6,8.789036,24,23.577465,54,618360,232686,f1abd53e8c6d980c,,,,,,,
17,slack,timed,local,17,10000,100000,70000,9940,2.190644,5,6,6,8.762575,24,23.525151,54,620440,233840,66cd9bc03ee628ca,,,,,,,
17,slack,timed,local,17,10000,100000,80000,9939,2.213301,5,6,6,8.853506,24,23.706409,54,622736,235618,e0a211b29981b087,,,,,,,
17,slack,timed,local,17,10000,100000,90000,9889,2.212458,5,6,6,8.850137,24,23.699666,54,619568,234366,5466a7ed11ddf926,,,,,,,
17,slack,timed,local,17,10000,100000,100000,9923,2.242366,5,6,6,8.969767,24,23.93893,54,626048,237546,de986a12b32abe84,,,,,,,
17,slack,diagnostic,local,17,10000,100000,0,10000,0.9999,1,1,1,3.9999,4,13.9992,14,479984,139992,e683f3560ca72cf4,30001,960040,960040,960040,320000,159984,480000
17,slack,diagnostic,local,17,10000,100000,10000,10005,1.630685,3,4,6,6.523038,24,19.045477,54,546920,190550,03aae8573645df6a,57145,2024144,1027216,1027768,320160,226760,480240
17,slack,diagnostic,local,17,10000,100000,20000,10019,1.990019,4,5,6,7.960375,24,21.920152,54,599752,219618,1f3bdeef7d6b4079,84459,3141664,1080720,1080720,320608,279144,480912
17,slack,diagnostic,local,17,10000,100000,30000,9975,2.121805,5,6,6,8.487519,24,22.974436,54,616832,229170,ed263fbc04b324e2,112425,4312760,1095688,1095792,319200,297632,478800
17,slack,diagnostic,local,17,10000,100000,40000,9936,2.163547,5,6,6,8.654489,24,23.308374,54,620056,231592,59be0db8940a0984,140501,5505496,1097040,1101224,317952,302104,476928
17,slack,diagnostic,local,17,10000,100000,50000,9961,2.170565,5,6,6,8.682562,24,23.364522,54,621360,232734,9bcc34e29d2ca64f,168889,6713560,1099544,1103600,318752,302608,478128
17,slack,diagnostic,local,17,10000,100000,60000,9869,2.197183,5,6,6,8.789036,24,23.577465,54,618360,232686,f1abd53e8c6d980c,197233,7931512,1092128,1103600,315808,302552,473712
17,slack,diagnostic,local,17,10000,100000,70000,9940,2.190644,5,6,6,8.762575,24,23.525151,54,620440,233840,66cd9bc03ee628ca,225991,9166552,1097616,1103600,318080,302360,477120
17,slack,diagnostic,local,17,10000,100000,80000,9939,2.213301,5,6,6,8.853506,24,23.706409,54,622736,235618,e0a211b29981b087,254601,10404088,1099864,1103760,318048,304688,477072
17,slack,diagnostic,local,17,10000,100000,90000,9889,2.212458,5,6,6,8.850137,24,23.699666,54,619568,234366,5466a7ed11ddf926,283083,11629128,1094296,1104648,316448,303120,474672
17,slack,diagnostic,local,17,10000,100000,100000,9923,2.242366,5,6,6,8.969767,24,23.93893,54,626048,237546,de986a12b32abe84,311411,12853744,1102408,1104648,317536,308512,476304
18,baseline,timed,churn,17,10000,100000,0,10000,0.9999,1,1,1,3.9999,4,13.9992,14,479984,139992,e683f3560ca72cf4,,,,,,,
18,baseline,timed,churn,17,10000,100000,10000,9960,1.353614,2,3,5,5.414458,20,16.828916,46,509832,167616,c1dc5773b2165f5b,,,,,,,
18,baseline,timed,churn,17,10000,100000,20000,10055,1.51268,3,4,5,6.050721,20,18.101442,46,533328,182010,6b752a1f6d62dace,,,,,,,
18,baseline,timed,churn,17,10000,100000,30000,10031,1.613897,3,4,6,6.455887,24,18.911175,54,545400,189698,f1acc5575d432778,,,,,,,
18,baseline,timed,churn,17,10000,100000,40000,10059,1.715479,3,4,6,6.862213,24,19.723829,54,561760,198402,cac44dbb558e14cc,,,,,,,
18,baseline,timed,churn,17,10000,100000,50000,10041,1.788965,4,5,6,7.15616,24,20.311722,54,571408,203950,696e837eb6843512,,,,,,,
18,baseline,timed,churn,17,10000,100000,60000,9932,1.822795,4,5,6,7.291482,24,20.58236,54,570472,204424,589febe89030e30f,,,,,,,
18,baseline,timed,churn,17,10000,100000,70000,9980,1.863527,4,5,6,7.454108,24,20.908216,54,579608,208664,f6caf3c669255e3e,,,,,,,
18,baseline,timed,churn,17,10000,100000,80000,9940,1.901408,4,5,6,7.605634,24,21.211268,54,583376,210840,05fc23c9297d4b1a,,,,,,,
18,baseline,timed,churn,17,10000,100000,90000,9998,1.916683,4,5,6,7.667033,24,21.333467,54,587144,213292,22f988b12a9bd2aa,,,,,,,
18,baseline,timed,churn,17,10000,100000,100000,10099,1.924547,4,5,6,7.698188,24,21.396376,54,592944,216082,3f2674965030d25e,,,,,,,
18,baseline,diagnostic,churn,17,10000,100000,0,10000,0.9999,1,1,1,3.9999,4,13.9992,14,479984,139992,e683f3560ca72cf4,30001,960040,960040,960040,320000,159984,480000
18,baseline,diagnostic,churn,17,10000,100000,10000,9960,1.353614,2,3,5,5.414458,20,16.828916,46,509832,167616,c1dc5773b2165f5b,51052,1754384,987968,987968,318720,191112,478080
18,baseline,diagnostic,churn,17,10000,100000,20000,10055,1.51268,3,4,5,6.050721,20,18.101442,46,533328,182010,6b752a1f6d62dace,72175,2547800,1016024,1016848,321760,211568,482640
18,baseline,diagnostic,churn,17,10000,100000,30000,10031,1.613897,3,4,6,6.455887,24,18.911175,54,545400,189698,f1acc5575d432778,93192,3348544,1026944,1027408,320992,224408,481488
18,baseline,diagnostic,churn,17,10000,100000,40000,10059,1.715479,3,4,6,6.862213,24,19.723829,54,561760,198402,cac44dbb558e14cc,114273,4167080,1044648,1047808,321888,239872,482832
18,baseline,diagnostic,churn,17,10000,100000,50000,10041,1.788965,4,5,6,7.15616,24,20.311722,54,571408,203950,696e837eb6843512,135423,4999632,1053432,1056752,321312,250096,481968
18,baseline,diagnostic,churn,17,10000,100000,60000,9932,1.822795,4,5,6,7.291482,24,20.58236,54,570472,204424,589febe89030e30f,156488,5831848,1047264,1056752,317824,252648,476736
18,baseline,diagnostic,churn,17,10000,100000,70000,9980,1.863527,4,5,6,7.454108,24,20.908216,54,579608,208664,f6caf3c669255e3e,177847,6680968,1058704,1063032,319360,260248,479040
18,baseline,diagnostic,churn,17,10000,100000,80000,9940,1.901408,4,5,6,7.605634,24,21.211268,54,583376,210840,05fc23c9297d4b1a,199197,7540760,1060552,1065256,318080,265296,477120
18,baseline,diagnostic,churn,17,10000,100000,90000,9998,1.916683,4,5,6,7.667033,24,21.333467,54,587144,213292,22f988b12a9bd2aa,220598,8402032,1067104,1071712,319936,267208,479904
18,baseline,diagnostic,churn,17,10000,100000,100000,10099,1.924547,4,5,6,7.698188,24,21.396376,54,592944,216082,3f2674965030d25e,242093,9267904,1077752,1079136,323168,269776,484752
18,slack,timed,churn,17,10000,100000,0,10000,0.9999,1,1,1,3.9999,4,13.9992,14,479984,139992,e683f3560ca72cf4,,,,,,,
18,slack,timed,churn,17,10000,100000,10000,9960,1.353614,2,3,5,5.414458,20,16.828916,46,509832,167616,c1dc5773b2165f5b,,,,,,,
18,slack,timed,churn,17,10000,100000,20000,10055,1.51268,3,4,5,6.050721,20,18.101442,46,533328,182010,6b752a1f6d62dace,,,,,,,
18,slack,timed,churn,17,10000,100000,30000,10031,1.613897,3,4,6,6.455887,24,18.911175,54,545400,189698,f1acc5575d432778,,,,,,,
18,slack,timed,churn,17,10000,100000,40000,10059,1.717268,3,4,6,6.869371,24,19.738145,54,561864,198546,5c591c2275591443,,,,,,,
18,slack,timed,churn,17,10000,100000,50000,10041,1.790459,4,5,6,7.162135,24,20.323673,54,571432,204070,527c6a3819a97ae8,,,,,,,
18,slack,timed,churn,17,10000,100000,60000,9932,1.826218,4,5,6,7.305175,24,20.609746,54,570640,204696,d21bbf72efac0e4c,,,,,,,
18,slack,timed,churn,17,10000,100000,70000,9980,1.873747,4,5,6,7.49499,24,20.98998,54,580600,209480,f32f262fe1e38b7e,,,,,,,
18,slack,timed,churn,17,10000,100000,80000,9940,1.91338,4,5,6,7.653521,24,21.307042,54,584528,211792,33bcbfe9d1e2e9d8,,,,,,,
18,slack,timed,churn,17,10000,100000,90000,9998,1.931386,4,5,6,7.725845,24,21.45109,54,588432,214468,549f8c77f1ceb78f,,,,,,,
18,slack,timed,churn,17,10000,100000,100000,10099,1.944054,4,5,6,7.776215,24,21.552431,54,594776,217658,ad8e95db6bcdac67,,,,,,,
18,slack,diagnostic,churn,17,10000,100000,0,10000,0.9999,1,1,1,3.9999,4,13.9992,14,479984,139992,e683f3560ca72cf4,30001,960040,960040,960040,320000,159984,480000
18,slack,diagnostic,churn,17,10000,100000,10000,9960,1.353614,2,3,5,5.414458,20,16.828916,46,509832,167616,c1dc5773b2165f5b,51052,1754384,987968,987968,318720,191112,478080
18,slack,diagnostic,churn,17,10000,100000,20000,10055,1.51268,3,4,5,6.050721,20,18.101442,46,533328,182010,6b752a1f6d62dace,72175,2547800,1016024,1016848,321760,211568,482640
18,slack,diagnostic,churn,17,10000,100000,30000,10031,1.613897,3,4,6,6.455887,24,18.911175,54,545400,189698,f1acc5575d432778,93192,3348544,1026944,1027408,320992,224408,481488
18,slack,diagnostic,churn,17,10000,100000,40000,10059,1.717268,3,4,6,6.869371,24,19.738145,54,561864,198546,5c591c2275591443,114273,4167584,1044752,1047872,321888,239976,482832
18,slack,diagnostic,churn,17,10000,100000,50000,10041,1.790459,4,5,6,7.162135,24,20.323673,54,571432,204070,527c6a3819a97ae8,135423,5000400,1053456,1056840,321312,250120,481968
18,slack,diagnostic,churn,17,10000,100000,60000,9932,1.826218,4,5,6,7.305175,24,20.609746,54,570640,204696,d21bbf72efac0e4c,156488,5833664,1047432,1056840,317824,252816,476736
18,slack,diagnostic,churn,17,10000,100000,70000,9980,1.873747,4,5,6,7.49499,24,20.98998,54,580600,209480,f32f262fe1e38b7e,177829,6684928,1059696,1063800,319360,261240,479040
18,slack,diagnostic,churn,17,10000,100000,80000,9940,1.91338,4,5,6,7.653521,24,21.307042,54,584528,211792,33bcbfe9d1e2e9d8,199197,7548776,1061704,1066608,318080,266448,477120
18,slack,diagnostic,churn,17,10000,100000,90000,9998,1.931386,4,5,6,7.725845,24,21.45109,54,588432,214468,549f8c77f1ceb78f,220598,8412512,1068392,1073152,319936,268496,479904
18,slack,diagnostic,churn,17,10000,100000,100000,10099,1.944054,4,5,6,7.776215,24,21.552431,54,594776,217658,ad8e95db6bcdac67,242093,9282248,1079584,1080904,323168,271608,484752
19,baseline,timed,churn,17,50000,500000,0,50000,1.35594,2,2,2,5.42382,8,16.84752,22,2542368,842376,472860ed72a44d04,,,,,,,
19,baseline,timed,churn,17,50000,500000,50000,50041,1.72003,3,4,6,6.880178,24,19.760237,54,2759256,988822,761527f0c6fafce5,,,,,,,
19,baseline,timed,churn,17,50000,500000,100000,50099,1.901695,3,4,6,7.606838,24,21.213557,54,2889216,1062778,888c26dfa172f6aa,,,,,,,
19,baseline,timed,churn,17,50000,500000,150000,50190,2.017553,4,5,6,8.070273,24,22.140426,54,2980544,1111228,e84f5f025bb06811,,,,,,,
19,baseline,timed,churn,17,50000,500000,200000,50239,2.1213,4,5,6,8.485201,24,22.970401,54,3052336,1154010,bf5fd564c424ce48,,,,,,,
19,baseline,timed,churn,17,50000,500000,250000,50017,2.202651,4,5,6,8.818922,24,23.621209,54,3090464,1181462,26a0501c93fac376,,,,,,,
19,baseline,timed,churn,17,50000,500000,300000,49992,2.255641,4,5,6,9.044987,24,24.045127,54,3126920,1202064,e96057b0557def49,,,,,,,
19,baseline,timed,churn,17,50000,500000,350000,49675,2.298863,5,5,6,9.226995,24,24.390901,54,3158504,1211618,753ada52e0db40c3,,,,,,,
19,baseline,timed,churn,17,50000,500000,400000,49922,2.325448,5,5,6,9.336625,24,24.603582,54,3205384,1228260,4cf7ec8d7a1273e8,,,,,,,
19,baseline,timed,churn,17,50000,500000,450000,50205,2.36106,5,6,6,9.480291,24,24.888477,54,3242064,1249526,aeb6a4a705831964,,,,,,,
19,baseline,timed,churn,17,50000,500000,500000,50188,2.387463,5,6,6,9.588248,24,25.099705,54,3254776,1259704,b1f190a7dc23a722,,,,,,,
19,baseline,diagnostic,churn,17,50000,500000,0,50000,1.35594,2,2,2,5.42382,8,16.84752,22,2542368,842376,472860ed72a44d04,150001,5227192,4942424,4942424,1600000,942368,2400000
19,baseline,diagnostic,churn,17,50000,500000,50000,50041,1.72003,3,4,6,6.880178,24,19.760237,54,2759256,988822,761527f0c6fafce5,255280,9536856,5161280,5161400,1601312,1157944,2401968
19,baseline,diagnostic,churn,17,50000,500000,100000,50099,1.901695,3,4,6,7.606838,24,21.213557,54,2889216,1062778,888c26dfa172f6aa,360532,13878016,5294024,5294312,1603168,1286048,2404752
19,baseline,diagnostic,churn,17,50000,500000,150000,50190,2.017553,4,5,6,8.070273,24,22.140426,54,2980544,1111228,e84f5f025bb06811,466067,18301136,5389720,5390592,1606080,1374464,2409120
19,baseline,diagnostic,churn,17,50000,500000,200000,50239,2.1213,4,5,6,8.485201,24,22.970401,54,3052336,1154010,bf5fd564c424ce48,571547,22788392,5463864,5465160,1607648,1444688,2411472
19,baseline,diagnostic,churn,17,50000,500000,250000,50017,2.202651,4,5,6,8.818922,24,23.621209,54,3090464,1181462,26a0501c93fac376,677291,27334880,5491336,5500296,1600544,1489920,2400816
19,baseline,diagnostic,churn,17,50000,500000,300000,49992,2.255641,4,5,6,9.044987,24,24.045127,54,3126920,1202064,e96057b0557def49,783627,31962080,5526592,5526848,1599744,1527176,2399616
19,baseline,diagnostic,churn,17,50000,500000,350000,49675,2.298863,5,5,6,9.226995,24,24.390901,54,3158504,1211618,753ada52e0db40c3,890526,36723544,5542960,5569312,1589600,1568904,2384400
19,baseline,diagnostic,churn,17,50000,500000,400000,49922,2.325448,5,5,6,9.336625,24,24.603582,54,3205384,1228260,4cf7ec8d7a1273e8,998292,41543856,5601696,5605824,1597504,1607880,2396256
19,baseline,diagnostic,churn,17,50000,500000,450000,50205,2.36106,5,6,6,9.480291,24,24.888477,54,3242064,1249526,aeb6a4a705831964,1106302,46382464,5651960,5664792,1606560,1635504,2409840
19,baseline,diagnostic,churn,17,50000,500000,500000,50188,2.387463,5,6,6,9.588248,24,25.099705,54,3254776,1259704,b1f190a7dc23a722,1214028,51225768,5663856,5676288,1606016,1648760,2409024
19,slack,timed,churn,17,50000,500000,0,50000,1.35594,2,2,2,5.42382,8,16.84752,22,2542368,842376,472860ed72a44d04,,,,,,,
19,slack,timed,churn,17,50000,500000,50000,50041,1.72003,3,4,6,6.880178,24,19.760237,54,2759256,988822,761527f0c6fafce5,,,,,,,
19,slack,timed,churn,17,50000,500000,100000,50099,1.901814,3,4,6,7.607318,24,21.214515,54,2889328,1062826,0b9b111c3f0e7c75,,,,,,,
19,slack,timed,churn,17,50000,500000,150000,50190,2.019665,4,5,6,8.078721,24,22.157322,54,2982144,1112076,3263b6fc9a7db3f0,,,,,,,
19,slack,timed,churn,17,50000,500000,200000,50239,2.125639,4,5,6,8.502558,24,23.005116,54,3055400,1155754,f1ee7d0e11d15142,,,,,,,
19,slack,timed,churn,17,50000,500000,250000,50017,2.210728,4,5,6,8.851231,24,23.685827,54,3096608,1184694,8e09c6d311eca968,,,,,,,
19,slack,timed,churn,17,50000,500000,300000,49992,2.268143,4,5,6,9.094995,24,24.145143,54,3135408,1207064,00af4c3b25e312cf,,,,,,,
19,slack,timed,churn,17,50000,500000,350000,49675,2.319456,5,5,6,9.309371,24,24.555652,54,3172896,1219802,5467ad6daaec198c,,,,,,,
19,slack,timed,churn,17,50000,500000,400000,49922,2.351128,5,5,6,9.439345,24,24.809022,54,3223864,1238516,ee97cd1502f141dd,,,,,,,
19,slack,timed,churn,17,50000,500000,450000,50205,2.392949,5,6,6,9.607848,24,25.143591,54,3264536,1262334,1256ce1aa523844f,,,,,,,
19,slack,timed,churn,17,50000,500000,500000,50188,2.424623,5,6,6,9.736889,24,25.396987,54,3281472,1274624,58d722fb082b132a,,,,,,,
19,slack,diagnostic,churn,17,50000,500000,0,50000,1.35594,2,2,2,5.42382,8,16.84752,22,2542368,842376,472860ed72a44d04,150001,5227192,4942424,4942424,1600000,942368,2400000
19,slack,diagnostic,churn,17,50000,500000,50000,50041,1.72003,3,4,6,6.880178,24,19.760237,54,2759256,988822,761527f0c6fafce5,255280,9536856,5161280,5161400,1601312,1157944,2401968
19,slack,diagnostic,churn,17,50000,500000,100000,50099,1.901814,3,4,6,7.607318,24,21.214515,54,2889328,1062826,0b9b111c3f0e7c75,360532,13878416,5294136,5294424,1603168,1286160,2404752
19,slack,diagnostic,churn,17,50000,500000,150000,50190,2.019665,4,5,6,8.078721,24,22.157322,54,2982144,1112076,3263b6fc9a7db3f0,466015,18303096,5391320,5392192,1606080,1376064,2409120
19,slack,diagnostic,churn,17,50000,500000,200000,50239,2.125639,4,5,6,8.502558,24,23.005116,54,3055400,1155754,f1ee7d0e11d15142,571495,22799016,5466928,5468224,1607648,1447752,2411472
19,slack,diagnostic,churn,17,50000,500000,250000,50017,2.210728,4,5,6,8.851231,24,23.685827,54,3096608,1184694,8e09c6d311eca968,677241,27360440,5497480,5506344,1600544,1496064,2400816
19,slack,diagnostic,churn,17,50000,500000,300000,49992,2.268143,4,5,6,9.094995,24,24.145143,54,3135408,1207064,00af4c3b25e312cf,783561,32009712,5535080,5535296,1599744,1535664,2399616
19,slack,diagnostic,churn,17,50000,500000,350000,49675,2.319456,5,5,6,9.309371,24,24.555652,54,3172896,1219802,5467ad6daaec198c,890300,36796920,5557352,5579456,1589600,1583296,2384400
19,slack,diagnostic,churn,17,50000,500000,400000,49922,2.351128,5,5,6,9.439345,24,24.809022,54,3223864,1238516,ee97cd1502f141dd,997978,41647904,5620176,5623480,1597504,1626360,2396256
19,slack,diagnostic,churn,17,50000,500000,450000,50205,2.392949,5,6,6,9.607848,24,25.143591,54,3264536,1262334,1256ce1aa523844f,1105798,46518568,5674432,5686856,1606560,1657976,2409840
19,slack,diagnostic,churn,17,50000,500000,500000,50188,2.424623,5,6,6,9.736889,24,25.396987,54,3281472,1274624,58d722fb082b132a,1213474,51407000,5690552,5701888,1606016,1675456,2409024
20,baseline,timed,churn,3512641005,50000,500000,0,50000,1.35594,2,2,2,5.42382,8,16.84752,22,2542368,842376,472860ed72a44d04,,,,,,,
20,baseline,timed,churn,3512641005,50000,500000,50000,49750,1.720181,3,4,6,6.880724,24,19.761447,54,2742096,983132,7240fb971606104e,,,,,,,
20,baseline,timed,churn,3512641005,50000,500000,100000,49844,1.902656,3,4,6,7.610685,24,21.22125,54,2873712,1057752,734faaedfb387ec8,,,,,,,
20,baseline,timed,churn,3512641005,50000,500000,150000,50019,2.018533,4,5,6,8.074192,24,22.148264,54,2970528,1107834,4ea0b21396e2572a,,,,,,,
20,baseline,timed,churn,3512641005,50000,500000,200000,50144,2.128869,4,5,6,8.515535,24,23.030951,54,3050880,1154864,62ac63158eaaa16c,,,,,,,
20,baseline,timed,churn,3512641005,50000,500000,250000,49856,2.197088,4,5,6,8.79531,24,23.576701,54,3075992,1175440,0db2d8a8779cdf0a,,,,,,,
20,baseline,timed,churn,3512641005,50000,500000,300000,49876,2.249278,4,5,6,9.020491,24,23.994226,54,3114160,1196736,3f470d27446bb5ed,,,,,,,
20,baseline,timed,churn,3512641005,50000,500000,350000,49820,2.303452,5,5,6,9.244159,24,24.427619,54,3170472,1216984,402f1be4f63eb38f,,,,,,,
20,baseline,timed,churn,3512641005,50000,500000,400000,49752,2.326962,5,6,6,9.342418,24,24.615694,54,3193120,1224680,39fc3b3e9911fab9,,,,,,,
20,baseline,timed,churn,3512641005,50000,500000,450000,49719,2.349182,5,6,6,9.433577,24,24.793459,54,3200064,1232706,30606104914772ab,,,,,,,
20,baseline,timed,churn,3512641005,50000,500000,500000,49528,2.373445,5,6,6,9.532971,24,24.987563,54,3199816,1237584,f052d68ba43c39ac,,,,,,,
20,baseline,diagnostic,churn,3512641005,50000,500000,0,50000,1.35594,2,2,2,5.42382,8,16.84752,22,2542368,842376,472860ed72a44d04,150001,5227192,4942424,4942424,1600000,942368,2400000
20,baseline,diagnostic,churn,3512641005,50000,500000,50000,49750,1.720181,3,4,6,6.880724,24,19.761447,54,2742096,983132,7240fb971606104e,254557,9505112,5130152,5130200,1592000,1150096,2388000
20,baseline,diagnostic,churn,3512641005,50000,500000,100000,49844,1.902656,3,4,6,7.610685,24,21.22125,54,2873712,1057752,734faaedfb387ec8,359724,13838544,5266280,5266976,1595008,1278704,2392512
20,baseline,diagnostic,churn,3512641005,50000,500000,150000,50019,2.018533,4,5,6,8.074192,24,22.148264,54,2970528,1107834,4ea0b21396e2572a,465192,18254272,5371496,5374672,1600608,1369920,2400912
20,baseline,diagnostic,churn,3512641005,50000,500000,200000,50144,2.128869,4,5,6,8.515535,24,23.030951,54,3050880,1154864,62ac63158eaaa16c,570743,22755192,5457848,5459120,1604608,1446272,2406912
20,baseline,diagnostic,churn,3512641005,50000,500000,250000,49856,2.197088,4,5,6,8.79531,24,23.576701,54,3075992,1175440,0db2d8a8779cdf0a,676621,27315584,5469136,5486696,1595392,1480600,2393088
20,baseline,diagnostic,churn,3512641005,50000,500000,300000,49876,2.249278,4,5,6,9.020491,24,23.994226,54,3114160,1196736,3f470d27446bb5ed,783568,31966280,5508264,5508272,1596032,1518128,2394048
20,baseline,diagnostic,churn,3512641005,50000,500000,350000,49820,2.303452,5,5,6,9.244159,24,24.427619,54,3170472,1216984,402f1be4f63eb38f,890409,36730544,5561888,5575080,1594240,1576232,2391360
20,baseline,diagnostic,churn,3512641005,50000,500000,400000,49752,2.326962,5,6,6,9.342418,24,24.615694,54,3193120,1224680,39fc3b3e9911fab9,998224,41544536,5581272,5585520,1592064,1601056,2388096
20,baseline,diagnostic,churn,3512641005,50000,500000,450000,49719,2.349182,5,6,6,9.433577,24,24.793459,54,3200064,1232706,30606104914772ab,1106590,46400736,5586632,5608392,1591008,1609056,2386512
20,baseline,diagnostic,churn,3512641005,50000,500000,500000,49528,2.373445,5,6,6,9.532971,24,24.987563,54,3199816,1237584,f052d68ba43c39ac,1214313,51229016,5577216,5608392,1584896,1614920,2377344
20,slack,timed,churn,3512641005,50000,500000,0,50000,1.35594,2,2,2,5.42382,8,16.84752,22,2542368,842376,472860ed72a44d04,,,,,,,
20,slack,timed,churn,3512641005,50000,500000,50000,49750,1.720181,3,4,6,6.880724,24,19.761447,54,2742096,983132,7240fb971606104e,,,,,,,
20,slack,timed,churn,3512641005,50000,500000,100000,49844,1.902857,3,4,6,7.611488,24,21.222855,54,2873872,1057832,e48b3416578f8e82,,,,,,,
20,slack,timed,churn,3512641005,50000,500000,150000,50019,2.019713,4,5,6,8.07891,24,22.1577,54,2971344,1108306,b2ba0834137872f8,,,,,,,
20,slack,timed,churn,3512641005,50000,500000,200000,50144,2.132778,4,5,6,8.53117,24,23.062221,54,3053856,1156432,910da998551ae3e4,,,,,,,
20,slack,timed,churn,3512641005,50000,500000,250000,49856,2.206816,4,5,6,8.834223,24,23.654525,54,3083320,1179320,2ad7e212736622fc,,,,,,,
20,slack,timed,churn,3512641005,50000,500000,300000,49876,2.264055,4,5,6,9.079597,24,24.112439,54,3124616,1202632,361536a363377dc9,,,,,,,
20,slack,timed,churn,3512641005,50000,500000,350000,49820,2.321176,5,5,6,9.315054,24,24.56941,54,3183160,1224048,ac01d33b06d43e93,,,,,,,
20,slack,timed,churn,3512641005,50000,500000,400000,49752,2.353051,5,6,6,9.446776,24,24.824409,54,3211880,1235064,4e2ce84fd16ea5ef,,,,,,,
20,slack,timed,churn,3512641005,50000,500000,450000,49719,2.380619,5,6,6,9.559323,24,25.044953,54,3221904,1245210,e259cbc8430a82f6,,,,,,,
20,slack,timed,churn,3512641005,50000,500000,500000,49528,2.406194,5,6,6,9.663968,24,25.249556,54,3222688,1250560,be6cb1f9efb7b554,,,,,,,
20,slack,diagnostic,churn,3512641005,50000,500000,0,50000,1.35594,2,2,2,5.42382,8,16.84752,22,2542368,842376,472860ed72a44d04,150001,5227192,4942424,4942424,1600000,942368,2400000
20,slack,diagnostic,churn,3512641005,50000,500000,50000,49750,1.720181,3,4,6,6.880724,24,19.761447,54,2742096,983132,7240fb971606104e,254557,9505112,5130152,5130200,1592000,1150096,2388000
20,slack,diagnostic,churn,3512641005,50000,500000,100000,49844,1.902857,3,4,6,7.611488,24,21.222855,54,2873872,1057832,e48b3416578f8e82,359724,13839064,5266440,5267136,1595008,1278864,2392512
20,slack,diagnostic,churn,3512641005,50000,500000,150000,50019,2.019713,4,5,6,8.07891,24,22.1577,54,2971344,1108306,b2ba0834137872f8,465192,18257472,5372312,5375464,1600608,1370736,2400912
20,slack,diagnostic,churn,3512641005,50000,500000,200000,50144,2.132778,4,5,6,8.53117,24,23.062221,54,3053856,1156432,910da998551ae3e4,570743,22767384,5460824,5462136,1604608,1449248,2406912
20,slack,diagnostic,churn,3512641005,50000,500000,250000,49856,2.206816,4,5,6,8.834223,24,23.654525,54,3083320,1179320,2ad7e212736622fc,676499,27340312,5476464,5492248,1595392,1487928,2393088
20,slack,diagnostic,churn,3512641005,50000,500000,300000,49876,2.264055,4,5,6,9.079597,24,24.112439,54,3124616,1202632,361536a363377dc9,783428,32013600,5518720,5518720,1596032,1528584,2394048
20,slack,diagnostic,churn,3512641005,50000,500000,350000,49820,2.321176,5,5,6,9.315054,24,24.56941,54,3183160,1224048,ac01d33b06d43e93,890147,36795280,5574576,5588560,1594240,1588920,2391360
20,slack,diagnostic,churn,3512641005,50000,500000,400000,49752,2.353051,5,6,6,9.446776,24,24.824409,54,3211880,1235064,4e2ce84fd16ea5ef,997784,41641712,5600032,5603992,1592064,1619816,2388096
20,slack,diagnostic,churn,3512641005,50000,500000,450000,49719,2.380619,5,6,6,9.559323,24,25.044953,54,3221904,1245210,e259cbc8430a82f6,1106120,46541768,5608472,5628832,1591008,1630896,2386512
20,slack,diagnostic,churn,3512641005,50000,500000,500000,49528,2.406194,5,6,6,9.663968,24,25.249556,54,3222688,1250560,be6cb1f9efb7b554,1213523,51394000,5600088,5628832,1584896,1637792,2377344
