run,build,workload,seed,initial,operations,operation,resident,ms,category,relabelled,attempted_nodes_sum,attempts,expansions,generated,search_steps,rotations,comparisons,inserted_depth,full,sample_flags
1,timed,timeline,17,1000,10000,495,1422,0.006835938,unavailable,0,0,0,0,0,0,0,0,1,0,1
1,timed,timeline,17,1000,10000,594,1507,0.010009766,unavailable,0,0,0,0,0,0,0,0,1,0,1
1,timed,timeline,17,1000,10000,1135,1930,0.012451172,unavailable,0,0,0,0,0,0,0,0,1,0,1
1,timed,timeline,17,1000,10000,1474,2185,0.009765625,unavailable,0,0,0,0,0,0,0,0,2,0,1
1,timed,timeline,17,1000,10000,1816,2439,0.018066406,unavailable,0,0,0,0,0,0,0,0,1,0,1
1,timed,timeline,17,1000,10000,1924,2523,0.006835938,unavailable,0,0,0,0,0,0,0,0,1,0,1
1,timed,timeline,17,1000,10000,2465,2948,0.010498047,unavailable,0,0,0,0,0,0,0,0,2,0,1
1,timed,timeline,17,1000,10000,2467,2950,0.033203125,unavailable,0,0,0,0,0,0,0,0,1,0,1
1,timed,timeline,17,1000,10000,2556,3023,0.006591797,unavailable,0,0,0,0,0,0,0,0,1,0,1
1,timed,timeline,17,1000,10000,3184,3531,0.009765625,unavailable,0,0,0,0,0,0,0,0,1,0,1
1,timed,timeline,17,1000,10000,3194,3539,0.010986328,unavailable,0,0,0,0,0,0,0,0,1,0,1
1,timed,timeline,17,1000,10000,3735,3966,0.024658203,unavailable,0,0,0,0,0,0,0,0,1,0,1
1,timed,timeline,17,1000,10000,4467,4546,0.010253906,unavailable,0,0,0,0,0,0,0,0,1,0,1
1,timed,timeline,17,1000,10000,4903,4896,0.014648438,unavailable,0,0,0,0,0,0,0,0,2,0,1
1,timed,timeline,17,1000,10000,5011,4986,0.014648438,unavailable,0,0,0,0,0,0,0,0,2,0,1
1,timed,timeline,17,1000,10000,5567,5444,0.036865234,unavailable,0,0,0,0,0,0,0,0,2,0,1
1,timed,timeline,17,1000,10000,5707,5562,0.012451172,unavailable,0,0,0,0,0,0,0,0,2,0,1
1,timed,timeline,17,1000,10000,5722,5575,0.020751953,unavailable,0,0,0,0,0,0,0,0,2,0,1
1,timed,timeline,17,1000,10000,6253,6006,0.009033203,unavailable,0,0,0,0,0,0,0,0,2,0,1
1,timed,timeline,17,1000,10000,6965,6580,0.012451172,unavailable,0,0,0,0,0,0,0,0,2,0,1
1,timed,timeline,17,1000,10000,7501,7026,0.019287109,unavailable,0,0,0,0,0,0,0,0,2,0,1
1,timed,timeline,17,1000,10000,7541,7058,0.013183594,unavailable,0,0,0,0,0,0,0,0,2,0,1
1,timed,timeline,17,1000,10000,8793,8046,0.023193359,unavailable,0,0,0,0,0,0,0,0,2,0,1
1,timed,timeline,17,1000,10000,9070,8287,0.007568359,unavailable,0,0,0,0,0,0,0,0,2,0,1
1,timed,timeline,17,1000,10000,9246,8431,0.037841797,unavailable,0,0,0,0,0,0,0,0,3,0,1
1,diagnostic,timeline,17,1000,10000,1035,1856,0.022949219,direct,0,0,0,0,0,11,0,11,1,0,1
1,diagnostic,timeline,17,1000,10000,1138,1933,0.022705078,direct,0,0,0,0,0,12,0,12,1,0,1
1,diagnostic,timeline,17,1000,10000,1263,2030,0.017089844,direct,0,0,0,0,0,13,1,13,1,0,1
1,diagnostic,timeline,17,1000,10000,1288,2045,0.013916016,direct,0,0,0,0,0,11,1,11,2,0,1
1,diagnostic,timeline,17,1000,10000,1525,2218,0.022949219,direct,0,0,0,0,0,12,1,12,1,0,1
1,diagnostic,timeline,17,1000,10000,1552,2235,0.015136719,direct,0,0,0,0,0,13,1,13,1,0,1
1,diagnostic,timeline,17,1000,10000,1742,2385,0.015136719,direct,0,0,0,0,0,13,1,13,1,0,1
1,diagnostic,timeline,17,1000,10000,1820,2443,0.018310547,direct,0,0,0,0,0,13,1,13,1,0,1
1,diagnostic,timeline,17,1000,10000,2470,2953,0.014648438,direct,0,0,0,0,0,14,1,14,1,0,1
1,diagnostic,timeline,17,1000,10000,2619,3064,0.027587891,direct,0,0,0,0,0,14,1,14,1,0,1
1,diagnostic,timeline,17,1000,10000,2851,3252,0.027832031,direct,0,0,0,0,0,14,1,14,1,0,1
1,diagnostic,timeline,17,1000,10000,3462,3745,0.025878906,direct,0,0,0,0,0,14,1,14,1,0,1
1,diagnostic,timeline,17,1000,10000,3745,3972,0.028320312,direct,0,0,0,0,0,14,1,14,1,0,1
1,diagnostic,timeline,17,1000,10000,3873,4068,0.026855469,direct,0,0,0,0,0,14,1,14,1,0,1
1,diagnostic,timeline,17,1000,10000,4887,4884,0.023681641,direct,0,0,0,0,0,14,1,14,2,0,1
1,diagnostic,timeline,17,1000,10000,5154,5107,0.027587891,direct,0,0,0,0,0,14,1,14,2,0,1
1,diagnostic,timeline,17,1000,10000,5884,5701,0.021484375,direct,0,0,0,0,0,14,1,14,2,0,1
1,diagnostic,timeline,17,1000,10000,5993,5788,0.030273438,direct,0,0,0,0,0,14,1,14,2,0,1
1,diagnostic,timeline,17,1000,10000,6032,5821,0.045410156,direct,0,0,0,0,0,14,1,14,2,0,1
1,diagnostic,timeline,17,1000,10000,6886,6517,0.028808594,direct,0,0,0,0,0,15,1,15,2,0,1
1,diagnostic,timeline,17,1000,10000,7335,6886,0.021484375,direct,0,0,0,0,0,15,1,15,2,0,1
1,diagnostic,timeline,17,1000,10000,7655,7150,0.033203125,direct,0,0,0,0,0,12,0,12,2,0,1
1,diagnostic,timeline,17,1000,10000,7881,7332,0.029296875,direct,0,0,0,0,0,15,1,15,2,0,1
1,diagnostic,timeline,17,1000,10000,9355,8512,0.031005859,direct,0,0,0,0,0,15,1,15,3,0,1
1,diagnostic,timeline,17,1000,10000,9533,8650,0.044189453,direct,0,0,0,0,0,15,1,15,3,0,1
2,timed,timeline,305419896,1000,10000,191,1168,0.006347656,unavailable,0,0,0,0,0,0,0,0,1,0,1
2,timed,timeline,305419896,1000,10000,513,1422,0.006103516,unavailable,0,0,0,0,0,0,0,0,1,0,1
2,timed,timeline,305419896,1000,10000,613,1508,0.008789062,unavailable,0,0,0,0,0,0,0,0,1,0,1
2,timed,timeline,305419896,1000,10000,829,1676,0.006591797,unavailable,0,0,0,0,0,0,0,0,1,0,1
2,timed,timeline,305419896,1000,10000,1135,1930,0.012939453,unavailable,0,0,0,0,0,0,0,0,1,0,1
2,timed,timeline,305419896,1000,10000,1237,2006,0.006347656,unavailable,0,0,0,0,0,0,0,0,1,0,1
2,timed,timeline,305419896,1000,10000,1459,2186,0.006347656,unavailable,0,0,0,0,0,0,0,0,1,0,1
2,timed,timeline,305419896,1000,10000,1766,2439,0.011962891,unavailable,0,0,0,0,0,0,0,0,1,0,1
2,timed,timeline,305419896,1000,10000,1865,2514,0.006347656,unavailable,0,0,0,0,0,0,0,0,1,0,1
2,timed,timeline,305419896,1000,10000,1881,2524,0.007324219,unavailable,0,0,0,0,0,0,0,0,1,0,1
2,timed,timeline,305419896,1000,10000,2399,2948,0.009521484,unavailable,0,0,0,0,0,0,0,0,1,0,1
2,timed,timeline,305419896,1000,10000,2488,3021,0.006347656,unavailable,0,0,0,0,0,0,0,0,1,0,1
2,timed,timeline,305419896,1000,10000,3128,3529,0.011230469,unavailable,0,0,0,0,0,0,0,0,1,0,1
2,timed,timeline,305419896,1000,10000,3140,3541,0.016357422,unavailable,0,0,0,0,0,0,0,0,1,0,1
2,timed,timeline,305419896,1000,10000,3665,3966,0.032470703,unavailable,0,0,0,0,0,0,0,0,1,0,1
2,timed,timeline,305419896,1000,10000,3757,4036,0.007568359,unavailable,0,0,0,0,0,0,0,0,1,0,1
2,timed,timeline,305419896,1000,10000,3985,4220,0.019287109,unavailable,0,0,0,0,0,0,0,0,1,0,1
2,timed,timeline,305419896,1000,10000,4835,4898,0.01171875,unavailable,0,0,0,0,0,0,0,0,2,0,1
2,timed,timeline,305419896,1000,10000,4943,4986,0.020507812,unavailable,0,0,0,0,0,0,0,0,2,0,1
2,timed,timeline,305419896,1000,10000,5697,5576,0.017578125,unavailable,0,0,0,0,0,0,0,0,2,0,1
2,timed,timeline,305419896,1000,10000,6225,6006,0.008789062,unavailable,0,0,0,0,0,0,0,0,2,0,1
2,timed,timeline,305419896,1000,10000,6969,6580,0.011962891,unavailable,0,0,0,0,0,0,0,0,2,0,1
2,timed,timeline,305419896,1000,10000,7517,7026,0.020996094,unavailable,0,0,0,0,0,0,0,0,2,0,1
2,timed,timeline,305419896,1000,10000,8556,7823,0.006103516,unavailable,0,0,0,0,0,0,0,0,2,0,1
2,timed,timeline,305419896,1000,10000,8825,8046,0.02734375,unavailable,0,0,0,0,0,0,0,0,2,0,1
2,diagnostic,timeline,305419896,1000,10000,436,1365,0.010253906,direct,0,0,0,0,0,12,1,12,1,0,1
2,diagnostic,timeline,305419896,1000,10000,766,1623,0.010253906,direct,0,0,0,0,0,12,1,12,1,0,1
2,diagnostic,timeline,305419896,1000,10000,864,1705,0.009765625,direct,0,0,0,0,0,12,1,12,1,0,1
2,diagnostic,timeline,305419896,1000,10000,1698,2385,0.013916016,direct,0,0,0,0,0,11,0,11,1,0,1
2,diagnostic,timeline,305419896,1000,10000,1765,2438,0.012451172,direct,0,0,0,0,0,13,1,13,1,0,1
2,diagnostic,timeline,305419896,1000,10000,1770,2443,0.013671875,direct,0,0,0,0,0,13,1,13,1,0,1
2,diagnostic,timeline,305419896,1000,10000,1842,2497,0.052001953,direct,0,0,0,0,0,13,1,13,1,0,1
2,diagnostic,timeline,305419896,1000,10000,2273,2846,0.014160156,direct,0,0,0,0,0,13,1,13,1,0,1
2,diagnostic,timeline,305419896,1000,10000,2403,2952,0.014892578,direct,0,0,0,0,0,13,1,13,1,0,1
2,diagnostic,timeline,305419896,1000,10000,2548,3065,0.024414062,direct,0,0,0,0,0,12,0,12,2,0,1
2,diagnostic,timeline,305419896,1000,10000,2797,3254,0.021972656,direct,0,0,0,0,0,14,1,14,1,0,1
2,diagnostic,timeline,305419896,1000,10000,3407,3746,0.01953125,direct,0,0,0,0,0,13,1,13,1,0,1
2,diagnostic,timeline,305419896,1000,10000,3670,3971,0.018066406,direct,0,0,0,0,0,12,0,12,1,0,1
2,diagnostic,timeline,305419896,1000,10000,3801,4070,0.019287109,direct,0,0,0,0,0,14,1,14,1,0,1
2,diagnostic,timeline,305419896,1000,10000,4240,4427,0.010498047,direct,0,0,0,0,0,13,0,13,1,0,1
2,diagnostic,timeline,305419896,1000,10000,4821,4886,0.025146484,direct,0,0,0,0,0,13,1,13,2,0,1
2,diagnostic,timeline,305419896,1000,10000,4948,4991,0.025390625,direct,0,0,0,0,0,13,0,13,2,0,1
2,diagnostic,timeline,305419896,1000,10000,5101,5108,0.009765625,direct,0,0,0,0,0,14,1,14,2,0,1
2,diagnostic,timeline,305419896,1000,10000,5851,5702,0.020996094,direct,0,0,0,0,0,13,0,13,2,0,1
2,diagnostic,timeline,305419896,1000,10000,5975,5788,0.029296875,direct,0,0,0,0,0,14,1,14,2,0,1
2,diagnostic,timeline,305419896,1000,10000,6890,6517,0.021972656,direct,0,0,0,0,0,15,1,15,2,0,1
2,diagnostic,timeline,305419896,1000,10000,7669,7150,0.029296875,direct,0,0,0,0,0,14,1,14,2,0,1
2,diagnostic,timeline,305419896,1000,10000,7906,7333,0.028076172,direct,0,0,0,0,0,14,1,14,2,0,1
2,diagnostic,timeline,305419896,1000,10000,9397,8512,0.022216797,direct,0,0,0,0,0,15,1,15,3,0,1
2,diagnostic,timeline,305419896,1000,10000,9585,8668,0.037597656,direct,0,0,0,0,0,14,0,14,3,0,1
3,timed,priority,17,1000,10000,1291,1137,0.025634766,unavailable,0,0,0,0,0,0,0,0,1,0,1
3,timed,priority,17,1000,10000,1399,1157,0.018798828,unavailable,0,0,0,0,0,0,0,0,1,0,1
3,timed,priority,17,1000,10000,1548,1164,0.031494141,unavailable,0,0,0,0,0,0,0,0,1,0,1
3,timed,priority,17,1000,10000,1568,1166,0.016601562,unavailable,0,0,0,0,0,0,0,0,1,0,1
3,timed,priority,17,1000,10000,1784,1193,0.028320312,unavailable,0,0,0,0,0,0,0,0,1,0,1
3,timed,priority,17,1000,10000,1805,1195,0.016357422,unavailable,0,0,0,0,0,0,0,0,1,0,1
3,timed,priority,17,1000,10000,1905,1215,0.016357422,unavailable,0,0,0,0,0,0,0,0,1,0,1
3,timed,priority,17,1000,10000,2233,1250,0.055908203,unavailable,0,0,0,0,0,0,0,0,1,0,1
3,timed,priority,17,1000,10000,2377,1250,0.017578125,unavailable,0,0,0,0,0,0,0,0,1,0,1
3,timed,priority,17,1000,10000,2441,1263,0.016357422,unavailable,0,0,0,0,0,0,0,0,1,0,1
3,timed,priority,17,1000,10000,2445,1261,0.015869141,unavailable,0,0,0,0,0,0,0,0,1,0,1
3,timed,priority,17,1000,10000,3060,1321,0.018798828,unavailable,0,0,0,0,0,0,0,0,1,0,1
3,timed,priority,17,1000,10000,4176,1415,0.018066406,unavailable,0,0,0,0,0,0,0,0,1,0,1
3,timed,priority,17,1000,10000,4442,1402,0.026855469,unavailable,0,0,0,0,0,0,0,0,1,0,1
3,timed,priority,17,1000,10000,5083,1496,0.037597656,unavailable,0,0,0,0,0,0,0,0,1,0,1
3,timed,priority,17,1000,10000,5120,1506,0.026611328,unavailable,0,0,0,0,0,0,0,0,1,0,1
3,timed,priority,17,1000,10000,5395,1535,0.064697266,unavailable,0,0,0,0,0,0,0,0,1,0,1
3,timed,priority,17,1000,10000,5424,1534,0.024658203,unavailable,0,0,0,0,0,0,0,0,1,0,1
3,timed,priority,17,1000,10000,5484,1546,0.017333984,unavailable,0,0,0,0,0,0,0,0,1,0,1
3,timed,priority,17,1000,10000,6373,1641,0.028320312,unavailable,0,0,0,0,0,0,0,0,1,0,1
3,timed,priority,17,1000,10000,6748,1678,0.018310547,unavailable,0,0,0,0,0,0,0,0,1,0,1
3,timed,priority,17,1000,10000,6818,1691,0.077392578,unavailable,0,0,0,0,0,0,0,0,4,0,1
3,timed,priority,17,1000,10000,6935,1686,0.172851562,unavailable,0,0,0,0,0,0,0,0,2,0,1
3,timed,priority,17,1000,10000,8508,1821,0.017089844,unavailable,0,0,0,0,0,0,0,0,1,0,1
3,timed,priority,17,1000,10000,8660,1855,0.019042969,unavailable,0,0,0,0,0,0,0,0,1,0,1
3,diagnostic,priority,17,1000,10000,1291,1137,0.016845703,local,32,56,1,2,59,11,1,11,1,0,3
3,diagnostic,priority,17,1000,10000,1399,1157,0.016845703,local,32,56,1,2,59,12,1,12,1,0,3
3,diagnostic,priority,17,1000,10000,1548,1164,0.029296875,local,64,120,1,3,124,11,1,11,1,0,3
3,diagnostic,priority,17,1000,10000,1784,1193,0.029296875,local,64,120,1,3,124,12,1,12,1,0,3
3,diagnostic,priority,17,1000,10000,1805,1195,0.016601562,local,32,56,1,2,59,10,1,10,1,0,3
3,diagnostic,priority,17,1000,10000,1905,1215,0.016357422,local,32,56,1,2,59,11,1,11,1,0,3
3,diagnostic,priority,17,1000,10000,2060,1229,0.047851562,local,32,56,1,2,59,12,1,12,1,0,3
3,diagnostic,priority,17,1000,10000,2233,1250,0.032958984,local,64,120,1,3,124,11,1,11,1,0,3
3,diagnostic,priority,17,1000,10000,2377,1250,0.01953125,local,32,56,1,2,59,11,1,11,1,0,3
3,diagnostic,priority,17,1000,10000,2445,1261,0.017333984,local,32,56,1,2,59,11,1,11,1,0,3
3,diagnostic,priority,17,1000,10000,2448,1261,0.016113281,local,32,56,1,2,59,11,1,11,1,0,2
3,diagnostic,priority,17,1000,10000,3107,1324,0.016113281,local,32,56,1,2,59,11,1,11,1,0,3
3,diagnostic,priority,17,1000,10000,4176,1415,0.021240234,local,32,56,1,2,59,11,1,11,1,0,3
3,diagnostic,priority,17,1000,10000,4442,1402,0.026611328,local,64,120,1,3,124,10,1,10,1,0,3
3,diagnostic,priority,17,1000,10000,5083,1496,0.029541016,local,64,120,1,3,124,12,1,12,1,0,3
3,diagnostic,priority,17,1000,10000,5120,1506,0.032226562,local,64,120,1,3,124,12,1,12,1,0,3
3,diagnostic,priority,17,1000,10000,5395,1535,0.072753906,local,128,248,1,4,253,11,1,11,1,0,3
3,diagnostic,priority,17,1000,10000,5424,1534,0.027587891,local,64,120,1,3,124,12,1,12,1,0,3
3,diagnostic,priority,17,1000,10000,5484,1546,0.018066406,local,32,56,1,2,59,12,1,12,1,0,3
3,diagnostic,priority,17,1000,10000,5955,1616,0.016113281,local,32,56,1,2,59,11,1,11,1,0,3
3,diagnostic,priority,17,1000,10000,6373,1641,0.030517578,local,64,120,1,3,124,11,1,11,1,0,3
3,diagnostic,priority,17,1000,10000,6748,1678,0.019042969,local,32,56,1,2,59,12,1,12,1,0,3
3,diagnostic,priority,17,1000,10000,6818,1691,0.086425781,local,128,248,1,4,253,12,1,12,4,0,3
3,diagnostic,priority,17,1000,10000,6935,1686,0.139160156,large,256,504,1,5,510,12,1,12,2,0,3
3,diagnostic,priority,17,1000,10000,8171,1793,0.025634766,direct,0,0,0,0,0,12,1,12,1,0,1
3,diagnostic,priority,17,1000,10000,8660,1855,0.021728516,local,32,56,1,2,59,11,1,11,1,0,3
4,timed,priority,305419896,1000,10000,343,1019,0.077392578,unavailable,0,0,0,0,0,0,0,0,1,0,1
4,timed,priority,305419896,1000,10000,841,1075,0.017822266,unavailable,0,0,0,0,0,0,0,0,1,0,1
4,timed,priority,305419896,1000,10000,923,1086,0.008056641,unavailable,0,0,0,0,0,0,0,0,1,0,1
4,timed,priority,305419896,1000,10000,926,1085,0.007080078,unavailable,0,0,0,0,0,0,0,0,1,0,1
4,timed,priority,305419896,1000,10000,958,1093,0.008789062,unavailable,0,0,0,0,0,0,0,0,4,0,1
4,timed,priority,305419896,1000,10000,960,1093,0.007080078,unavailable,0,0,0,0,0,0,0,0,3,0,1
4,timed,priority,305419896,1000,10000,985,1097,0.007080078,unavailable,0,0,0,0,0,0,0,0,3,0,1
4,timed,priority,305419896,1000,10000,1082,1101,0.013916016,unavailable,0,0,0,0,0,0,0,0,1,0,1
4,timed,priority,305419896,1000,10000,1229,1105,0.036376953,unavailable,0,0,0,0,0,0,0,0,1,0,1
4,timed,priority,305419896,1000,10000,2126,1189,0.0625,unavailable,0,0,0,0,0,0,0,0,1,0,1
4,timed,priority,305419896,1000,10000,2467,1230,0.005371094,unavailable,0,0,0,0,0,0,0,0,1,0,1
4,timed,priority,305419896,1000,10000,2991,1305,0.015625,unavailable,0,0,0,0,0,0,0,0,1,0,1
4,timed,priority,305419896,1000,10000,3855,1377,0.016601562,unavailable,0,0,0,0,0,0,0,0,1,0,1
4,timed,priority,305419896,1000,10000,3878,1379,0.004394531,unavailable,0,0,0,0,0,0,0,0,3,0,1
4,timed,priority,305419896,1000,10000,3892,1383,0.004638672,unavailable,0,0,0,0,0,0,0,0,3,0,1
4,timed,priority,305419896,1000,10000,4123,1379,0.008544922,unavailable,0,0,0,0,0,0,0,0,1,0,1
4,timed,priority,305419896,1000,10000,4759,1484,0.006347656,unavailable,0,0,0,0,0,0,0,0,2,0,1
4,timed,priority,305419896,1000,10000,5129,1533,0.016357422,unavailable,0,0,0,0,0,0,0,0,1,0,1
4,timed,priority,305419896,1000,10000,5615,1588,0.020507812,unavailable,0,0,0,0,0,0,0,0,1,0,1
4,timed,priority,305419896,1000,10000,6201,1644,0.011962891,unavailable,0,0,0,0,0,0,0,0,1,0,1
4,timed,priority,305419896,1000,10000,6885,1737,0.018310547,unavailable,0,0,0,0,0,0,0,0,1,0,1
4,timed,priority,305419896,1000,10000,6888,1738,0.005859375,unavailable,0,0,0,0,0,0,0,0,1,0,1
4,timed,priority,305419896,1000,10000,7847,1854,0.115722656,unavailable,0,0,0,0,0,0,0,0,1,0,1
4,timed,priority,305419896,1000,10000,9066,1968,0.008789062,unavailable,0,0,0,0,0,0,0,0,1,0,1
4,timed,priority,305419896,1000,10000,9459,1992,0.0078125,unavailable,0,0,0,0,0,0,0,0,1,0,1
4,diagnostic,priority,305419896,1000,10000,343,1019,0.08203125,local,128,248,1,4,253,11,1,11,1,0,3
4,diagnostic,priority,305419896,1000,10000,757,1067,0.004150391,local,8,8,1,0,9,9,1,9,2,0,2
4,diagnostic,priority,305419896,1000,10000,922,1086,0.005859375,direct,0,0,0,0,0,11,1,11,1,0,1
4,diagnostic,priority,305419896,1000,10000,1082,1101,0.007324219,local,16,24,1,1,26,10,0,10,1,0,3
4,diagnostic,priority,305419896,1000,10000,1229,1105,0.017333984,local,32,56,1,2,59,11,1,11,1,0,3
4,diagnostic,priority,305419896,1000,10000,1951,1161,0.0078125,direct,0,0,0,0,0,11,1,11,2,0,1
4,diagnostic,priority,305419896,1000,10000,1974,1167,0.017089844,local,8,8,1,0,9,10,1,10,2,0,3
4,diagnostic,priority,305419896,1000,10000,2126,1189,0.078125,local,128,248,1,4,253,11,1,11,1,0,3
4,diagnostic,priority,305419896,1000,10000,2609,1255,0.018798828,direct,0,0,0,0,0,11,1,11,2,0,1
4,diagnostic,priority,305419896,1000,10000,2986,1305,0.004150391,local,8,8,1,0,9,12,1,12,3,0,2
4,diagnostic,priority,305419896,1000,10000,2991,1305,0.018310547,local,32,56,1,2,59,10,1,10,1,0,3
4,diagnostic,priority,305419896,1000,10000,3345,1327,0.007324219,direct,0,0,0,0,0,11,1,11,1,0,1
4,diagnostic,priority,305419896,1000,10000,3363,1331,0.029785156,direct,0,0,0,0,0,12,1,12,4,0,1
4,diagnostic,priority,305419896,1000,10000,3540,1347,0.004150391,local,8,8,1,0,9,12,1,12,4,0,2
4,diagnostic,priority,305419896,1000,10000,3862,1376,0.159912109,direct,0,0,0,0,0,11,1,11,1,0,1
4,diagnostic,priority,305419896,1000,10000,3878,1379,0.004394531,local,8,8,1,0,9,12,1,12,3,0,2
4,diagnostic,priority,305419896,1000,10000,3892,1383,0.004394531,local,8,8,1,0,9,12,1,12,3,0,2
4,diagnostic,priority,305419896,1000,10000,4123,1379,0.009765625,local,16,24,1,1,26,12,1,12,1,0,3
4,diagnostic,priority,305419896,1000,10000,4407,1424,0.008789062,direct,0,0,0,0,0,12,1,12,1,0,1
4,diagnostic,priority,305419896,1000,10000,4525,1443,0.016601562,direct,0,0,0,0,0,9,0,9,5,0,1
4,diagnostic,priority,305419896,1000,10000,4650,1458,0.015380859,local,8,8,1,0,9,11,1,11,3,0,3
4,diagnostic,priority,305419896,1000,10000,4851,1490,0.00390625,local,8,8,1,0,9,11,1,11,1,0,2
4,diagnostic,priority,305419896,1000,10000,5129,1533,0.018798828,local,32,56,1,2,59,11,1,11,1,0,3
4,diagnostic,priority,305419896,1000,10000,5615,1588,0.021484375,local,32,56,1,2,59,10,1,10,1,0,3
4,diagnostic,priority,305419896,1000,10000,6201,1644,0.010009766,local,16,24,1,1,26,11,1,11,1,0,3
4,diagnostic,priority,305419896,1000,10000,6625,1711,0.00390625,local,8,8,1,0,9,11,1,11,3,0,2
4,diagnostic,priority,305419896,1000,10000,6885,1737,0.020996094,local,32,56,1,2,59,11,1,11,1,0,3
4,diagnostic,priority,305419896,1000,10000,7070,1764,0.007324219,direct,0,0,0,0,0,12,1,12,1,0,1
4,diagnostic,priority,305419896,1000,10000,7355,1796,0.00390625,local,8,8,1,0,9,11,1,11,3,0,2
4,diagnostic,priority,305419896,1000,10000,7432,1812,0.013427734,local,8,8,1,0,9,11,0,11,3,0,3
4,diagnostic,priority,305419896,1000,10000,7847,1854,0.161865234,large,256,504,1,5,510,11,1,11,1,0,3
4,diagnostic,priority,305419896,1000,10000,8861,1940,0.004638672,local,8,8,1,0,9,12,1,12,3,0,3
4,diagnostic,priority,305419896,1000,10000,9066,1968,0.011474609,local,16,24,1,1,26,12,1,12,1,0,3
4,diagnostic,priority,305419896,1000,10000,9956,2050,0.00390625,local,8,8,1,0,9,12,1,12,3,0,2
5,timed,local,17,1000,10000,1,999,0.003173828,unavailable,0,0,0,0,0,0,0,0,2,0,1
5,timed,local,17,1000,10000,143,1000,0.005615234,unavailable,0,0,0,0,0,0,0,0,3,0,1
5,timed,local,17,1000,10000,368,1008,0.004882812,unavailable,0,0,0,0,0,0,0,0,4,0,1
5,timed,local,17,1000,10000,1241,1038,0.009277344,unavailable,0,0,0,0,0,0,0,0,1,0,1
5,timed,local,17,1000,10000,1261,1039,0.291503906,unavailable,0,0,0,0,0,0,0,0,4,0,1
5,timed,local,17,1000,10000,1519,1043,0.007324219,unavailable,0,0,0,0,0,0,0,0,1,0,1
5,timed,local,17,1000,10000,1981,1040,0.0078125,unavailable,0,0,0,0,0,0,0,0,4,0,1
5,timed,local,17,1000,10000,2584,1022,0.005371094,unavailable,0,0,0,0,0,0,0,0,1,0,1
5,timed,local,17,1000,10000,3018,1029,0.002685547,unavailable,0,0,0,0,0,0,0,0,1,0,1
5,timed,local,17,1000,10000,3170,1036,0.002929688,unavailable,0,0,0,0,0,0,0,0,1,0,1
5,timed,local,17,1000,10000,3567,1045,0.002685547,unavailable,0,0,0,0,0,0,0,0,1,0,1
5,timed,local,17,1000,10000,3977,1036,0.002685547,unavailable,0,0,0,0,0,0,0,0,1,0,1
5,timed,local,17,1000,10000,4089,1036,0.002929688,unavailable,0,0,0,0,0,0,0,0,1,0,1
5,timed,local,17,1000,10000,4910,1060,0.002685547,unavailable,0,0,0,0,0,0,0,0,1,0,1
5,timed,local,17,1000,10000,4967,1067,0.002685547,unavailable,0,0,0,0,0,0,0,0,1,0,1
5,timed,local,17,1000,10000,5394,1064,0.006103516,unavailable,0,0,0,0,0,0,0,0,1,0,1
5,timed,local,17,1000,10000,5645,1056,0.002929688,unavailable,0,0,0,0,0,0,0,0,1,0,1
5,timed,local,17,1000,10000,6065,1046,0.002685547,unavailable,0,0,0,0,0,0,0,0,1,0,1
5,timed,local,17,1000,10000,6217,1043,0.002685547,unavailable,0,0,0,0,0,0,0,0,1,0,1
5,timed,local,17,1000,10000,6339,1041,0.002929688,unavailable,0,0,0,0,0,0,0,0,1,0,1
5,timed,local,17,1000,10000,6369,1043,0.003417969,unavailable,0,0,0,0,0,0,0,0,3,0,1
5,timed,local,17,1000,10000,7238,1034,0.002929688,unavailable,0,0,0,0,0,0,0,0,1,0,1
5,timed,local,17,1000,10000,7516,1025,0.002685547,unavailable,0,0,0,0,0,0,0,0,1,0,1
5,timed,local,17,1000,10000,8249,1013,0.002929688,unavailable,0,0,0,0,0,0,0,0,1,0,1
5,timed,local,17,1000,10000,9369,1009,0.002685547,unavailable,0,0,0,0,0,0,0,0,1,0,1
5,diagnostic,local,17,1000,10000,225,1007,0.010498047,direct,0,0,0,0,0,10,0,10,2,0,1
5,diagnostic,local,17,1000,10000,701,1023,0.008056641,direct,0,0,0,0,0,10,2,10,2,0,1
5,diagnostic,local,17,1000,10000,1519,1043,0.004394531,local,8,8,1,0,9,10,1,10,1,0,3
5,diagnostic,local,17,1000,10000,1894,1042,0.005126953,direct,0,0,0,0,0,9,0,9,1,0,1
5,diagnostic,local,17,1000,10000,2584,1022,0.003662109,local,8,8,1,0,9,10,0,10,1,0,3
5,diagnostic,local,17,1000,10000,2810,1028,0.004394531,direct,0,0,0,0,0,10,0,10,6,0,1
5,diagnostic,local,17,1000,10000,3018,1029,0.003417969,local,8,8,1,0,9,10,2,10,1,0,3
5,diagnostic,local,17,1000,10000,3170,1036,0.003417969,local,8,8,1,0,9,9,0,9,1,0,3
5,diagnostic,local,17,1000,10000,3567,1045,0.003173828,local,8,8,1,0,9,11,1,11,1,0,3
5,diagnostic,local,17,1000,10000,3604,1044,0.00390625,direct,0,0,0,0,0,11,2,11,1,0,1
5,diagnostic,local,17,1000,10000,3977,1036,0.003173828,local,8,8,1,0,9,9,0,9,1,0,3
5,diagnostic,local,17,1000,10000,4910,1060,0.003173828,local,8,8,1,0,9,11,1,11,1,0,3
5,diagnostic,local,17,1000,10000,4967,1067,0.003173828,local,8,8,1,0,9,10,0,10,1,0,3
5,diagnostic,local,17,1000,10000,5394,1064,0.006347656,local,16,24,1,1,26,12,2,12,1,0,3
5,diagnostic,local,17,1000,10000,5645,1056,0.003417969,local,8,8,1,0,9,12,1,12,1,0,3
5,diagnostic,local,17,1000,10000,5905,1052,0.002929688,local,8,8,1,0,9,10,0,10,1,0,2
5,diagnostic,local,17,1000,10000,6065,1046,0.003173828,local,8,8,1,0,9,11,1,11,1,0,3
5,diagnostic,local,17,1000,10000,6083,1047,0.006347656,direct,0,0,0,0,0,10,0,10,2,0,1
5,diagnostic,local,17,1000,10000,6217,1043,0.002929688,local,8,8,1,0,9,10,2,10,1,0,2
5,diagnostic,local,17,1000,10000,6339,1041,0.003173828,local,8,8,1,0,9,11,2,11,1,0,3
5,diagnostic,local,17,1000,10000,6369,1043,0.00390625,local,8,8,1,0,9,11,2,11,3,0,3
5,diagnostic,local,17,1000,10000,6660,1037,0.002929688,local,8,8,1,0,9,12,1,12,1,0,2
5,diagnostic,local,17,1000,10000,6999,1040,0.003173828,local,8,8,1,0,9,10,1,10,1,0,3
5,diagnostic,local,17,1000,10000,7184,1035,0.003417969,direct,0,0,0,0,0,10,0,10,5,0,1
5,diagnostic,local,17,1000,10000,7238,1034,0.004394531,local,8,8,1,0,9,11,1,11,1,0,3
5,diagnostic,local,17,1000,10000,7321,1036,0.003417969,local,8,8,1,0,9,10,2,10,1,0,3
5,diagnostic,local,17,1000,10000,8249,1013,0.003417969,local,8,8,1,0,9,11,1,11,1,0,3
5,diagnostic,local,17,1000,10000,9012,1012,0.002685547,local,8,8,1,0,9,9,0,9,1,0,2
5,diagnostic,local,17,1000,10000,9369,1009,0.002685547,local,8,8,1,0,9,10,0,10,1,0,2
5,diagnostic,local,17,1000,10000,9466,1010,0.002929688,local,8,8,1,0,9,11,2,11,1,0,3
5,diagnostic,local,17,1000,10000,9506,1007,0.002685547,local,8,8,1,0,9,10,0,10,1,0,2
5,diagnostic,local,17,1000,10000,9689,1015,0.002685547,local,8,8,1,0,9,11,1,11,1,0,2
6,timed,local,305419896,1000,10000,72,1003,0.004150391,unavailable,0,0,0,0,0,0,0,0,3,0,1
6,timed,local,305419896,1000,10000,374,1022,0.004638672,unavailable,0,0,0,0,0,0,0,0,2,0,1
6,timed,local,305419896,1000,10000,1730,1011,0.008300781,unavailable,0,0,0,0,0,0,0,0,4,0,1
6,timed,local,305419896,1000,10000,1822,1013,0.007324219,unavailable,0,0,0,0,0,0,0,0,1,0,1
6,timed,local,305419896,1000,10000,1914,1009,0.002929688,unavailable,0,0,0,0,0,0,0,0,1,0,1
6,timed,local,305419896,1000,10000,2007,1006,0.002685547,unavailable,0,0,0,0,0,0,0,0,1,0,1
6,timed,local,305419896,1000,10000,2643,993,0.002685547,unavailable,0,0,0,0,0,0,0,0,1,0,1
6,timed,local,305419896,1000,10000,3576,983,0.002685547,unavailable,0,0,0,0,0,0,0,0,1,0,1
6,timed,local,305419896,1000,10000,4149,1008,0.002685547,unavailable,0,0,0,0,0,0,0,0,1,0,1
6,timed,local,305419896,1000,10000,4465,1008,0.005859375,unavailable,0,0,0,0,0,0,0,0,3,0,1
6,timed,local,305419896,1000,10000,4629,1009,0.002685547,unavailable,0,0,0,0,0,0,0,0,1,0,1
6,timed,local,305419896,1000,10000,4677,1007,0.003173828,unavailable,0,0,0,0,0,0,0,0,3,0,1
6,timed,local,305419896,1000,10000,5133,1020,0.021240234,unavailable,0,0,0,0,0,0,0,0,1,0,1
6,timed,local,305419896,1000,10000,5785,1009,0.002685547,unavailable,0,0,0,0,0,0,0,0,0,0,1
6,timed,local,305419896,1000,10000,6625,986,0.002441406,unavailable,0,0,0,0,0,0,0,0,1,0,1
6,timed,local,305419896,1000,10000,6833,988,0.002441406,unavailable,0,0,0,0,0,0,0,0,1,0,1
6,timed,local,305419896,1000,10000,7234,976,0.002441406,unavailable,0,0,0,0,0,0,0,0,1,0,1
6,timed,local,305419896,1000,10000,7349,974,0.03515625,unavailable,0,0,0,0,0,0,0,0,4,0,1
6,timed,local,305419896,1000,10000,7463,973,0.002441406,unavailable,0,0,0,0,0,0,0,0,1,0,1
6,timed,local,305419896,1000,10000,8262,975,0.003417969,unavailable,0,0,0,0,0,0,0,0,3,0,1
6,timed,local,305419896,1000,10000,8844,968,0.002685547,unavailable,0,0,0,0,0,0,0,0,1,0,1
6,timed,local,305419896,1000,10000,9216,964,0.002441406,unavailable,0,0,0,0,0,0,0,0,1,0,1
6,timed,local,305419896,1000,10000,9604,959,0.005615234,unavailable,0,0,0,0,0,0,0,0,1,0,1
6,timed,local,305419896,1000,10000,9814,963,0.002929688,unavailable,0,0,0,0,0,0,0,0,1,0,1
6,timed,local,305419896,1000,10000,9988,967,0.002441406,unavailable,0,0,0,0,0,0,0,0,1,0,1
6,diagnostic,local,305419896,1000,10000,115,1011,0.006347656,direct,0,0,0,0,0,10,0,10,2,0,1
6,diagnostic,local,305419896,1000,10000,780,1024,0.005371094,direct,0,0,0,0,0,9,0,9,4,0,1
6,diagnostic,local,305419896,1000,10000,1391,1016,0.004638672,direct,0,0,0,0,0,10,0,10,1,0,1
6,diagnostic,local,305419896,1000,10000,1822,1013,0.005371094,local,8,8,1,0,9,10,0,10,1,0,3
6,diagnostic,local,305419896,1000,10000,1914,1009,0.003173828,local,8,8,1,0,9,10,1,10,1,0,3
6,diagnostic,local,305419896,1000,10000,2007,1006,0.003173828,local,8,8,1,0,9,11,2,11,1,0,3
6,diagnostic,local,305419896,1000,10000,2147,1006,0.042724609,direct,0,0,0,0,0,11,0,11,2,0,1
6,diagnostic,local,305419896,1000,10000,2321,1003,0.004394531,local,8,8,1,0,9,10,0,10,1,0,3
6,diagnostic,local,305419896,1000,10000,2643,993,0.003173828,local,8,8,1,0,9,10,0,10,1,0,3
6,diagnostic,local,305419896,1000,10000,2743,991,0.002929688,local,8,8,1,0,9,11,1,11,1,0,3
6,diagnostic,local,305419896,1000,10000,2814,988,0.003662109,local,8,8,1,0,9,11,2,11,1,0,3
6,diagnostic,local,305419896,1000,10000,3571,983,0.002929688,local,8,8,1,0,9,11,1,11,1,0,3
6,diagnostic,local,305419896,1000,10000,3918,998,0.002929688,local,8,8,1,0,9,11,2,11,1,0,3
6,diagnostic,local,305419896,1000,10000,4108,1005,0.002685547,local,8,8,1,0,9,10,0,10,1,0,2
6,diagnostic,local,305419896,1000,10000,4149,1008,0.003173828,local,8,8,1,0,9,10,2,10,1,0,3
6,diagnostic,local,305419896,1000,10000,4629,1009,0.003173828,local,8,8,1,0,9,10,1,10,1,0,3
6,diagnostic,local,305419896,1000,10000,4855,1012,0.010009766,local,8,8,1,0,9,11,1,11,1,0,3
6,diagnostic,local,305419896,1000,10000,5234,1014,0.002685547,local,8,8,1,0,9,11,2,11,1,0,2
6,diagnostic,local,305419896,1000,10000,5631,1012,0.002685547,local,8,8,1,0,9,9,0,9,1,0,2
6,diagnostic,local,305419896,1000,10000,5785,1009,0.002929688,local,8,8,1,0,9,10,0,10,0,0,3
6,diagnostic,local,305419896,1000,10000,6234,992,0.002929688,local,8,8,1,0,9,11,1,11,1,0,3
6,diagnostic,local,305419896,1000,10000,6625,986,0.002685547,local,8,8,1,0,9,10,0,10,1,0,2
6,diagnostic,local,305419896,1000,10000,6678,990,0.003417969,direct,0,0,0,0,0,10,0,10,6,0,1
6,diagnostic,local,305419896,1000,10000,6833,988,0.002685547,local,8,8,1,0,9,9,0,9,1,0,2
6,diagnostic,local,305419896,1000,10000,7234,976,0.002685547,local,8,8,1,0,9,11,1,11,1,0,2
6,diagnostic,local,305419896,1000,10000,7463,973,0.026855469,local,8,8,1,0,9,10,1,10,1,0,3
6,diagnostic,local,305419896,1000,10000,8520,976,0.003662109,direct,0,0,0,0,0,12,2,12,6,0,1
6,diagnostic,local,305419896,1000,10000,8844,968,0.002685547,local,8,8,1,0,9,11,2,11,1,0,2
6,diagnostic,local,305419896,1000,10000,9216,964,0.002685547,local,8,8,1,0,9,11,1,11,1,0,3
6,diagnostic,local,305419896,1000,10000,9604,959,0.006103516,local,16,24,1,1,26,10,0,10,1,0,3
6,diagnostic,local,305419896,1000,10000,9690,959,0.013671875,direct,0,0,0,0,0,9,0,9,5,0,1
6,diagnostic,local,305419896,1000,10000,9988,967,0.003173828,local,8,8,1,0,9,10,0,10,1,0,3
7,timed,churn,17,1000,10000,2,999,0.002929688,unavailable,0,0,0,0,0,0,0,0,2,0,1
7,timed,churn,17,1000,10000,315,997,0.004394531,unavailable,0,0,0,0,0,0,0,0,1,0,1
7,timed,churn,17,1000,10000,3003,982,0.002197266,unavailable,0,0,0,0,0,0,0,0,3,0,1
7,timed,churn,17,1000,10000,3222,977,0.001953125,unavailable,0,0,0,0,0,0,0,0,5,0,1
7,timed,churn,17,1000,10000,3541,980,0.001708984,unavailable,0,0,0,0,0,0,0,0,2,0,1
7,timed,churn,17,1000,10000,3910,975,0.001708984,unavailable,0,0,0,0,0,0,0,0,5,0,1
7,timed,churn,17,1000,10000,3922,977,0.181884766,unavailable,0,0,0,0,0,0,0,0,1,0,1
7,timed,churn,17,1000,10000,5095,970,0.001708984,unavailable,0,0,0,0,0,0,0,0,3,0,1
7,timed,churn,17,1000,10000,5519,953,0.001708984,unavailable,0,0,0,0,0,0,0,0,2,0,1
7,timed,churn,17,1000,10000,5550,952,0.001464844,unavailable,0,0,0,0,0,0,0,0,1,0,1
7,timed,churn,17,1000,10000,5710,955,0.001708984,unavailable,0,0,0,0,0,0,0,0,3,0,1
7,timed,churn,17,1000,10000,6393,969,0.001464844,unavailable,0,0,0,0,0,0,0,0,4,0,1
7,timed,churn,17,1000,10000,6493,970,0.001953125,unavailable,0,0,0,0,0,0,0,0,3,0,1
7,timed,churn,17,1000,10000,6540,972,0.001464844,unavailable,0,0,0,0,0,0,0,0,3,0,1
7,timed,churn,17,1000,10000,6650,975,0.001464844,unavailable,0,0,0,0,0,0,0,0,2,0,1
7,timed,churn,17,1000,10000,6758,983,0.001464844,unavailable,0,0,0,0,0,0,0,0,1,0,1
7,timed,churn,17,1000,10000,7119,989,0.001708984,unavailable,0,0,0,0,0,0,0,0,1,0,1
7,timed,churn,17,1000,10000,7569,993,0.004150391,unavailable,0,0,0,0,0,0,0,0,5,0,1
7,timed,churn,17,1000,10000,7813,986,0.009033203,unavailable,0,0,0,0,0,0,0,0,1,0,1
7,timed,churn,17,1000,10000,8452,978,0.002929688,unavailable,0,0,0,0,0,0,0,0,1,0,1
7,timed,churn,17,1000,10000,8480,982,0.002685547,unavailable,0,0,0,0,0,0,0,0,1,0,1
7,timed,churn,17,1000,10000,8531,986,0.002441406,unavailable,0,0,0,0,0,0,0,0,1,0,1
7,timed,churn,17,1000,10000,8751,994,0.036376953,unavailable,0,0,0,0,0,0,0,0,3,0,1
7,timed,churn,17,1000,10000,8960,1009,0.003173828,unavailable,0,0,0,0,0,0,0,0,1,0,1
7,timed,churn,17,1000,10000,9567,1008,0.001464844,unavailable,0,0,0,0,0,0,0,0,4,0,1
7,diagnostic,churn,17,1000,10000,2,999,0.002685547,direct,0,0,0,0,0,10,0,10,2,0,1
7,diagnostic,churn,17,1000,10000,347,1007,0.005126953,direct,0,0,0,0,0,10,2,10,2,0,1
7,diagnostic,churn,17,1000,10000,1843,976,0.004638672,direct,0,0,0,0,0,11,2,11,3,0,1
7,diagnostic,churn,17,1000,10000,3531,977,0.001464844,direct,0,0,0,0,0,9,0,9,4,0,1
7,diagnostic,churn,17,1000,10000,3635,977,0.005615234,direct,0,0,0,0,0,12,1,12,1,0,1
7,diagnostic,churn,17,1000,10000,4267,962,0.001464844,direct,0,0,0,0,0,10,1,10,2,0,1
7,diagnostic,churn,17,1000,10000,4404,967,0.002929688,direct,0,0,0,0,0,11,1,11,1,0,1
7,diagnostic,churn,17,1000,10000,7423,998,0.001708984,direct,0,0,0,0,0,9,0,9,5,0,1
7,diagnostic,churn,17,1000,10000,7429,998,0.001464844,direct,0,0,0,0,0,11,2,11,3,0,1
7,diagnostic,churn,17,1000,10000,7490,991,0.001220703,direct,0,0,0,0,0,10,0,10,6,0,1
7,diagnostic,churn,17,1000,10000,7620,988,0.001220703,direct,0,0,0,0,0,11,2,11,3,0,1
7,diagnostic,churn,17,1000,10000,7624,989,0.001220703,direct,0,0,0,0,0,10,0,10,6,0,1
7,diagnostic,churn,17,1000,10000,7813,986,0.004394531,local,8,8,1,0,9,11,2,11,1,0,3
7,diagnostic,churn,17,1000,10000,7828,987,0.001220703,direct,0,0,0,0,0,11,1,11,5,0,1
7,diagnostic,churn,17,1000,10000,8452,978,0.003173828,local,8,8,1,0,9,11,0,11,1,0,3
7,diagnostic,churn,17,1000,10000,8480,982,0.002685547,local,8,8,1,0,9,10,0,10,1,0,3
7,diagnostic,churn,17,1000,10000,8531,986,0.002685547,local,8,8,1,0,9,10,2,10,1,0,3
7,diagnostic,churn,17,1000,10000,8812,1005,0.001220703,direct,0,0,0,0,0,11,2,11,6,0,1
7,diagnostic,churn,17,1000,10000,8960,1009,0.002685547,local,8,8,1,0,9,10,0,10,1,0,3
7,diagnostic,churn,17,1000,10000,9384,1012,0.001220703,direct,0,0,0,0,0,10,0,10,6,0,1
7,diagnostic,churn,17,1000,10000,9568,1009,0.001220703,direct,0,0,0,0,0,9,0,9,5,0,1
7,diagnostic,churn,17,1000,10000,9680,1011,0.001220703,direct,0,0,0,0,0,9,0,9,5,0,1
7,diagnostic,churn,17,1000,10000,9733,1015,0.001220703,direct,0,0,0,0,0,11,2,11,6,0,1
7,diagnostic,churn,17,1000,10000,9803,1010,0.001220703,direct,0,0,0,0,0,11,2,11,5,0,1
7,diagnostic,churn,17,1000,10000,9833,1007,0.001464844,direct,0,0,0,0,0,12,2,12,5,0,1
8,timed,churn,305419896,1000,10000,2,999,0.002929688,unavailable,0,0,0,0,0,0,0,0,2,0,1
8,timed,churn,305419896,1000,10000,24,1005,0.00390625,unavailable,0,0,0,0,0,0,0,0,2,0,1
8,timed,churn,305419896,1000,10000,146,1004,0.007080078,unavailable,0,0,0,0,0,0,0,0,2,0,1
8,timed,churn,305419896,1000,10000,3001,957,0.005859375,unavailable,0,0,0,0,0,0,0,0,3,0,1
8,timed,churn,305419896,1000,10000,3018,962,0.002929688,unavailable,0,0,0,0,0,0,0,0,5,0,1
8,timed,churn,305419896,1000,10000,3133,968,0.002441406,unavailable,0,0,0,0,0,0,0,0,4,0,1
8,timed,churn,305419896,1000,10000,3149,968,0.002685547,unavailable,0,0,0,0,0,0,0,0,5,0,1
8,timed,churn,305419896,1000,10000,3163,966,0.002685547,unavailable,0,0,0,0,0,0,0,0,1,0,1
8,timed,churn,305419896,1000,10000,3204,976,0.002441406,unavailable,0,0,0,0,0,0,0,0,4,0,1
8,timed,churn,305419896,1000,10000,3206,975,0.002441406,unavailable,0,0,0,0,0,0,0,0,3,0,1
8,timed,churn,305419896,1000,10000,3275,967,0.002685547,unavailable,0,0,0,0,0,0,0,0,4,0,1
8,timed,churn,305419896,1000,10000,4573,980,0.006835938,unavailable,0,0,0,0,0,0,0,0,3,0,1
8,timed,churn,305419896,1000,10000,6317,973,0.006103516,unavailable,0,0,0,0,0,0,0,0,1,0,1
8,timed,churn,305419896,1000,10000,7167,960,0.014160156,unavailable,0,0,0,0,0,0,0,0,2,0,1
8,timed,churn,305419896,1000,10000,7329,956,0.002929688,unavailable,0,0,0,0,0,0,0,0,1,0,1
8,timed,churn,305419896,1000,10000,8186,991,0.002929688,unavailable,0,0,0,0,0,0,0,0,1,0,1
8,timed,churn,305419896,1000,10000,8246,985,0.002441406,unavailable,0,0,0,0,0,0,0,0,1,0,1
8,timed,churn,305419896,1000,10000,8327,1001,0.002441406,unavailable,0,0,0,0,0,0,0,0,1,0,1
8,timed,churn,305419896,1000,10000,8411,1001,0.002441406,unavailable,0,0,0,0,0,0,0,0,1,0,1
8,timed,churn,305419896,1000,10000,8721,981,0.002685547,unavailable,0,0,0,0,0,0,0,0,1,0,1
8,timed,churn,305419896,1000,10000,9276,952,0.002441406,unavailable,0,0,0,0,0,0,0,0,1,0,1
8,timed,churn,305419896,1000,10000,9464,954,0.002685547,unavailable,0,0,0,0,0,0,0,0,1,0,1
8,timed,churn,305419896,1000,10000,9537,955,0.002929688,unavailable,0,0,0,0,0,0,0,0,1,0,1
8,timed,churn,305419896,1000,10000,9673,966,0.031005859,unavailable,0,0,0,0,0,0,0,0,1,0,1
8,timed,churn,305419896,1000,10000,9952,964,0.005371094,unavailable,0,0,0,0,0,0,0,0,1,0,1
8,diagnostic,churn,305419896,1000,10000,2,999,0.00390625,direct,0,0,0,0,0,10,0,10,2,0,1
8,diagnostic,churn,305419896,1000,10000,18,1004,0.002685547,direct,0,0,0,0,0,10,0,10,1,0,1
8,diagnostic,churn,305419896,1000,10000,33,1007,0.001708984,direct,0,0,0,0,0,10,0,10,2,0,1
8,diagnostic,churn,305419896,1000,10000,156,1002,0.006347656,direct,0,0,0,0,0,9,0,9,1,0,1
8,diagnostic,churn,305419896,1000,10000,308,1010,0.010009766,direct,0,0,0,0,0,10,1,10,1,0,1
8,diagnostic,churn,305419896,1000,10000,410,1025,0.009521484,direct,0,0,0,0,0,10,0,10,3,0,1
8,diagnostic,churn,305419896,1000,10000,2790,957,0.164550781,direct,0,0,0,0,0,9,0,9,2,0,1
8,diagnostic,churn,305419896,1000,10000,2886,952,0.001953125,direct,0,0,0,0,0,10,0,10,4,0,1
8,diagnostic,churn,305419896,1000,10000,5021,980,0.003173828,direct,0,0,0,0,0,10,0,10,4,0,1
8,diagnostic,churn,305419896,1000,10000,6317,973,0.00390625,local,8,8,1,0,9,11,2,11,1,0,3
8,diagnostic,churn,305419896,1000,10000,6498,978,0.001708984,direct,0,0,0,0,0,10,2,10,2,0,1
8,diagnostic,churn,305419896,1000,10000,6763,972,0.001708984,direct,0,0,0,0,0,10,0,10,5,0,1
8,diagnostic,churn,305419896,1000,10000,7329,956,0.002929688,local,8,8,1,0,9,10,0,10,1,0,3
8,diagnostic,churn,305419896,1000,10000,8186,991,0.002929688,local,8,8,1,0,9,10,1,10,1,0,3
8,diagnostic,churn,305419896,1000,10000,8246,985,0.002685547,local,8,8,1,0,9,11,0,11,1,0,3
8,diagnostic,churn,305419896,1000,10000,8327,1001,0.002441406,local,8,8,1,0,9,8,0,8,1,0,3
8,diagnostic,churn,305419896,1000,10000,8411,1001,0.002441406,local,8,8,1,0,9,10,0,10,1,0,3
8,diagnostic,churn,305419896,1000,10000,8721,981,0.002685547,local,8,8,1,0,9,10,0,10,1,0,3
8,diagnostic,churn,305419896,1000,10000,8734,980,0.018066406,direct,0,0,0,0,0,9,0,9,1,0,1
8,diagnostic,churn,305419896,1000,10000,9047,971,0.109130859,direct,0,0,0,0,0,11,1,11,1,0,1
8,diagnostic,churn,305419896,1000,10000,9276,952,0.002929688,local,8,8,1,0,9,9,0,9,1,0,3
8,diagnostic,churn,305419896,1000,10000,9363,954,0.002685547,local,8,8,1,0,9,9,0,9,1,0,3
8,diagnostic,churn,305419896,1000,10000,9464,954,0.002685547,local,8,8,1,0,9,10,0,10,1,0,3
8,diagnostic,churn,305419896,1000,10000,9537,955,0.002929688,local,8,8,1,0,9,10,0,10,1,0,3
8,diagnostic,churn,305419896,1000,10000,9997,955,0.003662109,direct,0,0,0,0,0,10,0,10,3,0,1
9,timed,timeline,17,10000,100000,1451,11172,0.037841797,unavailable,0,0,0,0,0,0,0,0,1,0,1
9,timed,timeline,17,10000,100000,4131,13278,0.046630859,unavailable,0,0,0,0,0,0,0,0,2,0,1
9,timed,timeline,17,10000,100000,6717,15384,0.064941406,unavailable,0,0,0,0,0,0,0,0,2,0,1
9,timed,timeline,17,10000,100000,9327,17490,0.041503906,unavailable,0,0,0,0,0,0,0,0,2,0,1
9,timed,timeline,17,10000,100000,17042,23667,0.038085938,unavailable,0,0,0,0,0,0,0,0,4,0,1
9,timed,timeline,17,10000,100000,17223,23808,0.047119141,unavailable,0,0,0,0,0,0,0,0,4,0,1
9,timed,timeline,17,10000,100000,19849,25914,0.04296875,unavailable,0,0,0,0,0,0,0,0,5,0,1
9,timed,timeline,17,10000,100000,24108,29321,0.037353516,unavailable,0,0,0,0,0,0,0,0,6,0,1
9,timed,timeline,17,10000,100000,25130,30125,0.054199219,unavailable,0,0,0,0,0,0,0,0,6,0,1
9,timed,timeline,17,10000,100000,25755,30618,0.045654297,unavailable,0,0,0,0,0,0,0,0,6,0,1
9,timed,timeline,17,10000,100000,26702,31367,22.317871094,unavailable,0,0,0,0,0,0,0,0,4,0,1
9,timed,timeline,17,10000,100000,29106,33251,0.040283203,unavailable,0,0,0,0,0,0,0,0,2,0,1
9,timed,timeline,17,10000,100000,36966,39535,0.042236328,unavailable,0,0,0,0,0,0,0,0,3,0,1
9,timed,timeline,17,10000,100000,39608,41641,0.047851562,unavailable,0,0,0,0,0,0,0,0,4,0,1
9,timed,timeline,17,10000,100000,50311,50210,0.038818359,unavailable,0,0,0,0,0,0,0,0,6,0,1
9,timed,timeline,17,10000,100000,51148,50845,44.277587891,unavailable,0,0,0,0,0,0,0,0,3,0,1
9,timed,timeline,17,10000,100000,58218,56445,0.037841797,unavailable,0,0,0,0,0,0,0,0,2,0,1
9,timed,timeline,17,10000,100000,60856,58551,0.065673828,unavailable,0,0,0,0,0,0,0,0,2,0,1
9,timed,timeline,17,10000,100000,63484,60657,0.051269531,unavailable,0,0,0,0,0,0,0,0,3,0,1
9,timed,timeline,17,10000,100000,66140,62763,0.096191406,unavailable,0,0,0,0,0,0,0,0,3,0,1
9,timed,timeline,17,10000,100000,73970,69079,0.044921875,unavailable,0,0,0,0,0,0,0,0,5,0,1
9,timed,timeline,17,10000,100000,79282,73291,0.049316406,unavailable,0,0,0,0,0,0,0,0,3,0,1
9,timed,timeline,17,10000,100000,80269,74084,91.089111328,unavailable,0,0,0,0,0,0,0,0,4,0,1
9,timed,timeline,17,10000,100000,93644,84775,0.038574219,unavailable,0,0,0,0,0,0,0,0,4,0,1
9,timed,timeline,17,10000,100000,98884,88987,0.037353516,unavailable,0,0,0,0,0,0,0,0,4,0,1
9,diagnostic,timeline,17,10000,100000,5059,14026,0.080810547,direct,0,0,0,0,0,15,1,15,2,0,1
9,diagnostic,timeline,17,10000,100000,5165,14118,0.082763672,direct,0,0,0,0,0,14,0,14,2,0,1
9,diagnostic,timeline,17,10000,100000,5264,14191,0.059082031,direct,0,0,0,0,0,15,1,15,2,0,1
9,diagnostic,timeline,17,10000,100000,5859,14684,0.173095703,direct,0,0,0,0,0,15,1,15,2,0,1
9,diagnostic,timeline,17,10000,100000,13688,20941,0.27734375,direct,0,0,0,0,0,15,1,15,4,0,1
9,diagnostic,timeline,17,10000,100000,18751,25026,0.109863281,direct,0,0,0,0,0,16,1,16,5,0,1
9,diagnostic,timeline,17,10000,100000,24535,29674,0.131347656,direct,0,0,0,0,0,17,1,17,6,0,1
9,diagnostic,timeline,17,10000,100000,26702,31367,33.00390625,full,31367,64127,1,12,64140,17,1,17,4,1,7
9,diagnostic,timeline,17,10000,100000,34051,37226,0.121582031,direct,0,0,0,0,0,17,1,17,3,0,1
9,diagnostic,timeline,17,10000,100000,39171,41290,0.136962891,direct,0,0,0,0,0,16,1,16,4,0,1
9,diagnostic,timeline,17,10000,100000,41882,43461,0.127685547,direct,0,0,0,0,0,17,1,17,5,0,1
9,diagnostic,timeline,17,10000,100000,46270,47025,0.129882812,direct,0,0,0,0,0,18,1,18,5,0,1
9,diagnostic,timeline,17,10000,100000,48138,48513,0.060058594,direct,0,0,0,0,0,17,0,17,6,0,1
9,diagnostic,timeline,17,10000,100000,51148,50845,64.310302734,full,50845,116373,1,13,116387,18,2,18,3,1,7
9,diagnostic,timeline,17,10000,100000,58346,56549,0.124511719,direct,0,0,0,0,0,18,1,18,2,0,1
9,diagnostic,timeline,17,10000,100000,65432,62197,0.157470703,direct,0,0,0,0,0,18,1,18,3,0,1
9,diagnostic,timeline,17,10000,100000,67535,63890,0.189208984,direct,0,0,0,0,0,17,1,17,4,0,1
9,diagnostic,timeline,17,10000,100000,71944,67465,0.179443359,direct,0,0,0,0,0,18,1,18,5,0,1
9,diagnostic,timeline,17,10000,100000,75043,69936,0.167480469,direct,0,0,0,0,0,18,1,18,5,0,1
9,diagnostic,timeline,17,10000,100000,76834,71353,0.05859375,direct,0,0,0,0,0,18,1,18,6,0,1
9,diagnostic,timeline,17,10000,100000,80269,74084,128.770263672,full,74084,205148,1,14,205163,18,2,18,4,1,7
9,diagnostic,timeline,17,10000,100000,88467,80670,0.100097656,direct,0,0,0,0,0,18,2,18,4,0,1
9,diagnostic,timeline,17,10000,100000,90961,82682,0.104003906,direct,0,0,0,0,0,19,1,19,3,0,1
9,diagnostic,timeline,17,10000,100000,95888,86569,0.112548828,direct,0,0,0,0,0,18,0,18,4,0,1
9,diagnostic,timeline,17,10000,100000,99708,89647,0.142333984,direct,0,0,0,0,0,16,0,16,4,0,1
10,timed,timeline,305419896,10000,100000,5000,14029,0.041748047,unavailable,0,0,0,0,0,0,0,0,2,0,1
10,timed,timeline,305419896,10000,100000,17009,23546,0.106933594,unavailable,0,0,0,0,0,0,0,0,4,0,1
10,timed,timeline,305419896,10000,100000,23560,28809,0.119873047,unavailable,0,0,0,0,0,0,0,0,6,0,1
10,timed,timeline,305419896,10000,100000,24177,29316,0.051513672,unavailable,0,0,0,0,0,0,0,0,6,0,1
10,timed,timeline,305419896,10000,100000,26690,31311,22.151611328,unavailable,0,0,0,0,0,0,0,0,3,0,1
10,timed,timeline,305419896,10000,100000,30354,34239,0.046630859,unavailable,0,0,0,0,0,0,0,0,2,0,1
10,timed,timeline,305419896,10000,100000,30979,34726,0.097412109,unavailable,0,0,0,0,0,0,0,0,2,0,1
10,timed,timeline,305419896,10000,100000,38037,40308,0.115234375,unavailable,0,0,0,0,0,0,0,0,4,0,1
10,timed,timeline,305419896,10000,100000,41036,42743,0.108398438,unavailable,0,0,0,0,0,0,0,0,4,0,1
10,timed,timeline,305419896,10000,100000,51234,50897,0.056640625,unavailable,0,0,0,0,0,0,0,0,6,0,1
10,timed,timeline,305419896,10000,100000,51290,50939,46.78125,unavailable,0,0,0,0,0,0,0,0,3,0,1
10,timed,timeline,305419896,10000,100000,54157,53228,0.108398438,unavailable,0,0,0,0,0,0,0,0,4,0,1
10,timed,timeline,305419896,10000,100000,58454,56653,0.114501953,unavailable,0,0,0,0,0,0,0,0,2,0,1
10,timed,timeline,305419896,10000,100000,62936,60299,0.101318359,unavailable,0,0,0,0,0,0,0,0,3,0,1
10,timed,timeline,305419896,10000,100000,65999,62726,0.041259766,unavailable,0,0,0,0,0,0,0,0,3,0,1
10,timed,timeline,305419896,10000,100000,68096,64381,0.102539062,unavailable,0,0,0,0,0,0,0,0,4,0,1
10,timed,timeline,305419896,10000,100000,71291,66938,0.043212891,unavailable,0,0,0,0,0,0,0,0,5,0,1
10,timed,timeline,305419896,10000,100000,79460,73515,0.042480469,unavailable,0,0,0,0,0,0,0,0,6,0,1
10,timed,timeline,305419896,10000,100000,80432,74247,87.616699219,unavailable,0,0,0,0,0,0,0,0,4,0,1
10,timed,timeline,305419896,10000,100000,80696,74463,0.124755859,unavailable,0,0,0,0,0,0,0,0,4,0,1
10,timed,timeline,305419896,10000,100000,85815,78506,0.105224609,unavailable,0,0,0,0,0,0,0,0,2,0,1
10,timed,timeline,305419896,10000,100000,92169,83592,0.038818359,unavailable,0,0,0,0,0,0,0,0,3,0,1
10,timed,timeline,305419896,10000,100000,92610,83923,0.104492188,unavailable,0,0,0,0,0,0,0,0,3,0,1
10,timed,timeline,305419896,10000,100000,94863,85698,0.038330078,unavailable,0,0,0,0,0,0,0,0,4,0,1
10,timed,timeline,305419896,10000,100000,98165,88334,0.142822266,unavailable,0,0,0,0,0,0,0,0,5,0,1
10,diagnostic,timeline,305419896,10000,100000,5500,14431,0.1171875,direct,0,0,0,0,0,15,0,15,2,0,1
10,diagnostic,timeline,305419896,10000,100000,16839,23410,0.157714844,direct,0,0,0,0,0,15,0,15,2,0,1
10,diagnostic,timeline,305419896,10000,100000,18432,24713,0.063476562,direct,0,0,0,0,0,17,1,17,5,0,1
10,diagnostic,timeline,305419896,10000,100000,20958,26761,0.037841797,direct,0,0,0,0,0,16,1,16,5,0,1
10,diagnostic,timeline,305419896,10000,100000,22135,27662,0.09765625,direct,0,0,0,0,0,17,1,17,6,0,1
10,diagnostic,timeline,305419896,10000,100000,24863,29874,0.061035156,direct,0,0,0,0,0,17,1,17,6,0,1
10,diagnostic,timeline,305419896,10000,100000,26690,31311,27.30859375,full,31311,64071,1,12,64084,16,0,16,3,1,7
10,diagnostic,timeline,305419896,10000,100000,34342,37377,0.113037109,direct,0,0,0,0,0,17,1,17,3,0,1
10,diagnostic,timeline,305419896,10000,100000,41301,42980,0.114013672,direct,0,0,0,0,0,17,0,17,4,0,1
10,diagnostic,timeline,305419896,10000,100000,45588,46373,0.112304688,direct,0,0,0,0,0,17,1,17,5,0,1
10,diagnostic,timeline,305419896,10000,100000,51234,50897,0.068603516,local,64,120,1,3,124,17,0,17,6,0,3
10,diagnostic,timeline,305419896,10000,100000,51290,50939,56.936035156,full,50939,116467,1,13,116481,18,1,18,3,1,7
10,diagnostic,timeline,305419896,10000,100000,53029,52314,0.124267578,direct,0,0,0,0,0,18,1,18,4,0,1
10,diagnostic,timeline,305419896,10000,100000,59827,57790,0.111328125,direct,0,0,0,0,0,16,2,16,2,0,1
10,diagnostic,timeline,305419896,10000,100000,64689,61700,0.109130859,direct,0,0,0,0,0,17,1,17,3,0,1
10,diagnostic,timeline,305419896,10000,100000,69555,65558,0.121582031,direct,0,0,0,0,0,19,1,19,4,0,1
10,diagnostic,timeline,305419896,10000,100000,70173,66056,0.1328125,direct,0,0,0,0,0,19,1,19,4,0,1
10,diagnostic,timeline,305419896,10000,100000,70967,66684,0.038818359,direct,0,0,0,0,0,16,0,16,4,0,1
10,diagnostic,timeline,305419896,10000,100000,78298,72563,0.141845703,direct,0,0,0,0,0,19,2,19,6,0,1
10,diagnostic,timeline,305419896,10000,100000,80432,74247,109.627929688,full,74247,205311,1,14,205326,18,0,18,4,1,7
10,diagnostic,timeline,305419896,10000,100000,84877,77770,0.099609375,direct,0,0,0,0,0,16,1,16,4,0,1
10,diagnostic,timeline,305419896,10000,100000,89611,81550,0.134033203,direct,0,0,0,0,0,18,0,18,3,0,1
10,diagnostic,timeline,305419896,10000,100000,90183,81990,0.107910156,direct,0,0,0,0,0,19,1,19,3,0,1
10,diagnostic,timeline,305419896,10000,100000,95897,86538,0.108642578,direct,0,0,0,0,0,16,0,16,2,0,1
10,diagnostic,timeline,305419896,10000,100000,98789,88798,0.098876953,direct,0,0,0,0,0,19,1,19,5,0,1
11,timed,timeline,2654435769,10000,100000,1495,11172,0.033203125,unavailable,0,0,0,0,0,0,0,0,1,0,1
11,timed,timeline,2654435769,10000,100000,4155,13278,0.073242188,unavailable,0,0,0,0,0,0,0,0,2,0,1
11,timed,timeline,2654435769,10000,100000,6779,15384,0.031982422,unavailable,0,0,0,0,0,0,0,0,2,0,1
11,timed,timeline,2654435769,10000,100000,9421,17490,0.033935547,unavailable,0,0,0,0,0,0,0,0,3,0,1
11,timed,timeline,2654435769,10000,100000,14733,21702,0.034912109,unavailable,0,0,0,0,0,0,0,0,4,0,1
11,timed,timeline,2654435769,10000,100000,17365,23808,0.044677734,unavailable,0,0,0,0,0,0,0,0,5,0,1
11,timed,timeline,2654435769,10000,100000,25236,30093,0.035644531,unavailable,0,0,0,0,0,0,0,0,6,0,1
11,timed,timeline,2654435769,10000,100000,25811,30552,0.032958984,unavailable,0,0,0,0,0,0,0,0,6,0,1
11,timed,timeline,2654435769,10000,100000,26843,31356,21.483398438,unavailable,0,0,0,0,0,0,0,0,4,0,1
11,timed,timeline,2654435769,10000,100000,38435,40608,0.034423828,unavailable,0,0,0,0,0,0,0,0,4,0,1
11,timed,timeline,2654435769,10000,100000,49091,49032,0.043701172,unavailable,0,0,0,0,0,0,0,0,4,0,1
11,timed,timeline,2654435769,10000,100000,50506,50151,0.036621094,unavailable,0,0,0,0,0,0,0,0,6,0,1
11,timed,timeline,2654435769,10000,100000,51490,50945,44.188232422,unavailable,0,0,0,0,0,0,0,0,3,0,1
11,timed,timeline,2654435769,10000,100000,57125,55408,0.034179688,unavailable,0,0,0,0,0,0,0,0,1,0,1
11,timed,timeline,2654435769,10000,100000,63595,60704,0.038330078,unavailable,0,0,0,0,0,0,0,0,3,0,1
11,timed,timeline,2654435769,10000,100000,66203,62810,0.035888672,unavailable,0,0,0,0,0,0,0,0,3,0,1
11,timed,timeline,2654435769,10000,100000,68799,64916,0.033447266,unavailable,0,0,0,0,0,0,0,0,4,0,1
11,timed,timeline,2654435769,10000,100000,71415,67022,0.036865234,unavailable,0,0,0,0,0,0,0,0,4,0,1
11,timed,timeline,2654435769,10000,100000,74027,69126,0.037597656,unavailable,0,0,0,0,0,0,0,0,5,0,1
11,timed,timeline,2654435769,10000,100000,78066,72325,0.033691406,unavailable,0,0,0,0,0,0,0,0,6,0,1
11,timed,timeline,2654435769,10000,100000,79391,73338,0.036376953,unavailable,0,0,0,0,0,0,0,0,6,0,1
11,timed,timeline,2654435769,10000,100000,79688,73579,0.033203125,unavailable,0,0,0,0,0,0,0,0,6,0,1
11,timed,timeline,2654435769,10000,100000,80652,74359,87.355224609,unavailable,0,0,0,0,0,0,0,0,3,0,1
11,timed,timeline,2654435769,10000,100000,93819,84820,0.046875,unavailable,0,0,0,0,0,0,0,0,4,0,1
11,timed,timeline,2654435769,10000,100000,96501,86926,0.039550781,unavailable,0,0,0,0,0,0,0,0,4,0,1
11,diagnostic,timeline,2654435769,10000,100000,4161,13282,0.053466797,direct,0,0,0,0,0,15,1,15,2,0,1
11,diagnostic,timeline,2654435769,10000,100000,5050,14013,0.038085938,direct,0,0,0,0,0,14,1,14,2,0,1
11,diagnostic,timeline,2654435769,10000,100000,8387,16694,0.106445312,direct,0,0,0,0,0,16,1,16,3,0,1
11,diagnostic,timeline,2654435769,10000,100000,12232,19749,0.037597656,direct,0,0,0,0,0,15,1,15,3,0,1
11,diagnostic,timeline,2654435769,10000,100000,12837,20218,0.107910156,direct,0,0,0,0,0,16,1,16,4,0,1
11,diagnostic,timeline,2654435769,10000,100000,15795,22552,0.039550781,direct,0,0,0,0,0,15,0,15,4,0,1
11,diagnostic,timeline,2654435769,10000,100000,18154,24441,0.122802734,direct,0,0,0,0,0,17,2,17,5,0,1
11,diagnostic,timeline,2654435769,10000,100000,23032,28337,0.129638672,direct,0,0,0,0,0,17,1,17,6,0,1
11,diagnostic,timeline,2654435769,10000,100000,26843,31356,28.239501953,full,31356,64116,1,12,64129,17,1,17,4,1,7
11,diagnostic,timeline,2654435769,10000,100000,35107,37990,0.108886719,direct,0,0,0,0,0,17,1,17,3,0,1
11,diagnostic,timeline,2654435769,10000,100000,41758,43191,0.126220703,direct,0,0,0,0,0,17,1,17,4,0,1
11,diagnostic,timeline,2654435769,10000,100000,46165,46698,0.1171875,direct,0,0,0,0,0,17,2,17,5,0,1
11,diagnostic,timeline,2654435769,10000,100000,46901,47282,0.048095703,direct,0,0,0,0,0,18,1,18,6,0,1
11,diagnostic,timeline,2654435769,10000,100000,50205,49914,0.113525391,direct,0,0,0,0,0,18,1,18,6,0,1
11,diagnostic,timeline,2654435769,10000,100000,51474,50935,0.031738281,local,32,56,1,2,59,18,2,18,6,0,2
11,diagnostic,timeline,2654435769,10000,100000,51490,50945,55.617675781,full,50945,116473,1,13,116487,18,1,18,3,1,7
11,diagnostic,timeline,2654435769,10000,100000,54794,53525,0.109619141,direct,0,0,0,0,0,17,1,17,4,0,1
11,diagnostic,timeline,2654435769,10000,100000,60638,58311,0.039794922,direct,0,0,0,0,0,17,0,17,2,0,1
11,diagnostic,timeline,2654435769,10000,100000,63279,60444,0.113037109,direct,0,0,0,0,0,17,0,17,3,0,1
11,diagnostic,timeline,2654435769,10000,100000,76079,70726,0.041015625,direct,0,0,0,0,0,18,1,18,6,0,1
11,diagnostic,timeline,2654435769,10000,100000,79828,73693,0.099609375,direct,0,0,0,0,0,18,1,18,6,0,1
11,diagnostic,timeline,2654435769,10000,100000,80642,74351,0.013916016,local,16,24,1,1,26,17,0,17,6,0,2
11,diagnostic,timeline,2654435769,10000,100000,80652,74359,112.125244141,full,74359,205423,1,14,205438,17,0,17,3,1,7
11,diagnostic,timeline,2654435769,10000,100000,87765,80024,0.04296875,direct,0,0,0,0,0,19,1,19,2,0,1
11,diagnostic,timeline,2654435769,10000,100000,91295,82834,0.047363281,direct,0,0,0,0,0,19,1,19,3,0,1
11,diagnostic,timeline,2654435769,10000,100000,91714,83165,0.096435547,direct,0,0,0,0,0,19,1,19,3,0,1
11,diagnostic,timeline,2654435769,10000,100000,95940,86493,0.104980469,direct,0,0,0,0,0,18,1,18,4,0,1
12,timed,timeline,826366246,10000,100000,4594,13661,0.110107422,unavailable,0,0,0,0,0,0,0,0,2,0,1
12,timed,timeline,826366246,10000,100000,16452,23211,0.172607422,unavailable,0,0,0,0,0,0,0,0,2,0,1
12,timed,timeline,826366246,10000,100000,18728,25039,0.047607422,unavailable,0,0,0,0,0,0,0,0,5,0,1
12,timed,timeline,826366246,10000,100000,21739,27438,0.110107422,unavailable,0,0,0,0,0,0,0,0,5,0,1
12,timed,timeline,826366246,10000,100000,25028,30093,0.040527344,unavailable,0,0,0,0,0,0,0,0,6,0,1
12,timed,timeline,826366246,10000,100000,26522,31285,22.113525391,unavailable,0,0,0,0,0,0,0,0,3,0,1
12,timed,timeline,826366246,10000,100000,37183,39922,0.106933594,unavailable,0,0,0,0,0,0,0,0,4,0,1
12,timed,timeline,826366246,10000,100000,40934,42913,0.112548828,unavailable,0,0,0,0,0,0,0,0,3,0,1
12,timed,timeline,826366246,10000,100000,47148,47939,0.106689453,unavailable,0,0,0,0,0,0,0,0,6,0,1
12,timed,timeline,826366246,10000,100000,49728,50033,0.044189453,unavailable,0,0,0,0,0,0,0,0,6,0,1
12,timed,timeline,826366246,10000,100000,49945,50204,0.095703125,unavailable,0,0,0,0,0,0,0,0,6,0,1
12,timed,timeline,826366246,10000,100000,50954,51047,43.525634766,unavailable,0,0,0,0,0,0,0,0,4,0,1
12,timed,timeline,826366246,10000,100000,55064,54367,0.100097656,unavailable,0,0,0,0,0,0,0,0,4,0,1
12,timed,timeline,826366246,10000,100000,62888,60623,0.056152344,unavailable,0,0,0,0,0,0,0,0,4,0,1
12,timed,timeline,826366246,10000,100000,66616,63611,0.122802734,unavailable,0,0,0,0,0,0,0,0,4,0,1
12,timed,timeline,826366246,10000,100000,75611,70788,0.111572266,unavailable,0,0,0,0,0,0,0,0,6,0,1
12,timed,timeline,826366246,10000,100000,79106,73603,0.134033203,unavailable,0,0,0,0,0,0,0,0,6,0,1
12,timed,timeline,826366246,10000,100000,80001,74360,86.469482422,unavailable,0,0,0,0,0,0,0,0,3,0,1
12,timed,timeline,826366246,10000,100000,82543,76352,0.112304688,unavailable,0,0,0,0,0,0,0,0,3,0,1
12,timed,timeline,826366246,10000,100000,89202,81617,0.041992188,unavailable,0,0,0,0,0,0,0,0,3,0,1
12,timed,timeline,826366246,10000,100000,89755,82032,0.110839844,unavailable,0,0,0,0,0,0,0,0,4,0,1
12,timed,timeline,826366246,10000,100000,91850,83721,0.158691406,unavailable,0,0,0,0,0,0,0,0,3,0,1
12,timed,timeline,826366246,10000,100000,91854,83723,0.089111328,unavailable,0,0,0,0,0,0,0,0,3,0,1
12,timed,timeline,826366246,10000,100000,94506,85829,0.044921875,unavailable,0,0,0,0,0,0,0,0,4,0,1
12,timed,timeline,826366246,10000,100000,96564,87437,0.115234375,unavailable,0,0,0,0,0,0,0,0,4,0,1
12,diagnostic,timeline,826366246,10000,100000,1739,11320,0.034912109,direct,0,0,0,0,0,14,1,14,1,0,1
12,diagnostic,timeline,826366246,10000,100000,9551,17676,0.035888672,direct,0,0,0,0,0,16,1,16,3,0,1
12,diagnostic,timeline,826366246,10000,100000,11600,19313,0.047363281,direct,0,0,0,0,0,16,1,16,3,0,1
12,diagnostic,timeline,826366246,10000,100000,14655,21786,0.03515625,direct,0,0,0,0,0,16,1,16,4,0,1
12,diagnostic,timeline,826366246,10000,100000,18448,24791,0.03515625,direct,0,0,0,0,0,17,1,17,5,0,1
12,diagnostic,timeline,826366246,10000,100000,19126,25357,0.037597656,direct,0,0,0,0,0,17,1,17,5,0,1
12,diagnostic,timeline,826366246,10000,100000,20881,26762,0.034912109,direct,0,0,0,0,0,17,1,17,5,0,1
12,diagnostic,timeline,826366246,10000,100000,26522,31285,26.386230469,full,31285,64045,1,12,64058,17,1,17,3,1,7
12,diagnostic,timeline,826366246,10000,100000,30416,34441,0.1640625,direct,0,0,0,0,0,17,1,17,2,0,1
12,diagnostic,timeline,826366246,10000,100000,30445,34466,0.037353516,direct,0,0,0,0,0,17,1,17,2,0,1
12,diagnostic,timeline,826366246,10000,100000,37375,40086,0.034667969,direct,0,0,0,0,0,17,1,17,4,0,1
12,diagnostic,timeline,826366246,10000,100000,46395,47322,0.044189453,direct,0,0,0,0,0,18,2,18,6,0,1
12,diagnostic,timeline,826366246,10000,100000,47882,48515,0.034912109,direct,0,0,0,0,0,18,1,18,6,0,1
12,diagnostic,timeline,826366246,10000,100000,49593,49920,0.0390625,direct,0,0,0,0,0,17,0,17,6,0,1
12,diagnostic,timeline,826366246,10000,100000,50923,51024,0.0078125,local,8,8,1,0,9,16,0,16,6,0,2
12,diagnostic,timeline,826366246,10000,100000,50954,51047,54.592285156,full,51047,116575,1,13,116589,18,2,18,4,1,7
12,diagnostic,timeline,826366246,10000,100000,54784,54135,0.040283203,direct,0,0,0,0,0,18,1,18,4,0,1
12,diagnostic,timeline,826366246,10000,100000,65315,62564,0.040527344,direct,0,0,0,0,0,18,1,18,3,0,1
12,diagnostic,timeline,826366246,10000,100000,67064,63969,0.036865234,direct,0,0,0,0,0,18,1,18,4,0,1
12,diagnostic,timeline,826366246,10000,100000,77658,72399,0.035644531,direct,0,0,0,0,0,19,1,19,6,0,1
12,diagnostic,timeline,826366246,10000,100000,79343,73804,0.036865234,direct,0,0,0,0,0,19,1,19,6,0,1
12,diagnostic,timeline,826366246,10000,100000,80001,74360,107.534179688,full,74360,205424,1,14,205439,19,2,19,3,1,7
12,diagnostic,timeline,826366246,10000,100000,86417,79424,0.047607422,direct,0,0,0,0,0,17,0,17,2,0,1
12,diagnostic,timeline,826366246,10000,100000,89987,82234,0.036621094,direct,0,0,0,0,0,19,1,19,3,0,1
12,diagnostic,timeline,826366246,10000,100000,91741,83636,0.049072266,direct,0,0,0,0,0,18,1,18,3,0,1
12,diagnostic,timeline,826366246,10000,100000,97084,87851,0.035888672,direct,0,0,0,0,0,19,1,19,4,0,1
13,timed,timeline,12648430,10000,100000,1463,11172,0.034423828,unavailable,0,0,0,0,0,0,0,0,1,0,1
13,timed,timeline,12648430,10000,100000,9371,17490,0.040039062,unavailable,0,0,0,0,0,0,0,0,3,0,1
13,timed,timeline,12648430,10000,100000,12085,19596,0.034667969,unavailable,0,0,0,0,0,0,0,0,3,0,1
13,timed,timeline,12648430,10000,100000,14687,21702,0.036865234,unavailable,0,0,0,0,0,0,0,0,4,0,1
13,timed,timeline,12648430,10000,100000,15834,22615,0.162109375,unavailable,0,0,0,0,0,0,0,0,4,0,1
13,timed,timeline,12648430,10000,100000,17341,23808,0.034667969,unavailable,0,0,0,0,0,0,0,0,5,0,1
13,timed,timeline,12648430,10000,100000,26311,30936,0.033935547,unavailable,0,0,0,0,0,0,0,0,6,0,1
13,timed,timeline,12648430,10000,100000,26617,31176,0.057617188,unavailable,0,0,0,0,0,0,0,0,7,0,1
13,timed,timeline,12648430,10000,100000,26636,31195,21.426757812,unavailable,0,0,0,0,0,0,0,0,3,0,1
13,timed,timeline,12648430,10000,100000,33354,36609,0.102050781,unavailable,0,0,0,0,0,0,0,0,3,0,1
13,timed,timeline,12648430,10000,100000,35723,38512,0.035644531,unavailable,0,0,0,0,0,0,0,0,3,0,1
13,timed,timeline,12648430,10000,100000,38327,40586,0.038330078,unavailable,0,0,0,0,0,0,0,0,4,0,1
13,timed,timeline,12648430,10000,100000,43036,44313,0.126220703,unavailable,0,0,0,0,0,0,0,0,5,0,1
13,timed,timeline,12648430,10000,100000,46959,47396,0.047363281,unavailable,0,0,0,0,0,0,0,0,6,0,1
13,timed,timeline,12648430,10000,100000,48700,48775,0.132568359,unavailable,0,0,0,0,0,0,0,0,6,0,1
13,timed,timeline,12648430,10000,100000,48993,49010,0.035644531,unavailable,0,0,0,0,0,0,0,0,6,0,1
13,timed,timeline,12648430,10000,100000,50214,49953,0.122802734,unavailable,0,0,0,0,0,0,0,0,6,0,1
13,timed,timeline,12648430,10000,100000,51172,50685,43.351318359,unavailable,0,0,0,0,0,0,0,0,4,0,1
13,timed,timeline,12648430,10000,100000,53956,52869,0.106933594,unavailable,0,0,0,0,0,0,0,0,4,0,1
13,timed,timeline,12648430,10000,100000,60923,58516,0.053710938,unavailable,0,0,0,0,0,0,0,0,2,0,1
13,timed,timeline,12648430,10000,100000,69820,65611,0.109619141,unavailable,0,0,0,0,0,0,0,0,4,0,1
13,timed,timeline,12648430,10000,100000,80333,74022,92.263671875,unavailable,0,0,0,0,0,0,0,0,4,0,1
13,timed,timeline,12648430,10000,100000,80847,74428,0.124755859,unavailable,0,0,0,0,0,0,0,0,4,0,1
13,timed,timeline,12648430,10000,100000,86679,79166,0.109375,unavailable,0,0,0,0,0,0,0,0,2,0,1
13,timed,timeline,12648430,10000,100000,95555,86282,0.107910156,unavailable,0,0,0,0,0,0,0,0,4,0,1
13,diagnostic,timeline,12648430,10000,100000,1465,11174,0.039306641,direct,0,0,0,0,0,15,1,15,1,0,1
13,diagnostic,timeline,12648430,10000,100000,5149,14130,0.039306641,direct,0,0,0,0,0,16,1,16,2,0,1
13,diagnostic,timeline,12648430,10000,100000,6759,15388,0.041015625,direct,0,0,0,0,0,16,1,16,2,0,1
13,diagnostic,timeline,12648430,10000,100000,22167,27616,0.039306641,direct,0,0,0,0,0,17,1,17,6,0,1
13,diagnostic,timeline,12648430,10000,100000,22867,28166,0.037109375,direct,0,0,0,0,0,17,1,17,6,0,1
13,diagnostic,timeline,12648430,10000,100000,23417,28592,0.039306641,direct,0,0,0,0,0,17,1,17,6,0,1
13,diagnostic,timeline,12648430,10000,100000,26636,31195,26.772705078,full,31195,63955,1,12,63968,17,2,17,3,1,7
13,diagnostic,timeline,12648430,10000,100000,31549,35188,0.037841797,direct,0,0,0,0,0,16,0,16,2,0,1
13,diagnostic,timeline,12648430,10000,100000,47487,47810,0.036865234,direct,0,0,0,0,0,18,1,18,6,0,1
13,diagnostic,timeline,12648430,10000,100000,51172,50685,56.517822266,full,50685,116213,1,13,116227,16,0,16,4,1,7
13,diagnostic,timeline,12648430,10000,100000,57127,55472,0.091552734,direct,0,0,0,0,0,18,1,18,2,0,1
13,diagnostic,timeline,12648430,10000,100000,60633,58282,0.038574219,direct,0,0,0,0,0,18,1,18,2,0,1
13,diagnostic,timeline,12648430,10000,100000,62342,59687,0.047607422,direct,0,0,0,0,0,18,1,18,3,0,1
13,diagnostic,timeline,12648430,10000,100000,64088,61091,0.050292969,direct,0,0,0,0,0,17,1,17,3,0,1
13,diagnostic,timeline,12648430,10000,100000,67668,63901,0.037353516,direct,0,0,0,0,0,18,0,18,4,0,1
13,diagnostic,timeline,12648430,10000,100000,70811,66396,0.042480469,direct,0,0,0,0,0,18,1,18,4,0,1
13,diagnostic,timeline,12648430,10000,100000,72923,68116,0.043945312,direct,0,0,0,0,0,18,1,18,5,0,1
13,diagnostic,timeline,12648430,10000,100000,75717,70344,0.057617188,direct,0,0,0,0,0,17,0,17,6,0,1
13,diagnostic,timeline,12648430,10000,100000,76473,70926,0.041015625,direct,0,0,0,0,0,18,1,18,6,0,1
13,diagnostic,timeline,12648430,10000,100000,80333,74022,124.235351562,full,74022,205086,1,14,205101,17,1,17,4,1,7
13,diagnostic,timeline,12648430,10000,100000,89460,81399,0.040771484,direct,0,0,0,0,0,18,1,18,3,0,1
13,diagnostic,timeline,12648430,10000,100000,91245,82804,0.053466797,direct,0,0,0,0,0,18,1,18,3,0,1
13,diagnostic,timeline,12648430,10000,100000,92946,84209,0.038818359,direct,0,0,0,0,0,17,0,17,4,0,1
13,diagnostic,timeline,12648430,10000,100000,94723,85614,0.042480469,direct,0,0,0,0,0,19,1,19,4,0,1
13,diagnostic,timeline,12648430,10000,100000,98207,88424,0.037597656,direct,0,0,0,0,0,19,1,19,5,0,1
14,timed,priority,17,10000,100000,11290,11087,0.201416016,unavailable,0,0,0,0,0,0,0,0,1,0,1
14,timed,priority,17,10000,100000,22237,12286,0.209228516,unavailable,0,0,0,0,0,0,0,0,1,0,1
14,timed,priority,17,10000,100000,36307,13923,0.254638672,unavailable,0,0,0,0,0,0,0,0,1,0,1
14,timed,priority,17,10000,100000,54515,15967,9.754150391,unavailable,0,0,0,0,0,0,0,0,3,0,1
14,timed,priority,17,10000,100000,70041,17581,0.199951172,unavailable,0,0,0,0,0,0,0,0,1,0,1
14,timed,priority,17,10000,100000,75698,18147,0.425537109,unavailable,0,0,0,0,0,0,0,0,1,0,1
14,timed,priority,17,10000,100000,76593,18236,0.198974609,unavailable,0,0,0,0,0,0,0,0,1,0,1
14,timed,priority,17,10000,100000,80142,18617,0.215820312,unavailable,0,0,0,0,0,0,0,0,1,0,1
14,timed,priority,17,10000,100000,81560,18791,0.198974609,unavailable,0,0,0,0,0,0,0,0,1,0,1
14,timed,priority,17,10000,100000,82446,18865,0.232910156,unavailable,0,0,0,0,0,0,0,0,1,0,1
14,timed,priority,17,10000,100000,83276,18972,0.194335938,unavailable,0,0,0,0,0,0,0,0,1,0,1
14,timed,priority,17,10000,100000,83583,18994,0.200439453,unavailable,0,0,0,0,0,0,0,0,1,0,1
14,timed,priority,17,10000,100000,83709,19009,0.184570312,unavailable,0,0,0,0,0,0,0,0,1,0,1
14,timed,priority,17,10000,100000,84649,19069,0.201171875,unavailable,0,0,0,0,0,0,0,0,1,0,1
14,timed,priority,17,10000,100000,85681,19195,0.210449219,unavailable,0,0,0,0,0,0,0,0,1,0,1
14,timed,priority,17,10000,100000,86980,19298,0.254150391,unavailable,0,0,0,0,0,0,0,0,2,0,1
14,timed,priority,17,10000,100000,87070,19298,0.206542969,unavailable,0,0,0,0,0,0,0,0,1,0,1
14,timed,priority,17,10000,100000,88929,19432,0.417724609,unavailable,0,0,0,0,0,0,0,0,1,0,1
14,timed,priority,17,10000,100000,89260,19454,0.203857422,unavailable,0,0,0,0,0,0,0,0,1,0,1
14,timed,priority,17,10000,100000,90200,19493,0.203125,unavailable,0,0,0,0,0,0,0,0,1,0,1
14,timed,priority,17,10000,100000,90306,19500,0.197753906,unavailable,0,0,0,0,0,0,0,0,1,0,1
14,timed,priority,17,10000,100000,91035,19613,0.210205078,unavailable,0,0,0,0,0,0,0,0,1,0,1
14,timed,priority,17,10000,100000,91792,19689,0.210693359,unavailable,0,0,0,0,0,0,0,0,1,0,1
14,timed,priority,17,10000,100000,94485,19915,0.225830078,unavailable,0,0,0,0,0,0,0,0,1,0,1
14,timed,priority,17,10000,100000,95671,20071,0.215332031,unavailable,0,0,0,0,0,0,0,0,1,0,1
14,diagnostic,priority,17,10000,100000,8135,10804,0.218017578,direct,0,0,0,0,0,14,1,14,5,0,1
14,diagnostic,priority,17,10000,100000,11290,11087,0.231933594,large,512,1016,1,6,1023,14,1,14,1,0,3
14,diagnostic,priority,17,10000,100000,16327,11655,0.209960938,large,512,1016,1,6,1023,13,1,13,1,0,3
14,diagnostic,priority,17,10000,100000,22237,12286,0.246582031,large,512,1016,1,6,1023,14,1,14,1,0,3
14,diagnostic,priority,17,10000,100000,36307,13923,0.308837891,large,512,1016,1,6,1023,13,1,13,1,0,3
14,diagnostic,priority,17,10000,100000,54515,15967,11.428710938,full,15967,32343,1,11,32355,13,1,13,3,1,7
14,diagnostic,priority,17,10000,100000,70041,17581,0.217041016,large,512,1016,1,6,1023,14,1,14,1,0,3
14,diagnostic,priority,17,10000,100000,75698,18147,0.43359375,large,1024,2040,1,7,2048,16,1,16,1,0,3
14,diagnostic,priority,17,10000,100000,76593,18236,0.451171875,large,512,1016,1,6,1023,14,1,14,1,0,3
14,diagnostic,priority,17,10000,100000,80142,18617,0.236572266,large,512,1016,1,6,1023,15,1,15,1,0,3
14,diagnostic,priority,17,10000,100000,81560,18791,0.260742188,large,512,1016,1,6,1023,16,1,16,1,0,3
14,diagnostic,priority,17,10000,100000,82446,18865,0.214599609,large,512,1016,1,6,1023,15,1,15,1,0,3
14,diagnostic,priority,17,10000,100000,83276,18972,0.209228516,large,512,1016,1,6,1023,14,1,14,1,0,2
14,diagnostic,priority,17,10000,100000,83583,18994,0.220214844,large,512,1016,1,6,1023,15,1,15,1,0,3
14,diagnostic,priority,17,10000,100000,84649,19069,0.221191406,large,512,1016,1,6,1023,14,1,14,1,0,3
14,diagnostic,priority,17,10000,100000,85681,19195,0.261230469,large,512,1016,1,6,1023,14,1,14,1,0,3
14,diagnostic,priority,17,10000,100000,86980,19298,0.266845703,large,512,1016,1,6,1023,14,1,14,2,0,3
14,diagnostic,priority,17,10000,100000,87070,19298,0.224365234,large,512,1016,1,6,1023,15,1,15,1,0,3
14,diagnostic,priority,17,10000,100000,88929,19432,0.458007812,large,1024,2040,1,7,2048,15,1,15,1,0,3
14,diagnostic,priority,17,10000,100000,89260,19454,0.221435547,large,512,1016,1,6,1023,15,1,15,1,0,3
14,diagnostic,priority,17,10000,100000,90200,19493,0.229248047,large,512,1016,1,6,1023,15,1,15,1,0,3
14,diagnostic,priority,17,10000,100000,90306,19500,0.220458984,large,512,1016,1,6,1023,16,1,16,1,0,3
14,diagnostic,priority,17,10000,100000,91035,19613,0.275390625,large,512,1016,1,6,1023,15,1,15,1,0,3
14,diagnostic,priority,17,10000,100000,91792,19689,0.219726562,large,512,1016,1,6,1023,15,1,15,1,0,3
14,diagnostic,priority,17,10000,100000,94485,19915,0.232910156,large,512,1016,1,6,1023,16,1,16,1,0,3
14,diagnostic,priority,17,10000,100000,95671,20071,0.225585938,large,512,1016,1,6,1023,16,1,16,1,0,3
15,timed,priority,305419896,10000,100000,1572,10172,7.571777344,unavailable,0,0,0,0,0,0,0,0,3,0,1
15,timed,priority,305419896,10000,100000,9616,11087,0.132324219,unavailable,0,0,0,0,0,0,0,0,1,0,1
15,timed,priority,305419896,10000,100000,11609,11215,0.207275391,unavailable,0,0,0,0,0,0,0,0,1,0,1
15,timed,priority,305419896,10000,100000,14171,11500,0.214355469,unavailable,0,0,0,0,0,0,0,0,1,0,1
15,timed,priority,305419896,10000,100000,16335,11722,0.243896484,unavailable,0,0,0,0,0,0,0,0,1,0,1
15,timed,priority,305419896,10000,100000,16441,11736,0.19921875,unavailable,0,0,0,0,0,0,0,0,1,0,1
15,timed,priority,305419896,10000,100000,17881,11884,0.196289062,unavailable,0,0,0,0,0,0,0,0,1,0,1
15,timed,priority,305419896,10000,100000,19289,12027,0.206542969,unavailable,0,0,0,0,0,0,0,0,1,0,1
15,timed,priority,305419896,10000,100000,20840,12186,0.135986328,unavailable,0,0,0,0,0,0,0,0,1,0,1
15,timed,priority,305419896,10000,100000,21644,12286,0.111816406,unavailable,0,0,0,0,0,0,0,0,1,0,1
15,timed,priority,305419896,10000,100000,22275,12378,0.110839844,unavailable,0,0,0,0,0,0,0,0,1,0,1
15,timed,priority,305419896,10000,100000,22370,12376,0.192871094,unavailable,0,0,0,0,0,0,0,0,1,0,1
15,timed,priority,305419896,10000,100000,22868,12439,0.111816406,unavailable,0,0,0,0,0,0,0,0,1,0,1
15,timed,priority,305419896,10000,100000,22974,12462,0.245361328,unavailable,0,0,0,0,0,0,0,0,2,0,1
15,timed,priority,305419896,10000,100000,23778,12568,0.119140625,unavailable,0,0,0,0,0,0,0,0,1,0,1
15,timed,priority,305419896,10000,100000,26121,12875,0.201660156,unavailable,0,0,0,0,0,0,0,0,1,0,1
15,timed,priority,305419896,10000,100000,27764,13008,0.203125,unavailable,0,0,0,0,0,0,0,0,1,0,1
15,timed,priority,305419896,10000,100000,33910,13524,0.110351562,unavailable,0,0,0,0,0,0,0,0,1,0,1
15,timed,priority,305419896,10000,100000,33974,13532,0.125244141,unavailable,0,0,0,0,0,0,0,0,1,0,1
15,timed,priority,305419896,10000,100000,35133,13611,0.137451172,unavailable,0,0,0,0,0,0,0,0,1,0,1
15,timed,priority,305419896,10000,100000,41686,14287,0.468017578,unavailable,0,0,0,0,0,0,0,0,1,0,1
15,timed,priority,305419896,10000,100000,43015,14444,0.192871094,unavailable,0,0,0,0,0,0,0,0,1,0,1
15,timed,priority,305419896,10000,100000,69949,17022,0.231933594,unavailable,0,0,0,0,0,0,0,0,1,0,1
15,timed,priority,305419896,10000,100000,85910,18487,0.126953125,unavailable,0,0,0,0,0,0,0,0,1,0,1
15,timed,priority,305419896,10000,100000,96004,19589,17.434814453,unavailable,0,0,0,0,0,0,0,0,3,0,1
15,diagnostic,priority,305419896,10000,100000,1572,10172,8.358886719,full,10172,26548,1,11,26560,14,1,14,3,1,7
15,diagnostic,priority,305419896,10000,100000,9616,11087,0.126220703,large,256,504,1,5,510,15,1,15,1,0,2
15,diagnostic,priority,305419896,10000,100000,11609,11215,0.220703125,large,512,1016,1,6,1023,15,1,15,1,0,3
15,diagnostic,priority,305419896,10000,100000,14171,11500,0.264404297,large,512,1016,1,6,1023,14,1,14,1,0,3
15,diagnostic,priority,305419896,10000,100000,16335,11722,0.255859375,large,512,1016,1,6,1023,13,1,13,1,0,3
15,diagnostic,priority,305419896,10000,100000,16441,11736,0.213867188,large,512,1016,1,6,1023,15,1,15,1,0,3
15,diagnostic,priority,305419896,10000,100000,16897,11797,0.127197266,large,256,504,1,5,510,14,1,14,1,0,3
15,diagnostic,priority,305419896,10000,100000,17881,11884,0.21484375,large,512,1016,1,6,1023,14,1,14,1,0,3
15,diagnostic,priority,305419896,10000,100000,19289,12027,0.226806641,large,512,1016,1,6,1023,13,1,13,1,0,3
15,diagnostic,priority,305419896,10000,100000,20840,12186,0.143554688,large,256,504,1,5,510,14,1,14,1,0,3
15,diagnostic,priority,305419896,10000,100000,22275,12378,0.138427734,large,256,504,1,5,510,14,1,14,1,0,3
15,diagnostic,priority,305419896,10000,100000,22370,12376,0.212646484,large,512,1016,1,6,1023,14,1,14,1,0,3
15,diagnostic,priority,305419896,10000,100000,22974,12462,0.275390625,large,512,1016,1,6,1023,14,1,14,2,0,3
15,diagnostic,priority,305419896,10000,100000,23778,12568,0.13671875,large,256,504,1,5,510,14,1,14,1,0,3
15,diagnostic,priority,305419896,10000,100000,25858,12851,0.139160156,large,256,504,1,5,510,15,1,15,1,0,3
15,diagnostic,priority,305419896,10000,100000,26121,12875,0.217529297,large,512,1016,1,6,1023,14,1,14,1,0,3
15,diagnostic,priority,305419896,10000,100000,27764,13008,0.227539062,large,512,1016,1,6,1023,14,1,14,1,0,3
15,diagnostic,priority,305419896,10000,100000,33974,13532,0.131835938,large,256,504,1,5,510,15,1,15,1,0,3
15,diagnostic,priority,305419896,10000,100000,35133,13611,0.161132812,large,256,504,1,5,510,15,1,15,1,0,3
15,diagnostic,priority,305419896,10000,100000,41686,14287,0.508789062,large,1024,2040,1,7,2048,15,1,15,1,0,3
15,diagnostic,priority,305419896,10000,100000,43015,14444,0.221191406,large,512,1016,1,6,1023,15,1,15,1,0,3
15,diagnostic,priority,305419896,10000,100000,69949,17022,0.241699219,large,512,1016,1,6,1023,14,1,14,1,0,3
15,diagnostic,priority,305419896,10000,100000,73096,17306,0.223388672,large,256,504,1,5,510,14,1,14,1,0,3
15,diagnostic,priority,305419896,10000,100000,85910,18487,0.277099609,large,256,504,1,5,510,15,1,15,1,0,3
15,diagnostic,priority,305419896,10000,100000,90524,19048,0.126464844,local,128,248,1,4,253,15,1,15,1,0,1
15,diagnostic,priority,305419896,10000,100000,96004,19589,31.593017578,full,19589,52349,1,12,52362,15,1,15,3,1,7
16,timed,priority,2654435769,10000,100000,7088,10641,0.228759766,unavailable,0,0,0,0,0,0,0,0,1,0,1
16,timed,priority,2654435769,10000,100000,8374,10737,0.163818359,unavailable,0,0,0,0,0,0,0,0,1,0,1
16,timed,priority,2654435769,10000,100000,9331,10846,0.213134766,unavailable,0,0,0,0,0,0,0,0,1,0,1
16,timed,priority,2654435769,10000,100000,9345,10847,0.19921875,unavailable,0,0,0,0,0,0,0,0,1,0,1
16,timed,priority,2654435769,10000,100000,20993,11920,0.203369141,unavailable,0,0,0,0,0,0,0,0,1,0,1
16,timed,priority,2654435769,10000,100000,25936,12352,0.205322266,unavailable,0,0,0,0,0,0,0,0,1,0,1
16,timed,priority,2654435769,10000,100000,28978,12637,0.430419922,unavailable,0,0,0,0,0,0,0,0,1,0,1
16,timed,priority,2654435769,10000,100000,29606,12714,0.254394531,unavailable,0,0,0,0,0,0,0,0,1,0,1
16,timed,priority,2654435769,10000,100000,41400,13956,0.232666016,unavailable,0,0,0,0,0,0,0,0,1,0,1
16,timed,priority,2654435769,10000,100000,42662,14059,8.146484375,unavailable,0,0,0,0,0,0,0,0,3,0,1
16,timed,priority,2654435769,10000,100000,52695,15083,0.197753906,unavailable,0,0,0,0,0,0,0,0,1,0,1
16,timed,priority,2654435769,10000,100000,56510,15435,0.238525391,unavailable,0,0,0,0,0,0,0,0,1,0,1
16,timed,priority,2654435769,10000,100000,58094,15616,0.267578125,unavailable,0,0,0,0,0,0,0,0,1,0,1
16,timed,priority,2654435769,10000,100000,58112,15621,0.241210938,unavailable,0,0,0,0,0,0,0,0,1,0,1
16,timed,priority,2654435769,10000,100000,63253,16059,0.204345703,unavailable,0,0,0,0,0,0,0,0,1,0,1
16,timed,priority,2654435769,10000,100000,63515,16086,0.189941406,unavailable,0,0,0,0,0,0,0,0,1,0,1
16,timed,priority,2654435769,10000,100000,65522,16302,0.364990234,unavailable,0,0,0,0,0,0,0,0,1,0,1
16,timed,priority,2654435769,10000,100000,67508,16503,0.227050781,unavailable,0,0,0,0,0,0,0,0,1,0,1
16,timed,priority,2654435769,10000,100000,69805,16712,0.241455078,unavailable,0,0,0,0,0,0,0,0,1,0,1
16,timed,priority,2654435769,10000,100000,73025,17069,0.228271484,unavailable,0,0,0,0,0,0,0,0,1,0,1
16,timed,priority,2654435769,10000,100000,75379,17275,0.196044922,unavailable,0,0,0,0,0,0,0,0,1,0,1
16,timed,priority,2654435769,10000,100000,79581,17780,0.197998047,unavailable,0,0,0,0,0,0,0,0,1,0,1
16,timed,priority,2654435769,10000,100000,79814,17777,0.211669922,unavailable,0,0,0,0,0,0,0,0,1,0,1
16,timed,priority,2654435769,10000,100000,92016,19022,0.473632812,unavailable,0,0,0,0,0,0,0,0,1,0,1
16,timed,priority,2654435769,10000,100000,92953,19101,0.203613281,unavailable,0,0,0,0,0,0,0,0,2,0,1
16,diagnostic,priority,2654435769,10000,100000,7088,10641,0.264648438,large,512,1016,1,6,1023,14,1,14,1,0,3
16,diagnostic,priority,2654435769,10000,100000,8601,10753,0.161865234,large,256,504,1,5,510,14,1,14,1,0,3
16,diagnostic,priority,2654435769,10000,100000,9331,10846,0.247314453,large,512,1016,1,6,1023,14,1,14,1,0,3
16,diagnostic,priority,2654435769,10000,100000,9345,10847,0.251220703,large,512,1016,1,6,1023,14,1,14,1,0,3
16,diagnostic,priority,2654435769,10000,100000,12288,11138,0.166748047,large,256,504,1,5,510,14,1,14,1,0,3
16,diagnostic,priority,2654435769,10000,100000,20993,11920,0.244628906,large,512,1016,1,6,1023,14,1,14,1,0,3
16,diagnostic,priority,2654435769,10000,100000,23021,12126,0.156005859,large,256,504,1,5,510,15,1,15,2,0,3
16,diagnostic,priority,2654435769,10000,100000,25936,12352,0.287597656,large,512,1016,1,6,1023,15,1,15,1,0,3
16,diagnostic,priority,2654435769,10000,100000,28978,12637,0.230957031,large,512,1016,1,6,1023,15,1,15,1,0,3
16,diagnostic,priority,2654435769,10000,100000,29606,12714,0.290283203,large,512,1016,1,6,1023,15,1,15,1,0,3
16,diagnostic,priority,2654435769,10000,100000,41400,13956,0.248535156,large,512,1016,1,6,1023,15,1,15,1,0,3
16,diagnostic,priority,2654435769,10000,100000,42662,14059,11.145751953,full,14059,30435,1,11,30447,15,1,15,3,1,7
16,diagnostic,priority,2654435769,10000,100000,52695,15083,0.234863281,large,512,1016,1,6,1023,16,1,16,1,0,3
16,diagnostic,priority,2654435769,10000,100000,56510,15435,0.278564453,large,512,1016,1,6,1023,16,1,16,1,0,3
16,diagnostic,priority,2654435769,10000,100000,58094,15616,0.238525391,large,512,1016,1,6,1023,14,1,14,1,0,3
16,diagnostic,priority,2654435769,10000,100000,58112,15621,0.224853516,large,512,1016,1,6,1023,15,1,15,1,0,3
16,diagnostic,priority,2654435769,10000,100000,63253,16059,0.227294922,large,512,1016,1,6,1023,14,1,14,1,0,3
16,diagnostic,priority,2654435769,10000,100000,63515,16086,0.216064453,large,512,1016,1,6,1023,14,0,14,1,0,3
16,diagnostic,priority,2654435769,10000,100000,65522,16302,0.224121094,large,512,1016,1,6,1023,14,1,14,1,0,3
16,diagnostic,priority,2654435769,10000,100000,67508,16503,0.218505859,large,512,1016,1,6,1023,15,1,15,1,0,3
16,diagnostic,priority,2654435769,10000,100000,73025,17069,0.244873047,large,512,1016,1,6,1023,14,1,14,1,0,3
16,diagnostic,priority,2654435769,10000,100000,75379,17275,0.258789062,large,512,1016,1,6,1023,15,1,15,1,0,3
16,diagnostic,priority,2654435769,10000,100000,79581,17780,0.235839844,large,512,1016,1,6,1023,15,1,15,1,0,3
16,diagnostic,priority,2654435769,10000,100000,79814,17777,0.246337891,large,512,1016,1,6,1023,15,1,15,1,0,3
16,diagnostic,priority,2654435769,10000,100000,92016,19022,0.555664062,large,1024,2040,1,7,2048,15,1,15,1,0,3
17,timed,priority,826366246,10000,100000,7924,10786,0.541503906,unavailable,0,0,0,0,0,0,0,0,1,0,1
17,timed,priority,826366246,10000,100000,11734,11181,0.086914062,unavailable,0,0,0,0,0,0,0,0,1,0,1
17,timed,priority,826366246,10000,100000,13169,11321,0.117431641,unavailable,0,0,0,0,0,0,0,0,1,0,1
17,timed,priority,826366246,10000,100000,17072,11717,0.238525391,unavailable,0,0,0,0,0,0,0,0,1,0,1
17,timed,priority,826366246,10000,100000,18420,11843,0.180419922,unavailable,0,0,0,0,0,0,0,0,1,0,1
17,timed,priority,826366246,10000,100000,26289,12644,0.249755859,unavailable,0,0,0,0,0,0,0,0,1,0,1
17,timed,priority,826366246,10000,100000,27479,12755,0.487304688,unavailable,0,0,0,0,0,0,0,0,1,0,1
17,timed,priority,826366246,10000,100000,31269,13113,0.12109375,unavailable,0,0,0,0,0,0,0,0,1,0,1
17,timed,priority,826366246,10000,100000,32550,13227,0.206298828,unavailable,0,0,0,0,0,0,0,0,1,0,1
17,timed,priority,826366246,10000,100000,40705,14052,0.136230469,unavailable,0,0,0,0,0,0,0,0,1,0,1
17,timed,priority,826366246,10000,100000,47014,14623,0.193847656,unavailable,0,0,0,0,0,0,0,0,1,0,1
17,timed,priority,826366246,10000,100000,49355,14845,0.093017578,unavailable,0,0,0,0,0,0,0,0,1,0,1
17,timed,priority,826366246,10000,100000,51801,15062,0.100341797,unavailable,0,0,0,0,0,0,0,0,1,0,1
17,timed,priority,826366246,10000,100000,60557,16020,0.097412109,unavailable,0,0,0,0,0,0,0,0,1,0,1
17,timed,priority,826366246,10000,100000,61780,16164,0.074951172,unavailable,0,0,0,0,0,0,0,0,1,0,1
17,timed,priority,826366246,10000,100000,69433,16887,0.122314453,unavailable,0,0,0,0,0,0,0,0,1,0,1
17,timed,priority,826366246,10000,100000,70007,16952,0.109375,unavailable,0,0,0,0,0,0,0,0,1,0,1
17,timed,priority,826366246,10000,100000,70665,17032,0.238525391,unavailable,0,0,0,0,0,0,0,0,1,0,1
17,timed,priority,826366246,10000,100000,71656,17146,0.217773438,unavailable,0,0,0,0,0,0,0,0,1,0,1
17,timed,priority,826366246,10000,100000,75480,17608,0.069824219,unavailable,0,0,0,0,0,0,0,0,1,0,1
17,timed,priority,826366246,10000,100000,76550,17707,0.211425781,unavailable,0,0,0,0,0,0,0,0,1,0,1
17,timed,priority,826366246,10000,100000,81590,18204,0.956542969,unavailable,0,0,0,0,0,0,0,0,1,0,1
17,timed,priority,826366246,10000,100000,84659,18502,0.118896484,unavailable,0,0,0,0,0,0,0,0,1,0,1
17,timed,priority,826366246,10000,100000,85355,18580,1.757324219,unavailable,0,0,0,0,0,0,0,0,1,0,1
17,timed,priority,826366246,10000,100000,86145,18666,0.12109375,unavailable,0,0,0,0,0,0,0,0,1,0,1
17,diagnostic,priority,826366246,10000,100000,7924,10786,0.665527344,large,1024,2040,1,7,2048,14,1,14,1,0,3
17,diagnostic,priority,826366246,10000,100000,13169,11321,0.1328125,large,256,504,1,5,510,14,1,14,1,0,3
17,diagnostic,priority,826366246,10000,100000,17072,11717,0.297607422,large,512,1016,1,6,1023,14,1,14,1,0,3
17,diagnostic,priority,826366246,10000,100000,18420,11843,0.123046875,large,256,504,1,5,510,14,1,14,1,0,3
17,diagnostic,priority,826366246,10000,100000,20163,12037,0.086669922,local,128,248,1,4,253,13,1,13,1,0,3
17,diagnostic,priority,826366246,10000,100000,21547,12188,0.074707031,local,128,248,1,4,253,14,1,14,1,0,3
17,diagnostic,priority,826366246,10000,100000,26289,12644,0.293457031,large,512,1016,1,6,1023,15,1,15,1,0,3
17,diagnostic,priority,826366246,10000,100000,27479,12755,0.672851562,large,1024,2040,1,7,2048,14,1,14,1,0,3
17,diagnostic,priority,826366246,10000,100000,31269,13113,0.132568359,large,256,504,1,5,510,15,1,15,1,0,3
17,diagnostic,priority,826366246,10000,100000,32550,13227,0.228027344,large,512,1016,1,6,1023,14,1,14,1,0,3
17,diagnostic,priority,826366246,10000,100000,32624,13239,0.235839844,local,64,120,1,3,124,15,1,15,1,0,1
17,diagnostic,priority,826366246,10000,100000,40705,14052,0.143066406,large,256,504,1,5,510,14,1,14,1,0,3
17,diagnostic,priority,826366246,10000,100000,47014,14623,0.257080078,large,512,1016,1,6,1023,14,1,14,1,0,3
17,diagnostic,priority,826366246,10000,100000,51708,15063,0.074462891,local,128,248,1,4,253,14,1,14,1,0,2
17,diagnostic,priority,826366246,10000,100000,60557,16020,0.108154297,large,256,504,1,5,510,16,1,16,1,0,3
17,diagnostic,priority,826366246,10000,100000,61780,16164,0.090332031,local,128,248,1,4,253,16,1,16,1,0,3
17,diagnostic,priority,826366246,10000,100000,69433,16887,0.121826172,large,256,504,1,5,510,16,1,16,1,0,3
17,diagnostic,priority,826366246,10000,100000,70007,16952,0.124023438,large,256,504,1,5,510,16,1,16,1,0,3
17,diagnostic,priority,826366246,10000,100000,70665,17032,0.25390625,large,512,1016,1,6,1023,15,1,15,1,0,3
17,diagnostic,priority,826366246,10000,100000,71656,17146,0.251953125,large,512,1016,1,6,1023,14,1,14,1,0,3
17,diagnostic,priority,826366246,10000,100000,75480,17608,0.077880859,local,128,248,1,4,253,15,1,15,1,0,3
17,diagnostic,priority,826366246,10000,100000,76550,17707,0.3125,large,512,1016,1,6,1023,15,1,15,1,0,3
17,diagnostic,priority,826366246,10000,100000,81590,18204,1.112548828,large,2048,4088,1,8,4097,13,1,13,1,0,3
17,diagnostic,priority,826366246,10000,100000,84659,18502,0.134033203,large,256,504,1,5,510,15,1,15,1,0,3
17,diagnostic,priority,826366246,10000,100000,85355,18580,1.905761719,large,4096,8184,1,9,8194,14,1,14,1,0,3
17,diagnostic,priority,826366246,10000,100000,86145,18666,0.137207031,large,256,504,1,5,510,16,1,16,1,0,3
18,timed,priority,12648430,10000,100000,265,10024,0.138916016,unavailable,0,0,0,0,0,0,0,0,1,0,1
18,timed,priority,12648430,10000,100000,1019,10085,0.254882812,unavailable,0,0,0,0,0,0,0,0,1,0,1
18,timed,priority,12648430,10000,100000,3842,10296,0.063476562,unavailable,0,0,0,0,0,0,0,0,1,0,1
18,timed,priority,12648430,10000,100000,6133,10527,0.079833984,unavailable,0,0,0,0,0,0,0,0,1,0,1
18,timed,priority,12648430,10000,100000,10976,11019,0.108398438,unavailable,0,0,0,0,0,0,0,0,1,0,1
18,timed,priority,12648430,10000,100000,11288,11060,0.106201172,unavailable,0,0,0,0,0,0,0,0,1,0,1
18,timed,priority,12648430,10000,100000,11495,11065,0.0625,unavailable,0,0,0,0,0,0,0,0,1,0,1
18,timed,priority,12648430,10000,100000,12043,11115,0.063476562,unavailable,0,0,0,0,0,0,0,0,1,0,1
18,timed,priority,12648430,10000,100000,12083,11117,0.094726562,unavailable,0,0,0,0,0,0,0,0,1,0,1
18,timed,priority,12648430,10000,100000,12518,11158,0.486816406,unavailable,0,0,0,0,0,0,0,0,1,0,1
18,timed,priority,12648430,10000,100000,12809,11179,0.095458984,unavailable,0,0,0,0,0,0,0,0,1,0,1
18,timed,priority,12648430,10000,100000,13142,11196,0.117919922,unavailable,0,0,0,0,0,0,0,0,1,0,1
18,timed,priority,12648430,10000,100000,13346,11226,0.245361328,unavailable,0,0,0,0,0,0,0,0,1,0,1
18,timed,priority,12648430,10000,100000,14050,11296,1.576660156,unavailable,0,0,0,0,0,0,0,0,1,0,1
18,timed,priority,12648430,10000,100000,16104,11528,0.108154297,unavailable,0,0,0,0,0,0,0,0,1,0,1
18,timed,priority,12648430,10000,100000,31721,13037,0.111572266,unavailable,0,0,0,0,0,0,0,0,1,0,1
18,timed,priority,12648430,10000,100000,50220,14960,0.126464844,unavailable,0,0,0,0,0,0,0,0,1,0,1
18,timed,priority,12648430,10000,100000,50950,15028,0.258300781,unavailable,0,0,0,0,0,0,0,0,1,0,1
18,timed,priority,12648430,10000,100000,69030,16903,0.112060547,unavailable,0,0,0,0,0,0,0,0,1,0,1
18,timed,priority,12648430,10000,100000,71043,17078,0.064208984,unavailable,0,0,0,0,0,0,0,0,1,0,1
18,timed,priority,12648430,10000,100000,72918,17249,0.064697266,unavailable,0,0,0,0,0,0,0,0,1,0,1
18,timed,priority,12648430,10000,100000,82407,18344,0.10546875,unavailable,0,0,0,0,0,0,0,0,1,0,1
18,timed,priority,12648430,10000,100000,85027,18542,0.071044922,unavailable,0,0,0,0,0,0,0,0,1,0,1
18,timed,priority,12648430,10000,100000,94655,19586,0.195800781,unavailable,0,0,0,0,0,0,0,0,1,0,1
18,timed,priority,12648430,10000,100000,97997,19894,0.063720703,unavailable,0,0,0,0,0,0,0,0,1,0,1
18,diagnostic,priority,12648430,10000,100000,265,10024,0.141357422,large,256,504,1,5,510,13,1,13,1,0,3
18,diagnostic,priority,12648430,10000,100000,1019,10085,0.338623047,large,512,1016,1,6,1023,15,1,15,1,0,3
18,diagnostic,priority,12648430,10000,100000,2006,10134,0.12109375,direct,0,0,0,0,0,14,1,14,4,0,1
18,diagnostic,priority,12648430,10000,100000,3842,10296,0.068603516,local,128,248,1,4,253,14,1,14,1,0,2
18,diagnostic,priority,12648430,10000,100000,7878,10731,0.074707031,local,128,248,1,4,253,13,1,13,1,0,3
18,diagnostic,priority,12648430,10000,100000,8375,10773,0.111816406,direct,0,0,0,0,0,14,1,14,2,0,1
18,diagnostic,priority,12648430,10000,100000,10976,11019,0.122558594,large,256,504,1,5,510,15,1,15,1,0,3
18,diagnostic,priority,12648430,10000,100000,11288,11060,0.104492188,large,256,504,1,5,510,14,1,14,1,0,3
18,diagnostic,priority,12648430,10000,100000,11495,11065,0.067382812,local,128,248,1,4,253,14,1,14,1,0,2
18,diagnostic,priority,12648430,10000,100000,12043,11115,0.186035156,local,128,248,1,4,253,14,1,14,1,0,3
18,diagnostic,priority,12648430,10000,100000,12083,11117,0.105712891,large,256,504,1,5,510,15,1,15,1,0,3
18,diagnostic,priority,12648430,10000,100000,12518,11158,0.561523438,large,1024,2040,1,7,2048,14,1,14,1,0,3
18,diagnostic,priority,12648430,10000,100000,12809,11179,0.102783203,large,256,504,1,5,510,14,1,14,1,0,3
18,diagnostic,priority,12648430,10000,100000,13142,11196,0.127441406,large,256,504,1,5,510,14,1,14,1,0,3
18,diagnostic,priority,12648430,10000,100000,13346,11226,0.26953125,large,512,1016,1,6,1023,13,1,13,1,0,3
18,diagnostic,priority,12648430,10000,100000,14050,11296,1.895751953,large,4096,8184,1,9,8194,15,1,15,1,0,3
18,diagnostic,priority,12648430,10000,100000,16104,11528,0.111328125,large,256,504,1,5,510,14,1,14,1,0,3
18,diagnostic,priority,12648430,10000,100000,27501,12632,0.108886719,direct,0,0,0,0,0,14,1,14,2,0,1
18,diagnostic,priority,12648430,10000,100000,31721,13037,0.121337891,large,256,504,1,5,510,15,1,15,1,0,3
18,diagnostic,priority,12648430,10000,100000,50220,14960,0.153564453,large,256,504,1,5,510,14,1,14,1,0,3
18,diagnostic,priority,12648430,10000,100000,54835,15325,0.154052734,direct,0,0,0,0,0,15,1,15,1,0,1
18,diagnostic,priority,12648430,10000,100000,65339,16490,0.094970703,direct,0,0,0,0,0,16,1,16,1,0,1
18,diagnostic,priority,12648430,10000,100000,69030,16903,0.129394531,large,256,504,1,5,510,14,1,14,1,0,3
18,diagnostic,priority,12648430,10000,100000,71043,17078,0.072021484,local,128,248,1,4,253,16,1,16,1,0,2
18,diagnostic,priority,12648430,10000,100000,72918,17249,0.072753906,local,128,248,1,4,253,14,1,14,1,0,2
18,diagnostic,priority,12648430,10000,100000,75390,17504,0.116943359,direct,0,0,0,0,0,15,1,15,4,0,1
18,diagnostic,priority,12648430,10000,100000,82407,18344,0.126953125,large,256,504,1,5,510,15,1,15,1,0,3
18,diagnostic,priority,12648430,10000,100000,85027,18542,0.066650391,local,128,248,1,4,253,15,1,15,1,0,2
18,diagnostic,priority,12648430,10000,100000,92765,19417,0.072998047,local,128,248,1,4,253,15,1,15,1,0,2
18,diagnostic,priority,12648430,10000,100000,94655,19586,0.211669922,large,512,1016,1,6,1023,15,1,15,1,0,3
18,diagnostic,priority,12648430,10000,100000,97997,19894,0.071289062,local,128,248,1,4,253,15,1,15,1,0,2
18,diagnostic,priority,12648430,10000,100000,99548,20012,0.097412109,direct,0,0,0,0,0,15,1,15,6,0,1
19,timed,local,17,10000,100000,10107,10014,0.006835938,unavailable,0,0,0,0,0,0,0,0,3,0,1
19,timed,local,17,10000,100000,16256,10043,0.008300781,unavailable,0,0,0,0,0,0,0,0,4,0,1
19,timed,local,17,10000,100000,17344,10035,0.006347656,unavailable,0,0,0,0,0,0,0,0,3,0,1
19,timed,local,17,10000,100000,19861,10019,0.008056641,unavailable,0,0,0,0,0,0,0,0,1,0,1
19,timed,local,17,10000,100000,24098,10000,0.227539062,unavailable,0,0,0,0,0,0,0,0,5,0,1
19,timed,local,17,10000,100000,29631,9965,0.159912109,unavailable,0,0,0,0,0,0,0,0,3,0,1
19,timed,local,17,10000,100000,33798,9961,0.006591797,unavailable,0,0,0,0,0,0,0,0,1,0,1
19,timed,local,17,10000,100000,36960,9928,0.009277344,unavailable,0,0,0,0,0,0,0,0,1,0,1
19,timed,local,17,10000,100000,39764,9930,0.006347656,unavailable,0,0,0,0,0,0,0,0,1,0,1
19,timed,local,17,10000,100000,58332,9913,0.014160156,unavailable,0,0,0,0,0,0,0,0,1,0,1
19,timed,local,17,10000,100000,61797,9857,0.006591797,unavailable,0,0,0,0,0,0,0,0,1,0,1
19,timed,local,17,10000,100000,62659,9854,0.006591797,unavailable,0,0,0,0,0,0,0,0,1,0,1
19,timed,local,17,10000,100000,66482,9909,0.006835938,unavailable,0,0,0,0,0,0,0,0,1,0,1
19,timed,local,17,10000,100000,68368,9898,0.006835938,unavailable,0,0,0,0,0,0,0,0,1,0,1
19,timed,local,17,10000,100000,70628,9942,0.008300781,unavailable,0,0,0,0,0,0,0,0,1,0,1
19,timed,local,17,10000,100000,73306,9959,0.007324219,unavailable,0,0,0,0,0,0,0,0,1,0,1
19,timed,local,17,10000,100000,75690,9943,0.006835938,unavailable,0,0,0,0,0,0,0,0,2,0,1
19,timed,local,17,10000,100000,76820,9929,0.007080078,unavailable,0,0,0,0,0,0,0,0,1,0,1
19,timed,local,17,10000,100000,80971,9969,0.0078125,unavailable,0,0,0,0,0,0,0,0,1,0,1
19,timed,local,17,10000,100000,81943,9963,0.007080078,unavailable,0,0,0,0,0,0,0,0,1,0,1
19,timed,local,17,10000,100000,84721,9935,0.009277344,unavailable,0,0,0,0,0,0,0,0,1,0,1
19,timed,local,17,10000,100000,84852,9940,0.007080078,unavailable,0,0,0,0,0,0,0,0,1,0,1
19,timed,local,17,10000,100000,88281,9887,0.006347656,unavailable,0,0,0,0,0,0,0,0,1,0,1
19,timed,local,17,10000,100000,90003,9889,0.006835938,unavailable,0,0,0,0,0,0,0,0,1,0,1
19,timed,local,17,10000,100000,93782,9892,0.007080078,unavailable,0,0,0,0,0,0,0,0,1,0,1
19,diagnostic,local,17,10000,100000,5891,10050,0.025390625,direct,0,0,0,0,0,14,1,14,4,0,1
19,diagnostic,local,17,10000,100000,23683,10000,0.006835938,local,8,8,1,0,9,12,0,12,1,0,3
19,diagnostic,local,17,10000,100000,33798,9961,0.007080078,local,16,24,1,1,26,14,1,14,1,0,3
19,diagnostic,local,17,10000,100000,35393,9958,0.006347656,local,16,24,1,1,26,13,0,13,1,0,3
19,diagnostic,local,17,10000,100000,36960,9928,0.007324219,local,16,24,1,1,26,13,0,13,1,0,3
19,diagnostic,local,17,10000,100000,39764,9930,0.006103516,local,16,24,1,1,26,13,2,13,1,0,2
19,diagnostic,local,17,10000,100000,46343,9962,0.007324219,local,8,8,1,0,9,12,0,12,1,0,3
19,diagnostic,local,17,10000,100000,46393,9960,0.006591797,local,8,8,1,0,9,14,0,14,1,0,3
19,diagnostic,local,17,10000,100000,46772,9953,0.007324219,direct,0,0,0,0,0,13,0,13,1,0,1
19,diagnostic,local,17,10000,100000,51744,9973,0.009033203,local,16,24,1,1,26,14,1,14,1,0,3
19,diagnostic,local,17,10000,100000,58332,9913,0.015380859,local,32,56,1,2,59,13,0,13,1,0,3
19,diagnostic,local,17,10000,100000,61797,9857,0.006591797,local,16,24,1,1,26,13,2,13,1,0,3
19,diagnostic,local,17,10000,100000,62659,9854,0.006103516,local,16,24,1,1,26,13,1,13,1,0,2
19,diagnostic,local,17,10000,100000,66482,9909,0.007324219,local,16,24,1,1,26,14,0,14,1,0,3
19,diagnostic,local,17,10000,100000,68368,9898,0.007324219,local,16,24,1,1,26,12,0,12,1,0,3
19,diagnostic,local,17,10000,100000,70628,9942,0.008300781,local,16,24,1,1,26,14,2,14,1,0,3
19,diagnostic,local,17,10000,100000,71049,9934,0.006835938,local,16,24,1,1,26,13,0,13,1,0,3
19,diagnostic,local,17,10000,100000,73306,9959,0.007080078,local,16,24,1,1,26,14,2,14,1,0,3
19,diagnostic,local,17,10000,100000,76820,9929,0.007568359,local,16,24,1,1,26,14,1,14,1,0,3
19,diagnostic,local,17,10000,100000,80971,9969,0.010986328,local,16,24,1,1,26,14,1,14,1,0,3
19,diagnostic,local,17,10000,100000,81943,9963,0.012451172,local,16,24,1,1,26,13,1,13,1,0,3
19,diagnostic,local,17,10000,100000,81957,9966,0.009521484,local,16,24,1,1,26,14,0,14,1,0,3
19,diagnostic,local,17,10000,100000,84721,9935,0.010009766,local,16,24,1,1,26,13,0,13,1,0,3
19,diagnostic,local,17,10000,100000,84852,9940,0.007568359,local,16,24,1,1,26,13,0,13,1,0,3
19,diagnostic,local,17,10000,100000,88281,9887,0.006103516,local,16,24,1,1,26,13,0,13,1,0,2
19,diagnostic,local,17,10000,100000,89245,9898,0.006103516,local,8,8,1,0,9,14,2,14,1,0,1
19,diagnostic,local,17,10000,100000,90003,9889,0.008056641,local,16,24,1,1,26,13,0,13,1,0,3
19,diagnostic,local,17,10000,100000,93782,9892,0.008056641,local,16,24,1,1,26,14,0,14,1,0,3
20,timed,local,305419896,10000,100000,2236,10008,0.025878906,unavailable,0,0,0,0,0,0,0,0,2,0,1
20,timed,local,305419896,10000,100000,2510,9995,0.207519531,unavailable,0,0,0,0,0,0,0,0,2,0,1
20,timed,local,305419896,10000,100000,6525,9984,0.028808594,unavailable,0,0,0,0,0,0,0,0,3,0,1
20,timed,local,305419896,10000,100000,22483,9946,0.097412109,unavailable,0,0,0,0,0,0,0,0,1,0,1
20,timed,local,305419896,10000,100000,24900,9959,0.021728516,unavailable,0,0,0,0,0,0,0,0,1,0,1
20,timed,local,305419896,10000,100000,27143,9930,0.139160156,unavailable,0,0,0,0,0,0,0,0,1,0,1
20,timed,local,305419896,10000,100000,30147,9913,0.108398438,unavailable,0,0,0,0,0,0,0,0,2,0,1
20,timed,local,305419896,10000,100000,33122,9914,0.021484375,unavailable,0,0,0,0,0,0,0,0,1,0,1
20,timed,local,305419896,10000,100000,38152,9927,0.021972656,unavailable,0,0,0,0,0,0,0,0,3,0,1
20,timed,local,305419896,10000,100000,41525,9911,0.021728516,unavailable,0,0,0,0,0,0,0,0,2,0,1
20,timed,local,305419896,10000,100000,43585,9915,0.098632812,unavailable,0,0,0,0,0,0,0,0,3,0,1
20,timed,local,305419896,10000,100000,46295,9913,0.021728516,unavailable,0,0,0,0,0,0,0,0,2,0,1
20,timed,local,305419896,10000,100000,47971,9913,0.110839844,unavailable,0,0,0,0,0,0,0,0,1,0,1
20,timed,local,305419896,10000,100000,52319,9939,0.099853516,unavailable,0,0,0,0,0,0,0,0,1,0,1
20,timed,local,305419896,10000,100000,54402,9918,0.021484375,unavailable,0,0,0,0,0,0,0,0,3,0,1
20,timed,local,305419896,10000,100000,60104,9922,0.158203125,unavailable,0,0,0,0,0,0,0,0,2,0,1
20,timed,local,305419896,10000,100000,67190,9900,0.020996094,unavailable,0,0,0,0,0,0,0,0,2,0,1
20,timed,local,305419896,10000,100000,70538,9857,0.022949219,unavailable,0,0,0,0,0,0,0,0,3,0,1
20,timed,local,305419896,10000,100000,72148,9872,0.096191406,unavailable,0,0,0,0,0,0,0,0,2,0,1
20,timed,local,305419896,10000,100000,75459,9839,0.021728516,unavailable,0,0,0,0,0,0,0,0,2,0,1
20,timed,local,305419896,10000,100000,78165,9827,0.015869141,unavailable,0,0,0,0,0,0,0,0,5,0,1
20,timed,local,305419896,10000,100000,91706,9793,0.021484375,unavailable,0,0,0,0,0,0,0,0,2,0,1
20,timed,local,305419896,10000,100000,93245,9797,0.025634766,unavailable,0,0,0,0,0,0,0,0,2,0,1
20,timed,local,305419896,10000,100000,97749,9824,0.024169922,unavailable,0,0,0,0,0,0,0,0,3,0,1
20,timed,local,305419896,10000,100000,98199,9819,0.150390625,unavailable,0,0,0,0,0,0,0,0,2,0,1
20,diagnostic,local,305419896,10000,100000,950,10021,0.017333984,direct,0,0,0,0,0,13,0,13,2,0,1
20,diagnostic,local,305419896,10000,100000,6647,9988,0.029296875,direct,0,0,0,0,0,14,0,14,2,0,1
20,diagnostic,local,305419896,10000,100000,11691,9985,0.126464844,direct,0,0,0,0,0,14,0,14,1,0,1
20,diagnostic,local,305419896,10000,100000,16150,9960,0.115478516,direct,0,0,0,0,0,13,1,13,1,0,1
20,diagnostic,local,305419896,10000,100000,20271,9959,0.106201172,direct,0,0,0,0,0,13,1,13,2,0,1
20,diagnostic,local,305419896,10000,100000,27510,9919,0.021728516,direct,0,0,0,0,0,13,0,13,2,0,1
20,diagnostic,local,305419896,10000,100000,29978,9927,0.024414062,direct,0,0,0,0,0,14,1,14,5,0,1
20,diagnostic,local,305419896,10000,100000,32017,9898,0.016601562,local,8,8,1,0,9,15,1,15,1,0,3
20,diagnostic,local,305419896,10000,100000,32376,9906,0.004882812,local,8,8,1,0,9,14,2,14,1,0,2
20,diagnostic,local,305419896,10000,100000,32384,9906,0.021484375,direct,0,0,0,0,0,13,2,13,2,0,1
20,diagnostic,local,305419896,10000,100000,35521,9919,0.021728516,direct,0,0,0,0,0,11,0,11,4,0,1
20,diagnostic,local,305419896,10000,100000,40045,9912,0.0078125,local,16,24,1,1,26,13,0,13,1,0,2
20,diagnostic,local,305419896,10000,100000,40256,9911,0.323486328,direct,0,0,0,0,0,13,0,13,3,0,1
20,diagnostic,local,305419896,10000,100000,40268,9912,0.016601562,direct,0,0,0,0,0,14,1,14,2,0,1
20,diagnostic,local,305419896,10000,100000,40341,9913,0.006103516,local,8,8,1,0,9,15,1,15,1,0,2
20,diagnostic,local,305419896,10000,100000,43205,9915,0.022216797,direct,0,0,0,0,0,13,2,13,1,0,1
20,diagnostic,local,305419896,10000,100000,45238,9917,0.112792969,direct,0,0,0,0,0,13,0,13,5,0,1
20,diagnostic,local,305419896,10000,100000,45521,9916,0.0078125,local,16,24,1,1,26,14,1,14,1,0,2
20,diagnostic,local,305419896,10000,100000,48247,9918,0.004882812,local,8,8,1,0,9,13,0,13,4,0,2
20,diagnostic,local,305419896,10000,100000,50817,9956,0.022705078,direct,0,0,0,0,0,15,1,15,4,0,1
20,diagnostic,local,305419896,10000,100000,54043,9916,0.012451172,local,32,56,1,2,59,14,0,14,1,0,2
20,diagnostic,local,305419896,10000,100000,54775,9910,0.006103516,local,16,24,1,1,26,13,1,13,1,0,2
20,diagnostic,local,305419896,10000,100000,55524,9927,0.024414062,local,8,8,1,0,9,12,0,12,1,0,3
20,diagnostic,local,305419896,10000,100000,57931,9918,0.097900391,direct,0,0,0,0,0,15,1,15,2,0,1
20,diagnostic,local,305419896,10000,100000,63852,9887,0.007080078,local,16,24,1,1,26,14,1,14,1,0,2
20,diagnostic,local,305419896,10000,100000,63895,9882,0.006591797,local,16,24,1,1,26,14,0,14,1,0,2
20,diagnostic,local,305419896,10000,100000,65220,9893,0.009765625,local,16,24,1,1,26,15,0,15,1,0,2
20,diagnostic,local,305419896,10000,100000,66215,9901,0.005615234,local,8,8,1,0,9,14,0,14,1,0,2
20,diagnostic,local,305419896,10000,100000,71254,9858,0.021484375,direct,0,0,0,0,0,13,0,13,2,0,1
20,diagnostic,local,305419896,10000,100000,72977,9870,0.100830078,direct,0,0,0,0,0,13,0,13,2,0,1
20,diagnostic,local,305419896,10000,100000,73577,9867,0.014892578,direct,0,0,0,0,0,14,2,14,2,0,1
20,diagnostic,local,305419896,10000,100000,74984,9852,0.008056641,local,16,24,1,1,26,12,0,12,1,0,2
20,diagnostic,local,305419896,10000,100000,76637,9830,0.007568359,local,16,24,1,1,26,13,0,13,1,0,2
20,diagnostic,local,305419896,10000,100000,77539,9828,0.006835938,local,16,24,1,1,26,14,1,14,1,0,2
20,diagnostic,local,305419896,10000,100000,77773,9826,0.006835938,local,8,8,1,0,9,15,1,15,1,0,2
20,diagnostic,local,305419896,10000,100000,80950,9852,0.104736328,direct,0,0,0,0,0,13,1,13,4,0,1
20,diagnostic,local,305419896,10000,100000,83214,9848,0.009277344,local,16,24,1,1,26,14,0,14,1,0,2
20,diagnostic,local,305419896,10000,100000,86402,9821,0.129638672,direct,0,0,0,0,0,13,0,13,2,0,1
20,diagnostic,local,305419896,10000,100000,86606,9815,0.010498047,local,16,24,1,1,26,15,1,15,1,0,2
20,diagnostic,local,305419896,10000,100000,87692,9808,0.005859375,local,16,24,1,1,26,13,0,13,1,0,2
20,diagnostic,local,305419896,10000,100000,89686,9828,0.007568359,local,16,24,1,1,26,14,0,14,1,0,2
20,diagnostic,local,305419896,10000,100000,91230,9801,0.022216797,direct,0,0,0,0,0,14,0,14,2,0,1
20,diagnostic,local,305419896,10000,100000,92024,9778,0.006591797,local,16,24,1,1,26,14,1,14,1,0,2
20,diagnostic,local,305419896,10000,100000,92871,9804,0.112060547,direct,0,0,0,0,0,14,1,14,1,0,1
20,diagnostic,local,305419896,10000,100000,94390,9798,0.009033203,local,16,24,1,1,26,15,2,15,1,0,2
20,diagnostic,local,305419896,10000,100000,96848,9802,0.108398438,direct,0,0,0,0,0,13,1,13,4,0,1
20,diagnostic,local,305419896,10000,100000,98770,9829,0.009765625,local,16,24,1,1,26,15,2,15,1,0,2
20,diagnostic,local,305419896,10000,100000,99070,9828,0.007080078,local,16,24,1,1,26,15,1,15,1,0,2
21,timed,local,2654435769,10000,100000,8513,10064,0.0078125,unavailable,0,0,0,0,0,0,0,0,1,0,1
21,timed,local,2654435769,10000,100000,9635,10064,0.014892578,unavailable,0,0,0,0,0,0,0,0,1,0,1
21,timed,local,2654435769,10000,100000,10362,10068,0.007324219,unavailable,0,0,0,0,0,0,0,0,2,0,1
21,timed,local,2654435769,10000,100000,34167,10101,0.006835938,unavailable,0,0,0,0,0,0,0,0,1,0,1
21,timed,local,2654435769,10000,100000,37784,10092,0.006103516,unavailable,0,0,0,0,0,0,0,0,1,0,1
21,timed,local,2654435769,10000,100000,41792,10051,0.006835938,unavailable,0,0,0,0,0,0,0,0,1,0,1
21,timed,local,2654435769,10000,100000,46619,10032,0.005615234,unavailable,0,0,0,0,0,0,0,0,4,0,1
21,timed,local,2654435769,10000,100000,49757,10044,0.0078125,unavailable,0,0,0,0,0,0,0,0,1,0,1
21,timed,local,2654435769,10000,100000,50244,10036,0.006103516,unavailable,0,0,0,0,0,0,0,0,1,0,1
21,timed,local,2654435769,10000,100000,56235,9993,0.006347656,unavailable,0,0,0,0,0,0,0,0,3,0,1
21,timed,local,2654435769,10000,100000,61488,10020,0.005859375,unavailable,0,0,0,0,0,0,0,0,1,0,1
21,timed,local,2654435769,10000,100000,61697,10015,0.006835938,unavailable,0,0,0,0,0,0,0,0,1,0,1
21,timed,local,2654435769,10000,100000,63871,9986,0.005615234,unavailable,0,0,0,0,0,0,0,0,1,0,1
21,timed,local,2654435769,10000,100000,65223,10003,0.005615234,unavailable,0,0,0,0,0,0,0,0,1,0,1
21,timed,local,2654435769,10000,100000,70097,9940,0.010498047,unavailable,0,0,0,0,0,0,0,0,1,0,1
21,timed,local,2654435769,10000,100000,70699,9934,0.006103516,unavailable,0,0,0,0,0,0,0,0,4,0,1
21,timed,local,2654435769,10000,100000,75985,9928,0.007568359,unavailable,0,0,0,0,0,0,0,0,1,0,1
21,timed,local,2654435769,10000,100000,82128,9958,0.006835938,unavailable,0,0,0,0,0,0,0,0,1,0,1
21,timed,local,2654435769,10000,100000,83069,9969,0.013916016,unavailable,0,0,0,0,0,0,0,0,1,0,1
21,timed,local,2654435769,10000,100000,85744,10006,0.0078125,unavailable,0,0,0,0,0,0,0,0,1,0,1
21,timed,local,2654435769,10000,100000,86198,10006,0.006103516,unavailable,0,0,0,0,0,0,0,0,2,0,1
21,timed,local,2654435769,10000,100000,90405,10019,0.006835938,unavailable,0,0,0,0,0,0,0,0,1,0,1
21,timed,local,2654435769,10000,100000,93409,10014,0.008789062,unavailable,0,0,0,0,0,0,0,0,1,0,1
21,timed,local,2654435769,10000,100000,95545,9992,0.006591797,unavailable,0,0,0,0,0,0,0,0,1,0,1
21,timed,local,2654435769,10000,100000,99316,10008,0.006835938,unavailable,0,0,0,0,0,0,0,0,1,0,1
21,diagnostic,local,2654435769,10000,100000,6090,10038,0.022949219,direct,0,0,0,0,0,12,0,12,3,0,1
21,diagnostic,local,2654435769,10000,100000,13350,10051,0.006347656,local,8,8,1,0,9,13,0,13,1,0,2
21,diagnostic,local,2654435769,10000,100000,26891,10092,0.006835938,local,16,24,1,1,26,14,2,14,1,0,3
21,diagnostic,local,2654435769,10000,100000,34167,10101,0.007324219,local,16,24,1,1,26,14,1,14,1,0,3
21,diagnostic,local,2654435769,10000,100000,37302,10095,0.006347656,local,16,24,1,1,26,13,0,13,1,0,3
21,diagnostic,local,2654435769,10000,100000,37784,10092,0.0078125,local,16,24,1,1,26,14,0,14,1,0,3
21,diagnostic,local,2654435769,10000,100000,41792,10051,0.007324219,local,16,24,1,1,26,14,0,14,1,0,3
21,diagnostic,local,2654435769,10000,100000,49757,10044,0.012695312,local,16,24,1,1,26,14,0,14,1,0,3
21,diagnostic,local,2654435769,10000,100000,50244,10036,0.007080078,local,16,24,1,1,26,14,1,14,1,0,3
21,diagnostic,local,2654435769,10000,100000,56884,10006,0.008544922,direct,0,0,0,0,0,14,1,14,1,0,1
21,diagnostic,local,2654435769,10000,100000,61488,10020,0.006591797,local,16,24,1,1,26,13,0,13,1,0,3
21,diagnostic,local,2654435769,10000,100000,61697,10015,0.0078125,local,16,24,1,1,26,15,2,15,1,0,3
21,diagnostic,local,2654435769,10000,100000,62136,10011,0.006835938,direct,0,0,0,0,0,12,0,12,3,0,1
21,diagnostic,local,2654435769,10000,100000,63649,9994,0.006347656,direct,0,0,0,0,0,16,2,16,3,0,1
21,diagnostic,local,2654435769,10000,100000,63871,9986,0.005859375,local,16,24,1,1,26,14,2,14,1,0,2
21,diagnostic,local,2654435769,10000,100000,68500,9981,0.006591797,local,8,8,1,0,9,12,0,12,1,0,3
21,diagnostic,local,2654435769,10000,100000,70097,9940,0.009277344,local,16,24,1,1,26,14,2,14,1,0,3
21,diagnostic,local,2654435769,10000,100000,73754,9932,0.006347656,local,16,24,1,1,26,15,0,15,1,0,3
21,diagnostic,local,2654435769,10000,100000,75985,9928,0.0078125,local,16,24,1,1,26,15,1,15,1,0,3
21,diagnostic,local,2654435769,10000,100000,82128,9958,0.007324219,local,16,24,1,1,26,15,2,15,1,0,3
21,diagnostic,local,2654435769,10000,100000,83069,9969,0.0234375,local,32,56,1,2,59,12,0,12,1,0,3
21,diagnostic,local,2654435769,10000,100000,83915,9988,0.006103516,local,16,24,1,1,26,13,0,13,1,0,2
21,diagnostic,local,2654435769,10000,100000,85744,10006,0.0078125,local,16,24,1,1,26,13,0,13,1,0,3
21,diagnostic,local,2654435769,10000,100000,90405,10019,0.008300781,local,16,24,1,1,26,15,0,15,1,0,3
21,diagnostic,local,2654435769,10000,100000,91403,10020,0.010009766,local,8,8,1,0,9,14,2,14,1,0,3
21,diagnostic,local,2654435769,10000,100000,93409,10014,0.007080078,local,16,24,1,1,26,15,2,15,1,0,3
21,diagnostic,local,2654435769,10000,100000,95545,9992,0.007080078,local,16,24,1,1,26,16,2,16,1,0,3
21,diagnostic,local,2654435769,10000,100000,95880,9994,0.005615234,local,16,24,1,1,26,12,0,12,1,0,2
21,diagnostic,local,2654435769,10000,100000,99316,10008,0.007568359,local,16,24,1,1,26,13,0,13,1,0,3
22,timed,local,826366246,10000,100000,2942,10021,0.009033203,unavailable,0,0,0,0,0,0,0,0,2,0,1
22,timed,local,826366246,10000,100000,8677,10033,0.007080078,unavailable,0,0,0,0,0,0,0,0,1,0,1
22,timed,local,826366246,10000,100000,9723,10029,0.006835938,unavailable,0,0,0,0,0,0,0,0,3,0,1
22,timed,local,826366246,10000,100000,13675,10037,0.0078125,unavailable,0,0,0,0,0,0,0,0,3,0,1
22,timed,local,826366246,10000,100000,14924,10045,0.0078125,unavailable,0,0,0,0,0,0,0,0,1,0,1
22,timed,local,826366246,10000,100000,37083,10042,0.006347656,unavailable,0,0,0,0,0,0,0,0,5,0,1
22,timed,local,826366246,10000,100000,43815,10021,0.006591797,unavailable,0,0,0,0,0,0,0,0,1,0,1
22,timed,local,826366246,10000,100000,46624,10041,0.006591797,unavailable,0,0,0,0,0,0,0,0,1,0,1
22,timed,local,826366246,10000,100000,54087,10066,0.006835938,unavailable,0,0,0,0,0,0,0,0,1,0,1
22,timed,local,826366246,10000,100000,60655,10060,0.006591797,unavailable,0,0,0,0,0,0,0,0,1,0,1
22,timed,local,826366246,10000,100000,62492,10048,0.007080078,unavailable,0,0,0,0,0,0,0,0,1,0,1
22,timed,local,826366246,10000,100000,62980,10067,0.008300781,unavailable,0,0,0,0,0,0,0,0,1,0,1
22,timed,local,826366246,10000,100000,70630,10029,0.008789062,unavailable,0,0,0,0,0,0,0,0,1,0,1
22,timed,local,826366246,10000,100000,72694,10021,0.009033203,unavailable,0,0,0,0,0,0,0,0,1,0,1
22,timed,local,826366246,10000,100000,72908,10023,0.007568359,unavailable,0,0,0,0,0,0,0,0,1,0,1
22,timed,local,826366246,10000,100000,73105,10017,0.007568359,unavailable,0,0,0,0,0,0,0,0,1,0,1
22,timed,local,826366246,10000,100000,75636,10018,0.007568359,unavailable,0,0,0,0,0,0,0,0,1,0,1
22,timed,local,826366246,10000,100000,75771,10020,0.009277344,unavailable,0,0,0,0,0,0,0,0,1,0,1
22,timed,local,826366246,10000,100000,78475,10027,0.006591797,unavailable,0,0,0,0,0,0,0,0,1,0,1
22,timed,local,826366246,10000,100000,79023,10035,0.006591797,unavailable,0,0,0,0,0,0,0,0,1,0,1
22,timed,local,826366246,10000,100000,80232,10044,0.006591797,unavailable,0,0,0,0,0,0,0,0,1,0,1
22,timed,local,826366246,10000,100000,82234,10024,0.007324219,unavailable,0,0,0,0,0,0,0,0,1,0,1
22,timed,local,826366246,10000,100000,83103,10028,0.006347656,unavailable,0,0,0,0,0,0,0,0,1,0,1
22,timed,local,826366246,10000,100000,86671,9958,0.007080078,unavailable,0,0,0,0,0,0,0,0,1,0,1
22,timed,local,826366246,10000,100000,99710,9953,0.007324219,unavailable,0,0,0,0,0,0,0,0,1,0,1
22,diagnostic,local,826366246,10000,100000,1717,10004,0.162109375,direct,0,0,0,0,0,14,0,14,1,0,1
22,diagnostic,local,826366246,10000,100000,6159,10018,0.028564453,direct,0,0,0,0,0,14,0,14,3,0,1
22,diagnostic,local,826366246,10000,100000,11564,10019,0.123046875,direct,0,0,0,0,0,13,0,13,3,0,1
22,diagnostic,local,826366246,10000,100000,14255,10038,0.023193359,direct,0,0,0,0,0,12,0,12,2,0,1
22,diagnostic,local,826366246,10000,100000,16219,10055,0.105957031,direct,0,0,0,0,0,13,2,13,4,0,1
22,diagnostic,local,826366246,10000,100000,22322,10086,0.023193359,direct,0,0,0,0,0,13,0,13,5,0,1
22,diagnostic,local,826366246,10000,100000,25350,10115,0.106933594,direct,0,0,0,0,0,14,0,14,1,0,1
22,diagnostic,local,826366246,10000,100000,27742,10109,0.006347656,local,16,24,1,1,26,13,2,13,1,0,2
22,diagnostic,local,826366246,10000,100000,32863,10075,0.098632812,direct,0,0,0,0,0,14,0,14,2,0,1
22,diagnostic,local,826366246,10000,100000,36764,10045,0.107421875,direct,0,0,0,0,0,14,0,14,6,0,1
22,diagnostic,local,826366246,10000,100000,40226,10057,0.113037109,direct,0,0,0,0,0,15,1,15,3,0,1
22,diagnostic,local,826366246,10000,100000,43815,10021,0.007324219,local,16,24,1,1,26,13,0,13,1,0,2
22,diagnostic,local,826366246,10000,100000,46624,10041,0.007324219,local,16,24,1,1,26,13,0,13,1,0,2
22,diagnostic,local,826366246,10000,100000,50672,10043,0.02734375,direct,0,0,0,0,0,14,1,14,1,0,1
22,diagnostic,local,826366246,10000,100000,53048,10046,0.145263672,direct,0,0,0,0,0,14,0,14,1,0,1
22,diagnostic,local,826366246,10000,100000,54087,10066,0.008789062,local,16,24,1,1,26,14,1,14,1,0,2
22,diagnostic,local,826366246,10000,100000,54983,10071,0.025634766,direct,0,0,0,0,0,14,0,14,3,0,1
22,diagnostic,local,826366246,10000,100000,56852,10065,0.111328125,direct,0,0,0,0,0,13,0,13,5,0,1
22,diagnostic,local,826366246,10000,100000,56867,10065,0.006347656,local,16,24,1,1,26,14,2,14,1,0,2
22,diagnostic,local,826366246,10000,100000,59667,10077,0.026611328,direct,0,0,0,0,0,13,0,13,5,0,1
22,diagnostic,local,826366246,10000,100000,60655,10060,0.007080078,local,16,24,1,1,26,14,0,14,1,0,2
22,diagnostic,local,826366246,10000,100000,62492,10048,0.007324219,local,16,24,1,1,26,15,2,15,1,0,2
22,diagnostic,local,826366246,10000,100000,62980,10067,0.009033203,local,16,24,1,1,26,14,0,14,1,0,2
22,diagnostic,local,826366246,10000,100000,64781,10048,0.115722656,direct,0,0,0,0,0,12,0,12,4,0,1
22,diagnostic,local,826366246,10000,100000,67415,10012,0.025390625,direct,0,0,0,0,0,12,0,12,2,0,1
22,diagnostic,local,826366246,10000,100000,69377,10049,0.123046875,direct,0,0,0,0,0,13,0,13,1,0,1
22,diagnostic,local,826366246,10000,100000,70630,10029,0.009521484,local,16,24,1,1,26,15,2,15,1,0,2
22,diagnostic,local,826366246,10000,100000,72694,10021,0.009277344,local,16,24,1,1,26,14,0,14,1,0,2
22,diagnostic,local,826366246,10000,100000,72908,10023,0.008300781,local,16,24,1,1,26,14,0,14,1,0,2
22,diagnostic,local,826366246,10000,100000,73105,10017,0.008056641,local,16,24,1,1,26,14,1,14,1,0,2
22,diagnostic,local,826366246,10000,100000,73353,10014,0.124267578,direct,0,0,0,0,0,14,1,14,6,0,1
22,diagnostic,local,826366246,10000,100000,75636,10018,0.008056641,local,16,24,1,1,26,13,0,13,1,0,2
22,diagnostic,local,826366246,10000,100000,75771,10020,0.010009766,local,16,24,1,1,26,15,2,15,1,0,2
22,diagnostic,local,826366246,10000,100000,78475,10027,0.0078125,local,16,24,1,1,26,13,0,13,1,0,2
22,diagnostic,local,826366246,10000,100000,79023,10035,0.007568359,local,16,24,1,1,26,13,1,13,1,0,2
22,diagnostic,local,826366246,10000,100000,79571,10039,0.022949219,direct,0,0,0,0,0,14,0,14,1,0,1
22,diagnostic,local,826366246,10000,100000,80232,10044,0.007324219,local,16,24,1,1,26,13,0,13,1,0,2
22,diagnostic,local,826366246,10000,100000,82234,10024,0.011230469,local,16,24,1,1,26,14,0,14,1,0,2
22,diagnostic,local,826366246,10000,100000,83103,10028,0.007324219,local,16,24,1,1,26,14,2,14,1,0,2
22,diagnostic,local,826366246,10000,100000,84516,10011,0.102539062,direct,0,0,0,0,0,14,0,14,1,0,1
22,diagnostic,local,826366246,10000,100000,86671,9958,0.0078125,local,16,24,1,1,26,13,0,13,1,0,2
22,diagnostic,local,826366246,10000,100000,87291,9959,0.0390625,direct,0,0,0,0,0,14,0,14,2,0,1
22,diagnostic,local,826366246,10000,100000,88975,9965,0.100830078,direct,0,0,0,0,0,13,2,13,2,0,1
22,diagnostic,local,826366246,10000,100000,90335,9954,0.021972656,direct,0,0,0,0,0,14,2,14,1,0,1
22,diagnostic,local,826366246,10000,100000,92326,9923,0.11328125,direct,0,0,0,0,0,13,1,13,2,0,1
22,diagnostic,local,826366246,10000,100000,94289,9959,0.006835938,local,16,24,1,1,26,13,2,13,1,0,2
22,diagnostic,local,826366246,10000,100000,95636,9972,0.006103516,local,16,24,1,1,26,14,2,14,1,0,2
22,diagnostic,local,826366246,10000,100000,97379,9982,0.006347656,local,16,24,1,1,26,14,1,14,1,0,2
22,diagnostic,local,826366246,10000,100000,98908,9955,0.006347656,local,16,24,1,1,26,14,1,14,1,0,2
22,diagnostic,local,826366246,10000,100000,99710,9953,0.008056641,local,16,24,1,1,26,13,2,13,1,0,2
23,timed,local,12648430,10000,100000,4781,9987,0.108642578,unavailable,0,0,0,0,0,0,0,0,3,0,1
23,timed,local,12648430,10000,100000,12090,9921,0.028564453,unavailable,0,0,0,0,0,0,0,0,1,0,1
23,timed,local,12648430,10000,100000,17571,9912,0.021728516,unavailable,0,0,0,0,0,0,0,0,1,0,1
23,timed,local,12648430,10000,100000,20553,9952,0.126464844,unavailable,0,0,0,0,0,0,0,0,3,0,1
23,timed,local,12648430,10000,100000,21028,9965,0.023681641,unavailable,0,0,0,0,0,0,0,0,3,0,1
23,timed,local,12648430,10000,100000,22890,9992,0.111083984,unavailable,0,0,0,0,0,0,0,0,4,0,1
23,timed,local,12648430,10000,100000,31677,9958,0.096923828,unavailable,0,0,0,0,0,0,0,0,3,0,1
23,timed,local,12648430,10000,100000,32029,9970,0.127197266,unavailable,0,0,0,0,0,0,0,0,4,0,1
23,timed,local,12648430,10000,100000,34182,9976,0.022949219,unavailable,0,0,0,0,0,0,0,0,3,0,1
23,timed,local,12648430,10000,100000,36879,9973,0.111083984,unavailable,0,0,0,0,0,0,0,0,2,0,1
23,timed,local,12648430,10000,100000,42513,9962,0.021240234,unavailable,0,0,0,0,0,0,0,0,1,0,1
23,timed,local,12648430,10000,100000,44230,9933,0.099609375,unavailable,0,0,0,0,0,0,0,0,1,0,1
23,timed,local,12648430,10000,100000,47361,9900,0.027099609,unavailable,0,0,0,0,0,0,0,0,4,0,1
23,timed,local,12648430,10000,100000,50561,9899,0.022216797,unavailable,0,0,0,0,0,0,0,0,5,0,1
23,timed,local,12648430,10000,100000,52678,9906,0.109619141,unavailable,0,0,0,0,0,0,0,0,1,0,1
23,timed,local,12648430,10000,100000,63481,9948,0.021240234,unavailable,0,0,0,0,0,0,0,0,4,0,1
23,timed,local,12648430,10000,100000,65906,9945,0.154785156,unavailable,0,0,0,0,0,0,0,0,3,0,1
23,timed,local,12648430,10000,100000,68067,9934,0.022705078,unavailable,0,0,0,0,0,0,0,0,2,0,1
23,timed,local,12648430,10000,100000,71318,9940,0.021240234,unavailable,0,0,0,0,0,0,0,0,1,0,1
23,timed,local,12648430,10000,100000,76115,9904,0.027587891,unavailable,0,0,0,0,0,0,0,0,4,0,1
23,timed,local,12648430,10000,100000,86513,9845,0.104003906,unavailable,0,0,0,0,0,0,0,0,6,0,1
23,timed,local,12648430,10000,100000,88937,9832,0.021484375,unavailable,0,0,0,0,0,0,0,0,1,0,1
23,timed,local,12648430,10000,100000,92259,9799,0.022949219,unavailable,0,0,0,0,0,0,0,0,1,0,1
23,timed,local,12648430,10000,100000,94296,9790,0.128173828,unavailable,0,0,0,0,0,0,0,0,6,0,1
23,timed,local,12648430,10000,100000,97115,9827,0.021484375,unavailable,0,0,0,0,0,0,0,0,5,0,1
23,diagnostic,local,12648430,10000,100000,6841,9984,0.0234375,direct,0,0,0,0,0,13,0,13,3,0,1
23,diagnostic,local,12648430,10000,100000,18550,9935,0.009033203,direct,0,0,0,0,0,13,2,13,2,0,1
23,diagnostic,local,12648430,10000,100000,18828,9934,0.009521484,direct,0,0,0,0,0,14,0,14,4,0,1
23,diagnostic,local,12648430,10000,100000,20001,9942,0.005859375,local,8,8,1,0,9,14,1,14,1,0,2
23,diagnostic,local,12648430,10000,100000,24488,10020,0.006591797,local,16,24,1,1,26,14,2,14,1,0,3
23,diagnostic,local,12648430,10000,100000,24632,10017,0.005126953,local,8,8,1,0,9,14,0,14,1,0,2
23,diagnostic,local,12648430,10000,100000,29554,9953,0.013671875,local,32,56,1,2,59,14,2,14,1,0,3
23,diagnostic,local,12648430,10000,100000,33245,9970,0.005371094,local,8,8,1,0,9,13,0,13,1,0,2
23,diagnostic,local,12648430,10000,100000,33470,9978,0.007080078,local,16,24,1,1,26,13,2,13,1,0,3
23,diagnostic,local,12648430,10000,100000,34864,9978,0.006103516,local,16,24,1,1,26,14,0,14,1,0,3
23,diagnostic,local,12648430,10000,100000,37608,9975,0.005126953,local,8,8,1,0,9,13,1,13,1,0,2
23,diagnostic,local,12648430,10000,100000,41257,9971,0.006591797,local,8,8,1,0,9,14,0,14,1,0,3
23,diagnostic,local,12648430,10000,100000,43367,9945,0.007324219,local,16,24,1,1,26,13,0,13,1,0,3
23,diagnostic,local,12648430,10000,100000,51259,9916,0.005859375,local,8,8,1,0,9,14,2,14,1,0,2
23,diagnostic,local,12648430,10000,100000,51278,9917,0.005371094,local,8,8,1,0,9,14,0,14,1,0,2
23,diagnostic,local,12648430,10000,100000,53754,9904,0.009521484,local,16,24,1,1,26,14,2,14,1,0,3
23,diagnostic,local,12648430,10000,100000,56418,9905,0.006835938,local,16,24,1,1,26,13,0,13,1,0,3
23,diagnostic,local,12648430,10000,100000,57547,9890,0.008056641,local,16,24,1,1,26,15,2,15,1,0,3
23,diagnostic,local,12648430,10000,100000,64260,9963,0.007324219,local,8,8,1,0,9,14,1,14,1,0,3
23,diagnostic,local,12648430,10000,100000,67520,9941,0.006347656,local,16,24,1,1,26,12,0,12,1,0,3
23,diagnostic,local,12648430,10000,100000,73834,9914,0.008056641,local,16,24,1,1,26,12,0,12,1,0,3
23,diagnostic,local,12648430,10000,100000,75116,9913,0.008544922,local,16,24,1,1,26,14,1,14,1,0,3
23,diagnostic,local,12648430,10000,100000,82955,9913,0.006347656,local,16,24,1,1,26,14,0,14,1,0,3
23,diagnostic,local,12648430,10000,100000,85800,9846,0.007324219,local,16,24,1,1,26,14,1,14,1,0,3
23,diagnostic,local,12648430,10000,100000,89126,9839,0.007324219,direct,0,0,0,0,0,12,0,12,2,0,1
23,diagnostic,local,12648430,10000,100000,95309,9805,0.007324219,direct,0,0,0,0,0,14,0,14,3,0,1
23,diagnostic,local,12648430,10000,100000,95653,9796,0.008544922,local,8,8,1,0,9,14,0,14,1,0,3
23,diagnostic,local,12648430,10000,100000,96774,9824,0.007324219,direct,0,0,0,0,0,14,0,14,5,0,1
23,diagnostic,local,12648430,10000,100000,99282,9845,0.006103516,local,16,24,1,1,26,15,1,15,1,0,3
23,diagnostic,local,12648430,10000,100000,99458,9842,0.008300781,local,8,8,1,0,9,14,0,14,1,0,3
23,diagnostic,local,12648430,10000,100000,99981,9828,0.006347656,local,8,8,1,0,9,15,1,15,1,0,3
24,timed,churn,17,10000,100000,2945,9970,0.025146484,unavailable,0,0,0,0,0,0,0,0,2,0,1
24,timed,churn,17,10000,100000,4892,9912,0.114013672,unavailable,0,0,0,0,0,0,0,0,1,0,1
24,timed,churn,17,10000,100000,10909,9979,0.035888672,unavailable,0,0,0,0,0,0,0,0,2,0,1
24,timed,churn,17,10000,100000,16290,10011,0.028076172,unavailable,0,0,0,0,0,0,0,0,1,0,1
24,timed,churn,17,10000,100000,21385,10021,0.023193359,unavailable,0,0,0,0,0,0,0,0,2,0,1
24,timed,churn,17,10000,100000,35861,10067,0.014648438,unavailable,0,0,0,0,0,0,0,0,4,0,1
24,timed,churn,17,10000,100000,36316,10087,0.123291016,unavailable,0,0,0,0,0,0,0,0,4,0,1
24,timed,churn,17,10000,100000,40175,10050,0.015136719,unavailable,0,0,0,0,0,0,0,0,1,0,1
24,timed,churn,17,10000,100000,44804,10040,0.024658203,unavailable,0,0,0,0,0,0,0,0,2,0,1
24,timed,churn,17,10000,100000,46662,10070,0.014404297,unavailable,0,0,0,0,0,0,0,0,3,0,1
24,timed,churn,17,10000,100000,47679,10053,0.014892578,unavailable,0,0,0,0,0,0,0,0,1,0,1
24,timed,churn,17,10000,100000,52852,10008,0.014648438,unavailable,0,0,0,0,0,0,0,0,4,0,1
24,timed,churn,17,10000,100000,54071,9993,0.015136719,unavailable,0,0,0,0,0,0,0,0,1,0,1
24,timed,churn,17,10000,100000,60918,9976,0.021972656,unavailable,0,0,0,0,0,0,0,0,4,0,1
24,timed,churn,17,10000,100000,64361,9991,0.136474609,unavailable,0,0,0,0,0,0,0,0,1,0,1
24,timed,churn,17,10000,100000,73111,9952,0.014892578,unavailable,0,0,0,0,0,0,0,0,2,0,1
24,timed,churn,17,10000,100000,78370,9956,0.023193359,unavailable,0,0,0,0,0,0,0,0,4,0,1
24,timed,churn,17,10000,100000,79773,9944,0.017578125,unavailable,0,0,0,0,0,0,0,0,1,0,1
24,timed,churn,17,10000,100000,82602,9961,0.024169922,unavailable,0,0,0,0,0,0,0,0,3,0,1
24,timed,churn,17,10000,100000,86654,9954,0.015136719,unavailable,0,0,0,0,0,0,0,0,1,0,1
24,timed,churn,17,10000,100000,89192,9968,0.022949219,unavailable,0,0,0,0,0,0,0,0,1,0,1
24,timed,churn,17,10000,100000,91370,9989,0.109375,unavailable,0,0,0,0,0,0,0,0,3,0,1
24,timed,churn,17,10000,100000,93201,9945,0.022460938,unavailable,0,0,0,0,0,0,0,0,1,0,1
24,timed,churn,17,10000,100000,94777,10006,0.013916016,unavailable,0,0,0,0,0,0,0,0,4,0,1
24,timed,churn,17,10000,100000,95105,10022,0.013916016,unavailable,0,0,0,0,0,0,0,0,4,0,1
24,diagnostic,churn,17,10000,100000,1997,9968,0.024414062,direct,0,0,0,0,0,14,0,14,2,0,1
24,diagnostic,churn,17,10000,100000,5902,9902,0.032470703,direct,0,0,0,0,0,14,2,14,2,0,1
24,diagnostic,churn,17,10000,100000,8864,9946,0.023193359,direct,0,0,0,0,0,14,0,14,2,0,1
24,diagnostic,churn,17,10000,100000,14231,10014,0.022949219,direct,0,0,0,0,0,13,1,13,2,0,1
24,diagnostic,churn,17,10000,100000,15971,10010,0.026123047,direct,0,0,0,0,0,14,2,14,3,0,1
24,diagnostic,churn,17,10000,100000,18062,10025,0.017089844,direct,0,0,0,0,0,14,0,14,3,0,1
24,diagnostic,churn,17,10000,100000,22515,10037,0.148193359,direct,0,0,0,0,0,14,0,14,2,0,1
24,diagnostic,churn,17,10000,100000,25354,10013,0.021972656,direct,0,0,0,0,0,14,1,14,1,0,1
24,diagnostic,churn,17,10000,100000,28250,10016,0.017822266,direct,0,0,0,0,0,14,0,14,2,0,1
24,diagnostic,churn,17,10000,100000,36781,10096,0.021972656,direct,0,0,0,0,0,13,1,13,2,0,1
24,diagnostic,churn,17,10000,100000,37879,10091,0.00390625,local,8,8,1,0,9,13,0,13,1,0,2
24,diagnostic,churn,17,10000,100000,38259,10092,0.00390625,local,8,8,1,0,9,14,1,14,1,0,2
24,diagnostic,churn,17,10000,100000,38821,10087,0.014892578,direct,0,0,0,0,0,14,0,14,3,0,1
24,diagnostic,churn,17,10000,100000,41125,10053,0.021728516,direct,0,0,0,0,0,14,1,14,2,0,1
24,diagnostic,churn,17,10000,100000,41748,10059,0.003417969,local,8,8,1,0,9,14,1,14,1,0,2
24,diagnostic,churn,17,10000,100000,46851,10074,0.003417969,local,8,8,1,0,9,14,0,14,1,0,2
24,diagnostic,churn,17,10000,100000,47696,10052,0.022460938,direct,0,0,0,0,0,14,1,14,6,0,1
24,diagnostic,churn,17,10000,100000,51874,10038,0.004394531,local,8,8,1,0,9,13,0,13,1,0,2
24,diagnostic,churn,17,10000,100000,51885,10039,0.003662109,local,8,8,1,0,9,14,1,14,1,0,2
24,diagnostic,churn,17,10000,100000,53341,10012,0.003417969,local,8,8,1,0,9,13,0,13,1,0,2
24,diagnostic,churn,17,10000,100000,54885,9956,0.017089844,direct,0,0,0,0,0,14,0,14,2,0,1
24,diagnostic,churn,17,10000,100000,57521,9928,0.003417969,local,8,8,1,0,9,15,1,15,1,0,2
24,diagnostic,churn,17,10000,100000,58141,9917,0.003417969,local,8,8,1,0,9,15,2,15,1,0,2
24,diagnostic,churn,17,10000,100000,59657,9930,0.028076172,direct,0,0,0,0,0,15,1,15,1,0,1
24,diagnostic,churn,17,10000,100000,62207,9981,0.028076172,direct,0,0,0,0,0,13,0,13,3,0,1
24,diagnostic,churn,17,10000,100000,64797,10013,0.015380859,direct,0,0,0,0,0,12,0,12,1,0,1
24,diagnostic,churn,17,10000,100000,68545,10011,0.022705078,direct,0,0,0,0,0,14,0,14,1,0,1
24,diagnostic,churn,17,10000,100000,68603,10004,0.00390625,local,8,8,1,0,9,13,0,13,1,0,2
24,diagnostic,churn,17,10000,100000,73134,9956,0.003417969,local,8,8,1,0,9,13,0,13,1,0,2
24,diagnostic,churn,17,10000,100000,75860,9946,0.022460938,direct,0,0,0,0,0,12,0,12,1,0,1
24,diagnostic,churn,17,10000,100000,80425,9937,0.109130859,direct,0,0,0,0,0,15,1,15,1,0,1
24,diagnostic,churn,17,10000,100000,81908,9953,0.00390625,local,8,8,1,0,9,13,1,13,1,0,2
24,diagnostic,churn,17,10000,100000,83082,9971,0.021972656,direct,0,0,0,0,0,14,2,14,1,0,1
24,diagnostic,churn,17,10000,100000,89932,9993,0.003417969,local,8,8,1,0,9,16,1,16,1,0,2
24,diagnostic,churn,17,10000,100000,90012,9992,0.095214844,direct,0,0,0,0,0,14,1,14,1,0,1
24,diagnostic,churn,17,10000,100000,90713,9978,0.003417969,local,8,8,1,0,9,13,2,13,1,0,2
24,diagnostic,churn,17,10000,100000,92590,9946,0.003173828,local,8,8,1,0,9,13,1,13,1,0,2
24,diagnostic,churn,17,10000,100000,93382,9956,0.003173828,local,8,8,1,0,9,14,2,14,1,0,2
24,diagnostic,churn,17,10000,100000,93386,9957,0.021484375,direct,0,0,0,0,0,14,1,14,1,0,1
24,diagnostic,churn,17,10000,100000,95051,10014,0.014648438,direct,0,0,0,0,0,15,1,15,2,0,1
24,diagnostic,churn,17,10000,100000,95307,10018,0.003173828,local,8,8,1,0,9,13,2,13,1,0,2
24,diagnostic,churn,17,10000,100000,96010,10020,0.003417969,local,8,8,1,0,9,14,0,14,1,0,2
24,diagnostic,churn,17,10000,100000,96751,10036,0.004394531,local,8,8,1,0,9,13,2,13,1,0,2
24,diagnostic,churn,17,10000,100000,96762,10036,0.003662109,local,8,8,1,0,9,13,0,13,1,0,2
24,diagnostic,churn,17,10000,100000,97045,10036,0.003173828,local,8,8,1,0,9,13,1,13,1,0,2
24,diagnostic,churn,17,10000,100000,97556,10048,0.003173828,local,8,8,1,0,9,13,0,13,1,0,2
24,diagnostic,churn,17,10000,100000,99127,10084,0.028808594,direct,0,0,0,0,0,13,0,13,1,0,1
24,diagnostic,churn,17,10000,100000,99136,10080,0.006347656,local,8,8,1,0,9,14,0,14,1,0,2
24,diagnostic,churn,17,10000,100000,99249,10088,0.004638672,local,8,8,1,0,9,13,0,13,1,0,2
24,diagnostic,churn,17,10000,100000,99913,10094,0.003173828,local,8,8,1,0,9,14,0,14,1,0,2
25,timed,churn,305419896,10000,100000,18577,9980,0.005615234,unavailable,0,0,0,0,0,0,0,0,1,0,1
25,timed,churn,305419896,10000,100000,23239,9967,0.004150391,unavailable,0,0,0,0,0,0,0,0,2,0,1
25,timed,churn,305419896,10000,100000,30279,9921,0.008056641,unavailable,0,0,0,0,0,0,0,0,1,0,1
25,timed,churn,305419896,10000,100000,31737,9931,0.004150391,unavailable,0,0,0,0,0,0,0,0,3,0,1
25,timed,churn,305419896,10000,100000,32836,9952,0.007324219,unavailable,0,0,0,0,0,0,0,0,1,0,1
25,timed,churn,305419896,10000,100000,44336,9968,0.005615234,unavailable,0,0,0,0,0,0,0,0,2,0,1
25,timed,churn,305419896,10000,100000,45539,9984,0.004394531,unavailable,0,0,0,0,0,0,0,0,1,0,1
25,timed,churn,305419896,10000,100000,53250,10004,0.005371094,unavailable,0,0,0,0,0,0,0,0,1,0,1
25,timed,churn,305419896,10000,100000,57748,9927,0.004882812,unavailable,0,0,0,0,0,0,0,0,1,0,1
25,timed,churn,305419896,10000,100000,60012,9962,0.004394531,unavailable,0,0,0,0,0,0,0,0,2,0,1
25,timed,churn,305419896,10000,100000,64140,9948,0.00390625,unavailable,0,0,0,0,0,0,0,0,5,0,1
25,timed,churn,305419896,10000,100000,69142,9971,0.00390625,unavailable,0,0,0,0,0,0,0,0,1,0,1
25,timed,churn,305419896,10000,100000,73633,9958,0.005371094,unavailable,0,0,0,0,0,0,0,0,5,0,1
25,timed,churn,305419896,10000,100000,74136,9960,0.013183594,unavailable,0,0,0,0,0,0,0,0,1,0,1
25,timed,churn,305419896,10000,100000,74147,9956,0.013427734,unavailable,0,0,0,0,0,0,0,0,2,0,1
25,timed,churn,305419896,10000,100000,74165,9958,0.013427734,unavailable,0,0,0,0,0,0,0,0,3,0,1
25,timed,churn,305419896,10000,100000,74182,9961,0.012939453,unavailable,0,0,0,0,0,0,0,0,1,0,1
25,timed,churn,305419896,10000,100000,74257,9959,0.005126953,unavailable,0,0,0,0,0,0,0,0,1,0,1
25,timed,churn,305419896,10000,100000,75409,9988,0.00390625,unavailable,0,0,0,0,0,0,0,0,1,0,1
25,timed,churn,305419896,10000,100000,78016,9998,0.00390625,unavailable,0,0,0,0,0,0,0,0,1,0,1
25,timed,churn,305419896,10000,100000,79919,10038,0.004394531,unavailable,0,0,0,0,0,0,0,0,2,0,1
25,timed,churn,305419896,10000,100000,84921,10127,0.005615234,unavailable,0,0,0,0,0,0,0,0,2,0,1
25,timed,churn,305419896,10000,100000,85883,10121,0.005371094,unavailable,0,0,0,0,0,0,0,0,2,0,1
25,timed,churn,305419896,10000,100000,90030,10104,0.004150391,unavailable,0,0,0,0,0,0,0,0,1,0,1
25,timed,churn,305419896,10000,100000,91862,10117,0.004638672,unavailable,0,0,0,0,0,0,0,0,1,0,1
25,diagnostic,churn,305419896,10000,100000,2198,9957,0.029785156,direct,0,0,0,0,0,13,0,13,2,0,1
25,diagnostic,churn,305419896,10000,100000,9537,9900,0.022705078,direct,0,0,0,0,0,13,0,13,2,0,1
25,diagnostic,churn,305419896,10000,100000,15886,9998,0.025390625,direct,0,0,0,0,0,14,1,14,1,0,1
25,diagnostic,churn,305419896,10000,100000,17315,9987,0.015136719,direct,0,0,0,0,0,13,2,13,1,0,1
25,diagnostic,churn,305419896,10000,100000,17619,9990,0.139404297,direct,0,0,0,0,0,13,1,13,2,0,1
25,diagnostic,churn,305419896,10000,100000,21978,9981,0.096435547,direct,0,0,0,0,0,13,1,13,2,0,1
25,diagnostic,churn,305419896,10000,100000,25716,9990,0.181884766,direct,0,0,0,0,0,14,2,14,1,0,1
25,diagnostic,churn,305419896,10000,100000,28065,9924,0.141357422,direct,0,0,0,0,0,13,2,13,2,0,1
25,diagnostic,churn,305419896,10000,100000,30279,9921,0.004638672,local,8,8,1,0,9,14,2,14,1,0,2
25,diagnostic,churn,305419896,10000,100000,33076,9947,0.004638672,local,8,8,1,0,9,14,2,14,1,0,2
25,diagnostic,churn,305419896,10000,100000,36499,9960,0.022460938,direct,0,0,0,0,0,14,0,14,2,0,1
25,diagnostic,churn,305419896,10000,100000,43568,9958,0.003662109,local,8,8,1,0,9,14,1,14,1,0,2
25,diagnostic,churn,305419896,10000,100000,44209,9956,0.096679688,direct,0,0,0,0,0,13,0,13,1,0,1
25,diagnostic,churn,305419896,10000,100000,46775,9954,0.020996094,direct,0,0,0,0,0,13,0,13,2,0,1
25,diagnostic,churn,305419896,10000,100000,49146,10005,0.003417969,local,8,8,1,0,9,13,0,13,1,0,2
25,diagnostic,churn,305419896,10000,100000,50947,9995,0.003417969,local,8,8,1,0,9,13,1,13,1,0,2
25,diagnostic,churn,305419896,10000,100000,51392,10005,0.003662109,local,8,8,1,0,9,13,1,13,1,0,2
25,diagnostic,churn,305419896,10000,100000,52090,10012,0.003417969,local,8,8,1,0,9,14,0,14,1,0,2
25,diagnostic,churn,305419896,10000,100000,53749,9994,0.100097656,direct,0,0,0,0,0,13,0,13,1,0,1
25,diagnostic,churn,305419896,10000,100000,59368,9966,0.003662109,local,8,8,1,0,9,15,1,15,1,0,2
25,diagnostic,churn,305419896,10000,100000,61157,9924,0.021972656,direct,0,0,0,0,0,12,0,12,2,0,1
25,diagnostic,churn,305419896,10000,100000,61707,9951,0.003662109,local,8,8,1,0,9,13,2,13,1,0,2
25,diagnostic,churn,305419896,10000,100000,62014,9958,0.003417969,local,8,8,1,0,9,12,0,12,1,0,2
25,diagnostic,churn,305419896,10000,100000,64179,9947,0.003417969,local,8,8,1,0,9,15,2,15,1,0,2
25,diagnostic,churn,305419896,10000,100000,67251,9927,0.021728516,direct,0,0,0,0,0,13,0,13,1,0,1
25,diagnostic,churn,305419896,10000,100000,69142,9971,0.003417969,local,8,8,1,0,9,13,0,13,1,0,2
25,diagnostic,churn,305419896,10000,100000,69357,9967,0.121582031,direct,0,0,0,0,0,14,1,14,3,0,1
25,diagnostic,churn,305419896,10000,100000,69655,9971,0.018554688,direct,0,0,0,0,0,13,1,13,1,0,1
25,diagnostic,churn,305419896,10000,100000,69837,9968,0.105712891,direct,0,0,0,0,0,13,2,13,3,0,1
25,diagnostic,churn,305419896,10000,100000,71177,9954,0.022216797,direct,0,0,0,0,0,14,0,14,2,0,1
25,diagnostic,churn,305419896,10000,100000,71574,9963,0.004150391,local,8,8,1,0,9,13,0,13,1,0,2
25,diagnostic,churn,305419896,10000,100000,76900,10001,0.003417969,local,8,8,1,0,9,15,1,15,1,0,2
25,diagnostic,churn,305419896,10000,100000,79828,10045,0.015136719,direct,0,0,0,0,0,15,2,15,3,0,1
25,diagnostic,churn,305419896,10000,100000,80244,10047,0.007568359,local,8,8,1,0,9,13,0,13,1,0,2
25,diagnostic,churn,305419896,10000,100000,80680,10071,0.003417969,local,8,8,1,0,9,14,1,14,1,0,2
25,diagnostic,churn,305419896,10000,100000,81585,10089,0.003417969,local,8,8,1,0,9,14,2,14,1,0,2
25,diagnostic,churn,305419896,10000,100000,83483,10105,0.003417969,local,8,8,1,0,9,14,2,14,1,0,2
25,diagnostic,churn,305419896,10000,100000,85077,10124,0.003417969,local,8,8,1,0,9,12,0,12,1,0,2
25,diagnostic,churn,305419896,10000,100000,85780,10126,0.003417969,local,8,8,1,0,9,14,1,14,1,0,2
25,diagnostic,churn,305419896,10000,100000,86928,10106,0.020507812,direct,0,0,0,0,0,14,2,14,1,0,1
25,diagnostic,churn,305419896,10000,100000,87371,10107,0.003417969,local,8,8,1,0,9,15,2,15,1,0,2
25,diagnostic,churn,305419896,10000,100000,89554,10099,0.015136719,direct,0,0,0,0,0,14,2,14,2,0,1
25,diagnostic,churn,305419896,10000,100000,89938,10102,0.105224609,direct,0,0,0,0,0,13,0,13,1,0,1
25,diagnostic,churn,305419896,10000,100000,90030,10104,0.003417969,local,8,8,1,0,9,13,0,13,1,0,2
25,diagnostic,churn,305419896,10000,100000,90774,10146,0.003417969,local,8,8,1,0,9,14,1,14,1,0,2
25,diagnostic,churn,305419896,10000,100000,90960,10144,0.021728516,direct,0,0,0,0,0,14,2,14,1,0,1
25,diagnostic,churn,305419896,10000,100000,93299,10150,0.103271484,direct,0,0,0,0,0,15,2,15,3,0,1
25,diagnostic,churn,305419896,10000,100000,94656,10131,0.003417969,local,8,8,1,0,9,11,0,11,1,0,2
25,diagnostic,churn,305419896,10000,100000,97053,10055,0.021728516,direct,0,0,0,0,0,14,0,14,4,0,1
25,diagnostic,churn,305419896,10000,100000,98388,10072,0.003417969,local,8,8,1,0,9,13,1,13,1,0,2
26,timed,churn,2654435769,10000,100000,2606,10006,0.016357422,unavailable,0,0,0,0,0,0,0,0,2,0,1
26,timed,churn,2654435769,10000,100000,4499,10029,0.017333984,unavailable,0,0,0,0,0,0,0,0,1,0,1
26,timed,churn,2654435769,10000,100000,5496,9999,0.007324219,unavailable,0,0,0,0,0,0,0,0,2,0,1
26,timed,churn,2654435769,10000,100000,16121,9874,0.005371094,unavailable,0,0,0,0,0,0,0,0,2,0,1
26,timed,churn,2654435769,10000,100000,31129,9953,0.008300781,unavailable,0,0,0,0,0,0,0,0,1,0,1
26,timed,churn,2654435769,10000,100000,36611,9932,0.004394531,unavailable,0,0,0,0,0,0,0,0,1,0,1
26,timed,churn,2654435769,10000,100000,38007,9953,0.006835938,unavailable,0,0,0,0,0,0,0,0,1,0,1
26,timed,churn,2654435769,10000,100000,39600,9977,0.0078125,unavailable,0,0,0,0,0,0,0,0,1,0,1
26,timed,churn,2654435769,10000,100000,50240,9924,0.004638672,unavailable,0,0,0,0,0,0,0,0,1,0,1
26,timed,churn,2654435769,10000,100000,62028,9998,0.005371094,unavailable,0,0,0,0,0,0,0,0,2,0,1
26,timed,churn,2654435769,10000,100000,69315,10051,0.254882812,unavailable,0,0,0,0,0,0,0,0,2,0,1
26,timed,churn,2654435769,10000,100000,74275,10082,0.005371094,unavailable,0,0,0,0,0,0,0,0,1,0,1
26,timed,churn,2654435769,10000,100000,80075,10010,0.005371094,unavailable,0,0,0,0,0,0,0,0,3,0,1
26,timed,churn,2654435769,10000,100000,80235,10008,0.004394531,unavailable,0,0,0,0,0,0,0,0,1,0,1
26,timed,churn,2654435769,10000,100000,82202,9989,0.005615234,unavailable,0,0,0,0,0,0,0,0,2,0,1
26,timed,churn,2654435769,10000,100000,82230,9989,0.018310547,unavailable,0,0,0,0,0,0,0,0,2,0,1
26,timed,churn,2654435769,10000,100000,82231,9989,0.006591797,unavailable,0,0,0,0,0,0,0,0,1,0,1
26,timed,churn,2654435769,10000,100000,82236,9987,0.006591797,unavailable,0,0,0,0,0,0,0,0,5,0,1
26,timed,churn,2654435769,10000,100000,82238,9986,0.005615234,unavailable,0,0,0,0,0,0,0,0,3,0,1
26,timed,churn,2654435769,10000,100000,82264,9983,0.004394531,unavailable,0,0,0,0,0,0,0,0,5,0,1
26,timed,churn,2654435769,10000,100000,82300,9986,0.004394531,unavailable,0,0,0,0,0,0,0,0,6,0,1
26,timed,churn,2654435769,10000,100000,83203,10017,0.006103516,unavailable,0,0,0,0,0,0,0,0,1,0,1
26,timed,churn,2654435769,10000,100000,83832,10012,0.006591797,unavailable,0,0,0,0,0,0,0,0,1,0,1
26,timed,churn,2654435769,10000,100000,86046,10002,0.005615234,unavailable,0,0,0,0,0,0,0,0,2,0,1
26,timed,churn,2654435769,10000,100000,92375,10040,0.005615234,unavailable,0,0,0,0,0,0,0,0,1,0,1
26,diagnostic,churn,2654435769,10000,100000,1441,10021,0.028076172,direct,0,0,0,0,0,13,1,13,1,0,1
26,diagnostic,churn,2654435769,10000,100000,5679,9996,0.130371094,direct,0,0,0,0,0,14,0,14,1,0,1
26,diagnostic,churn,2654435769,10000,100000,16904,9868,0.014404297,direct,0,0,0,0,0,12,0,12,1,0,1
26,diagnostic,churn,2654435769,10000,100000,19024,9862,0.055419922,direct,0,0,0,0,0,15,1,15,1,0,1
26,diagnostic,churn,2654435769,10000,100000,20547,9830,0.015136719,direct,0,0,0,0,0,13,2,13,3,0,1
26,diagnostic,churn,2654435769,10000,100000,20933,9836,0.017333984,direct,0,0,0,0,0,14,1,14,2,0,1
26,diagnostic,churn,2654435769,10000,100000,28382,9882,0.131591797,direct,0,0,0,0,0,13,1,13,2,0,1
26,diagnostic,churn,2654435769,10000,100000,30219,9930,0.024169922,direct,0,0,0,0,0,14,2,14,2,0,1
26,diagnostic,churn,2654435769,10000,100000,33342,9990,0.122558594,direct,0,0,0,0,0,13,0,13,2,0,1
26,diagnostic,churn,2654435769,10000,100000,36779,9937,0.022216797,direct,0,0,0,0,0,13,0,13,2,0,1
26,diagnostic,churn,2654435769,10000,100000,39106,9958,0.014160156,direct,0,0,0,0,0,14,1,14,2,0,1
26,diagnostic,churn,2654435769,10000,100000,39422,9962,0.099609375,direct,0,0,0,0,0,13,0,13,1,0,1
26,diagnostic,churn,2654435769,10000,100000,39600,9977,0.005126953,local,8,8,1,0,9,15,2,15,1,0,2
26,diagnostic,churn,2654435769,10000,100000,44397,9936,0.021972656,direct,0,0,0,0,0,15,1,15,1,0,1
26,diagnostic,churn,2654435769,10000,100000,44715,9924,0.00390625,local,8,8,1,0,9,15,2,15,1,0,2
26,diagnostic,churn,2654435769,10000,100000,46424,9947,0.003417969,local,8,8,1,0,9,14,2,14,1,0,2
26,diagnostic,churn,2654435769,10000,100000,51353,9933,0.00390625,local,8,8,1,0,9,14,1,14,1,0,2
26,diagnostic,churn,2654435769,10000,100000,54750,9995,0.102050781,direct,0,0,0,0,0,14,2,14,1,0,1
26,diagnostic,churn,2654435769,10000,100000,58092,10013,0.021728516,direct,0,0,0,0,0,13,2,13,1,0,1
26,diagnostic,churn,2654435769,10000,100000,59851,9975,0.014160156,direct,0,0,0,0,0,13,2,13,1,0,1
26,diagnostic,churn,2654435769,10000,100000,63833,10014,0.003417969,local,8,8,1,0,9,14,2,14,1,0,2
26,diagnostic,churn,2654435769,10000,100000,65281,10055,0.003417969,local,8,8,1,0,9,14,0,14,1,0,2
26,diagnostic,churn,2654435769,10000,100000,65563,10061,0.00390625,local,8,8,1,0,9,14,2,14,1,0,2
26,diagnostic,churn,2654435769,10000,100000,68853,10038,0.020996094,direct,0,0,0,0,0,14,0,14,2,0,1
26,diagnostic,churn,2654435769,10000,100000,69819,10045,0.005859375,local,8,8,1,0,9,15,1,15,1,0,2
26,diagnostic,churn,2654435769,10000,100000,70412,10071,0.003417969,local,8,8,1,0,9,14,2,14,1,0,2
26,diagnostic,churn,2654435769,10000,100000,70664,10075,0.003417969,local,8,8,1,0,9,14,0,14,1,0,2
26,diagnostic,churn,2654435769,10000,100000,72855,10060,0.027099609,direct,0,0,0,0,0,15,2,15,2,0,1
26,diagnostic,churn,2654435769,10000,100000,75111,10103,0.003417969,local,8,8,1,0,9,14,2,14,1,0,2
26,diagnostic,churn,2654435769,10000,100000,75280,10083,0.013916016,direct,0,0,0,0,0,13,2,13,1,0,1
26,diagnostic,churn,2654435769,10000,100000,75959,10101,0.014648438,direct,0,0,0,0,0,14,0,14,1,0,1
26,diagnostic,churn,2654435769,10000,100000,80496,10007,0.003417969,local,8,8,1,0,9,15,1,15,1,0,2
26,diagnostic,churn,2654435769,10000,100000,80901,9995,0.003173828,local,8,8,1,0,9,13,0,13,1,0,2
26,diagnostic,churn,2654435769,10000,100000,83006,10034,0.003173828,local,8,8,1,0,9,12,0,12,1,0,2
26,diagnostic,churn,2654435769,10000,100000,83447,10008,0.003417969,local,8,8,1,0,9,15,2,15,1,0,2
26,diagnostic,churn,2654435769,10000,100000,83689,10015,0.004394531,local,8,8,1,0,9,12,2,12,1,0,2
26,diagnostic,churn,2654435769,10000,100000,86722,10028,0.003417969,local,8,8,1,0,9,14,0,14,1,0,2
26,diagnostic,churn,2654435769,10000,100000,89530,9984,0.0078125,local,8,8,1,0,9,14,2,14,1,0,2
26,diagnostic,churn,2654435769,10000,100000,90131,10005,0.127685547,direct,0,0,0,0,0,15,1,15,1,0,1
26,diagnostic,churn,2654435769,10000,100000,90161,10007,0.014648438,direct,0,0,0,0,0,14,0,14,2,0,1
26,diagnostic,churn,2654435769,10000,100000,90361,10024,0.003417969,local,8,8,1,0,9,14,2,14,1,0,2
26,diagnostic,churn,2654435769,10000,100000,90993,10038,0.006103516,local,8,8,1,0,9,15,1,15,1,0,2
26,diagnostic,churn,2654435769,10000,100000,91042,10037,0.00390625,local,8,8,1,0,9,14,1,14,1,0,2
26,diagnostic,churn,2654435769,10000,100000,95236,10054,0.014404297,direct,0,0,0,0,0,14,0,14,3,0,1
26,diagnostic,churn,2654435769,10000,100000,95455,10065,0.003417969,local,8,8,1,0,9,13,0,13,1,0,2
26,diagnostic,churn,2654435769,10000,100000,95576,10071,0.118896484,direct,0,0,0,0,0,13,0,13,2,0,1
26,diagnostic,churn,2654435769,10000,100000,95880,10074,0.003173828,local,8,8,1,0,9,13,0,13,1,0,2
26,diagnostic,churn,2654435769,10000,100000,98714,10125,0.003417969,local,8,8,1,0,9,13,0,13,1,0,2
26,diagnostic,churn,2654435769,10000,100000,99172,10118,0.021972656,direct,0,0,0,0,0,13,0,13,1,0,1
26,diagnostic,churn,2654435769,10000,100000,99480,10111,0.003173828,local,8,8,1,0,9,14,2,14,1,0,2
27,timed,churn,826366246,10000,100000,10037,10032,0.019287109,unavailable,0,0,0,0,0,0,0,0,2,0,1
27,timed,churn,826366246,10000,100000,17500,9962,0.009033203,unavailable,0,0,0,0,0,0,0,0,2,0,1
27,timed,churn,826366246,10000,100000,17501,9963,0.008789062,unavailable,0,0,0,0,0,0,0,0,2,0,1
27,timed,churn,826366246,10000,100000,25069,9991,0.0234375,unavailable,0,0,0,0,0,0,0,0,5,0,1
27,timed,churn,826366246,10000,100000,29000,9913,0.027587891,unavailable,0,0,0,0,0,0,0,0,1,0,1
27,timed,churn,826366246,10000,100000,30746,9924,0.008300781,unavailable,0,0,0,0,0,0,0,0,4,0,1
27,timed,churn,826366246,10000,100000,41350,9898,0.109863281,unavailable,0,0,0,0,0,0,0,0,3,0,1
27,timed,churn,826366246,10000,100000,41388,9902,0.014648438,unavailable,0,0,0,0,0,0,0,0,2,0,1
27,timed,churn,826366246,10000,100000,45158,9960,0.032226562,unavailable,0,0,0,0,0,0,0,0,3,0,1
27,timed,churn,826366246,10000,100000,48409,9964,0.010253906,unavailable,0,0,0,0,0,0,0,0,2,0,1
27,timed,churn,826366246,10000,100000,48650,9968,0.114746094,unavailable,0,0,0,0,0,0,0,0,1,0,1
27,timed,churn,826366246,10000,100000,48776,9965,0.015380859,unavailable,0,0,0,0,0,0,0,0,4,0,1
27,timed,churn,826366246,10000,100000,52259,9882,0.013916016,unavailable,0,0,0,0,0,0,0,0,1,0,1
27,timed,churn,826366246,10000,100000,53222,9864,0.014892578,unavailable,0,0,0,0,0,0,0,0,1,0,1
27,timed,churn,826366246,10000,100000,63986,9940,0.020019531,unavailable,0,0,0,0,0,0,0,0,1,0,1
27,timed,churn,826366246,10000,100000,64202,9953,0.133300781,unavailable,0,0,0,0,0,0,0,0,3,0,1
27,timed,churn,826366246,10000,100000,71852,9965,0.024414062,unavailable,0,0,0,0,0,0,0,0,4,0,1
27,timed,churn,826366246,10000,100000,74503,9953,0.017089844,unavailable,0,0,0,0,0,0,0,0,2,0,1
27,timed,churn,826366246,10000,100000,74648,9946,0.011230469,unavailable,0,0,0,0,0,0,0,0,2,0,1
27,timed,churn,826366246,10000,100000,82512,9988,0.021972656,unavailable,0,0,0,0,0,0,0,0,1,0,1
27,timed,churn,826366246,10000,100000,85106,10014,0.013916016,unavailable,0,0,0,0,0,0,0,0,2,0,1
27,timed,churn,826366246,10000,100000,85834,10019,0.014404297,unavailable,0,0,0,0,0,0,0,0,2,0,1
27,timed,churn,826366246,10000,100000,96454,10031,0.013427734,unavailable,0,0,0,0,0,0,0,0,2,0,1
27,timed,churn,826366246,10000,100000,97054,10014,0.012939453,unavailable,0,0,0,0,0,0,0,0,1,0,1
27,timed,churn,826366246,10000,100000,99656,10082,0.022705078,unavailable,0,0,0,0,0,0,0,0,2,0,1
27,diagnostic,churn,826366246,10000,100000,3722,10104,0.007080078,direct,0,0,0,0,0,14,1,14,3,0,1
27,diagnostic,churn,826366246,10000,100000,16659,9949,0.024658203,direct,0,0,0,0,0,15,1,15,3,0,1
27,diagnostic,churn,826366246,10000,100000,25445,9962,0.004150391,direct,0,0,0,0,0,14,1,14,1,0,1
27,diagnostic,churn,826366246,10000,100000,27524,9974,0.003662109,local,8,8,1,0,9,14,1,14,1,0,2
27,diagnostic,churn,826366246,10000,100000,32115,9920,0.004394531,local,8,8,1,0,9,14,1,14,1,0,3
27,diagnostic,churn,826366246,10000,100000,44468,9960,0.259765625,direct,0,0,0,0,0,12,0,12,4,0,1
27,diagnostic,churn,826366246,10000,100000,46867,9962,0.004638672,direct,0,0,0,0,0,12,0,12,1,0,1
27,diagnostic,churn,826366246,10000,100000,51155,9903,0.004150391,direct,0,0,0,0,0,13,1,13,2,0,1
27,diagnostic,churn,826366246,10000,100000,53120,9866,0.006835938,direct,0,0,0,0,0,13,2,13,2,0,1
27,diagnostic,churn,826366246,10000,100000,55079,9869,0.003662109,local,8,8,1,0,9,14,2,14,1,0,2
27,diagnostic,churn,826366246,10000,100000,56323,9893,0.003417969,local,8,8,1,0,9,14,1,14,1,0,2
27,diagnostic,churn,826366246,10000,100000,57002,9890,0.004394531,direct,0,0,0,0,0,13,0,13,2,0,1
27,diagnostic,churn,826366246,10000,100000,59031,9914,0.004882812,direct,0,0,0,0,0,14,2,14,3,0,1
27,diagnostic,churn,826366246,10000,100000,59675,9926,0.003417969,local,8,8,1,0,9,14,2,14,1,0,2
27,diagnostic,churn,826366246,10000,100000,63293,9947,0.003417969,local,8,8,1,0,9,14,0,14,1,0,2
27,diagnostic,churn,826366246,10000,100000,68062,9996,0.003662109,local,8,8,1,0,9,13,0,13,1,0,2
27,diagnostic,churn,826366246,10000,100000,69364,9998,0.003662109,local,8,8,1,0,9,13,0,13,1,0,2
27,diagnostic,churn,826366246,10000,100000,72926,9969,0.004394531,direct,0,0,0,0,0,15,2,15,4,0,1
27,diagnostic,churn,826366246,10000,100000,74018,9964,0.004394531,local,8,8,1,0,9,14,0,14,1,0,3
27,diagnostic,churn,826366246,10000,100000,74035,9964,0.004150391,direct,0,0,0,0,0,13,0,13,2,0,1
27,diagnostic,churn,826366246,10000,100000,74043,9966,0.004150391,direct,0,0,0,0,0,15,1,15,2,0,1
27,diagnostic,churn,826366246,10000,100000,74553,9947,0.003417969,local,8,8,1,0,9,14,0,14,1,0,2
27,diagnostic,churn,826366246,10000,100000,74873,9946,0.004882812,direct,0,0,0,0,0,14,1,14,1,0,1
27,diagnostic,churn,826366246,10000,100000,75770,9943,0.004150391,local,8,8,1,0,9,15,2,15,1,0,3
27,diagnostic,churn,826366246,10000,100000,76834,9935,0.004882812,local,8,8,1,0,9,13,0,13,1,0,3
27,diagnostic,churn,826366246,10000,100000,77768,9967,0.003417969,local,8,8,1,0,9,15,1,15,1,0,2
27,diagnostic,churn,826366246,10000,100000,79795,9961,0.004394531,local,8,8,1,0,9,13,0,13,1,0,3
27,diagnostic,churn,826366246,10000,100000,81293,9978,0.003417969,local,8,8,1,0,9,14,0,14,1,0,2
27,diagnostic,churn,826366246,10000,100000,81640,9977,0.003417969,local,8,8,1,0,9,14,1,14,1,0,2
27,diagnostic,churn,826366246,10000,100000,82120,9977,0.004638672,direct,0,0,0,0,0,13,0,13,2,0,1
27,diagnostic,churn,826366246,10000,100000,82889,9977,0.003417969,local,8,8,1,0,9,15,2,15,1,0,2
27,diagnostic,churn,826366246,10000,100000,85597,10008,0.003417969,local,8,8,1,0,9,13,2,13,1,0,2
27,diagnostic,churn,826366246,10000,100000,86444,10009,0.003662109,local,8,8,1,0,9,12,0,12,1,0,2
27,diagnostic,churn,826366246,10000,100000,86498,10005,0.003417969,local,8,8,1,0,9,14,1,14,1,0,2
27,diagnostic,churn,826366246,10000,100000,87953,10000,0.008300781,direct,0,0,0,0,0,14,1,14,2,0,1
27,diagnostic,churn,826366246,10000,100000,88863,10040,0.003417969,local,8,8,1,0,9,13,0,13,1,0,2
27,diagnostic,churn,826366246,10000,100000,91496,10050,0.004394531,direct,0,0,0,0,0,12,0,12,1,0,1
27,diagnostic,churn,826366246,10000,100000,91666,10027,0.00390625,local,8,8,1,0,9,14,0,14,1,0,3
27,diagnostic,churn,826366246,10000,100000,92073,10043,0.007324219,local,16,24,1,1,26,14,0,14,1,0,3
27,diagnostic,churn,826366246,10000,100000,92156,10043,0.003662109,local,8,8,1,0,9,13,0,13,1,0,3
27,diagnostic,churn,826366246,10000,100000,94632,10014,0.003417969,local,8,8,1,0,9,12,0,12,1,0,2
27,diagnostic,churn,826366246,10000,100000,95428,10029,0.00390625,direct,0,0,0,0,0,14,0,14,1,0,1
28,timed,churn,12648430,10000,100000,15272,9944,0.00390625,unavailable,0,0,0,0,0,0,0,0,3,0,1
28,timed,churn,12648430,10000,100000,20344,9930,0.006591797,unavailable,0,0,0,0,0,0,0,0,1,0,1
28,timed,churn,12648430,10000,100000,24620,9922,0.004150391,unavailable,0,0,0,0,0,0,0,0,2,0,1
28,timed,churn,12648430,10000,100000,29396,9921,0.00390625,unavailable,0,0,0,0,0,0,0,0,1,0,1
28,timed,churn,12648430,10000,100000,31955,9992,0.008300781,unavailable,0,0,0,0,0,0,0,0,3,0,1
28,timed,churn,12648430,10000,100000,43856,10084,0.00390625,unavailable,0,0,0,0,0,0,0,0,1,0,1
28,timed,churn,12648430,10000,100000,49827,10098,0.00390625,unavailable,0,0,0,0,0,0,0,0,1,0,1
28,timed,churn,12648430,10000,100000,54441,10089,0.00390625,unavailable,0,0,0,0,0,0,0,0,4,0,1
28,timed,churn,12648430,10000,100000,56424,10131,0.00390625,unavailable,0,0,0,0,0,0,0,0,1,0,1
28,timed,churn,12648430,10000,100000,57190,10154,0.004882812,unavailable,0,0,0,0,0,0,0,0,6,0,1
28,timed,churn,12648430,10000,100000,62132,10220,0.004394531,unavailable,0,0,0,0,0,0,0,0,1,0,1
28,timed,churn,12648430,10000,100000,64953,10160,0.004882812,unavailable,0,0,0,0,0,0,0,0,1,0,1
28,timed,churn,12648430,10000,100000,68129,10201,0.005126953,unavailable,0,0,0,0,0,0,0,0,1,0,1
28,timed,churn,12648430,10000,100000,69214,10179,0.00390625,unavailable,0,0,0,0,0,0,0,0,2,0,1
28,timed,churn,12648430,10000,100000,71110,10214,0.003662109,unavailable,0,0,0,0,0,0,0,0,1,0,1
28,timed,churn,12648430,10000,100000,73040,10180,0.004638672,unavailable,0,0,0,0,0,0,0,0,1,0,1
28,timed,churn,12648430,10000,100000,74450,10165,0.004394531,unavailable,0,0,0,0,0,0,0,0,1,0,1
28,timed,churn,12648430,10000,100000,76625,10096,0.1953125,unavailable,0,0,0,0,0,0,0,0,2,0,1
28,timed,churn,12648430,10000,100000,76724,10098,0.00390625,unavailable,0,0,0,0,0,0,0,0,3,0,1
28,timed,churn,12648430,10000,100000,78921,10108,0.003662109,unavailable,0,0,0,0,0,0,0,0,2,0,1
28,timed,churn,12648430,10000,100000,83315,10116,0.004638672,unavailable,0,0,0,0,0,0,0,0,2,0,1
28,timed,churn,12648430,10000,100000,85606,10139,0.210205078,unavailable,0,0,0,0,0,0,0,0,3,0,1
28,timed,churn,12648430,10000,100000,91062,10168,0.004394531,unavailable,0,0,0,0,0,0,0,0,3,0,1
28,timed,churn,12648430,10000,100000,91075,10172,0.004394531,unavailable,0,0,0,0,0,0,0,0,4,0,1
28,timed,churn,12648430,10000,100000,99155,10129,0.004150391,unavailable,0,0,0,0,0,0,0,0,5,0,1
28,diagnostic,churn,12648430,10000,100000,7842,9972,0.029052734,direct,0,0,0,0,0,15,1,15,1,0,1
28,diagnostic,churn,12648430,10000,100000,12964,9969,0.025878906,direct,0,0,0,0,0,12,0,12,2,0,1
28,diagnostic,churn,12648430,10000,100000,15499,9950,0.015869141,direct,0,0,0,0,0,14,2,14,2,0,1
28,diagnostic,churn,12648430,10000,100000,16557,9978,0.029541016,direct,0,0,0,0,0,13,1,13,3,0,1
28,diagnostic,churn,12648430,10000,100000,20344,9930,0.004150391,local,8,8,1,0,9,14,1,14,1,0,2
28,diagnostic,churn,12648430,10000,100000,21324,9924,0.014404297,direct,0,0,0,0,0,13,0,13,2,0,1
28,diagnostic,churn,12648430,10000,100000,24998,9940,0.020751953,direct,0,0,0,0,0,15,1,15,1,0,1
28,diagnostic,churn,12648430,10000,100000,29396,9921,0.00390625,local,8,8,1,0,9,14,1,14,1,0,2
28,diagnostic,churn,12648430,10000,100000,30973,9930,0.00390625,local,8,8,1,0,9,14,2,14,1,0,2
28,diagnostic,churn,12648430,10000,100000,31578,9966,0.129394531,direct,0,0,0,0,0,12,0,12,1,0,1
28,diagnostic,churn,12648430,10000,100000,34685,9959,0.00390625,local,8,8,1,0,9,13,2,13,1,0,2
28,diagnostic,churn,12648430,10000,100000,36078,9969,0.004638672,local,8,8,1,0,9,15,1,15,1,0,2
28,diagnostic,churn,12648430,10000,100000,36272,9959,0.020996094,direct,0,0,0,0,0,13,0,13,1,0,1
28,diagnostic,churn,12648430,10000,100000,39070,9983,0.014404297,direct,0,0,0,0,0,12,0,12,1,0,1
28,diagnostic,churn,12648430,10000,100000,39379,9993,0.013916016,direct,0,0,0,0,0,13,0,13,3,0,1
28,diagnostic,churn,12648430,10000,100000,42451,10027,0.004394531,local,8,8,1,0,9,14,1,14,1,0,2
28,diagnostic,churn,12648430,10000,100000,49483,10118,0.014404297,direct,0,0,0,0,0,15,2,15,2,0,1
28,diagnostic,churn,12648430,10000,100000,49891,10097,0.094970703,direct,0,0,0,0,0,14,0,14,1,0,1
28,diagnostic,churn,12648430,10000,100000,50808,10145,0.004394531,local,8,8,1,0,9,14,1,14,1,0,2
28,diagnostic,churn,12648430,10000,100000,52665,10106,0.00390625,local,8,8,1,0,9,13,0,13,1,0,2
28,diagnostic,churn,12648430,10000,100000,53783,10119,0.014160156,direct,0,0,0,0,0,14,0,14,1,0,1
28,diagnostic,churn,12648430,10000,100000,54083,10099,0.099365234,direct,0,0,0,0,0,13,1,13,1,0,1
28,diagnostic,churn,12648430,10000,100000,54146,10102,0.016601562,direct,0,0,0,0,0,15,1,15,1,0,1
28,diagnostic,churn,12648430,10000,100000,57707,10146,0.021240234,direct,0,0,0,0,0,15,2,15,5,0,1
28,diagnostic,churn,12648430,10000,100000,60621,10174,0.004150391,local,8,8,1,0,9,15,1,15,1,0,2
28,diagnostic,churn,12648430,10000,100000,61459,10227,0.0234375,direct,0,0,0,0,0,13,0,13,4,0,1
28,diagnostic,churn,12648430,10000,100000,64953,10160,0.00390625,local,8,8,1,0,9,14,1,14,1,0,2
28,diagnostic,churn,12648430,10000,100000,65175,10164,0.003662109,local,8,8,1,0,9,14,1,14,1,0,2
28,diagnostic,churn,12648430,10000,100000,67801,10191,0.021484375,direct,0,0,0,0,0,13,0,13,1,0,1
28,diagnostic,churn,12648430,10000,100000,68712,10202,0.00390625,local,8,8,1,0,9,14,0,14,1,0,2
28,diagnostic,churn,12648430,10000,100000,68731,10203,0.014404297,direct,0,0,0,0,0,13,0,13,4,0,1
28,diagnostic,churn,12648430,10000,100000,69436,10171,0.003417969,local,8,8,1,0,9,13,2,13,1,0,2
28,diagnostic,churn,12648430,10000,100000,70652,10185,0.003417969,local,8,8,1,0,9,14,1,14,1,0,2
28,diagnostic,churn,12648430,10000,100000,71960,10169,0.021728516,direct,0,0,0,0,0,15,1,15,1,0,1
28,diagnostic,churn,12648430,10000,100000,74397,10168,0.003417969,local,8,8,1,0,9,14,2,14,1,0,2
28,diagnostic,churn,12648430,10000,100000,74413,10166,0.119384766,direct,0,0,0,0,0,13,0,13,1,0,1
28,diagnostic,churn,12648430,10000,100000,74450,10165,0.003662109,local,8,8,1,0,9,14,1,14,1,0,2
28,diagnostic,churn,12648430,10000,100000,75399,10123,0.015136719,direct,0,0,0,0,0,14,1,14,1,0,1
28,diagnostic,churn,12648430,10000,100000,78231,10107,0.022949219,direct,0,0,0,0,0,14,1,14,1,0,1
28,diagnostic,churn,12648430,10000,100000,79597,10116,0.337646484,direct,0,0,0,0,0,14,0,14,4,0,1
28,diagnostic,churn,12648430,10000,100000,81382,10119,0.003417969,local,8,8,1,0,9,14,2,14,1,0,2
28,diagnostic,churn,12648430,10000,100000,83201,10114,0.005126953,local,8,8,1,0,9,14,2,14,1,0,2
28,diagnostic,churn,12648430,10000,100000,84874,10146,0.003417969,local,8,8,1,0,9,14,0,14,1,0,2
28,diagnostic,churn,12648430,10000,100000,86787,10142,0.067382812,direct,0,0,0,0,0,13,0,13,1,0,1
28,diagnostic,churn,12648430,10000,100000,86873,10148,0.004394531,local,8,8,1,0,9,14,0,14,1,0,2
28,diagnostic,churn,12648430,10000,100000,87585,10174,0.00390625,local,8,8,1,0,9,14,2,14,1,0,2
28,diagnostic,churn,12648430,10000,100000,88960,10141,0.004638672,local,8,8,1,0,9,13,2,13,1,0,2
28,diagnostic,churn,12648430,10000,100000,91062,10168,0.004638672,local,8,8,1,0,9,14,2,14,3,0,2
28,diagnostic,churn,12648430,10000,100000,92627,10157,0.003417969,local,8,8,1,0,9,14,2,14,1,0,2
28,diagnostic,churn,12648430,10000,100000,93003,10157,0.003417969,local,8,8,1,0,9,14,0,14,1,0,2
29,timed,timeline,17,100000,100000,6753,105414,0.029296875,unavailable,0,0,0,0,0,0,0,0,5,0,1
29,timed,timeline,17,100000,100000,7377,105924,0.037597656,unavailable,0,0,0,0,0,0,0,0,5,0,1
29,timed,timeline,17,100000,100000,8568,106883,0.032714844,unavailable,0,0,0,0,0,0,0,0,5,0,1
29,timed,timeline,17,100000,100000,9582,107689,0.030761719,unavailable,0,0,0,0,0,0,0,0,6,0,1
29,timed,timeline,17,100000,100000,13783,111020,95.512207031,unavailable,0,0,0,0,0,0,0,0,4,0,1
29,timed,timeline,17,100000,100000,24275,119456,0.039306641,unavailable,0,0,0,0,0,0,0,0,3,0,1
29,timed,timeline,17,100000,100000,26961,121562,0.084472656,unavailable,0,0,0,0,0,0,0,0,4,0,1
29,timed,timeline,17,100000,100000,29631,123668,0.040771484,unavailable,0,0,0,0,0,0,0,0,4,0,1
29,timed,timeline,17,100000,100000,32229,125774,0.046386719,unavailable,0,0,0,0,0,0,0,0,5,0,1
29,timed,timeline,17,100000,100000,33271,126578,0.025878906,unavailable,0,0,0,0,0,0,0,0,5,0,1
29,timed,timeline,17,100000,100000,34869,127880,0.040771484,unavailable,0,0,0,0,0,0,0,0,5,0,1
29,timed,timeline,17,100000,100000,37281,129800,0.026611328,unavailable,0,0,0,0,0,0,0,0,6,0,1
29,timed,timeline,17,100000,100000,37517,129986,0.037597656,unavailable,0,0,0,0,0,0,0,0,4,0,1
29,timed,timeline,17,100000,100000,38915,131072,0.033447266,unavailable,0,0,0,0,0,0,0,0,6,0,1
29,timed,timeline,17,100000,100000,39851,131844,195.479980469,unavailable,0,0,0,0,0,0,0,0,4,0,1
29,timed,timeline,17,100000,100000,40119,132064,0.395019531,unavailable,0,0,0,0,0,0,0,0,4,0,1
29,timed,timeline,17,100000,100000,53449,142680,0.037109375,unavailable,0,0,0,0,0,0,0,0,4,0,1
29,timed,timeline,17,100000,100000,56131,144786,0.041992188,unavailable,0,0,0,0,0,0,0,0,4,0,1
29,timed,timeline,17,100000,100000,58783,146892,0.105224609,unavailable,0,0,0,0,0,0,0,0,5,0,1
29,timed,timeline,17,100000,100000,61429,148998,0.048339844,unavailable,0,0,0,0,0,0,0,0,6,0,1
29,timed,timeline,17,100000,100000,63109,150346,0.033447266,unavailable,0,0,0,0,0,0,0,0,6,0,1
29,timed,timeline,17,100000,100000,64721,151620,0.027587891,unavailable,0,0,0,0,0,0,0,0,6,0,1
29,timed,timeline,17,100000,100000,65621,152358,200.161376953,unavailable,0,0,0,0,0,0,0,0,3,0,1
29,timed,timeline,17,100000,100000,91176,172865,0.056640625,unavailable,0,0,0,0,0,0,0,0,6,0,1
29,timed,timeline,17,100000,100000,91178,172867,225.062255859,unavailable,0,0,0,0,0,0,0,0,4,0,1
29,diagnostic,timeline,17,100000,100000,1377,101112,0.110839844,direct,0,0,0,0,0,17,1,17,4,0,1
29,diagnostic,timeline,17,100000,100000,6027,104816,0.119628906,direct,0,0,0,0,0,17,0,17,5,0,1
29,diagnostic,timeline,17,100000,100000,9589,107692,0.114746094,direct,0,0,0,0,0,16,0,16,4,0,1
29,diagnostic,timeline,17,100000,100000,12932,110331,0.117919922,direct,0,0,0,0,0,17,0,17,6,0,1
29,diagnostic,timeline,17,100000,100000,13783,111020,123.622558594,full,111020,242084,1,14,242099,17,1,17,4,1,7
29,diagnostic,timeline,17,100000,100000,15018,112015,0.149169922,direct,0,0,0,0,0,18,1,18,4,0,1
29,diagnostic,timeline,17,100000,100000,26075,120864,0.133789062,direct,0,0,0,0,0,18,1,18,4,0,1
29,diagnostic,timeline,17,100000,100000,26845,121476,0.117675781,direct,0,0,0,0,0,17,0,17,4,0,1
29,diagnostic,timeline,17,100000,100000,30266,124193,0.123046875,direct,0,0,0,0,0,18,0,18,4,0,1
29,diagnostic,timeline,17,100000,100000,36531,129180,0.107666016,direct,0,0,0,0,0,19,1,19,6,0,1
29,diagnostic,timeline,17,100000,100000,39851,131844,243.283447266,full,131844,393980,1,15,393996,19,2,19,4,1,7
29,diagnostic,timeline,17,100000,100000,40314,132211,0.179199219,direct,0,0,0,0,0,17,0,17,4,0,1
29,diagnostic,timeline,17,100000,100000,42944,134311,0.131591797,direct,0,0,0,0,0,19,1,19,2,0,1
29,diagnostic,timeline,17,100000,100000,48900,139119,0.188476562,direct,0,0,0,0,0,18,1,18,3,0,1
29,diagnostic,timeline,17,100000,100000,52384,141833,0.114990234,direct,0,0,0,0,0,17,0,17,4,0,1
29,diagnostic,timeline,17,100000,100000,59932,147807,0.115234375,direct,0,0,0,0,0,18,1,18,5,0,1
29,diagnostic,timeline,17,100000,100000,60497,148258,0.112060547,direct,0,0,0,0,0,18,0,18,4,0,1
29,diagnostic,timeline,17,100000,100000,65621,152358,243.761474609,full,152358,414494,1,15,414510,19,2,19,3,1,7
29,diagnostic,timeline,17,100000,100000,69947,155850,0.133789062,direct,0,0,0,0,0,18,1,18,2,0,1
29,diagnostic,timeline,17,100000,100000,73472,158703,0.124755859,direct,0,0,0,0,0,19,1,19,3,0,1
29,diagnostic,timeline,17,100000,100000,80893,164600,0.134277344,direct,0,0,0,0,0,18,0,18,4,0,1
29,diagnostic,timeline,17,100000,100000,83072,166311,0.16015625,direct,0,0,0,0,0,17,0,17,5,0,1
29,diagnostic,timeline,17,100000,100000,90469,172286,0.107421875,direct,0,0,0,0,0,19,1,19,6,0,1
29,diagnostic,timeline,17,100000,100000,91176,172865,0.061035156,local,64,120,1,3,124,18,0,18,6,0,2
29,diagnostic,timeline,17,100000,100000,91178,172867,281.805419922,full,172867,435003,1,15,435019,18,0,18,4,1,7
29,diagnostic,timeline,17,100000,100000,96234,176855,0.111816406,direct,0,0,0,0,0,19,1,19,2,0,1
30,timed,priority,17,100000,100000,25609,102803,0.619873047,unavailable,0,0,0,0,0,0,0,0,1,0,1
30,timed,priority,17,100000,100000,29721,103307,1.190673828,unavailable,0,0,0,0,0,0,0,0,1,0,1
30,timed,priority,17,100000,100000,42713,104579,0.593261719,unavailable,0,0,0,0,0,0,0,0,1,0,1
30,timed,priority,17,100000,100000,47918,105168,1.305175781,unavailable,0,0,0,0,0,0,0,0,1,0,1
30,timed,priority,17,100000,100000,50390,105400,1.205322266,unavailable,0,0,0,0,0,0,0,0,1,0,1
30,timed,priority,17,100000,100000,55078,105778,2.609375,unavailable,0,0,0,0,0,0,0,0,1,0,1
30,timed,priority,17,100000,100000,56479,105858,1.709960938,unavailable,0,0,0,0,0,0,0,0,1,0,1
30,timed,priority,17,100000,100000,57349,105974,1.208251953,unavailable,0,0,0,0,0,0,0,0,1,0,1
30,timed,priority,17,100000,100000,66597,106922,1.557617188,unavailable,0,0,0,0,0,0,0,0,1,0,1
30,timed,priority,17,100000,100000,68786,107173,1.495117188,unavailable,0,0,0,0,0,0,0,0,1,0,1
30,timed,priority,17,100000,100000,69949,107276,2.408447266,unavailable,0,0,0,0,0,0,0,0,1,0,1
30,timed,priority,17,100000,100000,70969,107408,2.642089844,unavailable,0,0,0,0,0,0,0,0,1,0,1
30,timed,priority,17,100000,100000,71056,107417,1.237304688,unavailable,0,0,0,0,0,0,0,0,1,0,1
30,timed,priority,17,100000,100000,71640,107440,2.186279297,unavailable,0,0,0,0,0,0,0,0,1,0,1
30,timed,priority,17,100000,100000,72819,107513,2.017822266,unavailable,0,0,0,0,0,0,0,0,1,0,1
30,timed,priority,17,100000,100000,74891,107753,1.181152344,unavailable,0,0,0,0,0,0,0,0,1,0,1
30,timed,priority,17,100000,100000,76126,107859,0.649414062,unavailable,0,0,0,0,0,0,0,0,1,0,1
30,timed,priority,17,100000,100000,77985,108025,1.188232422,unavailable,0,0,0,0,0,0,0,0,1,0,1
30,timed,priority,17,100000,100000,82960,108499,3.094482422,unavailable,0,0,0,0,0,0,0,0,1,0,1
30,timed,priority,17,100000,100000,83632,108524,1.147705078,unavailable,0,0,0,0,0,0,0,0,1,0,1
30,timed,priority,17,100000,100000,83872,108557,1.149902344,unavailable,0,0,0,0,0,0,0,0,1,0,1
30,timed,priority,17,100000,100000,91001,109326,0.956298828,unavailable,0,0,0,0,0,0,0,0,1,0,1
30,timed,priority,17,100000,100000,96568,109872,1.036376953,unavailable,0,0,0,0,0,0,0,0,1,0,1
30,timed,priority,17,100000,100000,96642,109878,2.514160156,unavailable,0,0,0,0,0,0,0,0,1,0,1
30,timed,priority,17,100000,100000,99299,110107,2.395263672,unavailable,0,0,0,0,0,0,0,0,1,0,1
30,diagnostic,priority,17,100000,100000,29721,103307,1.343505859,large,2048,4088,1,8,4097,17,1,17,1,0,3
30,diagnostic,priority,17,100000,100000,42713,104579,1.276367188,large,1024,2040,1,7,2048,18,1,18,1,0,3
30,diagnostic,priority,17,100000,100000,47918,105168,1.377685547,large,2048,4088,1,8,4097,18,1,18,1,0,3
30,diagnostic,priority,17,100000,100000,50390,105400,1.542480469,large,2048,4088,1,8,4097,18,1,18,1,0,3
30,diagnostic,priority,17,100000,100000,55078,105778,3.258300781,large,4096,8184,1,9,8194,17,1,17,1,0,3
30,diagnostic,priority,17,100000,100000,56408,105847,0.869140625,large,1024,2040,1,7,2048,17,1,17,1,0,3
30,diagnostic,priority,17,100000,100000,56479,105858,1.919189453,large,2048,4088,1,8,4097,17,1,17,1,0,3
30,diagnostic,priority,17,100000,100000,57349,105974,1.698242188,large,2048,4088,1,8,4097,18,1,18,1,0,3
30,diagnostic,priority,17,100000,100000,58166,106053,0.923583984,large,1024,2040,1,7,2048,18,1,18,1,0,3
30,diagnostic,priority,17,100000,100000,66597,106922,2.417236328,large,2048,4088,1,8,4097,17,1,17,1,0,3
30,diagnostic,priority,17,100000,100000,68786,107173,1.891357422,large,2048,4088,1,8,4097,17,1,17,1,0,3
30,diagnostic,priority,17,100000,100000,69949,107276,2.867675781,large,4096,8184,1,9,8194,18,1,18,1,0,3
30,diagnostic,priority,17,100000,100000,70969,107408,3.625,large,4096,8184,1,9,8194,18,1,18,1,0,3
30,diagnostic,priority,17,100000,100000,71056,107417,1.660888672,large,2048,4088,1,8,4097,17,1,17,1,0,3
30,diagnostic,priority,17,100000,100000,71640,107440,3.095703125,large,4096,8184,1,9,8194,17,1,17,1,0,3
30,diagnostic,priority,17,100000,100000,72819,107513,2.704345703,large,4096,8184,1,9,8194,17,1,17,1,0,3
30,diagnostic,priority,17,100000,100000,74891,107753,1.619384766,large,2048,4088,1,8,4097,18,1,18,1,0,3
30,diagnostic,priority,17,100000,100000,76126,107859,0.914306641,large,1024,2040,1,7,2048,18,1,18,1,0,3
30,diagnostic,priority,17,100000,100000,77985,108025,1.522216797,large,2048,4088,1,8,4097,18,1,18,1,0,3
30,diagnostic,priority,17,100000,100000,82960,108499,3.525878906,large,4096,8184,1,9,8194,18,1,18,1,0,3
30,diagnostic,priority,17,100000,100000,83632,108524,1.667236328,large,2048,4088,1,8,4097,18,1,18,1,0,3
30,diagnostic,priority,17,100000,100000,83872,108557,1.696289062,large,2048,4088,1,8,4097,18,1,18,1,0,3
30,diagnostic,priority,17,100000,100000,91001,109326,0.860839844,large,1024,2040,1,7,2048,18,1,18,1,0,3
30,diagnostic,priority,17,100000,100000,96642,109878,3.322753906,large,4096,8184,1,9,8194,18,1,18,1,0,3
30,diagnostic,priority,17,100000,100000,99299,110107,3.2734375,large,4096,8184,1,9,8194,18,1,18,1,0,3
31,timed,local,17,100000,100000,16953,100040,0.019775391,unavailable,0,0,0,0,0,0,0,0,4,0,1
31,timed,local,17,100000,100000,34550,99956,0.022460938,unavailable,0,0,0,0,0,0,0,0,3,0,1
31,timed,local,17,100000,100000,45228,99970,0.138671875,unavailable,0,0,0,0,0,0,0,0,3,0,1
31,timed,local,17,100000,100000,51230,99956,0.019042969,unavailable,0,0,0,0,0,0,0,0,5,0,1
31,timed,local,17,100000,100000,57515,99904,0.026367188,unavailable,0,0,0,0,0,0,0,0,5,0,1
31,timed,local,17,100000,100000,57613,99900,0.023925781,unavailable,0,0,0,0,0,0,0,0,3,0,1
31,timed,local,17,100000,100000,58954,99904,0.052246094,unavailable,0,0,0,0,0,0,0,0,4,0,1
31,timed,local,17,100000,100000,66202,99903,0.033203125,unavailable,0,0,0,0,0,0,0,0,4,0,1
31,timed,local,17,100000,100000,69541,99930,0.034667969,unavailable,0,0,0,0,0,0,0,0,5,0,1
31,timed,local,17,100000,100000,73094,99944,0.030273438,unavailable,0,0,0,0,0,0,0,0,5,0,1
31,timed,local,17,100000,100000,75540,99947,0.04296875,unavailable,0,0,0,0,0,0,0,0,4,0,1
31,timed,local,17,100000,100000,88486,99894,0.025146484,unavailable,0,0,0,0,0,0,0,0,3,0,1
31,timed,local,17,100000,100000,90223,99886,0.033447266,unavailable,0,0,0,0,0,0,0,0,2,0,1
31,timed,local,17,100000,100000,91046,99888,0.018310547,unavailable,0,0,0,0,0,0,0,0,3,0,1
31,timed,local,17,100000,100000,91126,99888,0.124755859,unavailable,0,0,0,0,0,0,0,0,2,0,1
31,timed,local,17,100000,100000,91281,99888,0.018310547,unavailable,0,0,0,0,0,0,0,0,3,0,1
31,timed,local,17,100000,100000,91665,99899,0.030761719,unavailable,0,0,0,0,0,0,0,0,1,0,1
31,timed,local,17,100000,100000,92297,99900,0.111572266,unavailable,0,0,0,0,0,0,0,0,2,0,1
31,timed,local,17,100000,100000,93347,99907,0.031982422,unavailable,0,0,0,0,0,0,0,0,4,0,1
31,timed,local,17,100000,100000,94361,99890,0.018798828,unavailable,0,0,0,0,0,0,0,0,5,0,1
31,timed,local,17,100000,100000,94986,99897,0.043945312,unavailable,0,0,0,0,0,0,0,0,3,0,1
31,timed,local,17,100000,100000,95701,99901,0.023925781,unavailable,0,0,0,0,0,0,0,0,5,0,1
31,timed,local,17,100000,100000,96082,99901,0.017578125,unavailable,0,0,0,0,0,0,0,0,2,0,1
31,timed,local,17,100000,100000,96178,99900,0.12890625,unavailable,0,0,0,0,0,0,0,0,5,0,1
31,timed,local,17,100000,100000,99487,99912,0.019287109,unavailable,0,0,0,0,0,0,0,0,2,0,1
31,diagnostic,local,17,100000,100000,8505,100016,0.014160156,direct,0,0,0,0,0,16,0,16,4,0,1
31,diagnostic,local,17,100000,100000,16953,100040,0.011962891,local,8,8,1,0,9,17,0,17,4,0,2
31,diagnostic,local,17,100000,100000,17767,100033,0.01171875,local,8,8,1,0,9,17,2,17,4,0,2
31,diagnostic,local,17,100000,100000,20001,100019,0.014892578,direct,0,0,0,0,0,17,0,17,3,0,1
31,diagnostic,local,17,100000,100000,20483,100025,0.035644531,direct,0,0,0,0,0,16,0,16,4,0,1
31,diagnostic,local,17,100000,100000,21031,100007,0.018310547,local,8,8,1,0,9,17,0,17,4,0,3
31,diagnostic,local,17,100000,100000,21047,100009,0.020996094,local,8,8,1,0,9,17,1,17,4,0,3
31,diagnostic,local,17,100000,100000,21461,100018,0.010742188,local,8,8,1,0,9,18,1,18,4,0,2
31,diagnostic,local,17,100000,100000,26571,99989,0.046630859,direct,0,0,0,0,0,16,2,16,4,0,1
31,diagnostic,local,17,100000,100000,29928,99968,0.010009766,local,8,8,1,0,9,17,1,17,3,0,2
31,diagnostic,local,17,100000,100000,32389,99974,0.014404297,local,8,8,1,0,9,18,2,18,4,0,3
31,diagnostic,local,17,100000,100000,33328,99970,0.019042969,direct,0,0,0,0,0,16,0,16,4,0,1
31,diagnostic,local,17,100000,100000,40784,99950,0.019287109,direct,0,0,0,0,0,18,1,18,4,0,1
31,diagnostic,local,17,100000,100000,41193,99945,0.010742188,local,8,8,1,0,9,17,1,17,3,0,2
31,diagnostic,local,17,100000,100000,45228,99970,0.014892578,local,16,24,1,1,26,15,0,15,3,0,3
31,diagnostic,local,17,100000,100000,49401,99967,0.013427734,direct,0,0,0,0,0,16,0,16,4,0,1
31,diagnostic,local,17,100000,100000,50378,99958,0.010253906,local,8,8,1,0,9,16,2,16,4,0,2
31,diagnostic,local,17,100000,100000,57613,99900,0.013427734,local,16,24,1,1,26,17,2,17,3,0,3
31,diagnostic,local,17,100000,100000,62667,99852,0.011474609,local,8,8,1,0,9,17,1,17,4,0,2
31,diagnostic,local,17,100000,100000,63188,99846,0.011474609,local,8,8,1,0,9,16,0,16,4,0,2
31,diagnostic,local,17,100000,100000,66202,99903,0.037597656,local,32,56,1,2,59,18,2,18,4,0,3
31,diagnostic,local,17,100000,100000,67239,99909,0.013183594,local,8,8,1,0,9,16,0,16,3,0,3
31,diagnostic,local,17,100000,100000,70056,99940,0.009765625,local,8,8,1,0,9,16,0,16,3,0,2
31,diagnostic,local,17,100000,100000,71725,99933,0.013183594,direct,0,0,0,0,0,15,0,15,4,0,1
31,diagnostic,local,17,100000,100000,73445,99953,0.01171875,local,8,8,1,0,9,16,1,16,3,0,2
31,diagnostic,local,17,100000,100000,79806,99944,0.048095703,direct,0,0,0,0,0,16,0,16,3,0,1
31,diagnostic,local,17,100000,100000,81453,99984,0.014404297,local,16,24,1,1,26,17,2,17,4,0,3
31,diagnostic,local,17,100000,100000,83918,99947,0.026367188,direct,0,0,0,0,0,16,1,16,3,0,1
31,diagnostic,local,17,100000,100000,85670,99923,0.009521484,local,8,8,1,0,9,16,0,16,3,0,2
31,diagnostic,local,17,100000,100000,86848,99914,0.015869141,local,16,24,1,1,26,16,2,16,3,0,3
31,diagnostic,local,17,100000,100000,88350,99893,0.038574219,direct,0,0,0,0,0,17,0,17,4,0,1
31,diagnostic,local,17,100000,100000,90033,99888,0.010742188,local,8,8,1,0,9,18,1,18,3,0,2
31,diagnostic,local,17,100000,100000,90719,99886,0.015869141,local,16,24,1,1,26,18,1,18,4,0,3
31,diagnostic,local,17,100000,100000,93560,99890,0.014404297,local,16,24,1,1,26,16,0,16,4,0,3
31,diagnostic,local,17,100000,100000,94808,99890,0.010498047,local,8,8,1,0,9,17,2,17,3,0,2
31,diagnostic,local,17,100000,100000,95048,99894,0.013671875,direct,0,0,0,0,0,17,0,17,6,0,1
31,diagnostic,local,17,100000,100000,95949,99905,0.025390625,direct,0,0,0,0,0,16,0,16,5,0,1
31,diagnostic,local,17,100000,100000,96537,99898,0.012695312,local,16,24,1,1,26,17,0,17,2,0,3
32,timed,churn,17,100000,100000,5357,99914,0.007568359,unavailable,0,0,0,0,0,0,0,0,4,0,1
32,timed,churn,17,100000,100000,7252,99935,0.008300781,unavailable,0,0,0,0,0,0,0,0,4,0,1
32,timed,churn,17,100000,100000,7471,99932,0.009033203,unavailable,0,0,0,0,0,0,0,0,4,0,1
32,timed,churn,17,100000,100000,8036,99931,0.009765625,unavailable,0,0,0,0,0,0,0,0,3,0,1
32,timed,churn,17,100000,100000,8456,99922,0.009521484,unavailable,0,0,0,0,0,0,0,0,4,0,1
32,timed,churn,17,100000,100000,26180,100025,0.008300781,unavailable,0,0,0,0,0,0,0,0,3,0,1
32,timed,churn,17,100000,100000,26785,100036,0.007568359,unavailable,0,0,0,0,0,0,0,0,3,0,1
32,timed,churn,17,100000,100000,35901,100069,0.010498047,unavailable,0,0,0,0,0,0,0,0,3,0,1
32,timed,churn,17,100000,100000,37605,100092,0.007324219,unavailable,0,0,0,0,0,0,0,0,3,0,1
32,timed,churn,17,100000,100000,45835,100044,0.007568359,unavailable,0,0,0,0,0,0,0,0,3,0,1
32,timed,churn,17,100000,100000,49366,100051,0.012451172,unavailable,0,0,0,0,0,0,0,0,4,0,1
32,timed,churn,17,100000,100000,50001,100041,0.009765625,unavailable,0,0,0,0,0,0,0,0,3,0,1
32,timed,churn,17,100000,100000,62808,100008,0.009765625,unavailable,0,0,0,0,0,0,0,0,4,0,1
32,timed,churn,17,100000,100000,68796,100003,0.009521484,unavailable,0,0,0,0,0,0,0,0,4,0,1
32,timed,churn,17,100000,100000,69882,99976,0.008544922,unavailable,0,0,0,0,0,0,0,0,4,0,1
32,timed,churn,17,100000,100000,80003,99938,0.010253906,unavailable,0,0,0,0,0,0,0,0,4,0,1
32,timed,churn,17,100000,100000,80807,99930,0.010498047,unavailable,0,0,0,0,0,0,0,0,3,0,1
32,timed,churn,17,100000,100000,89716,99996,0.021484375,unavailable,0,0,0,0,0,0,0,0,5,0,1
32,timed,churn,17,100000,100000,90001,99997,0.007568359,unavailable,0,0,0,0,0,0,0,0,3,0,1
32,timed,churn,17,100000,100000,92537,99938,0.009765625,unavailable,0,0,0,0,0,0,0,0,3,0,1
32,timed,churn,17,100000,100000,93240,99946,0.010498047,unavailable,0,0,0,0,0,0,0,0,4,0,1
32,timed,churn,17,100000,100000,93273,99955,0.008300781,unavailable,0,0,0,0,0,0,0,0,3,0,1
32,timed,churn,17,100000,100000,95915,100028,0.007568359,unavailable,0,0,0,0,0,0,0,0,2,0,1
32,timed,churn,17,100000,100000,97639,100048,0.020996094,unavailable,0,0,0,0,0,0,0,0,4,0,1
32,timed,churn,17,100000,100000,97715,100048,0.008300781,unavailable,0,0,0,0,0,0,0,0,3,0,1
32,diagnostic,churn,17,100000,100000,2509,99964,0.022705078,direct,0,0,0,0,0,16,0,16,4,0,1
32,diagnostic,churn,17,100000,100000,9707,99953,0.023193359,direct,0,0,0,0,0,17,0,17,2,0,1
32,diagnostic,churn,17,100000,100000,11152,99977,0.022216797,direct,0,0,0,0,0,16,0,16,4,0,1
32,diagnostic,churn,17,100000,100000,14662,99994,0.024658203,direct,0,0,0,0,0,17,0,17,2,0,1
32,diagnostic,churn,17,100000,100000,15079,100002,0.147216797,direct,0,0,0,0,0,17,1,17,1,0,1
32,diagnostic,churn,17,100000,100000,15608,99996,0.025146484,direct,0,0,0,0,0,17,0,17,2,0,1
32,diagnostic,churn,17,100000,100000,20043,100051,0.030761719,direct,0,0,0,0,0,17,1,17,2,0,1
32,diagnostic,churn,17,100000,100000,31434,100029,0.025878906,direct,0,0,0,0,0,16,0,16,4,0,1
32,diagnostic,churn,17,100000,100000,35677,100054,0.029785156,direct,0,0,0,0,0,16,0,16,4,0,1
32,diagnostic,churn,17,100000,100000,38824,100086,0.024169922,direct,0,0,0,0,0,17,2,17,2,0,1
32,diagnostic,churn,17,100000,100000,39978,100063,0.025878906,direct,0,0,0,0,0,16,1,16,4,0,1
32,diagnostic,churn,17,100000,100000,44910,100049,0.029296875,direct,0,0,0,0,0,17,0,17,2,0,1
32,diagnostic,churn,17,100000,100000,46853,100075,0.030029297,direct,0,0,0,0,0,16,2,16,3,0,1
32,diagnostic,churn,17,100000,100000,48798,100041,0.032470703,direct,0,0,0,0,0,17,1,17,3,0,1
32,diagnostic,churn,17,100000,100000,49366,100051,0.010986328,local,8,8,1,0,9,17,2,17,4,0,2
32,diagnostic,churn,17,100000,100000,49851,100031,0.033447266,direct,0,0,0,0,0,17,2,17,2,0,1
32,diagnostic,churn,17,100000,100000,50818,100040,0.029541016,direct,0,0,0,0,0,17,0,17,2,0,1
32,diagnostic,churn,17,100000,100000,53520,99999,0.029296875,direct,0,0,0,0,0,17,0,17,3,0,1
32,diagnostic,churn,17,100000,100000,53685,100004,0.027099609,direct,0,0,0,0,0,17,0,17,2,0,1
32,diagnostic,churn,17,100000,100000,69882,99976,0.008300781,local,8,8,1,0,9,16,0,16,4,0,2
32,diagnostic,churn,17,100000,100000,70607,99972,0.022705078,direct,0,0,0,0,0,17,0,17,3,0,1
32,diagnostic,churn,17,100000,100000,73392,99967,0.040039062,direct,0,0,0,0,0,17,0,17,2,0,1
32,diagnostic,churn,17,100000,100000,77228,99974,0.023193359,direct,0,0,0,0,0,17,1,17,3,0,1
32,diagnostic,churn,17,100000,100000,79119,99958,0.008056641,local,8,8,1,0,9,18,1,18,3,0,2
32,diagnostic,churn,17,100000,100000,79505,99938,0.008056641,local,8,8,1,0,9,17,0,17,4,0,2
32,diagnostic,churn,17,100000,100000,80807,99930,0.010009766,local,8,8,1,0,9,17,1,17,3,0,2
32,diagnostic,churn,17,100000,100000,81272,99941,0.022705078,direct,0,0,0,0,0,17,0,17,2,0,1
32,diagnostic,churn,17,100000,100000,83370,99986,0.026123047,direct,0,0,0,0,0,16,0,16,2,0,1
32,diagnostic,churn,17,100000,100000,85776,99949,0.0234375,direct,0,0,0,0,0,16,0,16,4,0,1
32,diagnostic,churn,17,100000,100000,92537,99938,0.007324219,local,8,8,1,0,9,15,0,15,3,0,2
32,diagnostic,churn,17,100000,100000,93240,99946,0.010253906,local,8,8,1,0,9,18,2,18,4,0,2
32,diagnostic,churn,17,100000,100000,97715,100048,0.007568359,local,8,8,1,0,9,16,0,16,3,0,2
32,diagnostic,churn,17,100000,100000,99363,100093,0.1796875,direct,0,0,0,0,0,16,0,16,3,0,1
33,timed,churn,17,50000,500000,32581,50028,0.189697266,unavailable,0,0,0,0,0,0,0,0,3,0,1
33,timed,churn,17,50000,500000,51786,50045,0.186767578,unavailable,0,0,0,0,0,0,0,0,3,0,1
33,timed,churn,17,50000,500000,84427,50005,0.161865234,unavailable,0,0,0,0,0,0,0,0,2,0,1
33,timed,churn,17,50000,500000,131711,50096,0.161376953,unavailable,0,0,0,0,0,0,0,0,2,0,1
33,timed,churn,17,50000,500000,173515,50084,0.178955078,unavailable,0,0,0,0,0,0,0,0,1,0,1
33,timed,churn,17,50000,500000,179241,50199,0.143310547,unavailable,0,0,0,0,0,0,0,0,3,0,1
33,timed,churn,17,50000,500000,196134,50150,0.150634766,unavailable,0,0,0,0,0,0,0,0,2,0,1
33,timed,churn,17,50000,500000,236874,50141,0.180175781,unavailable,0,0,0,0,0,0,0,0,2,0,1
33,timed,churn,17,50000,500000,279051,49990,0.161132812,unavailable,0,0,0,0,0,0,0,0,1,0,1
33,timed,churn,17,50000,500000,319783,50094,0.159912109,unavailable,0,0,0,0,0,0,0,0,1,0,1
33,timed,churn,17,50000,500000,341483,49766,0.172607422,unavailable,0,0,0,0,0,0,0,0,4,0,1
33,timed,churn,17,50000,500000,348979,49700,0.052978516,unavailable,0,0,0,0,0,0,0,0,2,0,1
33,timed,churn,17,50000,500000,375223,49704,0.047851562,unavailable,0,0,0,0,0,0,0,0,1,0,1
33,timed,churn,17,50000,500000,378103,49762,0.047363281,unavailable,0,0,0,0,0,0,0,0,3,0,1
33,timed,churn,17,50000,500000,380587,49744,0.047607422,unavailable,0,0,0,0,0,0,0,0,5,0,1
33,timed,churn,17,50000,500000,397323,49948,0.068603516,unavailable,0,0,0,0,0,0,0,0,1,0,1
33,timed,churn,17,50000,500000,412474,49849,0.046875,unavailable,0,0,0,0,0,0,0,0,2,0,1
33,timed,churn,17,50000,500000,415862,49854,0.122558594,unavailable,0,0,0,0,0,0,0,0,1,0,1
33,timed,churn,17,50000,500000,428122,50153,0.048583984,unavailable,0,0,0,0,0,0,0,0,4,0,1
33,timed,churn,17,50000,500000,433546,50240,0.048095703,unavailable,0,0,0,0,0,0,0,0,5,0,1
33,timed,churn,17,50000,500000,438302,50262,0.146972656,unavailable,0,0,0,0,0,0,0,0,3,0,1
33,timed,churn,17,50000,500000,448100,50253,0.048828125,unavailable,0,0,0,0,0,0,0,0,2,0,1
33,timed,churn,17,50000,500000,460853,50174,0.046875,unavailable,0,0,0,0,0,0,0,0,1,0,1
33,timed,churn,17,50000,500000,485890,50265,0.163085938,unavailable,0,0,0,0,0,0,0,0,3,0,1
33,timed,churn,17,50000,500000,499315,50193,0.152587891,unavailable,0,0,0,0,0,0,0,0,4,0,1
33,diagnostic,churn,17,50000,500000,41868,50048,0.176269531,direct,0,0,0,0,0,16,0,16,2,0,1
33,diagnostic,churn,17,50000,500000,65956,50010,0.173339844,direct,0,0,0,0,0,16,0,16,1,0,1
33,diagnostic,churn,17,50000,500000,73375,49968,0.149414062,direct,0,0,0,0,0,15,0,15,1,0,1
33,diagnostic,churn,17,50000,500000,82472,49964,0.159423828,direct,0,0,0,0,0,16,0,16,3,0,1
33,diagnostic,churn,17,50000,500000,122035,50121,0.336914062,direct,0,0,0,0,0,16,0,16,2,0,1
33,diagnostic,churn,17,50000,500000,130878,50112,0.011962891,local,16,24,1,1,26,17,1,17,1,0,2
33,diagnostic,churn,17,50000,500000,181590,50232,0.180664062,direct,0,0,0,0,0,16,0,16,2,0,1
33,diagnostic,churn,17,50000,500000,206842,50192,0.156982422,direct,0,0,0,0,0,15,2,15,2,0,1
33,diagnostic,churn,17,50000,500000,209230,50205,0.145507812,direct,0,0,0,0,0,16,2,16,5,0,1
33,diagnostic,churn,17,50000,500000,212016,50171,0.192382812,direct,0,0,0,0,0,15,0,15,1,0,1
33,diagnostic,churn,17,50000,500000,213863,50134,0.160400391,direct,0,0,0,0,0,17,1,17,4,0,1
33,diagnostic,churn,17,50000,500000,215879,50134,0.164306641,direct,0,0,0,0,0,17,0,17,2,0,1
33,diagnostic,churn,17,50000,500000,218123,50123,0.145507812,direct,0,0,0,0,0,15,0,15,1,0,1
33,diagnostic,churn,17,50000,500000,218254,50128,0.010986328,local,8,8,1,0,9,16,0,16,2,0,2
33,diagnostic,churn,17,50000,500000,218727,50125,0.016845703,local,8,8,1,0,9,14,0,14,2,0,2
33,diagnostic,churn,17,50000,500000,220001,50167,0.178955078,direct,0,0,0,0,0,16,1,16,2,0,1
33,diagnostic,churn,17,50000,500000,222011,50196,0.164306641,direct,0,0,0,0,0,16,2,16,3,0,1
33,diagnostic,churn,17,50000,500000,223583,50181,0.019287109,local,8,8,1,0,9,17,2,17,2,0,2
33,diagnostic,churn,17,50000,500000,224938,50161,0.012939453,local,16,24,1,1,26,16,2,16,2,0,2
33,diagnostic,churn,17,50000,500000,237624,50106,0.170654297,direct,0,0,0,0,0,15,0,15,3,0,1
33,diagnostic,churn,17,50000,500000,260734,50050,0.161621094,direct,0,0,0,0,0,16,0,16,3,0,1
33,diagnostic,churn,17,50000,500000,278863,49986,0.010742188,local,16,24,1,1,26,16,0,16,2,0,2
33,diagnostic,churn,17,50000,500000,284387,49961,0.146728516,direct,0,0,0,0,0,16,0,16,5,0,1
33,diagnostic,churn,17,50000,500000,302634,49991,0.145019531,direct,0,0,0,0,0,17,1,17,5,0,1
33,diagnostic,churn,17,50000,500000,304399,49976,0.010986328,local,16,24,1,1,26,16,2,16,2,0,2
33,diagnostic,churn,17,50000,500000,311469,50027,0.189453125,local,8,8,1,0,9,16,2,16,2,0,3
33,diagnostic,churn,17,50000,500000,314133,50070,0.147460938,direct,0,0,0,0,0,15,2,15,3,0,1
33,diagnostic,churn,17,50000,500000,336361,49778,0.189697266,direct,0,0,0,0,0,15,0,15,4,0,1
33,diagnostic,churn,17,50000,500000,349015,49696,0.196044922,direct,0,0,0,0,0,16,0,16,3,0,1
33,diagnostic,churn,17,50000,500000,352642,49679,0.165039062,direct,0,0,0,0,0,15,0,15,1,0,1
33,diagnostic,churn,17,50000,500000,360737,49646,0.021240234,local,8,8,1,0,9,16,2,16,2,0,2
33,diagnostic,churn,17,50000,500000,360848,49648,0.144042969,direct,0,0,0,0,0,15,0,15,1,0,1
33,diagnostic,churn,17,50000,500000,377656,49752,0.012207031,local,8,8,1,0,9,15,1,15,2,0,2
33,diagnostic,churn,17,50000,500000,377805,49762,0.012207031,local,8,8,1,0,9,13,0,13,2,0,2
33,diagnostic,churn,17,50000,500000,377844,49754,0.150390625,direct,0,0,0,0,0,15,0,15,2,0,1
33,diagnostic,churn,17,50000,500000,377872,49755,0.015625,local,8,8,1,0,9,15,0,15,2,0,2
33,diagnostic,churn,17,50000,500000,394079,49905,0.010253906,local,8,8,1,0,9,16,2,16,2,0,2
33,diagnostic,churn,17,50000,500000,396434,49939,0.018554688,local,16,24,1,1,26,15,2,15,2,0,2
33,diagnostic,churn,17,50000,500000,406002,49857,0.010253906,local,8,8,1,0,9,17,1,17,2,0,2
33,diagnostic,churn,17,50000,500000,418084,49917,0.016845703,local,8,8,1,0,9,15,0,15,2,0,2
33,diagnostic,churn,17,50000,500000,418419,49899,0.010498047,local,8,8,1,0,9,14,0,14,2,0,2
33,diagnostic,churn,17,50000,500000,420295,49912,0.010253906,local,8,8,1,0,9,15,0,15,2,0,2
33,diagnostic,churn,17,50000,500000,421098,49911,0.010009766,local,8,8,1,0,9,14,0,14,2,0,2
33,diagnostic,churn,17,50000,500000,421141,49910,0.012207031,local,8,8,1,0,9,16,2,16,2,0,2
33,diagnostic,churn,17,50000,500000,421528,49941,0.010009766,local,8,8,1,0,9,16,0,16,2,0,2
33,diagnostic,churn,17,50000,500000,429952,50179,0.024902344,local,32,56,1,2,59,16,0,16,2,0,2
33,diagnostic,churn,17,50000,500000,450745,50193,0.010253906,local,8,8,1,0,9,16,1,16,2,0,2
33,diagnostic,churn,17,50000,500000,493593,50278,0.013427734,local,16,24,1,1,26,14,0,14,2,0,2
33,diagnostic,churn,17,50000,500000,494771,50298,0.015625,local,16,24,1,1,26,17,2,17,2,0,2
34,timed,ascending,17,1000,10000,423,1422,0.006347656,unavailable,0,0,0,0,0,0,0,0,1,0,1
34,timed,ascending,17,1000,10000,510,1509,0.008544922,unavailable,0,0,0,0,0,0,0,0,1,0,1
34,timed,ascending,17,1000,10000,849,1848,0.006835938,unavailable,0,0,0,0,0,0,0,0,1,0,1
34,timed,ascending,17,1000,10000,931,1930,0.010253906,unavailable,0,0,0,0,0,0,0,0,1,0,1
34,timed,ascending,17,1000,10000,1440,2439,0.009033203,unavailable,0,0,0,0,0,0,0,0,1,0,1
34,timed,ascending,17,1000,10000,1527,2526,0.006103516,unavailable,0,0,0,0,0,0,0,0,1,0,1
34,timed,ascending,17,1000,10000,1866,2865,0.013916016,unavailable,0,0,0,0,0,0,0,0,1,0,1
34,timed,ascending,17,1000,10000,1949,2948,0.009277344,unavailable,0,0,0,0,0,0,0,0,1,0,1
34,timed,ascending,17,1000,10000,2458,3457,0.0078125,unavailable,0,0,0,0,0,0,0,0,1,0,1
34,timed,ascending,17,1000,10000,2545,3544,0.010009766,unavailable,0,0,0,0,0,0,0,0,1,0,1
34,timed,ascending,17,1000,10000,2690,3689,0.04296875,unavailable,0,0,0,0,0,0,0,0,1,0,1
34,timed,ascending,17,1000,10000,2967,3966,0.018066406,unavailable,0,0,0,0,0,0,0,0,1,0,1
34,timed,ascending,17,1000,10000,3541,4540,0.011474609,unavailable,0,0,0,0,0,0,0,0,1,0,1
34,timed,ascending,17,1000,10000,3903,4902,0.009765625,unavailable,0,0,0,0,0,0,0,0,1,0,1
34,timed,ascending,17,1000,10000,3987,4986,0.019287109,unavailable,0,0,0,0,0,0,0,0,1,0,1
34,timed,ascending,17,1000,10000,4582,5581,0.019775391,unavailable,0,0,0,0,0,0,0,0,1,0,1
34,timed,ascending,17,1000,10000,5007,6006,0.005615234,unavailable,0,0,0,0,0,0,0,0,1,0,1
34,timed,ascending,17,1000,10000,5575,6574,0.010986328,unavailable,0,0,0,0,0,0,0,0,1,0,1
34,timed,ascending,17,1000,10000,5942,6941,0.018066406,unavailable,0,0,0,0,0,0,0,0,1,0,1
34,timed,ascending,17,1000,10000,6592,7591,0.009765625,unavailable,0,0,0,0,0,0,0,0,1,0,1
34,timed,ascending,17,1000,10000,7302,8301,0.025878906,unavailable,0,0,0,0,0,0,0,0,1,0,1
34,timed,ascending,17,1000,10000,7609,8608,0.029296875,unavailable,0,0,0,0,0,0,0,0,1,0,1
34,timed,ascending,17,1000,10000,8067,9066,0.018554688,unavailable,0,0,0,0,0,0,0,0,1,0,1
34,timed,ascending,17,1000,10000,8744,9743,0.019042969,unavailable,0,0,0,0,0,0,0,0,1,0,1
34,timed,ascending,17,1000,10000,9773,10772,0.0078125,unavailable,0,0,0,0,0,0,0,0,1,0,1
34,diagnostic,ascending,17,1000,10000,1441,2440,0.128417969,direct,0,0,0,0,0,12,1,12,1,0,1
34,diagnostic,ascending,17,1000,10000,1726,2725,0.016845703,direct,0,0,0,0,0,12,1,12,1,0,1
34,diagnostic,ascending,17,1000,10000,2066,3065,0.013916016,direct,0,0,0,0,0,12,1,12,1,0,1
34,diagnostic,ascending,17,1000,10000,2257,3256,0.018554688,direct,0,0,0,0,0,12,1,12,1,0,1
34,diagnostic,ascending,17,1000,10000,2747,3746,0.017578125,direct,0,0,0,0,0,12,1,12,1,0,1
34,diagnostic,ascending,17,1000,10000,2968,3967,0.047607422,direct,0,0,0,0,0,12,1,12,1,0,1
34,diagnostic,ascending,17,1000,10000,3074,4073,0.013427734,direct,0,0,0,0,0,12,1,12,1,0,1
34,diagnostic,ascending,17,1000,10000,3428,4427,0.018066406,direct,0,0,0,0,0,13,1,13,1,0,1
34,diagnostic,ascending,17,1000,10000,3715,4714,0.014160156,direct,0,0,0,0,0,13,1,13,1,0,1
34,diagnostic,ascending,17,1000,10000,3891,4890,0.025634766,direct,0,0,0,0,0,13,1,13,1,0,1
34,diagnostic,ascending,17,1000,10000,3988,4987,0.021728516,direct,0,0,0,0,0,13,1,13,1,0,1
34,diagnostic,ascending,17,1000,10000,4109,5108,0.020507812,direct,0,0,0,0,0,13,1,13,1,0,1
34,diagnostic,ascending,17,1000,10000,4708,5707,0.019042969,direct,0,0,0,0,0,13,1,13,1,0,1
34,diagnostic,ascending,17,1000,10000,4790,5789,0.032714844,direct,0,0,0,0,0,13,1,13,1,0,1
34,diagnostic,ascending,17,1000,10000,5008,6007,0.019042969,direct,0,0,0,0,0,13,1,13,1,0,1
34,diagnostic,ascending,17,1000,10000,5525,6524,0.020263672,direct,0,0,0,0,0,13,1,13,1,0,1
34,diagnostic,ascending,17,1000,10000,6152,7151,0.050537109,direct,0,0,0,0,0,13,1,13,1,0,1
34,diagnostic,ascending,17,1000,10000,6342,7341,0.048583984,direct,0,0,0,0,0,13,1,13,1,0,1
34,diagnostic,ascending,17,1000,10000,6894,7893,0.015380859,direct,0,0,0,0,0,13,1,13,1,0,1
34,diagnostic,ascending,17,1000,10000,6987,7986,0.052978516,direct,0,0,0,0,0,13,1,13,1,0,1
34,diagnostic,ascending,17,1000,10000,7514,8513,0.035644531,direct,0,0,0,0,0,14,1,14,1,0,1
34,diagnostic,ascending,17,1000,10000,7976,8975,0.041015625,direct,0,0,0,0,0,14,1,14,1,0,1
34,diagnostic,ascending,17,1000,10000,8068,9067,0.018554688,direct,0,0,0,0,0,14,1,14,1,0,1
34,diagnostic,ascending,17,1000,10000,8916,9915,0.032958984,direct,0,0,0,0,0,14,1,14,1,0,1
34,diagnostic,ascending,17,1000,10000,9661,10660,0.052490234,direct,0,0,0,0,0,14,1,14,1,0,1
35,timed,descending,17,1000,10000,510,1509,0.008056641,unavailable,0,0,0,0,0,0,0,0,1,0,1
35,timed,descending,17,1000,10000,636,1635,0.008056641,unavailable,0,0,0,0,0,0,0,0,1,0,1
35,timed,descending,17,1000,10000,931,1930,0.010253906,unavailable,0,0,0,0,0,0,0,0,1,0,1
35,timed,descending,17,1000,10000,1440,2439,0.009765625,unavailable,0,0,0,0,0,0,0,0,1,0,1
35,timed,descending,17,1000,10000,1866,2865,0.009033203,unavailable,0,0,0,0,0,0,0,0,1,0,1
35,timed,descending,17,1000,10000,1949,2948,0.009277344,unavailable,0,0,0,0,0,0,0,0,1,0,1
35,timed,descending,17,1000,10000,2458,3457,0.007324219,unavailable,0,0,0,0,0,0,0,0,1,0,1
35,timed,descending,17,1000,10000,2545,3544,0.009277344,unavailable,0,0,0,0,0,0,0,0,1,0,1
35,timed,descending,17,1000,10000,2967,3966,0.018798828,unavailable,0,0,0,0,0,0,0,0,1,0,1
35,timed,descending,17,1000,10000,3541,4540,0.019287109,unavailable,0,0,0,0,0,0,0,0,1,0,1
35,timed,descending,17,1000,10000,3903,4902,0.010742188,unavailable,0,0,0,0,0,0,0,0,1,0,1
35,timed,descending,17,1000,10000,3987,4986,0.020019531,unavailable,0,0,0,0,0,0,0,0,1,0,1
35,timed,descending,17,1000,10000,4582,5581,0.021972656,unavailable,0,0,0,0,0,0,0,0,1,0,1
35,timed,descending,17,1000,10000,5575,6574,0.009521484,unavailable,0,0,0,0,0,0,0,0,1,0,1
35,timed,descending,17,1000,10000,5942,6941,0.016845703,unavailable,0,0,0,0,0,0,0,0,1,0,1
35,timed,descending,17,1000,10000,6592,7591,0.009765625,unavailable,0,0,0,0,0,0,0,0,1,0,1
35,timed,descending,17,1000,10000,7302,8301,0.027832031,unavailable,0,0,0,0,0,0,0,0,1,0,1
35,timed,descending,17,1000,10000,7609,8608,0.0234375,unavailable,0,0,0,0,0,0,0,0,1,0,1
35,timed,descending,17,1000,10000,8067,9066,0.025390625,unavailable,0,0,0,0,0,0,0,0,1,0,1
35,timed,descending,17,1000,10000,8744,9743,0.072509766,unavailable,0,0,0,0,0,0,0,0,1,0,1
35,timed,descending,17,1000,10000,9069,10068,0.021484375,unavailable,0,0,0,0,0,0,0,0,1,0,1
35,timed,descending,17,1000,10000,9414,10413,0.008789062,unavailable,0,0,0,0,0,0,0,0,1,0,1
35,timed,descending,17,1000,10000,9773,10772,0.007568359,unavailable,0,0,0,0,0,0,0,0,1,0,1
35,timed,descending,17,1000,10000,9902,10901,0.013183594,unavailable,0,0,0,0,0,0,0,0,1,0,1
35,timed,descending,17,1000,10000,9957,10956,0.008544922,unavailable,0,0,0,0,0,0,0,0,1,0,1
35,diagnostic,descending,17,1000,10000,366,1365,0.010009766,direct,0,0,0,0,0,11,1,11,1,0,1
35,diagnostic,descending,17,1000,10000,1386,2385,0.011230469,direct,0,0,0,0,0,12,1,12,1,0,1
35,diagnostic,descending,17,1000,10000,1441,2440,0.019042969,direct,0,0,0,0,0,12,1,12,1,0,1
35,diagnostic,descending,17,1000,10000,1726,2725,0.011230469,direct,0,0,0,0,0,12,1,12,1,0,1
35,diagnostic,descending,17,1000,10000,2066,3065,0.012451172,direct,0,0,0,0,0,12,1,12,1,0,1
35,diagnostic,descending,17,1000,10000,2257,3256,0.016113281,direct,0,0,0,0,0,12,1,12,1,0,1
35,diagnostic,descending,17,1000,10000,2398,3397,0.041015625,direct,0,0,0,0,0,12,1,12,1,0,1
35,diagnostic,descending,17,1000,10000,2747,3746,0.018798828,direct,0,0,0,0,0,12,1,12,1,0,1
35,diagnostic,descending,17,1000,10000,2968,3967,0.019775391,direct,0,0,0,0,0,12,1,12,1,0,1
35,diagnostic,descending,17,1000,10000,3074,4073,0.011474609,direct,0,0,0,0,0,12,1,12,1,0,1
35,diagnostic,descending,17,1000,10000,3428,4427,0.016357422,direct,0,0,0,0,0,13,1,13,1,0,1
35,diagnostic,descending,17,1000,10000,3891,4890,0.022949219,direct,0,0,0,0,0,13,1,13,1,0,1
35,diagnostic,descending,17,1000,10000,3988,4987,0.01953125,direct,0,0,0,0,0,13,1,13,1,0,1
35,diagnostic,descending,17,1000,10000,4109,5108,0.017822266,direct,0,0,0,0,0,13,1,13,1,0,1
35,diagnostic,descending,17,1000,10000,4708,5707,0.017822266,direct,0,0,0,0,0,13,1,13,1,0,1
35,diagnostic,descending,17,1000,10000,4790,5789,0.025146484,direct,0,0,0,0,0,13,1,13,1,0,1
35,diagnostic,descending,17,1000,10000,5008,6007,0.017822266,direct,0,0,0,0,0,13,1,13,1,0,1
35,diagnostic,descending,17,1000,10000,5525,6524,0.017089844,direct,0,0,0,0,0,13,1,13,1,0,1
35,diagnostic,descending,17,1000,10000,6152,7151,0.027587891,direct,0,0,0,0,0,13,1,13,1,0,1
35,diagnostic,descending,17,1000,10000,6342,7341,0.030517578,direct,0,0,0,0,0,13,1,13,1,0,1
35,diagnostic,descending,17,1000,10000,7514,8513,0.055175781,direct,0,0,0,0,0,14,1,14,1,0,1
35,diagnostic,descending,17,1000,10000,7976,8975,0.038085938,direct,0,0,0,0,0,14,1,14,1,0,1
35,diagnostic,descending,17,1000,10000,8068,9067,0.019287109,direct,0,0,0,0,0,14,1,14,1,0,1
35,diagnostic,descending,17,1000,10000,8916,9915,0.040039062,direct,0,0,0,0,0,14,1,14,1,0,1
35,diagnostic,descending,17,1000,10000,9661,10660,0.019775391,direct,0,0,0,0,0,14,1,14,1,0,1
36,timed,random,17,1000,10000,946,1945,0.034423828,unavailable,0,0,0,0,0,0,0,0,1,0,1
36,timed,random,17,1000,10000,1388,2387,0.017822266,unavailable,0,0,0,0,0,0,0,0,2,0,1
36,timed,random,17,1000,10000,2015,3014,0.028320312,unavailable,0,0,0,0,0,0,0,0,3,0,1
36,timed,random,17,1000,10000,2427,3426,0.015380859,unavailable,0,0,0,0,0,0,0,0,2,0,1
36,timed,random,17,1000,10000,2452,3451,0.078369141,unavailable,0,0,0,0,0,0,0,0,3,0,1
36,timed,random,17,1000,10000,2967,3966,0.028808594,unavailable,0,0,0,0,0,0,0,0,3,0,1
36,timed,random,17,1000,10000,3093,4092,0.145996094,unavailable,0,0,0,0,0,0,0,0,4,0,1
36,timed,random,17,1000,10000,3124,4123,0.076416016,unavailable,0,0,0,0,0,0,0,0,1,0,1
36,timed,random,17,1000,10000,3595,4594,0.017333984,unavailable,0,0,0,0,0,0,0,0,2,0,1
36,timed,random,17,1000,10000,3987,4986,0.017822266,unavailable,0,0,0,0,0,0,0,0,3,0,1
36,timed,random,17,1000,10000,4587,5586,0.037109375,unavailable,0,0,0,0,0,0,0,0,2,0,1
36,timed,random,17,1000,10000,4592,5591,0.015625,unavailable,0,0,0,0,0,0,0,0,2,0,1
36,timed,random,17,1000,10000,5191,6190,0.04296875,unavailable,0,0,0,0,0,0,0,0,4,0,1
36,timed,random,17,1000,10000,5585,6584,0.023925781,unavailable,0,0,0,0,0,0,0,0,3,0,1
36,timed,random,17,1000,10000,6262,7261,0.078369141,unavailable,0,0,0,0,0,0,0,0,2,0,1
36,timed,random,17,1000,10000,6590,7589,0.033935547,unavailable,0,0,0,0,0,0,0,0,2,0,1
36,timed,random,17,1000,10000,6778,7777,0.018554688,unavailable,0,0,0,0,0,0,0,0,2,0,1
36,timed,random,17,1000,10000,6788,7787,0.047607422,unavailable,0,0,0,0,0,0,0,0,2,0,1
36,timed,random,17,1000,10000,6796,7795,0.045654297,unavailable,0,0,0,0,0,0,0,0,2,0,1
36,timed,random,17,1000,10000,6942,7941,4.171875,unavailable,0,0,0,0,0,0,0,0,3,0,1
36,timed,random,17,1000,10000,8067,9066,0.022460938,unavailable,0,0,0,0,0,0,0,0,3,0,1
36,timed,random,17,1000,10000,8177,9176,0.038330078,unavailable,0,0,0,0,0,0,0,0,3,0,1
36,timed,random,17,1000,10000,8492,9491,0.038818359,unavailable,0,0,0,0,0,0,0,0,3,0,1
36,timed,random,17,1000,10000,9188,10187,0.015380859,unavailable,0,0,0,0,0,0,0,0,3,0,1
36,timed,random,17,1000,10000,9285,10284,0.046142578,unavailable,0,0,0,0,0,0,0,0,2,0,1
36,diagnostic,random,17,1000,10000,366,1365,0.019042969,direct,0,0,0,0,0,12,0,12,3,0,1
36,diagnostic,random,17,1000,10000,465,1464,0.015625,direct,0,0,0,0,0,10,2,10,2,0,1
36,diagnostic,random,17,1000,10000,501,1500,0.017822266,local,16,24,1,1,26,10,0,10,2,0,3
36,diagnostic,random,17,1000,10000,946,1945,0.042480469,local,64,120,1,3,124,12,1,12,1,0,3
36,diagnostic,random,17,1000,10000,1388,2387,0.023681641,local,32,56,1,2,59,10,0,10,2,0,3
36,diagnostic,random,17,1000,10000,1402,2401,0.029785156,local,16,24,1,1,26,11,1,11,2,0,3
36,diagnostic,random,17,1000,10000,1403,2402,0.021240234,direct,0,0,0,0,0,10,0,10,2,0,1
36,diagnostic,random,17,1000,10000,1793,2792,0.018310547,direct,0,0,0,0,0,12,1,12,2,0,1
36,diagnostic,random,17,1000,10000,2324,3323,0.005615234,local,8,8,1,0,9,12,1,12,2,0,2
36,diagnostic,random,17,1000,10000,2333,3332,0.004882812,local,8,8,1,0,9,11,2,11,2,0,2
36,diagnostic,random,17,1000,10000,2429,3428,0.019287109,direct,0,0,0,0,0,12,1,12,4,0,1
36,diagnostic,random,17,1000,10000,2747,3746,0.023193359,direct,0,0,0,0,0,12,0,12,2,0,1
36,diagnostic,random,17,1000,10000,3124,4123,0.083251953,local,128,248,1,4,253,12,1,12,1,0,3
36,diagnostic,random,17,1000,10000,3376,4375,0.011474609,local,16,24,1,1,26,10,0,10,1,0,2
36,diagnostic,random,17,1000,10000,3428,4427,0.018310547,direct,0,0,0,0,0,12,1,12,2,0,1
36,diagnostic,random,17,1000,10000,3529,4528,0.003662109,local,8,8,1,0,9,13,0,13,2,0,2
36,diagnostic,random,17,1000,10000,3690,4689,0.021728516,direct,0,0,0,0,0,11,0,11,2,0,1
36,diagnostic,random,17,1000,10000,3797,4796,0.004150391,local,8,8,1,0,9,12,2,12,1,0,2
36,diagnostic,random,17,1000,10000,3913,4912,0.003417969,local,8,8,1,0,9,13,0,13,2,0,2
36,diagnostic,random,17,1000,10000,4231,5230,0.005371094,local,8,8,1,0,9,12,1,12,2,0,2
36,diagnostic,random,17,1000,10000,4286,5285,0.032714844,direct,0,0,0,0,0,13,2,13,3,0,1
36,diagnostic,random,17,1000,10000,4741,5740,0.020996094,direct,0,0,0,0,0,13,0,13,2,0,1
36,diagnostic,random,17,1000,10000,4790,5789,0.084716797,direct,0,0,0,0,0,13,0,13,2,0,1
36,diagnostic,random,17,1000,10000,4884,5883,0.061523438,direct,0,0,0,0,0,14,2,14,4,0,1
36,diagnostic,random,17,1000,10000,6052,7051,0.027587891,direct,0,0,0,0,0,13,0,13,6,0,1
36,diagnostic,random,17,1000,10000,6152,7151,0.040771484,direct,0,0,0,0,0,13,0,13,2,0,1
36,diagnostic,random,17,1000,10000,6262,7261,0.089599609,local,128,248,1,4,253,11,0,11,2,0,3
36,diagnostic,random,17,1000,10000,6450,7449,0.00390625,local,8,8,1,0,9,14,1,14,2,0,2
36,diagnostic,random,17,1000,10000,6673,7672,0.010742188,local,16,24,1,1,26,14,1,14,2,0,2
36,diagnostic,random,17,1000,10000,6778,7777,0.020263672,local,32,56,1,2,59,14,0,14,2,0,3
36,diagnostic,random,17,1000,10000,6796,7795,0.053955078,local,64,120,1,3,124,13,0,13,2,0,3
36,diagnostic,random,17,1000,10000,6848,7847,0.024169922,direct,0,0,0,0,0,13,2,13,2,0,1
36,diagnostic,random,17,1000,10000,6942,7941,4.468261719,full,7941,16125,1,10,16136,11,0,11,3,1,7
36,diagnostic,random,17,1000,10000,9599,10598,0.045410156,direct,0,0,0,0,0,14,1,14,3,0,1
37,timed,equal,17,1000,10000,510,1509,0.008300781,unavailable,0,0,0,0,0,0,0,0,1,0,1
37,timed,equal,17,1000,10000,931,1930,0.009521484,unavailable,0,0,0,0,0,0,0,0,1,0,1
37,timed,equal,17,1000,10000,1440,2439,0.009765625,unavailable,0,0,0,0,0,0,0,0,1,0,1
37,timed,equal,17,1000,10000,1866,2865,0.009277344,unavailable,0,0,0,0,0,0,0,0,1,0,1
37,timed,equal,17,1000,10000,1949,2948,0.009033203,unavailable,0,0,0,0,0,0,0,0,1,0,1
37,timed,equal,17,1000,10000,2458,3457,0.008056641,unavailable,0,0,0,0,0,0,0,0,1,0,1
37,timed,equal,17,1000,10000,2545,3544,0.008789062,unavailable,0,0,0,0,0,0,0,0,1,0,1
37,timed,equal,17,1000,10000,2924,3923,0.015869141,unavailable,0,0,0,0,0,0,0,0,1,0,1
37,timed,equal,17,1000,10000,2967,3966,0.021728516,unavailable,0,0,0,0,0,0,0,0,1,0,1
37,timed,equal,17,1000,10000,3224,4223,0.010009766,unavailable,0,0,0,0,0,0,0,0,1,0,1
37,timed,equal,17,1000,10000,3542,4541,0.017578125,unavailable,0,0,0,0,0,0,0,0,1,0,1
37,timed,equal,17,1000,10000,3648,4647,0.055908203,unavailable,0,0,0,0,0,0,0,0,1,0,1
37,timed,equal,17,1000,10000,3903,4902,0.009765625,unavailable,0,0,0,0,0,0,0,0,1,0,1
37,timed,equal,17,1000,10000,3987,4986,0.017089844,unavailable,0,0,0,0,0,0,0,0,1,0,1
37,timed,equal,17,1000,10000,4582,5581,0.017578125,unavailable,0,0,0,0,0,0,0,0,1,0,1
37,timed,equal,17,1000,10000,5576,6575,0.010009766,unavailable,0,0,0,0,0,0,0,0,1,0,1
37,timed,equal,17,1000,10000,5625,6624,0.034179688,unavailable,0,0,0,0,0,0,0,0,1,0,1
37,timed,equal,17,1000,10000,5942,6941,0.01953125,unavailable,0,0,0,0,0,0,0,0,1,0,1
37,timed,equal,17,1000,10000,6593,7592,0.010498047,unavailable,0,0,0,0,0,0,0,0,1,0,1
37,timed,equal,17,1000,10000,7302,8301,0.029541016,unavailable,0,0,0,0,0,0,0,0,1,0,1
37,timed,equal,17,1000,10000,7391,8390,0.182128906,unavailable,0,0,0,0,0,0,0,0,1,0,1
37,timed,equal,17,1000,10000,7425,8424,0.010009766,unavailable,0,0,0,0,0,0,0,0,1,0,1
37,timed,equal,17,1000,10000,7610,8609,0.020996094,unavailable,0,0,0,0,0,0,0,0,1,0,1
37,timed,equal,17,1000,10000,8067,9066,0.020507812,unavailable,0,0,0,0,0,0,0,0,1,0,1
37,timed,equal,17,1000,10000,8744,9743,0.019287109,unavailable,0,0,0,0,0,0,0,0,1,0,1
37,diagnostic,equal,17,1000,10000,678,1677,0.047851562,direct,0,0,0,0,0,11,1,11,1,0,1
37,diagnostic,equal,17,1000,10000,706,1705,0.011230469,direct,0,0,0,0,0,11,1,11,1,0,1
37,diagnostic,equal,17,1000,10000,1441,2440,0.017822266,direct,0,0,0,0,0,12,1,12,1,0,1
37,diagnostic,equal,17,1000,10000,2025,3024,0.01953125,direct,0,0,0,0,0,12,1,12,1,0,1
37,diagnostic,equal,17,1000,10000,2066,3065,0.012451172,direct,0,0,0,0,0,12,1,12,1,0,1
37,diagnostic,equal,17,1000,10000,2257,3256,0.017089844,direct,0,0,0,0,0,12,1,12,1,0,1
37,diagnostic,equal,17,1000,10000,2580,3579,0.177246094,direct,0,0,0,0,0,12,1,12,1,0,1
37,diagnostic,equal,17,1000,10000,2747,3746,0.017333984,direct,0,0,0,0,0,12,1,12,1,0,1
37,diagnostic,equal,17,1000,10000,2968,3967,0.016357422,direct,0,0,0,0,0,12,1,12,1,0,1
37,diagnostic,equal,17,1000,10000,3428,4427,0.016113281,direct,0,0,0,0,0,13,1,13,1,0,1
37,diagnostic,equal,17,1000,10000,3891,4890,0.019287109,direct,0,0,0,0,0,13,1,13,1,0,1
37,diagnostic,equal,17,1000,10000,3988,4987,0.016601562,direct,0,0,0,0,0,13,1,13,1,0,1
37,diagnostic,equal,17,1000,10000,4109,5108,0.018554688,direct,0,0,0,0,0,13,1,13,1,0,1
37,diagnostic,equal,17,1000,10000,4708,5707,0.016113281,direct,0,0,0,0,0,13,1,13,1,0,1
37,diagnostic,equal,17,1000,10000,4790,5789,0.022949219,direct,0,0,0,0,0,13,1,13,1,0,1
37,diagnostic,equal,17,1000,10000,5008,6007,0.01953125,direct,0,0,0,0,0,13,1,13,1,0,1
37,diagnostic,equal,17,1000,10000,5525,6524,0.016113281,direct,0,0,0,0,0,13,1,13,1,0,1
37,diagnostic,equal,17,1000,10000,6152,7151,0.0234375,direct,0,0,0,0,0,13,1,13,1,0,1
37,diagnostic,equal,17,1000,10000,6342,7341,0.022460938,direct,0,0,0,0,0,13,1,13,1,0,1
37,diagnostic,equal,17,1000,10000,7514,8513,0.026855469,direct,0,0,0,0,0,14,1,14,1,0,1
37,diagnostic,equal,17,1000,10000,7904,8903,0.027587891,direct,0,0,0,0,0,14,1,14,1,0,1
37,diagnostic,equal,17,1000,10000,7976,8975,0.032226562,direct,0,0,0,0,0,14,1,14,1,0,1
37,diagnostic,equal,17,1000,10000,8068,9067,0.018310547,direct,0,0,0,0,0,14,1,14,1,0,1
37,diagnostic,equal,17,1000,10000,8916,9915,0.031982422,direct,0,0,0,0,0,14,1,14,1,0,1
37,diagnostic,equal,17,1000,10000,9661,10660,0.016845703,direct,0,0,0,0,0,14,1,14,1,0,1
38,timed,duplicates,17,1000,10000,1682,2681,0.010253906,unavailable,0,0,0,0,0,0,0,0,2,0,1
38,timed,duplicates,17,1000,10000,2342,3341,0.010986328,unavailable,0,0,0,0,0,0,0,0,2,0,1
38,timed,duplicates,17,1000,10000,2389,3388,0.032958984,unavailable,0,0,0,0,0,0,0,0,5,0,1
38,timed,duplicates,17,1000,10000,2922,3921,0.014648438,unavailable,0,0,0,0,0,0,0,0,1,0,1
38,timed,duplicates,17,1000,10000,2967,3966,0.016113281,unavailable,0,0,0,0,0,0,0,0,5,0,1
38,timed,duplicates,17,1000,10000,3770,4769,0.017578125,unavailable,0,0,0,0,0,0,0,0,3,0,1
38,timed,duplicates,17,1000,10000,3987,4986,0.016113281,unavailable,0,0,0,0,0,0,0,0,3,0,1
38,timed,duplicates,17,1000,10000,5013,6012,0.114013672,unavailable,0,0,0,0,0,0,0,0,1,0,1
38,timed,duplicates,17,1000,10000,5417,6416,0.024414062,unavailable,0,0,0,0,0,0,0,0,2,0,1
38,timed,duplicates,17,1000,10000,5487,6486,0.012207031,unavailable,0,0,0,0,0,0,0,0,2,0,1
38,timed,duplicates,17,1000,10000,5500,6499,0.020507812,unavailable,0,0,0,0,0,0,0,0,5,0,1
38,timed,duplicates,17,1000,10000,5572,6571,0.110595703,unavailable,0,0,0,0,0,0,0,0,1,0,1
38,timed,duplicates,17,1000,10000,5758,6757,0.020507812,unavailable,0,0,0,0,0,0,0,0,6,0,1
38,timed,duplicates,17,1000,10000,6027,7026,0.019042969,unavailable,0,0,0,0,0,0,0,0,2,0,1
38,timed,duplicates,17,1000,10000,6910,7909,0.020263672,unavailable,0,0,0,0,0,0,0,0,4,0,1
38,timed,duplicates,17,1000,10000,7692,8691,0.011962891,unavailable,0,0,0,0,0,0,0,0,2,0,1
38,timed,duplicates,17,1000,10000,8067,9066,0.020019531,unavailable,0,0,0,0,0,0,0,0,4,0,1
38,timed,duplicates,17,1000,10000,8080,9079,0.021972656,unavailable,0,0,0,0,0,0,0,0,2,0,1
38,timed,duplicates,17,1000,10000,8249,9248,0.015136719,unavailable,0,0,0,0,0,0,0,0,1,0,1
38,timed,duplicates,17,1000,10000,8807,9806,0.015136719,unavailable,0,0,0,0,0,0,0,0,1,0,1
38,timed,duplicates,17,1000,10000,8942,9941,0.01953125,unavailable,0,0,0,0,0,0,0,0,3,0,1
38,timed,duplicates,17,1000,10000,9268,10267,0.016357422,unavailable,0,0,0,0,0,0,0,0,1,0,1
38,timed,duplicates,17,1000,10000,9400,10399,0.010498047,unavailable,0,0,0,0,0,0,0,0,2,0,1
38,timed,duplicates,17,1000,10000,9748,10747,0.016357422,unavailable,0,0,0,0,0,0,0,0,1,0,1
38,timed,duplicates,17,1000,10000,9831,10830,0.017822266,unavailable,0,0,0,0,0,0,0,0,2,0,1
38,diagnostic,duplicates,17,1000,10000,1322,2321,0.021240234,local,8,8,1,0,9,12,2,12,2,0,1
38,diagnostic,duplicates,17,1000,10000,2195,3194,0.033691406,local,8,8,1,0,9,11,2,11,2,0,1
38,diagnostic,duplicates,17,1000,10000,2290,3289,0.020751953,local,8,8,1,0,9,12,1,12,2,0,1
38,diagnostic,duplicates,17,1000,10000,2747,3746,0.019287109,local,8,8,1,0,9,12,2,12,2,0,1
38,diagnostic,duplicates,17,1000,10000,2991,3990,0.024902344,direct,0,0,0,0,0,12,1,12,3,0,1
38,diagnostic,duplicates,17,1000,10000,3428,4427,0.017822266,direct,0,0,0,0,0,13,1,13,6,0,1
38,diagnostic,duplicates,17,1000,10000,3504,4503,0.183837891,local,8,8,1,0,9,14,1,14,2,0,1
38,diagnostic,duplicates,17,1000,10000,3964,4963,0.017333984,direct,0,0,0,0,0,13,1,13,3,0,1
38,diagnostic,duplicates,17,1000,10000,4109,5108,0.017578125,direct,0,0,0,0,0,12,1,12,5,0,1
38,diagnostic,duplicates,17,1000,10000,4429,5428,0.024658203,direct,0,0,0,0,0,14,1,14,5,0,1
38,diagnostic,duplicates,17,1000,10000,4550,5549,0.009521484,local,16,24,1,1,26,14,1,14,2,0,2
38,diagnostic,duplicates,17,1000,10000,4769,5768,0.009033203,local,16,24,1,1,26,14,1,14,2,0,2
38,diagnostic,duplicates,17,1000,10000,4790,5789,0.0234375,direct,0,0,0,0,0,14,1,14,3,0,1
38,diagnostic,duplicates,17,1000,10000,5013,6012,0.169433594,large,256,504,1,5,510,13,1,13,1,0,3
38,diagnostic,duplicates,17,1000,10000,5205,6204,0.008789062,local,16,24,1,1,26,13,1,13,2,0,2
38,diagnostic,duplicates,17,1000,10000,5417,6416,0.008789062,local,16,24,1,1,26,14,1,14,2,0,2
38,diagnostic,duplicates,17,1000,10000,5444,6443,0.008789062,local,16,24,1,1,26,13,2,13,2,0,2
38,diagnostic,duplicates,17,1000,10000,5554,6553,0.010009766,local,16,24,1,1,26,14,1,14,2,0,2
38,diagnostic,duplicates,17,1000,10000,5562,6561,0.034423828,local,8,8,1,0,9,14,2,14,4,0,1
38,diagnostic,duplicates,17,1000,10000,5572,6571,0.123046875,large,256,504,1,5,510,13,1,13,1,0,3
38,diagnostic,duplicates,17,1000,10000,5640,6639,0.026611328,direct,0,0,0,0,0,14,1,14,5,0,1
38,diagnostic,duplicates,17,1000,10000,5820,6819,0.008544922,local,16,24,1,1,26,13,1,13,2,0,2
38,diagnostic,duplicates,17,1000,10000,5887,6886,0.008544922,local,16,24,1,1,26,14,1,14,2,0,2
38,diagnostic,duplicates,17,1000,10000,6011,7010,0.009765625,local,16,24,1,1,26,12,2,12,2,0,2
38,diagnostic,duplicates,17,1000,10000,6032,7031,0.009033203,local,16,24,1,1,26,13,2,13,2,0,2
38,diagnostic,duplicates,17,1000,10000,6048,7047,0.008544922,local,16,24,1,1,26,14,1,14,2,0,2
38,diagnostic,duplicates,17,1000,10000,6152,7151,0.023193359,local,8,8,1,0,9,13,2,13,2,0,1
38,diagnostic,duplicates,17,1000,10000,6276,7275,0.008789062,local,16,24,1,1,26,14,1,14,2,0,2
38,diagnostic,duplicates,17,1000,10000,6329,7328,0.018066406,local,8,8,1,0,9,15,1,15,2,0,1
38,diagnostic,duplicates,17,1000,10000,7097,8096,0.009765625,local,16,24,1,1,26,14,1,14,1,0,2
38,diagnostic,duplicates,17,1000,10000,7191,8190,0.023681641,local,8,8,1,0,9,13,1,13,2,0,1
38,diagnostic,duplicates,17,1000,10000,7441,8440,0.018310547,local,8,8,1,0,9,15,1,15,2,0,1
38,diagnostic,duplicates,17,1000,10000,7514,8513,0.036621094,direct,0,0,0,0,0,14,1,14,5,0,1
38,diagnostic,duplicates,17,1000,10000,7666,8665,0.008789062,local,16,24,1,1,26,13,1,13,1,0,2
38,diagnostic,duplicates,17,1000,10000,7794,8793,0.028564453,direct,0,0,0,0,0,14,1,14,6,0,1
38,diagnostic,duplicates,17,1000,10000,8249,9248,0.017089844,local,32,56,1,2,59,14,1,14,1,0,2
38,diagnostic,duplicates,17,1000,10000,8421,9420,0.019287109,direct,0,0,0,0,0,13,1,13,4,0,1
38,diagnostic,duplicates,17,1000,10000,8807,9806,0.016357422,local,32,56,1,2,59,13,1,13,1,0,2
38,diagnostic,duplicates,17,1000,10000,8919,9918,0.035400391,direct,0,0,0,0,0,15,1,15,3,0,1
38,diagnostic,duplicates,17,1000,10000,9268,10267,0.018310547,local,32,56,1,2,59,14,1,14,1,0,3
38,diagnostic,duplicates,17,1000,10000,9400,10399,0.010253906,local,16,24,1,1,26,15,1,15,2,0,2
38,diagnostic,duplicates,17,1000,10000,9748,10747,0.017333984,local,32,56,1,2,59,13,1,13,1,0,3
38,diagnostic,duplicates,17,1000,10000,9818,10817,0.009521484,local,16,24,1,1,26,13,1,13,2,0,2
38,diagnostic,duplicates,17,1000,10000,9831,10830,0.008789062,local,16,24,1,1,26,14,1,14,2,0,2
38,diagnostic,duplicates,17,1000,10000,9928,10927,0.009277344,local,16,24,1,1,26,14,1,14,2,0,2
38,diagnostic,duplicates,17,1000,10000,9974,10973,0.009033203,local,16,24,1,1,26,15,1,15,2,0,2
39,timed,alternating,17,1000,10000,702,1701,0.451171875,unavailable,0,0,0,0,0,0,0,0,1,0,1
39,timed,alternating,17,1000,10000,1364,2363,0.491210938,unavailable,0,0,0,0,0,0,0,0,1,0,1
39,timed,alternating,17,1000,10000,1852,2851,0.459716797,unavailable,0,0,0,0,0,0,0,0,1,0,1
39,timed,alternating,17,1000,10000,2088,3087,0.812744141,unavailable,0,0,0,0,0,0,0,0,1,0,1
39,timed,alternating,17,1000,10000,2466,3465,0.446533203,unavailable,0,0,0,0,0,0,0,0,1,0,1
39,timed,alternating,17,1000,10000,2702,3701,0.82421875,unavailable,0,0,0,0,0,0,0,0,1,0,1
39,timed,alternating,17,1000,10000,3174,4173,0.877685547,unavailable,0,0,0,0,0,0,0,0,1,0,1
39,timed,alternating,17,1000,10000,3410,4409,1.419677734,unavailable,0,0,0,0,0,0,0,0,1,0,1
39,timed,alternating,17,1000,10000,5048,6047,0.441894531,unavailable,0,0,0,0,0,0,0,0,1,0,1
39,timed,alternating,17,1000,10000,5284,6283,1.048339844,unavailable,0,0,0,0,0,0,0,0,1,0,1
39,timed,alternating,17,1000,10000,5630,6629,0.442626953,unavailable,0,0,0,0,0,0,0,0,1,0,1
39,timed,alternating,17,1000,10000,5756,6755,0.844726562,unavailable,0,0,0,0,0,0,0,0,1,0,1
39,timed,alternating,17,1000,10000,5992,6991,0.830078125,unavailable,0,0,0,0,0,0,0,0,1,0,1
39,timed,alternating,17,1000,10000,6228,7227,1.838867188,unavailable,0,0,0,0,0,0,0,0,1,0,1
39,timed,alternating,17,1000,10000,7472,8471,0.790771484,unavailable,0,0,0,0,0,0,0,0,1,0,1
39,timed,alternating,17,1000,10000,8054,9053,0.838867188,unavailable,0,0,0,0,0,0,0,0,1,0,1
39,timed,alternating,17,1000,10000,8290,9289,0.440429688,unavailable,0,0,0,0,0,0,0,0,1,0,1
39,timed,alternating,17,1000,10000,8416,9415,0.823730469,unavailable,0,0,0,0,0,0,0,0,1,0,1
39,timed,alternating,17,1000,10000,8652,9651,1.597900391,unavailable,0,0,0,0,0,0,0,0,1,0,1
39,timed,alternating,17,1000,10000,9014,10013,0.449462891,unavailable,0,0,0,0,0,0,0,0,1,0,1
39,timed,alternating,17,1000,10000,9250,10249,1.001464844,unavailable,0,0,0,0,0,0,0,0,1,0,1
39,timed,alternating,17,1000,10000,9486,10485,0.438720703,unavailable,0,0,0,0,0,0,0,0,1,0,1
39,timed,alternating,17,1000,10000,9612,10611,0.928466797,unavailable,0,0,0,0,0,0,0,0,1,0,1
39,timed,alternating,17,1000,10000,9848,10847,0.847900391,unavailable,0,0,0,0,0,0,0,0,1,0,1
39,timed,alternating,17,1000,10000,9958,10957,1.703125,unavailable,0,0,0,0,0,0,0,0,1,0,1
39,diagnostic,alternating,17,1000,10000,702,1701,0.535888672,large,1024,2040,1,7,2048,13,2,13,1,0,3
39,diagnostic,alternating,17,1000,10000,1364,2363,0.510498047,large,1024,2040,1,7,2048,14,2,14,1,0,3
39,diagnostic,alternating,17,1000,10000,1852,2851,0.540527344,large,1024,2040,1,7,2048,14,2,14,1,0,3
39,diagnostic,alternating,17,1000,10000,2088,3087,1.016113281,large,2048,4088,1,8,4097,14,1,14,1,0,3
39,diagnostic,alternating,17,1000,10000,2702,3701,0.922851562,large,2048,4088,1,8,4097,15,2,15,1,0,3
39,diagnostic,alternating,17,1000,10000,2938,3937,0.533203125,large,1024,2040,1,7,2048,15,1,15,1,0,3
39,diagnostic,alternating,17,1000,10000,3174,4173,0.959472656,large,2048,4088,1,8,4097,15,1,15,1,0,3
39,diagnostic,alternating,17,1000,10000,3410,4409,1.663818359,large,4096,8184,1,9,8194,15,2,15,1,0,3
39,diagnostic,alternating,17,1000,10000,4214,5213,0.671142578,large,1024,2040,1,7,2048,15,2,15,1,0,3
39,diagnostic,alternating,17,1000,10000,4702,5701,0.517089844,large,1024,2040,1,7,2048,15,2,15,1,0,3
39,diagnostic,alternating,17,1000,10000,5284,6283,0.8984375,large,2048,4088,1,8,4097,16,2,16,1,0,3
39,diagnostic,alternating,17,1000,10000,5630,6629,0.535888672,large,1024,2040,1,7,2048,16,2,16,1,0,3
39,diagnostic,alternating,17,1000,10000,5756,6755,0.905761719,large,2048,4088,1,8,4097,16,1,16,1,0,3
39,diagnostic,alternating,17,1000,10000,5992,6991,0.954833984,large,2048,4088,1,8,4097,16,2,16,1,0,3
39,diagnostic,alternating,17,1000,10000,6228,7227,1.865234375,large,4096,8184,1,9,8194,16,1,16,1,0,3
39,diagnostic,alternating,17,1000,10000,6748,7747,0.513183594,large,1024,2040,1,7,2048,16,2,16,1,0,3
39,diagnostic,alternating,17,1000,10000,7472,8471,1.023925781,large,2048,4088,1,8,4097,16,2,16,1,0,3
39,diagnostic,alternating,17,1000,10000,8054,9053,0.936279297,large,2048,4088,1,8,4097,16,1,16,1,0,3
39,diagnostic,alternating,17,1000,10000,8290,9289,0.517333984,large,1024,2040,1,7,2048,16,2,16,1,0,3
39,diagnostic,alternating,17,1000,10000,8416,9415,0.938476562,large,2048,4088,1,8,4097,16,1,16,1,0,3
39,diagnostic,alternating,17,1000,10000,8652,9651,2.151367188,large,4096,8184,1,9,8194,16,1,16,1,0,3
39,diagnostic,alternating,17,1000,10000,9250,10249,0.996337891,large,2048,4088,1,8,4097,17,2,17,1,0,3
39,diagnostic,alternating,17,1000,10000,9612,10611,0.968017578,large,2048,4088,1,8,4097,17,1,17,1,0,3
39,diagnostic,alternating,17,1000,10000,9848,10847,1.039794922,large,2048,4088,1,8,4097,17,2,17,1,0,3
39,diagnostic,alternating,17,1000,10000,9958,10957,2.112792969,large,4096,8184,1,9,8194,17,1,17,1,0,3
40,timed,hotspot,17,1000,10000,510,1509,0.008056641,unavailable,0,0,0,0,0,0,0,0,1,0,1
40,timed,hotspot,17,1000,10000,931,1930,0.009277344,unavailable,0,0,0,0,0,0,0,0,1,0,1
40,timed,hotspot,17,1000,10000,1440,2439,0.009033203,unavailable,0,0,0,0,0,0,0,0,1,0,1
40,timed,hotspot,17,1000,10000,1866,2865,0.009277344,unavailable,0,0,0,0,0,0,0,0,1,0,1
40,timed,hotspot,17,1000,10000,1926,2925,0.017822266,unavailable,0,0,0,0,0,0,0,0,1,0,1
40,timed,hotspot,17,1000,10000,1949,2948,0.009277344,unavailable,0,0,0,0,0,0,0,0,1,0,1
40,timed,hotspot,17,1000,10000,2458,3457,0.007080078,unavailable,0,0,0,0,0,0,0,0,1,0,1
40,timed,hotspot,17,1000,10000,2545,3544,0.009033203,unavailable,0,0,0,0,0,0,0,0,1,0,1
40,timed,hotspot,17,1000,10000,2967,3966,0.016845703,unavailable,0,0,0,0,0,0,0,0,1,0,1
40,timed,hotspot,17,1000,10000,3542,4541,0.011230469,unavailable,0,0,0,0,0,0,0,0,1,0,1
40,timed,hotspot,17,1000,10000,3812,4811,0.046630859,unavailable,0,0,0,0,0,0,0,0,1,0,1
40,timed,hotspot,17,1000,10000,3903,4902,0.009765625,unavailable,0,0,0,0,0,0,0,0,1,0,1
40,timed,hotspot,17,1000,10000,3987,4986,0.016601562,unavailable,0,0,0,0,0,0,0,0,1,0,1
40,timed,hotspot,17,1000,10000,4582,5581,0.016113281,unavailable,0,0,0,0,0,0,0,0,1,0,1
40,timed,hotspot,17,1000,10000,4669,5668,0.036621094,unavailable,0,0,0,0,0,0,0,0,1,0,1
40,timed,hotspot,17,1000,10000,5576,6575,0.009521484,unavailable,0,0,0,0,0,0,0,0,1,0,1
40,timed,hotspot,17,1000,10000,5942,6941,0.017578125,unavailable,0,0,0,0,0,0,0,0,1,0,1
40,timed,hotspot,17,1000,10000,6593,7592,0.010986328,unavailable,0,0,0,0,0,0,0,0,1,0,1
40,timed,hotspot,17,1000,10000,6737,7736,0.016113281,unavailable,0,0,0,0,0,0,0,0,1,0,1
40,timed,hotspot,17,1000,10000,7302,8301,0.025146484,unavailable,0,0,0,0,0,0,0,0,1,0,1
40,timed,hotspot,17,1000,10000,7610,8609,0.019775391,unavailable,0,0,0,0,0,0,0,0,1,0,1
40,timed,hotspot,17,1000,10000,8067,9066,0.018310547,unavailable,0,0,0,0,0,0,0,0,1,0,1
40,timed,hotspot,17,1000,10000,8146,9145,0.026367188,unavailable,0,0,0,0,0,0,0,0,1,0,1
40,timed,hotspot,17,1000,10000,8744,9743,0.017822266,unavailable,0,0,0,0,0,0,0,0,1,0,1
40,timed,hotspot,17,1000,10000,9774,10773,0.006591797,unavailable,0,0,0,0,0,0,0,0,1,0,1
40,diagnostic,hotspot,17,1000,10000,1441,2440,0.017822266,direct,0,0,0,0,0,12,2,12,1,0,1
40,diagnostic,hotspot,17,1000,10000,2066,3065,0.012207031,direct,0,0,0,0,0,12,1,12,1,0,1
40,diagnostic,hotspot,17,1000,10000,2257,3256,0.016601562,direct,0,0,0,0,0,12,2,12,1,0,1
40,diagnostic,hotspot,17,1000,10000,2747,3746,0.016845703,direct,0,0,0,0,0,12,2,12,1,0,1
40,diagnostic,hotspot,17,1000,10000,2968,3967,0.016113281,direct,0,0,0,0,0,12,1,12,1,0,1
40,diagnostic,hotspot,17,1000,10000,3074,4073,0.012451172,direct,0,0,0,0,0,12,1,12,1,0,1
40,diagnostic,hotspot,17,1000,10000,3428,4427,0.016601562,direct,0,0,0,0,0,13,1,13,1,0,1
40,diagnostic,hotspot,17,1000,10000,3634,4633,0.049072266,direct,0,0,0,0,0,13,1,13,1,0,1
40,diagnostic,hotspot,17,1000,10000,3891,4890,0.019287109,direct,0,0,0,0,0,13,2,13,1,0,1
40,diagnostic,hotspot,17,1000,10000,3988,4987,0.017822266,direct,0,0,0,0,0,13,1,13,1,0,1
40,diagnostic,hotspot,17,1000,10000,4109,5108,0.019042969,direct,0,0,0,0,0,13,2,13,1,0,1
40,diagnostic,hotspot,17,1000,10000,4378,5377,0.038818359,direct,0,0,0,0,0,13,1,13,1,0,1
40,diagnostic,hotspot,17,1000,10000,4708,5707,0.017822266,direct,0,0,0,0,0,13,1,13,1,0,1
40,diagnostic,hotspot,17,1000,10000,4790,5789,0.024169922,direct,0,0,0,0,0,13,1,13,1,0,1
40,diagnostic,hotspot,17,1000,10000,4941,5940,0.038330078,direct,0,0,0,0,0,13,2,13,1,0,1
40,diagnostic,hotspot,17,1000,10000,5008,6007,0.045654297,direct,0,0,0,0,0,13,1,13,1,0,1
40,diagnostic,hotspot,17,1000,10000,5525,6524,0.034667969,direct,0,0,0,0,0,13,2,13,1,0,1
40,diagnostic,hotspot,17,1000,10000,6152,7151,0.025146484,direct,0,0,0,0,0,13,1,13,1,0,1
40,diagnostic,hotspot,17,1000,10000,6342,7341,0.023681641,direct,0,0,0,0,0,13,1,13,1,0,1
40,diagnostic,hotspot,17,1000,10000,6536,7535,0.014404297,direct,0,0,0,0,0,13,1,13,1,0,1
40,diagnostic,hotspot,17,1000,10000,7514,8513,0.031494141,direct,0,0,0,0,0,14,1,14,1,0,1
40,diagnostic,hotspot,17,1000,10000,7976,8975,0.074707031,direct,0,0,0,0,0,14,1,14,1,0,1
40,diagnostic,hotspot,17,1000,10000,8068,9067,0.021484375,direct,0,0,0,0,0,14,1,14,1,0,1
40,diagnostic,hotspot,17,1000,10000,8916,9915,0.048095703,direct,0,0,0,0,0,14,1,14,1,0,1
40,diagnostic,hotspot,17,1000,10000,9661,10660,0.018798828,direct,0,0,0,0,0,14,2,14,1,0,1
41,timed,ascending,17,10000,100000,1173,11172,0.036621094,unavailable,0,0,0,0,0,0,0,0,1,0,1
41,timed,ascending,17,10000,100000,7491,17490,0.04296875,unavailable,0,0,0,0,0,0,0,0,1,0,1
41,timed,ascending,17,10000,100000,9597,19596,0.049804688,unavailable,0,0,0,0,0,0,0,0,1,0,1
41,timed,ascending,17,10000,100000,15915,25914,0.05078125,unavailable,0,0,0,0,0,0,0,0,1,0,1
41,timed,ascending,17,10000,100000,18021,28020,0.037109375,unavailable,0,0,0,0,0,0,0,0,1,0,1
41,timed,ascending,17,10000,100000,22233,32232,0.038818359,unavailable,0,0,0,0,0,0,0,0,2,0,1
41,timed,ascending,17,10000,100000,24339,34338,0.043212891,unavailable,0,0,0,0,0,0,0,0,2,0,1
41,timed,ascending,17,10000,100000,26445,36444,0.055175781,unavailable,0,0,0,0,0,0,0,0,2,0,1
41,timed,ascending,17,10000,100000,28551,38550,0.037841797,unavailable,0,0,0,0,0,0,0,0,2,0,1
41,timed,ascending,17,10000,100000,32763,42762,0.039550781,unavailable,0,0,0,0,0,0,0,0,2,0,1
41,timed,ascending,17,10000,100000,34869,44868,0.042236328,unavailable,0,0,0,0,0,0,0,0,2,0,1
41,timed,ascending,17,10000,100000,36975,46974,0.039306641,unavailable,0,0,0,0,0,0,0,0,2,0,1
41,timed,ascending,17,10000,100000,39081,49080,0.035644531,unavailable,0,0,0,0,0,0,0,0,2,0,1
41,timed,ascending,17,10000,100000,43293,53292,0.037597656,unavailable,0,0,0,0,0,0,0,0,2,0,1
41,timed,ascending,17,10000,100000,47505,57504,0.049316406,unavailable,0,0,0,0,0,0,0,0,2,0,1
41,timed,ascending,17,10000,100000,49611,59610,0.039550781,unavailable,0,0,0,0,0,0,0,0,2,0,1
41,timed,ascending,17,10000,100000,53823,63822,0.064453125,unavailable,0,0,0,0,0,0,0,0,2,0,1
41,timed,ascending,17,10000,100000,55929,65928,0.060546875,unavailable,0,0,0,0,0,0,0,0,3,0,1
41,timed,ascending,17,10000,100000,58035,68034,0.05859375,unavailable,0,0,0,0,0,0,0,0,3,0,1
41,timed,ascending,17,10000,100000,59838,69837,0.037841797,unavailable,0,0,0,0,0,0,0,0,3,0,1
41,timed,ascending,17,10000,100000,66459,76458,0.038085938,unavailable,0,0,0,0,0,0,0,0,3,0,1
41,timed,ascending,17,10000,100000,68565,78564,0.037353516,unavailable,0,0,0,0,0,0,0,0,3,0,1
41,timed,ascending,17,10000,100000,74883,84882,0.044677734,unavailable,0,0,0,0,0,0,0,0,3,0,1
41,timed,ascending,17,10000,100000,76989,86988,0.035400391,unavailable,0,0,0,0,0,0,0,0,3,0,1
41,timed,ascending,17,10000,100000,79095,89094,0.037109375,unavailable,0,0,0,0,0,0,0,0,3,0,1
41,diagnostic,ascending,17,10000,100000,27813,37812,0.182373047,direct,0,0,0,0,0,16,1,16,2,0,1
41,diagnostic,ascending,17,10000,100000,30979,40978,0.042236328,direct,0,0,0,0,0,16,1,16,2,0,1
41,diagnostic,ascending,17,10000,100000,57796,67795,0.165771484,direct,0,0,0,0,0,17,1,17,3,0,1
41,diagnostic,ascending,17,10000,100000,58133,68132,0.042724609,direct,0,0,0,0,0,17,1,17,3,0,1
41,diagnostic,ascending,17,10000,100000,64873,74872,0.042480469,direct,0,0,0,0,0,17,1,17,3,0,1
41,diagnostic,ascending,17,10000,100000,65715,75714,0.043212891,direct,0,0,0,0,0,17,1,17,3,0,1
41,diagnostic,ascending,17,10000,100000,69928,79927,0.046142578,direct,0,0,0,0,0,17,1,17,3,0,1
41,diagnostic,ascending,17,10000,100000,70165,80164,0.052246094,direct,0,0,0,0,0,17,1,17,3,0,1
41,diagnostic,ascending,17,10000,100000,72975,82974,0.045166016,direct,0,0,0,0,0,17,1,17,3,0,1
41,diagnostic,ascending,17,10000,100000,73298,83297,0.043701172,direct,0,0,0,0,0,17,1,17,3,0,1
41,diagnostic,ascending,17,10000,100000,74789,84788,0.046630859,direct,0,0,0,0,0,17,1,17,3,0,1
41,diagnostic,ascending,17,10000,100000,74983,84982,0.043945312,direct,0,0,0,0,0,17,1,17,3,0,1
41,diagnostic,ascending,17,10000,100000,75785,85784,0.071533203,direct,0,0,0,0,0,17,1,17,3,0,1
41,diagnostic,ascending,17,10000,100000,77510,87509,0.044921875,direct,0,0,0,0,0,17,1,17,3,0,1
41,diagnostic,ascending,17,10000,100000,78595,88594,0.051757812,direct,0,0,0,0,0,17,1,17,3,0,1
41,diagnostic,ascending,17,10000,100000,79416,89415,0.045410156,direct,0,0,0,0,0,17,1,17,3,0,1
41,diagnostic,ascending,17,10000,100000,83322,93321,0.045654297,direct,0,0,0,0,0,17,1,17,3,0,1
41,diagnostic,ascending,17,10000,100000,84215,94214,0.044189453,direct,0,0,0,0,0,17,1,17,3,0,1
41,diagnostic,ascending,17,10000,100000,84250,94249,0.073242188,direct,0,0,0,0,0,17,1,17,3,0,1
41,diagnostic,ascending,17,10000,100000,87825,97824,0.046142578,direct,0,0,0,0,0,17,1,17,4,0,1
41,diagnostic,ascending,17,10000,100000,91570,101569,0.082519531,direct,0,0,0,0,0,17,1,17,4,0,1
41,diagnostic,ascending,17,10000,100000,92408,102407,0.104980469,direct,0,0,0,0,0,17,1,17,4,0,1
41,diagnostic,ascending,17,10000,100000,93518,103517,0.044189453,direct,0,0,0,0,0,17,1,17,4,0,1
41,diagnostic,ascending,17,10000,100000,95463,105462,0.20703125,direct,0,0,0,0,0,17,1,17,4,0,1
41,diagnostic,ascending,17,10000,100000,98912,108911,0.046875,direct,0,0,0,0,0,17,1,17,4,0,1
42,timed,descending,17,10000,100000,15915,25914,0.038330078,unavailable,0,0,0,0,0,0,0,0,1,0,1
42,timed,descending,17,10000,100000,18021,28020,0.037597656,unavailable,0,0,0,0,0,0,0,0,1,0,1
42,timed,descending,17,10000,100000,18809,28808,0.077148438,unavailable,0,0,0,0,0,0,0,0,1,0,1
42,timed,descending,17,10000,100000,22233,32232,0.037841797,unavailable,0,0,0,0,0,0,0,0,1,0,1
42,timed,descending,17,10000,100000,26445,36444,0.038574219,unavailable,0,0,0,0,0,0,0,0,1,0,1
42,timed,descending,17,10000,100000,34869,44868,0.046386719,unavailable,0,0,0,0,0,0,0,0,1,0,1
42,timed,descending,17,10000,100000,35813,45812,0.048095703,unavailable,0,0,0,0,0,0,0,0,1,0,1
42,timed,descending,17,10000,100000,36033,46032,0.046386719,unavailable,0,0,0,0,0,0,0,0,1,0,1
42,timed,descending,17,10000,100000,37883,47882,0.038330078,unavailable,0,0,0,0,0,0,0,0,1,0,1
42,timed,descending,17,10000,100000,42945,52944,0.045898438,unavailable,0,0,0,0,0,0,0,0,1,0,1
42,timed,descending,17,10000,100000,44881,54880,0.039306641,unavailable,0,0,0,0,0,0,0,0,1,0,1
42,timed,descending,17,10000,100000,48122,58121,0.130126953,unavailable,0,0,0,0,0,0,0,0,1,0,1
42,timed,descending,17,10000,100000,54436,64435,0.049804688,unavailable,0,0,0,0,0,0,0,0,1,0,1
42,timed,descending,17,10000,100000,58035,68034,0.051269531,unavailable,0,0,0,0,0,0,0,0,1,0,1
42,timed,descending,17,10000,100000,62334,72333,0.182128906,unavailable,0,0,0,0,0,0,0,0,1,0,1
42,timed,descending,17,10000,100000,68565,78564,0.04296875,unavailable,0,0,0,0,0,0,0,0,1,0,1
42,timed,descending,17,10000,100000,69987,79986,0.038085938,unavailable,0,0,0,0,0,0,0,0,1,0,1
42,timed,descending,17,10000,100000,74883,84882,0.05859375,unavailable,0,0,0,0,0,0,0,0,1,0,1
42,timed,descending,17,10000,100000,76479,86478,0.038085938,unavailable,0,0,0,0,0,0,0,0,1,0,1
42,timed,descending,17,10000,100000,76989,86988,0.046630859,unavailable,0,0,0,0,0,0,0,0,1,0,1
42,timed,descending,17,10000,100000,77703,87702,0.044189453,unavailable,0,0,0,0,0,0,0,0,1,0,1
42,timed,descending,17,10000,100000,79095,89094,0.042724609,unavailable,0,0,0,0,0,0,0,0,1,0,1
42,timed,descending,17,10000,100000,80537,90536,0.163085938,unavailable,0,0,0,0,0,0,0,0,1,0,1
42,timed,descending,17,10000,100000,85413,95412,0.065673828,unavailable,0,0,0,0,0,0,0,0,1,0,1
42,timed,descending,17,10000,100000,89463,99462,0.042724609,unavailable,0,0,0,0,0,0,0,0,1,0,1
42,diagnostic,descending,17,10000,100000,34238,44237,0.185791016,direct,0,0,0,0,0,16,1,16,1,0,1
42,diagnostic,descending,17,10000,100000,39255,49254,0.050292969,direct,0,0,0,0,0,16,1,16,1,0,1
42,diagnostic,descending,17,10000,100000,43294,53293,0.080810547,direct,0,0,0,0,0,16,1,16,1,0,1
42,diagnostic,descending,17,10000,100000,44446,54445,0.048095703,direct,0,0,0,0,0,16,1,16,1,0,1
42,diagnostic,descending,17,10000,100000,44875,54874,0.062011719,direct,0,0,0,0,0,16,1,16,1,0,1
42,diagnostic,descending,17,10000,100000,45400,55399,0.079833984,direct,0,0,0,0,0,16,1,16,1,0,1
42,diagnostic,descending,17,10000,100000,46130,56129,0.048583984,direct,0,0,0,0,0,16,1,16,1,0,1
42,diagnostic,descending,17,10000,100000,47506,57505,0.073974609,direct,0,0,0,0,0,16,1,16,1,0,1
42,diagnostic,descending,17,10000,100000,47685,57684,0.049804688,direct,0,0,0,0,0,16,1,16,1,0,1
42,diagnostic,descending,17,10000,100000,47815,57814,0.075683594,direct,0,0,0,0,0,16,1,16,1,0,1
42,diagnostic,descending,17,10000,100000,49500,59499,0.050048828,direct,0,0,0,0,0,16,1,16,1,0,1
42,diagnostic,descending,17,10000,100000,51900,61899,0.053955078,direct,0,0,0,0,0,16,1,16,1,0,1
42,diagnostic,descending,17,10000,100000,52870,62869,0.056396484,direct,0,0,0,0,0,16,1,16,1,0,1
42,diagnostic,descending,17,10000,100000,53305,63304,0.054443359,direct,0,0,0,0,0,16,1,16,1,0,1
42,diagnostic,descending,17,10000,100000,53824,63823,0.059326172,direct,0,0,0,0,0,16,1,16,1,0,1
42,diagnostic,descending,17,10000,100000,58925,68924,0.053955078,direct,0,0,0,0,0,17,1,17,1,0,1
42,diagnostic,descending,17,10000,100000,59610,69609,0.050292969,direct,0,0,0,0,0,17,1,17,1,0,1
42,diagnostic,descending,17,10000,100000,63016,73015,0.045410156,direct,0,0,0,0,0,17,1,17,1,0,1
42,diagnostic,descending,17,10000,100000,64665,74664,0.071044922,direct,0,0,0,0,0,17,1,17,1,0,1
42,diagnostic,descending,17,10000,100000,70171,80170,0.044433594,direct,0,0,0,0,0,17,1,17,1,0,1
42,diagnostic,descending,17,10000,100000,77951,87950,0.044433594,direct,0,0,0,0,0,17,1,17,1,0,1
42,diagnostic,descending,17,10000,100000,84885,94884,0.054199219,direct,0,0,0,0,0,17,1,17,1,0,1
42,diagnostic,descending,17,10000,100000,94502,104501,0.145019531,direct,0,0,0,0,0,17,1,17,1,0,1
42,diagnostic,descending,17,10000,100000,96130,106129,0.044921875,direct,0,0,0,0,0,17,1,17,1,0,1
42,diagnostic,descending,17,10000,100000,98050,108049,0.061035156,direct,0,0,0,0,0,17,1,17,1,0,1
43,timed,random,17,10000,100000,5734,15733,0.075683594,unavailable,0,0,0,0,0,0,0,0,2,0,1
43,timed,random,17,10000,100000,7919,17918,0.064208984,unavailable,0,0,0,0,0,0,0,0,3,0,1
43,timed,random,17,10000,100000,8401,18400,0.0546875,unavailable,0,0,0,0,0,0,0,0,3,0,1
43,timed,random,17,10000,100000,8831,18830,0.0546875,unavailable,0,0,0,0,0,0,0,0,3,0,1
43,timed,random,17,10000,100000,18767,28766,0.15234375,unavailable,0,0,0,0,0,0,0,0,3,0,1
43,timed,random,17,10000,100000,19092,29091,0.063232422,unavailable,0,0,0,0,0,0,0,0,3,0,1
43,timed,random,17,10000,100000,25834,35833,0.150146484,unavailable,0,0,0,0,0,0,0,0,3,0,1
43,timed,random,17,10000,100000,48845,58844,0.058105469,unavailable,0,0,0,0,0,0,0,0,2,0,1
43,timed,random,17,10000,100000,62891,72890,0.168212891,unavailable,0,0,0,0,0,0,0,0,3,0,1
43,timed,random,17,10000,100000,69905,79904,0.0625,unavailable,0,0,0,0,0,0,0,0,3,0,1
43,timed,random,17,10000,100000,72138,82137,0.157226562,unavailable,0,0,0,0,0,0,0,0,3,0,1
43,timed,random,17,10000,100000,81177,91176,0.054199219,unavailable,0,0,0,0,0,0,0,0,3,0,1
43,timed,random,17,10000,100000,87351,97350,0.048095703,unavailable,0,0,0,0,0,0,0,0,3,0,1
43,timed,random,17,10000,100000,89932,99931,0.047851562,unavailable,0,0,0,0,0,0,0,0,3,0,1
43,timed,random,17,10000,100000,90948,100947,0.204589844,unavailable,0,0,0,0,0,0,0,0,3,0,1
43,timed,random,17,10000,100000,92545,102544,0.048339844,unavailable,0,0,0,0,0,0,0,0,3,0,1
43,timed,random,17,10000,100000,93415,103414,0.131103516,unavailable,0,0,0,0,0,0,0,0,3,0,1
43,timed,random,17,10000,100000,94266,104265,0.048583984,unavailable,0,0,0,0,0,0,0,0,3,0,1
43,timed,random,17,10000,100000,95177,105176,0.047851562,unavailable,0,0,0,0,0,0,0,0,3,0,1
43,timed,random,17,10000,100000,95722,105721,0.115722656,unavailable,0,0,0,0,0,0,0,0,2,0,1
43,timed,random,17,10000,100000,96065,106064,0.047607422,unavailable,0,0,0,0,0,0,0,0,4,0,1
43,timed,random,17,10000,100000,97974,107973,0.049316406,unavailable,0,0,0,0,0,0,0,0,3,0,1
43,timed,random,17,10000,100000,98376,108375,0.063964844,unavailable,0,0,0,0,0,0,0,0,3,0,1
43,timed,random,17,10000,100000,98473,108472,0.158935547,unavailable,0,0,0,0,0,0,0,0,3,0,1
43,timed,random,17,10000,100000,99908,109907,0.049072266,unavailable,0,0,0,0,0,0,0,0,3,0,1
43,diagnostic,random,17,10000,100000,2172,12171,0.056152344,direct,0,0,0,0,0,14,0,14,3,0,1
43,diagnostic,random,17,10000,100000,12273,22272,0.320068359,direct,0,0,0,0,0,14,0,14,2,0,1
43,diagnostic,random,17,10000,100000,13933,23932,0.209472656,direct,0,0,0,0,0,15,0,15,3,0,1
43,diagnostic,random,17,10000,100000,26612,36611,0.042236328,direct,0,0,0,0,0,15,0,15,2,0,1
43,diagnostic,random,17,10000,100000,28918,38917,0.053466797,direct,0,0,0,0,0,14,0,14,3,0,1
43,diagnostic,random,17,10000,100000,35821,45820,0.048095703,direct,0,0,0,0,0,14,1,14,3,0,1
43,diagnostic,random,17,10000,100000,36447,46446,0.051757812,direct,0,0,0,0,0,15,2,15,3,0,1
43,diagnostic,random,17,10000,100000,36798,46797,0.045410156,direct,0,0,0,0,0,16,1,16,3,0,1
43,diagnostic,random,17,10000,100000,37778,47777,0.058349609,direct,0,0,0,0,0,15,0,15,3,0,1
43,diagnostic,random,17,10000,100000,37852,47851,0.043945312,direct,0,0,0,0,0,15,0,15,3,0,1
43,diagnostic,random,17,10000,100000,39257,49256,0.047851562,direct,0,0,0,0,0,17,1,17,1,0,1
43,diagnostic,random,17,10000,100000,39744,49743,0.063232422,direct,0,0,0,0,0,16,0,16,2,0,1
43,diagnostic,random,17,10000,100000,41714,51713,0.045166016,direct,0,0,0,0,0,15,1,15,2,0,1
43,diagnostic,random,17,10000,100000,42066,52065,0.044677734,direct,0,0,0,0,0,17,1,17,3,0,1
43,diagnostic,random,17,10000,100000,43471,53470,0.046630859,direct,0,0,0,0,0,17,1,17,2,0,1
43,diagnostic,random,17,10000,100000,43675,53674,0.057373047,direct,0,0,0,0,0,15,0,15,3,0,1
43,diagnostic,random,17,10000,100000,44660,54659,0.050292969,direct,0,0,0,0,0,16,0,16,3,0,1
43,diagnostic,random,17,10000,100000,47624,57623,0.05078125,direct,0,0,0,0,0,15,0,15,3,0,1
43,diagnostic,random,17,10000,100000,47686,57685,0.051269531,direct,0,0,0,0,0,17,1,17,3,0,1
43,diagnostic,random,17,10000,100000,48605,58604,0.041259766,direct,0,0,0,0,0,16,1,16,3,0,1
43,diagnostic,random,17,10000,100000,53306,63305,0.057373047,direct,0,0,0,0,0,18,1,18,3,0,1
43,diagnostic,random,17,10000,100000,65215,75214,0.009765625,local,8,8,1,0,9,17,0,17,3,0,2
43,diagnostic,random,17,10000,100000,67356,77355,0.057128906,direct,0,0,0,0,0,16,2,16,3,0,1
43,diagnostic,random,17,10000,100000,75460,85459,0.011474609,local,8,8,1,0,9,19,2,19,2,0,2
43,diagnostic,random,17,10000,100000,78670,88669,0.010253906,local,8,8,1,0,9,19,2,19,2,0,2
43,diagnostic,random,17,10000,100000,80670,90669,0.246337891,direct,0,0,0,0,0,16,0,16,3,0,1
43,diagnostic,random,17,10000,100000,84334,94333,0.008300781,local,8,8,1,0,9,18,2,18,3,0,2
43,diagnostic,random,17,10000,100000,89836,99835,0.042480469,direct,0,0,0,0,0,17,0,17,3,0,1
43,diagnostic,random,17,10000,100000,90391,100390,0.013916016,local,8,8,1,0,9,16,2,16,3,0,2
43,diagnostic,random,17,10000,100000,91027,101026,0.245849609,direct,0,0,0,0,0,15,0,15,3,0,1
43,diagnostic,random,17,10000,100000,92260,102259,0.012207031,local,8,8,1,0,9,17,0,17,4,0,2
43,diagnostic,random,17,10000,100000,93527,103526,0.010742188,local,8,8,1,0,9,15,0,15,3,0,2
43,diagnostic,random,17,10000,100000,94367,104366,0.01953125,local,16,24,1,1,26,16,0,16,3,0,2
44,timed,equal,17,10000,100000,9597,19596,0.04296875,unavailable,0,0,0,0,0,0,0,0,1,0,1
44,timed,equal,17,10000,100000,22233,32232,0.035888672,unavailable,0,0,0,0,0,0,0,0,2,0,1
44,timed,equal,17,10000,100000,36975,46974,0.039550781,unavailable,0,0,0,0,0,0,0,0,2,0,1
44,timed,equal,17,10000,100000,43293,53292,0.034423828,unavailable,0,0,0,0,0,0,0,0,2,0,1
44,timed,equal,17,10000,100000,45399,55398,0.035644531,unavailable,0,0,0,0,0,0,0,0,2,0,1
44,timed,equal,17,10000,100000,47505,57504,0.034179688,unavailable,0,0,0,0,0,0,0,0,2,0,1
44,timed,equal,17,10000,100000,49611,59610,0.03515625,unavailable,0,0,0,0,0,0,0,0,2,0,1
44,timed,equal,17,10000,100000,53823,63822,0.041748047,unavailable,0,0,0,0,0,0,0,0,2,0,1
44,timed,equal,17,10000,100000,64353,74352,0.060302734,unavailable,0,0,0,0,0,0,0,0,3,0,1
44,timed,equal,17,10000,100000,66459,76458,0.079345703,unavailable,0,0,0,0,0,0,0,0,3,0,1
44,timed,equal,17,10000,100000,67050,77049,0.039306641,unavailable,0,0,0,0,0,0,0,0,3,0,1
44,timed,equal,17,10000,100000,67772,77771,0.037109375,unavailable,0,0,0,0,0,0,0,0,3,0,1
44,timed,equal,17,10000,100000,68565,78564,0.044677734,unavailable,0,0,0,0,0,0,0,0,3,0,1
44,timed,equal,17,10000,100000,69217,79216,0.034667969,unavailable,0,0,0,0,0,0,0,0,3,0,1
44,timed,equal,17,10000,100000,69939,79938,0.037353516,unavailable,0,0,0,0,0,0,0,0,3,0,1
44,timed,equal,17,10000,100000,74883,84882,0.046630859,unavailable,0,0,0,0,0,0,0,0,3,0,1
44,timed,equal,17,10000,100000,75717,85716,0.036865234,unavailable,0,0,0,0,0,0,0,0,3,0,1
44,timed,equal,17,10000,100000,76989,86988,0.051269531,unavailable,0,0,0,0,0,0,0,0,3,0,1
44,timed,equal,17,10000,100000,77162,87161,0.046142578,unavailable,0,0,0,0,0,0,0,0,3,0,1
44,timed,equal,17,10000,100000,79095,89094,0.040527344,unavailable,0,0,0,0,0,0,0,0,3,0,1
44,timed,equal,17,10000,100000,85413,95412,0.034667969,unavailable,0,0,0,0,0,0,0,0,3,0,1
44,timed,equal,17,10000,100000,87519,97518,0.034423828,unavailable,0,0,0,0,0,0,0,0,3,0,1
44,timed,equal,17,10000,100000,89625,99624,0.034912109,unavailable,0,0,0,0,0,0,0,0,4,0,1
44,timed,equal,17,10000,100000,95943,105942,0.034423828,unavailable,0,0,0,0,0,0,0,0,4,0,1
44,timed,equal,17,10000,100000,98049,108048,0.034667969,unavailable,0,0,0,0,0,0,0,0,4,0,1
44,diagnostic,equal,17,10000,100000,6941,16940,0.085205078,direct,0,0,0,0,0,15,1,15,1,0,1
44,diagnostic,equal,17,10000,100000,11156,21155,0.059326172,direct,0,0,0,0,0,15,1,15,1,0,1
44,diagnostic,equal,17,10000,100000,11704,21703,0.067138672,direct,0,0,0,0,0,15,1,15,1,0,1
44,diagnostic,equal,17,10000,100000,14941,24940,0.045410156,direct,0,0,0,0,0,15,1,15,1,0,1
44,diagnostic,equal,17,10000,100000,16775,26774,0.052490234,direct,0,0,0,0,0,15,1,15,1,0,1
44,diagnostic,equal,17,10000,100000,22233,32232,0.073730469,direct,0,0,0,0,0,15,1,15,2,0,1
44,diagnostic,equal,17,10000,100000,44875,54874,0.068115234,direct,0,0,0,0,0,16,1,16,2,0,1
44,diagnostic,equal,17,10000,100000,58975,68974,0.046142578,direct,0,0,0,0,0,17,1,17,3,0,1
44,diagnostic,equal,17,10000,100000,63188,73187,0.048583984,direct,0,0,0,0,0,17,1,17,3,0,1
44,diagnostic,equal,17,10000,100000,65715,75714,0.047851562,direct,0,0,0,0,0,17,1,17,3,0,1
44,diagnostic,equal,17,10000,100000,66558,76557,0.043945312,direct,0,0,0,0,0,17,1,17,3,0,1
44,diagnostic,equal,17,10000,100000,67400,77399,0.053466797,direct,0,0,0,0,0,17,1,17,3,0,1
44,diagnostic,equal,17,10000,100000,68243,78242,0.044921875,direct,0,0,0,0,0,17,1,17,3,0,1
44,diagnostic,equal,17,10000,100000,69928,79927,0.050292969,direct,0,0,0,0,0,17,1,17,3,0,1
44,diagnostic,equal,17,10000,100000,72975,82974,0.050048828,direct,0,0,0,0,0,17,1,17,3,0,1
44,diagnostic,equal,17,10000,100000,74983,84982,0.055908203,direct,0,0,0,0,0,17,1,17,3,0,1
44,diagnostic,equal,17,10000,100000,75785,85784,0.047363281,direct,0,0,0,0,0,17,1,17,3,0,1
44,diagnostic,equal,17,10000,100000,75825,85824,0.045166016,direct,0,0,0,0,0,17,1,17,3,0,1
44,diagnostic,equal,17,10000,100000,76668,86667,0.068603516,direct,0,0,0,0,0,17,1,17,3,0,1
44,diagnostic,equal,17,10000,100000,78595,88594,0.0703125,direct,0,0,0,0,0,17,1,17,3,0,1
44,diagnostic,equal,17,10000,100000,79195,89194,0.044921875,direct,0,0,0,0,0,17,1,17,3,0,1
44,diagnostic,equal,17,10000,100000,85093,95092,0.046386719,direct,0,0,0,0,0,17,1,17,3,0,1
44,diagnostic,equal,17,10000,100000,87654,97653,0.172607422,direct,0,0,0,0,0,17,1,17,3,0,1
44,diagnostic,equal,17,10000,100000,95713,105712,0.232421875,direct,0,0,0,0,0,17,1,17,4,0,1
44,diagnostic,equal,17,10000,100000,95752,105751,0.224365234,direct,0,0,0,0,0,17,1,17,4,0,1
45,timed,duplicates,17,10000,100000,13303,23302,0.271484375,unavailable,0,0,0,0,0,0,0,0,1,0,1
45,timed,duplicates,17,10000,100000,16101,26100,0.268310547,unavailable,0,0,0,0,0,0,0,0,1,0,1
45,timed,duplicates,17,10000,100000,42146,52145,0.910888672,unavailable,0,0,0,0,0,0,0,0,1,0,1
45,timed,duplicates,17,10000,100000,43413,53412,2.030029297,unavailable,0,0,0,0,0,0,0,0,1,0,1
45,timed,duplicates,17,10000,100000,62386,72385,0.930664062,unavailable,0,0,0,0,0,0,0,0,1,0,1
45,timed,duplicates,17,10000,100000,64267,74266,4.368408203,unavailable,0,0,0,0,0,0,0,0,1,0,1
45,timed,duplicates,17,10000,100000,65681,75680,1.174560547,unavailable,0,0,0,0,0,0,0,0,1,0,1
45,timed,duplicates,17,10000,100000,66384,76383,1.190185547,unavailable,0,0,0,0,0,0,0,0,1,0,1
45,timed,duplicates,17,10000,100000,66608,76607,1.237304688,unavailable,0,0,0,0,0,0,0,0,1,0,1
45,timed,duplicates,17,10000,100000,66983,76982,1.183837891,unavailable,0,0,0,0,0,0,0,0,1,0,1
45,timed,duplicates,17,10000,100000,68834,78833,0.145507812,unavailable,0,0,0,0,0,0,0,0,1,0,1
45,timed,duplicates,17,10000,100000,69340,79339,1.247070312,unavailable,0,0,0,0,0,0,0,0,1,0,1
45,timed,duplicates,17,10000,100000,70419,80418,1.199462891,unavailable,0,0,0,0,0,0,0,0,1,0,1
45,timed,duplicates,17,10000,100000,76042,86041,0.133789062,unavailable,0,0,0,0,0,0,0,0,1,0,1
45,timed,duplicates,17,10000,100000,80763,90762,0.142822266,unavailable,0,0,0,0,0,0,0,0,1,0,1
45,timed,duplicates,17,10000,100000,81185,91184,0.137695312,unavailable,0,0,0,0,0,0,0,0,1,0,1
45,timed,duplicates,17,10000,100000,81490,91489,0.147705078,unavailable,0,0,0,0,0,0,0,0,1,0,1
45,timed,duplicates,17,10000,100000,81907,91906,0.140625,unavailable,0,0,0,0,0,0,0,0,1,0,1
45,timed,duplicates,17,10000,100000,82264,92263,0.14453125,unavailable,0,0,0,0,0,0,0,0,1,0,1
45,timed,duplicates,17,10000,100000,83356,93355,0.156738281,unavailable,0,0,0,0,0,0,0,0,1,0,1
45,timed,duplicates,17,10000,100000,87744,97743,0.135498047,unavailable,0,0,0,0,0,0,0,0,1,0,1
45,timed,duplicates,17,10000,100000,89005,99004,0.136230469,unavailable,0,0,0,0,0,0,0,0,1,0,1
45,timed,duplicates,17,10000,100000,95161,105160,0.142578125,unavailable,0,0,0,0,0,0,0,0,1,0,1
45,timed,duplicates,17,10000,100000,97333,107332,0.131835938,unavailable,0,0,0,0,0,0,0,0,1,0,1
45,timed,duplicates,17,10000,100000,98639,108638,0.135498047,unavailable,0,0,0,0,0,0,0,0,1,0,1
45,diagnostic,duplicates,17,10000,100000,5297,15296,0.189941406,direct,0,0,0,0,0,14,1,14,2,0,1
45,diagnostic,duplicates,17,10000,100000,13303,23302,0.310791016,large,512,1016,1,6,1023,16,1,16,1,0,3
45,diagnostic,duplicates,17,10000,100000,16101,26100,0.35546875,large,512,1016,1,6,1023,16,2,16,1,0,3
45,diagnostic,duplicates,17,10000,100000,19827,29826,0.171875,direct,0,0,0,0,0,15,1,15,4,0,1
45,diagnostic,duplicates,17,10000,100000,22340,32339,0.174804688,large,256,504,1,5,510,14,1,14,1,0,3
45,diagnostic,duplicates,17,10000,100000,28866,38865,0.231445312,large,256,504,1,5,510,16,1,16,1,0,3
45,diagnostic,duplicates,17,10000,100000,29357,39356,0.178466797,large,256,504,1,5,510,15,1,15,1,0,3
45,diagnostic,duplicates,17,10000,100000,42146,52145,1.340576172,large,2048,4088,1,8,4097,17,1,17,1,0,3
45,diagnostic,duplicates,17,10000,100000,43413,53412,2.395263672,large,4096,8184,1,9,8194,17,2,17,1,0,3
45,diagnostic,duplicates,17,10000,100000,62386,72385,1.249511719,large,2048,4088,1,8,4097,17,1,17,1,0,3
45,diagnostic,duplicates,17,10000,100000,64267,74266,5.389160156,large,8192,16376,1,10,16387,16,1,16,1,0,3
45,diagnostic,duplicates,17,10000,100000,65681,75680,1.311523438,large,2048,4088,1,8,4097,17,1,17,1,0,3
45,diagnostic,duplicates,17,10000,100000,66384,76383,1.312988281,large,2048,4088,1,8,4097,18,1,18,1,0,3
45,diagnostic,duplicates,17,10000,100000,66608,76607,1.3203125,large,2048,4088,1,8,4097,17,1,17,1,0,3
45,diagnostic,duplicates,17,10000,100000,66983,76982,1.364257812,large,2048,4088,1,8,4097,17,2,17,1,0,3
45,diagnostic,duplicates,17,10000,100000,69340,79339,1.3515625,large,2048,4088,1,8,4097,17,1,17,1,0,3
45,diagnostic,duplicates,17,10000,100000,70419,80418,1.327880859,large,2048,4088,1,8,4097,17,1,17,1,0,3
45,diagnostic,duplicates,17,10000,100000,80763,90762,0.181152344,large,256,504,1,5,510,17,1,17,1,0,3
45,diagnostic,duplicates,17,10000,100000,81185,91184,0.186279297,large,256,504,1,5,510,16,1,16,1,0,3
45,diagnostic,duplicates,17,10000,100000,81639,91638,0.165771484,large,256,504,1,5,510,17,1,17,1,0,2
45,diagnostic,duplicates,17,10000,100000,81907,91906,0.167724609,large,256,504,1,5,510,17,2,17,1,0,2
45,diagnostic,duplicates,17,10000,100000,83356,93355,0.204589844,large,256,504,1,5,510,17,1,17,1,0,3
45,diagnostic,duplicates,17,10000,100000,87744,97743,0.192626953,large,256,504,1,5,510,16,1,16,1,0,3
45,diagnostic,duplicates,17,10000,100000,89005,99004,0.187011719,large,256,504,1,5,510,17,2,17,1,0,3
45,diagnostic,duplicates,17,10000,100000,95161,105160,0.174560547,large,256,504,1,5,510,17,1,17,1,0,3
45,diagnostic,duplicates,17,10000,100000,97333,107332,0.218994141,large,256,504,1,5,510,17,1,17,1,0,3
45,diagnostic,duplicates,17,10000,100000,98606,108605,0.185302734,large,256,504,1,5,510,18,1,18,1,0,3
46,timed,alternating,17,10000,100000,19494,29493,7.323486328,unavailable,0,0,0,0,0,0,0,0,1,0,1
46,timed,alternating,17,10000,100000,23712,33711,13.696044922,unavailable,0,0,0,0,0,0,0,0,1,0,1
46,timed,alternating,17,10000,100000,27866,37865,7.189208984,unavailable,0,0,0,0,0,0,0,0,1,0,1
46,timed,alternating,17,10000,100000,30038,40037,7.568847656,unavailable,0,0,0,0,0,0,0,0,1,0,1
46,timed,alternating,17,10000,100000,32116,42115,14.374023438,unavailable,0,0,0,0,0,0,0,0,1,0,1
46,timed,alternating,17,10000,100000,35216,45215,15.23046875,unavailable,0,0,0,0,0,0,0,0,1,0,1
46,timed,alternating,17,10000,100000,37876,47875,14.750976562,unavailable,0,0,0,0,0,0,0,0,1,0,1
46,timed,alternating,17,10000,100000,38600,48599,7.321533203,unavailable,0,0,0,0,0,0,0,0,1,0,1
46,timed,alternating,17,10000,100000,39214,49213,16.780517578,unavailable,0,0,0,0,0,0,0,0,1,0,1
46,timed,alternating,17,10000,100000,39828,49827,15.284667969,unavailable,0,0,0,0,0,0,0,0,1,0,1
46,timed,alternating,17,10000,100000,39954,49953,7.132080078,unavailable,0,0,0,0,0,0,0,0,1,0,1
46,timed,alternating,17,10000,100000,40080,50079,14.750976562,unavailable,0,0,0,0,0,0,0,0,1,0,1
46,timed,alternating,17,10000,100000,40206,50205,14.041015625,unavailable,0,0,0,0,0,0,0,0,1,0,1
46,timed,alternating,17,10000,100000,40332,50331,25.616699219,unavailable,0,0,0,0,0,0,0,0,4,0,1
46,timed,alternating,17,10000,100000,53698,63697,14.25,unavailable,0,0,0,0,0,0,0,0,1,0,1
46,timed,alternating,17,10000,100000,75828,85827,13.606933594,unavailable,0,0,0,0,0,0,0,0,1,0,1
46,timed,alternating,17,10000,100000,85366,95365,7.345703125,unavailable,0,0,0,0,0,0,0,0,1,0,1
46,timed,alternating,17,10000,100000,86704,96703,14.712158203,unavailable,0,0,0,0,0,0,0,0,1,0,1
46,timed,alternating,17,10000,100000,92134,102133,15.0859375,unavailable,0,0,0,0,0,0,0,0,1,0,1
46,timed,alternating,17,10000,100000,94842,104841,14.733642578,unavailable,0,0,0,0,0,0,0,0,1,0,1
46,timed,alternating,17,10000,100000,96196,106195,14.081054688,unavailable,0,0,0,0,0,0,0,0,1,0,1
46,timed,alternating,17,10000,100000,96826,106825,13.181396484,unavailable,0,0,0,0,0,0,0,0,1,0,1
46,timed,alternating,17,10000,100000,97188,107187,13.541503906,unavailable,0,0,0,0,0,0,0,0,1,0,1
46,timed,alternating,17,10000,100000,97314,107313,13.106689453,unavailable,0,0,0,0,0,0,0,0,1,0,1
46,timed,alternating,17,10000,100000,97440,107439,29.158935547,unavailable,0,0,0,0,0,0,0,0,1,0,1
46,diagnostic,alternating,17,10000,100000,21650,31649,9.142822266,large,16384,32760,1,11,32772,19,2,19,1,0,3
46,diagnostic,alternating,17,10000,100000,23712,33711,16.863037109,large,32768,65528,1,12,65541,19,1,19,1,0,3
46,diagnostic,alternating,17,10000,100000,27866,37865,9.743896484,large,16384,32760,1,11,32772,19,2,19,1,0,3
46,diagnostic,alternating,17,10000,100000,32116,42115,17.811035156,large,32768,65528,1,12,65541,19,1,19,1,0,3
46,diagnostic,alternating,17,10000,100000,35216,45215,18.276855469,large,32768,65528,1,12,65541,19,1,19,1,0,3
46,diagnostic,alternating,17,10000,100000,37876,47875,22.098144531,large,32768,65528,1,12,65541,19,2,19,1,0,3
46,diagnostic,alternating,17,10000,100000,38600,48599,10.625732422,large,16384,32760,1,11,32772,19,1,19,1,0,3
46,diagnostic,alternating,17,10000,100000,38962,48961,9.351318359,large,16384,32760,1,11,32772,19,2,19,1,0,3
46,diagnostic,alternating,17,10000,100000,39214,49213,18.517578125,large,32768,65528,1,12,65541,19,2,19,1,0,3
46,diagnostic,alternating,17,10000,100000,39828,49827,17.672607422,large,32768,65528,1,12,65541,19,2,19,1,0,3
46,diagnostic,alternating,17,10000,100000,40080,50079,18.332519531,large,32768,65528,1,12,65541,19,2,19,1,0,3
46,diagnostic,alternating,17,10000,100000,40206,50205,16.038085938,large,32768,65528,1,12,65541,19,2,19,1,0,3
46,diagnostic,alternating,17,10000,100000,40332,50331,33.711181641,full,50331,115859,1,13,115873,19,1,19,4,1,7
46,diagnostic,alternating,17,10000,100000,53698,63697,16.231201172,large,32768,65528,1,12,65541,20,2,20,1,0,3
46,diagnostic,alternating,17,10000,100000,64606,74605,8.748046875,large,16384,32760,1,11,32772,20,2,20,1,0,3
46,diagnostic,alternating,17,10000,100000,75828,85827,17.233886719,large,32768,65528,1,12,65541,20,2,20,1,0,3
46,diagnostic,alternating,17,10000,100000,86704,96703,18.165527344,large,32768,65528,1,12,65541,21,2,21,1,0,3
46,diagnostic,alternating,17,10000,100000,92134,102133,18.304199219,large,32768,65528,1,12,65541,21,2,21,1,0,3
46,diagnostic,alternating,17,10000,100000,93472,103471,8.872802734,large,16384,32760,1,11,32772,21,2,21,1,0,3
46,diagnostic,alternating,17,10000,100000,94842,104841,18.717529297,large,32768,65528,1,12,65541,21,2,21,1,0,3
46,diagnostic,alternating,17,10000,100000,96196,106195,19.075439453,large,32768,65528,1,12,65541,21,2,21,1,0,3
46,diagnostic,alternating,17,10000,100000,96826,106825,18.134277344,large,32768,65528,1,12,65541,21,1,21,1,0,3
46,diagnostic,alternating,17,10000,100000,97188,107187,18.593505859,large,32768,65528,1,12,65541,21,2,21,1,0,3
46,diagnostic,alternating,17,10000,100000,97314,107313,17.735839844,large,32768,65528,1,12,65541,21,1,21,1,0,3
46,diagnostic,alternating,17,10000,100000,97440,107439,43.737792969,large,65536,131064,1,13,131078,21,1,21,1,0,3
47,timed,hotspot,17,10000,100000,1173,11172,0.040039062,unavailable,0,0,0,0,0,0,0,0,1,0,1
47,timed,hotspot,17,10000,100000,2592,12591,0.035400391,unavailable,0,0,0,0,0,0,0,0,1,0,1
47,timed,hotspot,17,10000,100000,2935,12934,0.045898438,unavailable,0,0,0,0,0,0,0,0,1,0,1
47,timed,hotspot,17,10000,100000,9427,19426,0.03515625,unavailable,0,0,0,0,0,0,0,0,1,0,1
47,timed,hotspot,17,10000,100000,9597,19596,0.034179688,unavailable,0,0,0,0,0,0,0,0,1,0,1
47,timed,hotspot,17,10000,100000,11703,21702,0.058349609,unavailable,0,0,0,0,0,0,0,0,1,0,1
47,timed,hotspot,17,10000,100000,13809,23808,0.039550781,unavailable,0,0,0,0,0,0,0,0,1,0,1
47,timed,hotspot,17,10000,100000,18776,28775,0.039550781,unavailable,0,0,0,0,0,0,0,0,1,0,1
47,timed,hotspot,17,10000,100000,26445,36444,0.033447266,unavailable,0,0,0,0,0,0,0,0,1,0,1
47,timed,hotspot,17,10000,100000,34869,44868,0.034179688,unavailable,0,0,0,0,0,0,0,0,1,0,1
47,timed,hotspot,17,10000,100000,36975,46974,0.033203125,unavailable,0,0,0,0,0,0,0,0,1,0,1
47,timed,hotspot,17,10000,100000,39081,49080,0.041259766,unavailable,0,0,0,0,0,0,0,0,1,0,1
47,timed,hotspot,17,10000,100000,41934,51933,0.170166016,unavailable,0,0,0,0,0,0,0,0,1,0,1
47,timed,hotspot,17,10000,100000,43293,53292,0.034179688,unavailable,0,0,0,0,0,0,0,0,1,0,1
47,timed,hotspot,17,10000,100000,45399,55398,0.049072266,unavailable,0,0,0,0,0,0,0,0,1,0,1
47,timed,hotspot,17,10000,100000,53823,63822,0.032958984,unavailable,0,0,0,0,0,0,0,0,1,0,1
47,timed,hotspot,17,10000,100000,58035,68034,0.034179688,unavailable,0,0,0,0,0,0,0,0,1,0,1
47,timed,hotspot,17,10000,100000,66459,76458,0.032714844,unavailable,0,0,0,0,0,0,0,0,1,0,1
47,timed,hotspot,17,10000,100000,68565,78564,0.034179688,unavailable,0,0,0,0,0,0,0,0,1,0,1
47,timed,hotspot,17,10000,100000,74883,84882,0.032714844,unavailable,0,0,0,0,0,0,0,0,1,0,1
47,timed,hotspot,17,10000,100000,76989,86988,0.032714844,unavailable,0,0,0,0,0,0,0,0,1,0,1
47,timed,hotspot,17,10000,100000,79095,89094,0.033935547,unavailable,0,0,0,0,0,0,0,0,1,0,1
47,timed,hotspot,17,10000,100000,85413,95412,0.034179688,unavailable,0,0,0,0,0,0,0,0,1,0,1
47,timed,hotspot,17,10000,100000,87519,97518,0.032958984,unavailable,0,0,0,0,0,0,0,0,1,0,1
47,timed,hotspot,17,10000,100000,98049,108048,0.038330078,unavailable,0,0,0,0,0,0,0,0,1,0,1
47,diagnostic,hotspot,17,10000,100000,11156,21155,0.052246094,direct,0,0,0,0,0,15,1,15,1,0,1
47,diagnostic,hotspot,17,10000,100000,29420,39419,0.046875,direct,0,0,0,0,0,16,1,16,1,0,1
47,diagnostic,hotspot,17,10000,100000,34349,44348,0.039306641,direct,0,0,0,0,0,16,2,16,1,0,1
47,diagnostic,hotspot,17,10000,100000,36034,46033,0.224609375,direct,0,0,0,0,0,16,1,16,1,0,1
47,diagnostic,hotspot,17,10000,100000,39082,49081,0.039550781,direct,0,0,0,0,0,16,1,16,1,0,1
47,diagnostic,hotspot,17,10000,100000,39255,49254,0.039550781,direct,0,0,0,0,0,16,2,16,1,0,1
47,diagnostic,hotspot,17,10000,100000,43470,53469,0.044677734,direct,0,0,0,0,0,16,1,16,1,0,1
47,diagnostic,hotspot,17,10000,100000,44446,54445,0.048095703,direct,0,0,0,0,0,16,1,16,1,0,1
47,diagnostic,hotspot,17,10000,100000,44875,54874,0.063476562,direct,0,0,0,0,0,16,2,16,1,0,1
47,diagnostic,hotspot,17,10000,100000,45400,55399,0.06640625,direct,0,0,0,0,0,16,1,16,1,0,1
47,diagnostic,hotspot,17,10000,100000,46130,56129,0.049804688,direct,0,0,0,0,0,16,1,16,1,0,1
47,diagnostic,hotspot,17,10000,100000,46280,56279,0.070800781,direct,0,0,0,0,0,16,1,16,1,0,1
47,diagnostic,hotspot,17,10000,100000,47506,57505,0.12109375,direct,0,0,0,0,0,16,1,16,1,0,1
47,diagnostic,hotspot,17,10000,100000,47685,57684,0.073242188,direct,0,0,0,0,0,16,2,16,1,0,1
47,diagnostic,hotspot,17,10000,100000,47815,57814,0.043701172,direct,0,0,0,0,0,16,2,16,1,0,1
47,diagnostic,hotspot,17,10000,100000,50723,60722,0.039550781,direct,0,0,0,0,0,16,2,16,1,0,1
47,diagnostic,hotspot,17,10000,100000,58957,68956,0.163574219,direct,0,0,0,0,0,17,2,17,1,0,1
47,diagnostic,hotspot,17,10000,100000,68566,78565,0.043945312,direct,0,0,0,0,0,17,1,17,1,0,1
47,diagnostic,hotspot,17,10000,100000,73101,83100,0.171875,direct,0,0,0,0,0,17,2,17,1,0,1
47,diagnostic,hotspot,17,10000,100000,85620,95619,0.039306641,direct,0,0,0,0,0,17,1,17,1,0,1
47,diagnostic,hotspot,17,10000,100000,87025,97024,0.041503906,direct,0,0,0,0,0,17,2,17,1,0,1
47,diagnostic,hotspot,17,10000,100000,96860,106859,0.039306641,direct,0,0,0,0,0,17,1,17,1,0,1
47,diagnostic,hotspot,17,10000,100000,98265,108264,0.053466797,direct,0,0,0,0,0,17,2,17,1,0,1
47,diagnostic,hotspot,17,10000,100000,98365,108364,0.051757812,direct,0,0,0,0,0,17,2,17,1,0,1
47,diagnostic,hotspot,17,10000,100000,99008,109007,0.054931641,direct,0,0,0,0,0,17,1,17,1,0,1
48,timed,timeline,3512641005,10000,100000,1501,11172,0.032714844,unavailable,0,0,0,0,0,0,0,0,1,0,1
48,timed,timeline,3512641005,10000,100000,9421,17490,0.034423828,unavailable,0,0,0,0,0,0,0,0,3,0,1
48,timed,timeline,3512641005,10000,100000,12115,19596,0.033447266,unavailable,0,0,0,0,0,0,0,0,3,0,1
48,timed,timeline,3512641005,10000,100000,14775,21702,0.033691406,unavailable,0,0,0,0,0,0,0,0,4,0,1
48,timed,timeline,3512641005,10000,100000,17355,23808,0.032226562,unavailable,0,0,0,0,0,0,0,0,5,0,1
48,timed,timeline,3512641005,10000,100000,19126,25227,0.034423828,unavailable,0,0,0,0,0,0,0,0,5,0,1
48,timed,timeline,3512641005,10000,100000,25278,30093,0.033447266,unavailable,0,0,0,0,0,0,0,0,6,0,1
48,timed,timeline,3512641005,10000,100000,26789,31306,23.291992188,unavailable,0,0,0,0,0,0,0,0,4,0,1
48,timed,timeline,3512641005,10000,100000,38492,40621,0.063964844,unavailable,0,0,0,0,0,0,0,0,4,0,1
48,timed,timeline,3512641005,10000,100000,49050,49045,0.035644531,unavailable,0,0,0,0,0,0,0,0,6,0,1
48,timed,timeline,3512641005,10000,100000,50409,50094,0.032714844,unavailable,0,0,0,0,0,0,0,0,6,0,1
48,timed,timeline,3512641005,10000,100000,51354,50869,42.579345703,unavailable,0,0,0,0,0,0,0,0,4,0,1
48,timed,timeline,3512641005,10000,100000,57054,55423,0.034423828,unavailable,0,0,0,0,0,0,0,0,2,0,1
48,timed,timeline,3512641005,10000,100000,62192,59635,0.053222656,unavailable,0,0,0,0,0,0,0,0,3,0,1
48,timed,timeline,3512641005,10000,100000,64780,61739,0.071777344,unavailable,0,0,0,0,0,0,0,0,3,0,1
48,timed,timeline,3512641005,10000,100000,67494,63845,0.041015625,unavailable,0,0,0,0,0,0,0,0,4,0,1
48,timed,timeline,3512641005,10000,100000,70092,65951,0.036132812,unavailable,0,0,0,0,0,0,0,0,4,0,1
48,timed,timeline,3512641005,10000,100000,70741,66460,0.052734375,unavailable,0,0,0,0,0,0,0,0,4,0,1
48,timed,timeline,3512641005,10000,100000,79511,73436,0.032958984,unavailable,0,0,0,0,0,0,0,0,6,0,1
48,timed,timeline,3512641005,10000,100000,80487,74198,84.952148438,unavailable,0,0,0,0,0,0,0,0,4,0,1
48,timed,timeline,3512641005,10000,100000,84635,77528,0.035644531,unavailable,0,0,0,0,0,0,0,0,4,0,1
48,timed,timeline,3512641005,10000,100000,89724,81583,0.039794922,unavailable,0,0,0,0,0,0,0,0,3,0,1
48,timed,timeline,3512641005,10000,100000,92332,83689,0.053955078,unavailable,0,0,0,0,0,0,0,0,3,0,1
48,timed,timeline,3512641005,10000,100000,95006,85795,0.038085938,unavailable,0,0,0,0,0,0,0,0,4,0,1
48,timed,timeline,3512641005,10000,100000,97642,87901,0.038330078,unavailable,0,0,0,0,0,0,0,0,4,0,1
48,diagnostic,timeline,3512641005,10000,100000,15806,22549,0.035644531,direct,0,0,0,0,0,14,0,14,2,0,1
48,diagnostic,timeline,3512641005,10000,100000,18482,24705,0.034667969,direct,0,0,0,0,0,15,1,15,5,0,1
48,diagnostic,timeline,3512641005,10000,100000,22807,28140,0.034667969,direct,0,0,0,0,0,15,0,15,3,0,1
48,diagnostic,timeline,3512641005,10000,100000,22813,28146,0.162109375,direct,0,0,0,0,0,16,0,16,6,0,1
48,diagnostic,timeline,3512641005,10000,100000,24990,29861,0.034179688,direct,0,0,0,0,0,16,1,16,6,0,1
48,diagnostic,timeline,3512641005,10000,100000,26206,30835,0.007080078,local,8,8,1,0,9,15,0,15,6,0,2
48,diagnostic,timeline,3512641005,10000,100000,26381,30974,0.034912109,direct,0,0,0,0,0,17,1,17,6,0,1
48,diagnostic,timeline,3512641005,10000,100000,26789,31306,25.419921875,full,31306,64066,1,12,64079,17,1,17,4,1,7
48,diagnostic,timeline,3512641005,10000,100000,30826,34533,0.049560547,direct,0,0,0,0,0,17,1,17,2,0,1
48,diagnostic,timeline,3512641005,10000,100000,31581,35146,0.043945312,direct,0,0,0,0,0,17,1,17,2,0,1
48,diagnostic,timeline,3512641005,10000,100000,41037,42692,0.043457031,direct,0,0,0,0,0,15,0,15,3,0,1
48,diagnostic,timeline,3512641005,10000,100000,47455,47790,0.038085938,direct,0,0,0,0,0,17,0,17,6,0,1
48,diagnostic,timeline,3512641005,10000,100000,51288,50819,0.031738281,local,32,56,1,2,59,18,2,18,6,0,2
48,diagnostic,timeline,3512641005,10000,100000,51350,50869,0.005859375,local,8,8,1,0,9,17,0,17,6,0,2
48,diagnostic,timeline,3512641005,10000,100000,51354,50869,52.127197266,full,50869,116397,1,13,116411,17,0,17,4,1,7
48,diagnostic,timeline,3512641005,10000,100000,58712,56815,0.034423828,direct,0,0,0,0,0,18,1,18,2,0,1
48,diagnostic,timeline,3512641005,10000,100000,59672,57573,0.053955078,direct,0,0,0,0,0,18,1,18,2,0,1
48,diagnostic,timeline,3512641005,10000,100000,60493,58220,0.051025391,direct,0,0,0,0,0,15,0,15,4,0,1
48,diagnostic,timeline,3512641005,10000,100000,62178,59625,0.059570312,direct,0,0,0,0,0,18,1,18,3,0,1
48,diagnostic,timeline,3512641005,10000,100000,65668,62435,0.038818359,direct,0,0,0,0,0,17,0,17,3,0,1
48,diagnostic,timeline,3512641005,10000,100000,76209,70842,0.043701172,direct,0,0,0,0,0,18,1,18,6,0,1
48,diagnostic,timeline,3512641005,10000,100000,77098,71525,0.03515625,direct,0,0,0,0,0,18,1,18,6,0,1
48,diagnostic,timeline,3512641005,10000,100000,78008,72247,0.038085938,direct,0,0,0,0,0,18,1,18,6,0,1
48,diagnostic,timeline,3512641005,10000,100000,79789,73652,0.04296875,direct,0,0,0,0,0,18,1,18,6,0,1
48,diagnostic,timeline,3512641005,10000,100000,80487,74198,103.627929688,full,74198,205262,1,14,205277,17,0,17,4,1,7
48,diagnostic,timeline,3512641005,10000,100000,92019,83444,0.036865234,direct,0,0,0,0,0,19,1,19,3,0,1
48,diagnostic,timeline,3512641005,10000,100000,95568,86251,0.036865234,direct,0,0,0,0,0,19,1,19,4,0,1
48,diagnostic,timeline,3512641005,10000,100000,99081,89060,0.038085938,direct,0,0,0,0,0,18,0,18,5,0,1
49,timed,priority,3512641005,10000,100000,7720,10743,0.231933594,unavailable,0,0,0,0,0,0,0,0,1,0,1
49,timed,priority,3512641005,10000,100000,8578,10842,0.208007812,unavailable,0,0,0,0,0,0,0,0,1,0,1
49,timed,priority,3512641005,10000,100000,8606,10844,0.202636719,unavailable,0,0,0,0,0,0,0,0,1,0,1
49,timed,priority,3512641005,10000,100000,10222,10985,0.199951172,unavailable,0,0,0,0,0,0,0,0,1,0,1
49,timed,priority,3512641005,10000,100000,11774,11125,0.217773438,unavailable,0,0,0,0,0,0,0,0,1,0,1
49,timed,priority,3512641005,10000,100000,15169,11447,0.218261719,unavailable,0,0,0,0,0,0,0,0,1,0,1
49,timed,priority,3512641005,10000,100000,35766,13423,0.215576172,unavailable,0,0,0,0,0,0,0,0,1,0,1
49,timed,priority,3512641005,10000,100000,51085,14892,0.270263672,unavailable,0,0,0,0,0,0,0,0,1,0,1
49,timed,priority,3512641005,10000,100000,64841,16199,7.233642578,unavailable,0,0,0,0,0,0,0,0,3,0,1
49,timed,priority,3512641005,10000,100000,76779,17381,0.211914062,unavailable,0,0,0,0,0,0,0,0,1,0,1
49,timed,priority,3512641005,10000,100000,81071,17875,0.228271484,unavailable,0,0,0,0,0,0,0,0,1,0,1
49,timed,priority,3512641005,10000,100000,82099,18011,0.202880859,unavailable,0,0,0,0,0,0,0,0,1,0,1
49,timed,priority,3512641005,10000,100000,82562,18052,0.203857422,unavailable,0,0,0,0,0,0,0,0,1,0,1
49,timed,priority,3512641005,10000,100000,85406,18368,0.216064453,unavailable,0,0,0,0,0,0,0,0,1,0,1
49,timed,priority,3512641005,10000,100000,85757,18408,0.390625,unavailable,0,0,0,0,0,0,0,0,1,0,1
49,timed,priority,3512641005,10000,100000,88543,18626,0.221435547,unavailable,0,0,0,0,0,0,0,0,1,0,1
49,timed,priority,3512641005,10000,100000,89083,18689,0.218505859,unavailable,0,0,0,0,0,0,0,0,1,0,1
49,timed,priority,3512641005,10000,100000,89718,18733,0.213867188,unavailable,0,0,0,0,0,0,0,0,1,0,1
49,timed,priority,3512641005,10000,100000,91296,18887,0.247802734,unavailable,0,0,0,0,0,0,0,0,1,0,1
49,timed,priority,3512641005,10000,100000,92309,18990,0.202392578,unavailable,0,0,0,0,0,0,0,0,1,0,1
49,timed,priority,3512641005,10000,100000,92432,19005,0.220703125,unavailable,0,0,0,0,0,0,0,0,1,0,1
49,timed,priority,3512641005,10000,100000,92943,19092,0.414306641,unavailable,0,0,0,0,0,0,0,0,1,0,1
49,timed,priority,3512641005,10000,100000,96508,19480,0.401123047,unavailable,0,0,0,0,0,0,0,0,1,0,1
49,timed,priority,3512641005,10000,100000,98115,19687,0.199707031,unavailable,0,0,0,0,0,0,0,0,1,0,1
49,timed,priority,3512641005,10000,100000,99381,19817,0.239990234,unavailable,0,0,0,0,0,0,0,0,1,0,1
49,diagnostic,priority,3512641005,10000,100000,7720,10743,0.220214844,large,512,1016,1,6,1023,14,1,14,1,0,3
49,diagnostic,priority,3512641005,10000,100000,8578,10842,0.33203125,large,512,1016,1,6,1023,14,1,14,1,0,3
49,diagnostic,priority,3512641005,10000,100000,8606,10844,0.220458984,large,512,1016,1,6,1023,15,1,15,1,0,3
49,diagnostic,priority,3512641005,10000,100000,10222,10985,0.21484375,large,512,1016,1,6,1023,13,1,13,1,0,3
49,diagnostic,priority,3512641005,10000,100000,11774,11125,0.229736328,large,512,1016,1,6,1023,14,1,14,1,0,3
49,diagnostic,priority,3512641005,10000,100000,15169,11447,0.226318359,large,512,1016,1,6,1023,14,1,14,1,0,3
49,diagnostic,priority,3512641005,10000,100000,35766,13423,0.24609375,large,512,1016,1,6,1023,14,1,14,1,0,3
49,diagnostic,priority,3512641005,10000,100000,51085,14892,0.320800781,large,512,1016,1,6,1023,15,1,15,1,0,3
49,diagnostic,priority,3512641005,10000,100000,64841,16199,8.708007812,full,16199,32575,1,11,32587,14,1,14,3,1,7
49,diagnostic,priority,3512641005,10000,100000,76779,17381,0.216308594,large,512,1016,1,6,1023,15,1,15,1,0,3
49,diagnostic,priority,3512641005,10000,100000,81071,17875,0.249511719,large,512,1016,1,6,1023,14,1,14,1,0,3
49,diagnostic,priority,3512641005,10000,100000,82099,18011,0.216064453,large,512,1016,1,6,1023,15,1,15,1,0,3
49,diagnostic,priority,3512641005,10000,100000,82562,18052,0.225585938,large,512,1016,1,6,1023,14,1,14,1,0,3
49,diagnostic,priority,3512641005,10000,100000,85757,18408,0.431884766,large,1024,2040,1,7,2048,14,1,14,1,0,3
49,diagnostic,priority,3512641005,10000,100000,88543,18626,0.229980469,large,512,1016,1,6,1023,15,1,15,1,0,3
49,diagnostic,priority,3512641005,10000,100000,89083,18689,0.2421875,large,512,1016,1,6,1023,15,1,15,1,0,3
49,diagnostic,priority,3512641005,10000,100000,89718,18733,0.244384766,large,512,1016,1,6,1023,14,1,14,1,0,3
49,diagnostic,priority,3512641005,10000,100000,91296,18887,0.267333984,large,512,1016,1,6,1023,16,1,16,1,0,3
49,diagnostic,priority,3512641005,10000,100000,92309,18990,0.223632812,large,512,1016,1,6,1023,16,1,16,1,0,3
49,diagnostic,priority,3512641005,10000,100000,92432,19005,0.220214844,large,512,1016,1,6,1023,15,1,15,1,0,3
49,diagnostic,priority,3512641005,10000,100000,92943,19092,0.433349609,large,1024,2040,1,7,2048,15,1,15,1,0,3
49,diagnostic,priority,3512641005,10000,100000,96508,19480,0.438232422,large,1024,2040,1,7,2048,15,1,15,1,0,3
49,diagnostic,priority,3512641005,10000,100000,98115,19687,0.220703125,large,512,1016,1,6,1023,15,1,15,1,0,3
49,diagnostic,priority,3512641005,10000,100000,99381,19817,0.228759766,large,512,1016,1,6,1023,15,1,15,1,0,3
49,diagnostic,priority,3512641005,10000,100000,99867,19879,0.219482422,large,512,1016,1,6,1023,15,1,15,1,0,3
50,timed,local,3512641005,10000,100000,2849,10026,0.023193359,unavailable,0,0,0,0,0,0,0,0,2,0,1
50,timed,local,3512641005,10000,100000,9239,10037,0.020751953,unavailable,0,0,0,0,0,0,0,0,1,0,1
50,timed,local,3512641005,10000,100000,11642,10021,0.018798828,unavailable,0,0,0,0,0,0,0,0,2,0,1
50,timed,local,3512641005,10000,100000,13343,10031,0.025634766,unavailable,0,0,0,0,0,0,0,0,1,0,1
50,timed,local,3512641005,10000,100000,19057,10003,0.020507812,unavailable,0,0,0,0,0,0,0,0,2,0,1
50,timed,local,3512641005,10000,100000,22817,9990,0.019287109,unavailable,0,0,0,0,0,0,0,0,2,0,1
50,timed,local,3512641005,10000,100000,39501,10028,0.022460938,unavailable,0,0,0,0,0,0,0,0,2,0,1
50,timed,local,3512641005,10000,100000,45600,10019,0.019042969,unavailable,0,0,0,0,0,0,0,0,3,0,1
50,timed,local,3512641005,10000,100000,54215,9996,0.018066406,unavailable,0,0,0,0,0,0,0,0,1,0,1
50,timed,local,3512641005,10000,100000,59227,9996,0.028320312,unavailable,0,0,0,0,0,0,0,0,3,0,1
50,timed,local,3512641005,10000,100000,60615,9990,0.016845703,unavailable,0,0,0,0,0,0,0,0,2,0,1
50,timed,local,3512641005,10000,100000,60764,9985,0.17578125,unavailable,0,0,0,0,0,0,0,0,2,0,1
50,timed,local,3512641005,10000,100000,62472,10011,0.022705078,unavailable,0,0,0,0,0,0,0,0,1,0,1
50,timed,local,3512641005,10000,100000,65107,9979,0.008544922,unavailable,0,0,0,0,0,0,0,0,1,0,1
50,timed,local,3512641005,10000,100000,67604,10021,0.01953125,unavailable,0,0,0,0,0,0,0,0,3,0,1
50,timed,local,3512641005,10000,100000,71041,10033,0.018310547,unavailable,0,0,0,0,0,0,0,0,2,0,1
50,timed,local,3512641005,10000,100000,73525,10004,0.009033203,unavailable,0,0,0,0,0,0,0,0,3,0,1
50,timed,local,3512641005,10000,100000,76012,10003,0.017578125,unavailable,0,0,0,0,0,0,0,0,2,0,1
50,timed,local,3512641005,10000,100000,84570,10002,0.018066406,unavailable,0,0,0,0,0,0,0,0,3,0,1
50,timed,local,3512641005,10000,100000,86067,10004,0.009033203,unavailable,0,0,0,0,0,0,0,0,1,0,1
50,timed,local,3512641005,10000,100000,86904,9984,0.018798828,unavailable,0,0,0,0,0,0,0,0,3,0,1
50,timed,local,3512641005,10000,100000,89301,9996,0.008544922,unavailable,0,0,0,0,0,0,0,0,1,0,1
50,timed,local,3512641005,10000,100000,95157,9971,0.0078125,unavailable,0,0,0,0,0,0,0,0,1,0,1
50,timed,local,3512641005,10000,100000,97888,9989,0.017333984,unavailable,0,0,0,0,0,0,0,0,1,0,1
50,timed,local,3512641005,10000,100000,98607,9983,0.0078125,unavailable,0,0,0,0,0,0,0,0,1,0,1
50,diagnostic,local,3512641005,10000,100000,6074,10056,0.025146484,direct,0,0,0,0,0,14,0,14,3,0,1
50,diagnostic,local,3512641005,10000,100000,14749,10043,0.020507812,direct,0,0,0,0,0,13,0,13,1,0,1
50,diagnostic,local,3512641005,10000,100000,17606,10024,0.026123047,direct,0,0,0,0,0,13,1,13,2,0,1
50,diagnostic,local,3512641005,10000,100000,18402,10012,0.017089844,direct,0,0,0,0,0,14,0,14,1,0,1
50,diagnostic,local,3512641005,10000,100000,30784,10033,0.005859375,local,16,24,1,1,26,14,2,14,1,0,2
50,diagnostic,local,3512641005,10000,100000,31141,10034,0.008056641,local,16,24,1,1,26,14,1,14,1,0,2
50,diagnostic,local,3512641005,10000,100000,36753,10021,0.020751953,direct,0,0,0,0,0,15,1,15,1,0,1
50,diagnostic,local,3512641005,10000,100000,38855,10016,0.016357422,direct,0,0,0,0,0,13,1,13,1,0,1
50,diagnostic,local,3512641005,10000,100000,39381,10022,0.014648438,direct,0,0,0,0,0,12,0,12,1,0,1
50,diagnostic,local,3512641005,10000,100000,41166,10004,0.008056641,local,16,24,1,1,26,13,0,13,1,0,3
50,diagnostic,local,3512641005,10000,100000,44800,10020,0.021240234,direct,0,0,0,0,0,14,2,14,2,0,1
50,diagnostic,local,3512641005,10000,100000,50491,10022,0.0078125,local,16,24,1,1,26,15,1,15,1,0,2
50,diagnostic,local,3512641005,10000,100000,50892,10004,0.007324219,local,16,24,1,1,26,12,2,12,1,0,2
50,diagnostic,local,3512641005,10000,100000,53158,10008,0.007080078,local,16,24,1,1,26,13,0,13,1,0,2
50,diagnostic,local,3512641005,10000,100000,53911,10004,0.007080078,local,16,24,1,1,26,13,0,13,1,0,2
50,diagnostic,local,3512641005,10000,100000,57790,9969,0.016601562,direct,0,0,0,0,0,13,0,13,1,0,1
50,diagnostic,local,3512641005,10000,100000,57942,9972,0.007080078,local,16,24,1,1,26,13,0,13,1,0,2
50,diagnostic,local,3512641005,10000,100000,63612,9988,0.008300781,local,16,24,1,1,26,13,0,13,1,0,3
50,diagnostic,local,3512641005,10000,100000,63797,9987,0.006347656,local,16,24,1,1,26,14,1,14,1,0,2
50,diagnostic,local,3512641005,10000,100000,65107,9979,0.009277344,local,16,24,1,1,26,14,1,14,1,0,3
50,diagnostic,local,3512641005,10000,100000,66118,9993,0.007568359,local,16,24,1,1,26,13,0,13,1,0,2
50,diagnostic,local,3512641005,10000,100000,66860,10003,0.025146484,local,8,8,1,0,9,14,1,14,1,0,3
50,diagnostic,local,3512641005,10000,100000,70272,10026,0.007568359,local,16,24,1,1,26,13,0,13,1,0,2
50,diagnostic,local,3512641005,10000,100000,70374,10030,0.006347656,local,16,24,1,1,26,13,1,13,1,0,2
50,diagnostic,local,3512641005,10000,100000,73700,10003,0.017578125,direct,0,0,0,0,0,14,1,14,2,0,1
50,diagnostic,local,3512641005,10000,100000,75051,10006,0.0078125,local,16,24,1,1,26,13,0,13,1,0,2
50,diagnostic,local,3512641005,10000,100000,75123,10005,0.010498047,local,16,24,1,1,26,14,1,14,1,0,3
50,diagnostic,local,3512641005,10000,100000,76834,10009,0.014892578,direct,0,0,0,0,0,15,1,15,1,0,1
50,diagnostic,local,3512641005,10000,100000,78590,10009,0.01953125,direct,0,0,0,0,0,14,0,14,2,0,1
50,diagnostic,local,3512641005,10000,100000,78778,10010,0.155029297,direct,0,0,0,0,0,12,0,12,2,0,1
50,diagnostic,local,3512641005,10000,100000,81681,9987,0.024169922,direct,0,0,0,0,0,15,0,15,1,0,1
50,diagnostic,local,3512641005,10000,100000,84335,9997,0.011962891,direct,0,0,0,0,0,13,0,13,1,0,1
50,diagnostic,local,3512641005,10000,100000,86067,10004,0.009521484,local,16,24,1,1,26,13,0,13,1,0,3
50,diagnostic,local,3512641005,10000,100000,86423,9993,0.021728516,direct,0,0,0,0,0,14,1,14,6,0,1
50,diagnostic,local,3512641005,10000,100000,89301,9996,0.006347656,local,16,24,1,1,26,12,0,12,1,0,2
50,diagnostic,local,3512641005,10000,100000,90958,9977,0.006591797,local,16,24,1,1,26,13,0,13,1,0,2
50,diagnostic,local,3512641005,10000,100000,94867,9973,0.005859375,local,16,24,1,1,26,13,2,13,1,0,2
50,diagnostic,local,3512641005,10000,100000,95157,9971,0.008300781,local,16,24,1,1,26,13,0,13,1,0,3
50,diagnostic,local,3512641005,10000,100000,98607,9983,0.008056641,local,16,24,1,1,26,14,0,14,1,0,3
50,diagnostic,local,3512641005,10000,100000,99104,9979,0.007324219,local,16,24,1,1,26,14,2,14,1,0,2
50,diagnostic,local,3512641005,10000,100000,99380,9987,0.018554688,direct,0,0,0,0,0,12,0,12,2,0,1
50,diagnostic,local,3512641005,10000,100000,99444,9995,0.006835938,local,16,24,1,1,26,12,0,12,1,0,2
51,timed,churn,3512641005,10000,100000,5598,10051,0.00390625,unavailable,0,0,0,0,0,0,0,0,2,0,1
51,timed,churn,3512641005,10000,100000,20055,9947,0.01953125,unavailable,0,0,0,0,0,0,0,0,2,0,1
51,timed,churn,3512641005,10000,100000,20338,9942,0.0078125,unavailable,0,0,0,0,0,0,0,0,1,0,1
51,timed,churn,3512641005,10000,100000,23742,9976,0.003662109,unavailable,0,0,0,0,0,0,0,0,1,0,1
51,timed,churn,3512641005,10000,100000,24949,9918,0.004394531,unavailable,0,0,0,0,0,0,0,0,1,0,1
51,timed,churn,3512641005,10000,100000,28022,9860,0.003662109,unavailable,0,0,0,0,0,0,0,0,2,0,1
51,timed,churn,3512641005,10000,100000,30067,9894,0.018066406,unavailable,0,0,0,0,0,0,0,0,1,0,1
51,timed,churn,3512641005,10000,100000,30294,9916,0.189941406,unavailable,0,0,0,0,0,0,0,0,4,0,1
51,timed,churn,3512641005,10000,100000,34946,9847,0.0078125,unavailable,0,0,0,0,0,0,0,0,2,0,1
51,timed,churn,3512641005,10000,100000,39514,9906,0.020263672,unavailable,0,0,0,0,0,0,0,0,2,0,1
51,timed,churn,3512641005,10000,100000,51443,9743,0.003662109,unavailable,0,0,0,0,0,0,0,0,1,0,1
51,timed,churn,3512641005,10000,100000,56354,9691,0.020019531,unavailable,0,0,0,0,0,0,0,0,4,0,1
51,timed,churn,3512641005,10000,100000,57790,9699,0.004150391,unavailable,0,0,0,0,0,0,0,0,1,0,1
51,timed,churn,3512641005,10000,100000,61011,9697,0.023193359,unavailable,0,0,0,0,0,0,0,0,2,0,1
51,timed,churn,3512641005,10000,100000,64092,9674,0.006103516,unavailable,0,0,0,0,0,0,0,0,1,0,1
51,timed,churn,3512641005,10000,100000,68400,9632,0.00390625,unavailable,0,0,0,0,0,0,0,0,3,0,1
51,timed,churn,3512641005,10000,100000,69524,9572,0.004150391,unavailable,0,0,0,0,0,0,0,0,1,0,1
51,timed,churn,3512641005,10000,100000,72866,9607,0.017822266,unavailable,0,0,0,0,0,0,0,0,2,0,1
51,timed,churn,3512641005,10000,100000,79678,9717,0.004150391,unavailable,0,0,0,0,0,0,0,0,5,0,1
51,timed,churn,3512641005,10000,100000,81507,9712,0.00390625,unavailable,0,0,0,0,0,0,0,0,2,0,1
51,timed,churn,3512641005,10000,100000,84427,9691,0.017333984,unavailable,0,0,0,0,0,0,0,0,1,0,1
51,timed,churn,3512641005,10000,100000,92726,9764,0.015380859,unavailable,0,0,0,0,0,0,0,0,2,0,1
51,timed,churn,3512641005,10000,100000,92946,9744,0.143066406,unavailable,0,0,0,0,0,0,0,0,2,0,1
51,timed,churn,3512641005,10000,100000,94668,9776,0.003417969,unavailable,0,0,0,0,0,0,0,0,4,0,1
51,timed,churn,3512641005,10000,100000,95625,9785,0.00390625,unavailable,0,0,0,0,0,0,0,0,2,0,1
51,diagnostic,churn,3512641005,10000,100000,2267,10031,0.006103516,direct,0,0,0,0,0,13,2,13,2,0,1
51,diagnostic,churn,3512641005,10000,100000,6585,10020,0.00390625,direct,0,0,0,0,0,14,0,14,1,0,1
51,diagnostic,churn,3512641005,10000,100000,9178,9958,0.00390625,direct,0,0,0,0,0,14,0,14,3,0,1
51,diagnostic,churn,3512641005,10000,100000,16443,9948,0.022460938,direct,0,0,0,0,0,13,0,13,1,0,1
51,diagnostic,churn,3512641005,10000,100000,18421,9930,0.004882812,direct,0,0,0,0,0,13,1,13,1,0,1
51,diagnostic,churn,3512641005,10000,100000,20338,9942,0.004150391,local,8,8,1,0,9,13,0,13,1,0,3
51,diagnostic,churn,3512641005,10000,100000,21295,9971,0.00390625,direct,0,0,0,0,0,15,2,15,2,0,1
51,diagnostic,churn,3512641005,10000,100000,30638,9886,0.00390625,direct,0,0,0,0,0,13,1,13,1,0,1
51,diagnostic,churn,3512641005,10000,100000,36224,9876,0.004394531,direct,0,0,0,0,0,13,0,13,1,0,1
51,diagnostic,churn,3512641005,10000,100000,38724,9878,0.00390625,local,8,8,1,0,9,14,2,14,1,0,3
51,diagnostic,churn,3512641005,10000,100000,43125,9872,0.003662109,local,8,8,1,0,9,14,0,14,1,0,2
51,diagnostic,churn,3512641005,10000,100000,45327,9819,0.003417969,local,8,8,1,0,9,15,1,15,1,0,2
51,diagnostic,churn,3512641005,10000,100000,51443,9743,0.004882812,local,8,8,1,0,9,13,0,13,1,0,3
51,diagnostic,churn,3512641005,10000,100000,60747,9690,0.003417969,local,8,8,1,0,9,13,0,13,1,0,2
51,diagnostic,churn,3512641005,10000,100000,64588,9671,0.00390625,direct,0,0,0,0,0,14,0,14,1,0,1
51,diagnostic,churn,3512641005,10000,100000,66723,9647,0.00390625,direct,0,0,0,0,0,13,0,13,4,0,1
51,diagnostic,churn,3512641005,10000,100000,69960,9572,0.003662109,local,8,8,1,0,9,12,0,12,1,0,3
51,diagnostic,churn,3512641005,10000,100000,70446,9603,0.003662109,local,8,8,1,0,9,13,1,13,1,0,3
51,diagnostic,churn,3512641005,10000,100000,71157,9603,0.003662109,local,8,8,1,0,9,13,0,13,1,0,3
51,diagnostic,churn,3512641005,10000,100000,71475,9604,0.003662109,local,8,8,1,0,9,13,1,13,1,0,3
51,diagnostic,churn,3512641005,10000,100000,71491,9600,0.00390625,local,8,8,1,0,9,13,0,13,1,0,3
51,diagnostic,churn,3512641005,10000,100000,72355,9598,0.004394531,direct,0,0,0,0,0,14,0,14,5,0,1
51,diagnostic,churn,3512641005,10000,100000,72372,9599,0.004150391,local,8,8,1,0,9,13,0,13,1,0,3
51,diagnostic,churn,3512641005,10000,100000,77386,9680,0.003417969,local,8,8,1,0,9,15,1,15,1,0,2
51,diagnostic,churn,3512641005,10000,100000,78744,9699,0.003662109,direct,0,0,0,0,0,13,2,13,2,0,1
51,diagnostic,churn,3512641005,10000,100000,79844,9731,0.003417969,local,8,8,1,0,9,14,2,14,1,0,2
51,diagnostic,churn,3512641005,10000,100000,82490,9726,0.004150391,direct,0,0,0,0,0,14,2,14,3,0,1
51,diagnostic,churn,3512641005,10000,100000,82681,9711,0.003173828,local,8,8,1,0,9,13,0,13,1,0,2
51,diagnostic,churn,3512641005,10000,100000,85342,9715,0.003417969,local,8,8,1,0,9,14,1,14,1,0,2
51,diagnostic,churn,3512641005,10000,100000,85741,9747,0.003173828,local,8,8,1,0,9,14,0,14,1,0,2
51,diagnostic,churn,3512641005,10000,100000,89482,9769,0.004394531,local,8,8,1,0,9,13,2,13,1,0,3
51,diagnostic,churn,3512641005,10000,100000,90428,9772,0.003173828,local,8,8,1,0,9,15,2,15,1,0,2
51,diagnostic,churn,3512641005,10000,100000,90723,9777,0.003173828,local,8,8,1,0,9,14,0,14,1,0,2
51,diagnostic,churn,3512641005,10000,100000,90986,9786,0.003417969,local,8,8,1,0,9,13,0,13,1,0,2
51,diagnostic,churn,3512641005,10000,100000,95933,9784,0.003173828,local,8,8,1,0,9,15,1,15,1,0,2
51,diagnostic,churn,3512641005,10000,100000,96617,9776,0.003662109,local,8,8,1,0,9,13,2,13,1,0,3
51,diagnostic,churn,3512641005,10000,100000,98025,9776,0.003173828,local,8,8,1,0,9,14,1,14,1,0,2
51,diagnostic,churn,3512641005,10000,100000,98143,9783,0.00390625,direct,0,0,0,0,0,14,1,14,2,0,1
51,diagnostic,churn,3512641005,10000,100000,99823,9846,0.003417969,local,8,8,1,0,9,15,1,15,1,0,2
52,timed,churn,3512641005,50000,500000,21808,49987,0.177734375,unavailable,0,0,0,0,0,0,0,0,3,0,1
52,timed,churn,3512641005,50000,500000,74092,49622,0.170166016,unavailable,0,0,0,0,0,0,0,0,1,0,1
52,timed,churn,3512641005,50000,500000,110935,49883,0.158691406,unavailable,0,0,0,0,0,0,0,0,3,0,1
52,timed,churn,3512641005,50000,500000,158864,49930,0.188476562,unavailable,0,0,0,0,0,0,0,0,1,0,1
52,timed,churn,3512641005,50000,500000,167881,49949,0.042236328,unavailable,0,0,0,0,0,0,0,0,2,0,1
52,timed,churn,3512641005,50000,500000,183849,50111,0.153808594,unavailable,0,0,0,0,0,0,0,0,2,0,1
52,timed,churn,3512641005,50000,500000,227911,49978,0.153808594,unavailable,0,0,0,0,0,0,0,0,1,0,1
52,timed,churn,3512641005,50000,500000,229348,49981,0.030517578,unavailable,0,0,0,0,0,0,0,0,4,0,1
52,timed,churn,3512641005,50000,500000,267266,49891,0.159179688,unavailable,0,0,0,0,0,0,0,0,3,0,1
52,timed,churn,3512641005,50000,500000,291673,49833,0.03125,unavailable,0,0,0,0,0,0,0,0,1,0,1
52,timed,churn,3512641005,50000,500000,293518,49877,0.119140625,unavailable,0,0,0,0,0,0,0,0,2,0,1
52,timed,churn,3512641005,50000,500000,309002,49913,0.153320312,unavailable,0,0,0,0,0,0,0,0,2,0,1
52,timed,churn,3512641005,50000,500000,310266,49918,0.040771484,unavailable,0,0,0,0,0,0,0,0,3,0,1
52,timed,churn,3512641005,50000,500000,350310,49806,0.168701172,unavailable,0,0,0,0,0,0,0,0,3,0,1
52,timed,churn,3512641005,50000,500000,411273,49716,0.030029297,unavailable,0,0,0,0,0,0,0,0,2,0,1
52,timed,churn,3512641005,50000,500000,415111,49765,0.039306641,unavailable,0,0,0,0,0,0,0,0,1,0,1
52,timed,churn,3512641005,50000,500000,418102,49862,0.185791016,unavailable,0,0,0,0,0,0,0,0,4,0,1
52,timed,churn,3512641005,50000,500000,418882,49853,0.029785156,unavailable,0,0,0,0,0,0,0,0,2,0,1
52,timed,churn,3512641005,50000,500000,439499,49840,0.158691406,unavailable,0,0,0,0,0,0,0,0,4,0,1
52,timed,churn,3512641005,50000,500000,449125,49736,0.032470703,unavailable,0,0,0,0,0,0,0,0,1,0,1
52,timed,churn,3512641005,50000,500000,453444,49701,0.042236328,unavailable,0,0,0,0,0,0,0,0,1,0,1
52,timed,churn,3512641005,50000,500000,453649,49727,0.042480469,unavailable,0,0,0,0,0,0,0,0,6,0,1
52,timed,churn,3512641005,50000,500000,455974,49797,0.035400391,unavailable,0,0,0,0,0,0,0,0,2,0,1
52,timed,churn,3512641005,50000,500000,476403,49595,0.029541016,unavailable,0,0,0,0,0,0,0,0,2,0,1
52,timed,churn,3512641005,50000,500000,476523,49591,0.1640625,unavailable,0,0,0,0,0,0,0,0,1,0,1
52,diagnostic,churn,3512641005,50000,500000,1176,50022,0.031982422,direct,0,0,0,0,0,15,2,15,2,0,1
52,diagnostic,churn,3512641005,50000,500000,8686,49972,0.031005859,direct,0,0,0,0,0,16,2,16,2,0,1
52,diagnostic,churn,3512641005,50000,500000,11258,50014,0.161376953,direct,0,0,0,0,0,16,0,16,2,0,1
52,diagnostic,churn,3512641005,50000,500000,20748,49961,0.033447266,direct,0,0,0,0,0,17,1,17,2,0,1
52,diagnostic,churn,3512641005,50000,500000,24840,49927,0.042236328,direct,0,0,0,0,0,15,0,15,2,0,1
52,diagnostic,churn,3512641005,50000,500000,32346,49801,0.184082031,direct,0,0,0,0,0,16,0,16,2,0,1
52,diagnostic,churn,3512641005,50000,500000,53758,49689,0.164550781,direct,0,0,0,0,0,16,2,16,3,0,1
52,diagnostic,churn,3512641005,50000,500000,112288,49880,0.032226562,direct,0,0,0,0,0,17,1,17,3,0,1
52,diagnostic,churn,3512641005,50000,500000,113121,49872,0.21484375,direct,0,0,0,0,0,16,0,16,1,0,1
52,diagnostic,churn,3512641005,50000,500000,113537,49866,0.034667969,direct,0,0,0,0,0,14,0,14,2,0,1
52,diagnostic,churn,3512641005,50000,500000,123059,49779,0.006835938,local,8,8,1,0,9,15,0,15,2,0,2
52,diagnostic,churn,3512641005,50000,500000,137738,49968,0.152832031,direct,0,0,0,0,0,17,1,17,3,0,1
52,diagnostic,churn,3512641005,50000,500000,146490,50051,0.007080078,local,8,8,1,0,9,16,1,16,2,0,2
52,diagnostic,churn,3512641005,50000,500000,146873,50049,0.040771484,direct,0,0,0,0,0,17,1,17,3,0,1
52,diagnostic,churn,3512641005,50000,500000,150964,50030,0.008544922,local,8,8,1,0,9,16,1,16,2,0,2
52,diagnostic,churn,3512641005,50000,500000,154620,50014,0.018798828,local,8,8,1,0,9,16,1,16,2,0,2
52,diagnostic,churn,3512641005,50000,500000,187621,50177,0.165771484,direct,0,0,0,0,0,16,0,16,2,0,1
52,diagnostic,churn,3512641005,50000,500000,196615,50163,0.026611328,local,8,8,1,0,9,15,0,15,1,0,2
52,diagnostic,churn,3512641005,50000,500000,208916,50083,0.010986328,local,16,24,1,1,26,17,2,17,2,0,2
52,diagnostic,churn,3512641005,50000,500000,219617,50057,0.158935547,direct,0,0,0,0,0,16,2,16,4,0,1
52,diagnostic,churn,3512641005,50000,500000,234211,49999,0.030761719,direct,0,0,0,0,0,16,1,16,4,0,1
52,diagnostic,churn,3512641005,50000,500000,235542,49983,0.034423828,direct,0,0,0,0,0,15,0,15,3,0,1
52,diagnostic,churn,3512641005,50000,500000,241723,50006,0.008789062,local,16,24,1,1,26,16,0,16,1,0,2
52,diagnostic,churn,3512641005,50000,500000,242167,49969,0.030029297,direct,0,0,0,0,0,17,2,17,3,0,1
52,diagnostic,churn,3512641005,50000,500000,250015,49855,0.009033203,local,8,8,1,0,9,15,0,15,2,0,2
52,diagnostic,churn,3512641005,50000,500000,289465,49823,0.077880859,direct,0,0,0,0,0,14,1,14,2,0,1
52,diagnostic,churn,3512641005,50000,500000,305612,49901,0.168701172,direct,0,0,0,0,0,15,0,15,1,0,1
52,diagnostic,churn,3512641005,50000,500000,310829,49909,0.010498047,local,16,24,1,1,26,16,0,16,2,0,2
52,diagnostic,churn,3512641005,50000,500000,326948,50012,0.167724609,direct,0,0,0,0,0,16,1,16,4,0,1
52,diagnostic,churn,3512641005,50000,500000,341379,49949,0.011230469,local,16,24,1,1,26,18,1,18,2,0,2
52,diagnostic,churn,3512641005,50000,500000,350157,49803,0.0078125,local,8,8,1,0,9,16,1,16,2,0,2
52,diagnostic,churn,3512641005,50000,500000,356334,49751,0.008789062,local,16,24,1,1,26,14,0,14,1,0,2
52,diagnostic,churn,3512641005,50000,500000,358062,49746,0.029541016,direct,0,0,0,0,0,15,0,15,2,0,1
52,diagnostic,churn,3512641005,50000,500000,360026,49704,0.008056641,local,8,8,1,0,9,16,2,16,2,0,2
52,diagnostic,churn,3512641005,50000,500000,374322,49675,0.008544922,local,8,8,1,0,9,15,1,15,2,0,2
52,diagnostic,churn,3512641005,50000,500000,374638,49669,0.029296875,direct,0,0,0,0,0,16,2,16,1,0,1
52,diagnostic,churn,3512641005,50000,500000,375269,49684,0.007080078,local,8,8,1,0,9,15,1,15,2,0,2
52,diagnostic,churn,3512641005,50000,500000,379913,49712,0.154541016,direct,0,0,0,0,0,17,2,17,2,0,1
52,diagnostic,churn,3512641005,50000,500000,382947,49753,0.007324219,local,8,8,1,0,9,16,1,16,1,0,2
52,diagnostic,churn,3512641005,50000,500000,393913,49779,0.008544922,local,8,8,1,0,9,15,0,15,2,0,2
52,diagnostic,churn,3512641005,50000,500000,397446,49790,0.15625,direct,0,0,0,0,0,15,2,15,5,0,1
52,diagnostic,churn,3512641005,50000,500000,405397,49713,0.010253906,local,16,24,1,1,26,16,2,16,2,0,2
52,diagnostic,churn,3512641005,50000,500000,421240,49848,0.006835938,local,8,8,1,0,9,16,2,16,2,0,2
52,diagnostic,churn,3512641005,50000,500000,425748,49799,0.154541016,direct,0,0,0,0,0,14,0,14,6,0,1
52,diagnostic,churn,3512641005,50000,500000,428110,49764,0.01171875,local,16,24,1,1,26,16,0,16,2,0,2
52,diagnostic,churn,3512641005,50000,500000,449125,49736,0.007568359,local,16,24,1,1,26,16,0,16,1,0,2
52,diagnostic,churn,3512641005,50000,500000,450669,49713,0.006835938,local,8,8,1,0,9,16,0,16,2,0,2
52,diagnostic,churn,3512641005,50000,500000,452154,49669,0.020751953,local,8,8,1,0,9,15,0,15,2,0,2
52,diagnostic,churn,3512641005,50000,500000,481502,49535,0.013671875,local,16,24,1,1,26,15,0,15,1,0,2
52,diagnostic,churn,3512641005,50000,500000,497883,49542,0.011230469,local,16,24,1,1,26,17,2,17,2,0,2
