run,build,workload,seed,initial,operations,operation,resident,depth_mean,depth_p95,depth_p99,depth_max,display_mean,display_max,lk1_mean,lk1_max,resident_path_bytes,lk1_payload_bytes,path_digest,alloc_calls,requested_bytes,live_bytes,peak_live_bytes,path_object_bytes,path_step_bytes,tree_node_bytes
1,timed,timeline,17,1000,10000,0,1000,0.999,1,1,1,3.999,4,13.992,14,47984,13992,c37bd93d2bb7b1c8,,,,,,,
1,timed,timeline,17,1000,10000,1000,1834,1.03108,1,2,3,4.125954,12,14.248637,30,88496,26132,c559b1f1244d0af3,,,,,,,
1,timed,timeline,17,1000,10000,2000,2590,1.031274,1,2,3,4.126255,12,14.250193,30,124992,36908,e6ccf27c591929f8,,,,,,,
1,timed,timeline,17,1000,10000,3000,3378,1.028715,1,2,3,4.115749,12,14.229722,30,162944,48068,1f2004cbdcf00851,,,,,,,
1,timed,timeline,17,1000,10000,4000,4168,1.028311,1,2,3,4.113964,12,14.226488,30,201040,59296,68ef2dee4d7181a8,,,,,,,
1,timed,timeline,17,1000,10000,5000,4980,1.109639,2,2,3,4.439157,12,14.877108,30,243448,74088,3249be79bccfd376,,,,,,,
1,timed,timeline,17,1000,10000,6000,5794,1.243355,2,2,3,4.973939,12,15.946842,30,289432,92396,481791192d839d4b,,,,,,,
1,timed,timeline,17,1000,10000,7000,6604,1.34252,2,2,3,5.370533,12,16.740157,30,335136,110552,2d3439d5240db962,,,,,,,
1,timed,timeline,17,1000,10000,8000,7422,1.417542,2,2,3,5.670574,12,17.34034,30,381112,128700,d7eb7e5aee3ccad6,,,,,,,
1,timed,timeline,17,1000,10000,9000,8224,1.477505,2,2,3,5.910384,12,17.820039,30,426264,146552,7f5bb789a01bade1,,,,,,,
1,timed,timeline,17,1000,10000,10000,9020,1.605211,3,3,3,6.421175,12,18.841685,30,482384,169952,42e6346969b50cf0,,,,,,,
1,diagnostic,timeline,17,1000,10000,0,1000,0.999,1,1,1,3.999,4,13.992,14,47984,13992,c37bd93d2bb7b1c8,3001,96040,96040,96040,32000,15984,48000
1,diagnostic,timeline,17,1000,10000,1000,1834,1.03108,1,2,3,4.125954,12,14.248637,30,88496,26132,c559b1f1244d0af3,5752,185464,176584,176584,58688,29808,88032
1,diagnostic,timeline,17,1000,10000,2000,2590,1.031274,1,2,3,4.126255,12,14.250193,30,124992,36908,e6ccf27c591929f8,8386,270424,249368,249368,82880,42112,124320
1,diagnostic,timeline,17,1000,10000,3000,3378,1.028715,1,2,3,4.115749,12,14.229722,30,162944,48068,1f2004cbdcf00851,11068,356728,325144,325144,108096,54848,162144
1,diagnostic,timeline,17,1000,10000,4000,4168,1.028311,1,2,3,4.113964,12,14.226488,30,201040,59296,68ef2dee4d7181a8,13753,443200,401160,401160,133376,67664,200064
1,diagnostic,timeline,17,1000,10000,5000,4980,1.109639,2,2,3,4.439157,12,14.877108,30,243448,74088,3249be79bccfd376,16471,540520,482544,482544,159360,84088,239040
1,diagnostic,timeline,17,1000,10000,6000,5794,1.243355,2,2,3,4.973939,12,15.946842,30,289432,92396,481791192d839d4b,19192,648664,567600,567600,185408,104024,278112
1,diagnostic,timeline,17,1000,10000,7000,6604,1.34252,2,2,3,5.370533,12,16.740157,30,335136,110552,2d3439d5240db962,21907,756688,652184,652184,211328,123808,316992
1,diagnostic,timeline,17,1000,10000,8000,7422,1.417542,2,2,3,5.670574,12,17.34034,30,381112,128700,d7eb7e5aee3ccad6,24634,864976,737424,737424,237504,143608,356256
1,diagnostic,timeline,17,1000,10000,9000,8224,1.477505,2,2,3,5.910384,12,17.820039,30,426264,146552,7f5bb789a01bade1,27337,972640,821072,821072,263168,163096,394752
1,diagnostic,timeline,17,1000,10000,10000,9020,1.605211,3,3,3,6.421175,12,18.841685,30,482384,169952,42e6346969b50cf0,30031,1108264,915400,915400,288640,193744,432960
2,timed,timeline,305419896,1000,10000,0,1000,0.999,1,1,1,3.999,4,13.992,14,47984,13992,c37bd93d2bb7b1c8,,,,,,,
2,timed,timeline,305419896,1000,10000,1000,1826,1.026835,1,2,4,4.108981,16,14.214677,38,88064,25956,6ecf0ac742435af5,,,,,,,
2,timed,timeline,305419896,1000,10000,2000,2612,1.027182,1,2,4,4.109877,16,14.217458,38,125976,37136,12220c0f63845814,,,,,,,
2,timed,timeline,305419896,1000,10000,3000,3418,1.027501,1,2,4,4.110884,16,14.220012,38,164848,48604,042e02542b21210c,,,,,,,
2,timed,timeline,305419896,1000,10000,4000,4234,1.026453,1,2,4,4.106519,16,14.21162,38,204168,60172,b52fb5c224fcebcc,,,,,,,
2,timed,timeline,305419896,1000,10000,5000,5030,1.111928,2,2,4,4.44831,16,14.895427,38,245992,74924,0ad13ea0b91622d7,,,,,,,
2,timed,timeline,305419896,1000,10000,6000,5810,1.241824,2,2,4,4.967814,16,15.934596,38,290176,92580,62d920a91ad50eb0,,,,,,,
2,timed,timeline,305419896,1000,10000,7000,6608,1.341102,2,2,4,5.364861,16,16.728814,38,335288,110544,abef37ddb71eb2c5,,,,,,,
2,timed,timeline,305419896,1000,10000,8000,7414,1.418263,2,2,4,5.673456,16,17.346102,38,380760,128604,48c96e5e1567c989,,,,,,,
2,timed,timeline,305419896,1000,10000,9000,8192,1.479736,2,2,4,5.919312,16,17.837891,38,424744,146128,e7de749db7090ee5,,,,,,,
2,timed,timeline,305419896,1000,10000,10000,8994,1.602513,3,3,4,6.410385,16,18.820102,38,480360,169268,f0335bb62b0ee0bf,,,,,,,
2,diagnostic,timeline,305419896,1000,10000,0,1000,0.999,1,1,1,3.999,4,13.992,14,47984,13992,c37bd93d2bb7b1c8,3001,96040,96040,96040,32000,15984,48000
2,diagnostic,timeline,305419896,1000,10000,1000,1826,1.026835,1,2,4,4.108981,16,14.214677,38,88064,25956,6ecf0ac742435af5,5740,184920,175768,175768,58432,29632,87648
2,diagnostic,timeline,305419896,1000,10000,2000,2612,1.027182,1,2,4,4.109877,16,14.217458,38,125976,37136,12220c0f63845814,8419,271320,251408,251504,83584,42392,125376
2,diagnostic,timeline,305419896,1000,10000,3000,3418,1.027501,1,2,4,4.110884,16,14.220012,38,164848,48604,042e02542b21210c,11128,358560,328968,328968,109376,55472,164064
2,diagnostic,timeline,305419896,1000,10000,4000,4234,1.026453,1,2,4,4.106519,16,14.21162,38,204168,60172,b52fb5c224fcebcc,13852,446208,407456,407456,135488,68680,203232
2,diagnostic,timeline,305419896,1000,10000,5000,5030,1.111928,2,2,4,4.44831,16,14.895427,38,245992,74924,0ad13ea0b91622d7,16546,543312,487488,487488,160960,85032,241440
2,diagnostic,timeline,305419896,1000,10000,6000,5810,1.241824,2,2,4,4.967814,16,15.934596,38,290176,92580,62d920a91ad50eb0,19216,649560,569112,569112,185920,104256,278880
2,diagnostic,timeline,305419896,1000,10000,7000,6608,1.341102,2,2,4,5.364861,16,16.728814,38,335288,110544,abef37ddb71eb2c5,21913,756816,652528,652624,211456,123832,317184
2,diagnostic,timeline,305419896,1000,10000,8000,7414,1.418263,2,2,4,5.673456,16,17.346102,38,380760,128604,48c96e5e1567c989,24622,864696,736688,736688,237248,143512,355872
2,diagnostic,timeline,305419896,1000,10000,9000,8192,1.479736,2,2,4,5.919312,16,17.837891,38,424744,146128,e7de749db7090ee5,27289,971088,818016,818016,262144,162600,393216
2,diagnostic,timeline,305419896,1000,10000,10000,8994,1.602513,3,3,4,6.410385,16,18.820102,38,480360,169268,f0335bb62b0ee0bf,29992,1104912,912128,912232,287808,192552,431712
3,timed,priority,17,1000,10000,0,1000,2.204,3,3,3,8.819,12,23.632,30,59480,23632,ab8d5cbf1ebe5814,,,,,,,
3,timed,priority,17,1000,10000,1000,1105,2.030769,3,4,5,8.123077,20,22.246154,46,63256,24582,ad010b9a3d9da6de,,,,,,,
3,timed,priority,17,1000,10000,2000,1219,1.772765,3,4,5,7.091058,20,20.182116,46,67536,24602,b0a35204719e4669,,,,,,,
3,timed,priority,17,1000,10000,3000,1309,1.747899,4,5,6,6.991597,24,19.983193,54,73512,26158,434e7ed28817e084,,,,,,,
3,timed,priority,17,1000,10000,4000,1402,1.797432,4,5,6,7.189729,24,20.379458,54,80128,28572,a5fe5c5e4d557bdb,,,,,,,
3,timed,priority,17,1000,10000,5000,1485,1.810774,4,6,6,7.243098,24,20.486195,54,85744,30422,958828c30380a4fb,,,,,,,
3,timed,priority,17,1000,10000,6000,1616,1.607673,4,5,6,6.430693,24,18.861386,54,89512,30480,4903692d6677b60f,,,,,,,
3,timed,priority,17,1000,10000,7000,1687,1.540012,4,5,6,6.160047,24,18.320095,54,91784,30906,52ae934b9d837a07,,,,,,,
3,timed,priority,17,1000,10000,8000,1762,1.560726,4,6,6,6.242906,24,18.485812,54,96784,32572,e5d25f9b067e961e,,,,,,,
3,timed,priority,17,1000,10000,9000,1902,1.626183,4,5,6,6.504732,24,19.009464,54,106320,36156,d4ebbc56b542a496,,,,,,,
3,timed,priority,17,1000,10000,10000,1983,1.658598,4,5,6,6.634392,24,19.268785,54,111384,38210,7d51d3853fa4b26e,,,,,,,
3,diagnostic,priority,17,1000,10000,0,1000,2.204,3,3,3,8.819,12,23.632,30,59480,23632,ab8d5cbf1ebe5814,8252,432104,107536,170600,32000,27480,48000
3,diagnostic,priority,17,1000,10000,1000,1105,2.030769,3,4,5,8.123077,20,22.246154,46,63256,24582,ad010b9a3d9da6de,10568,525488,116352,170600,35360,27896,53040
3,diagnostic,priority,17,1000,10000,2000,1219,1.772765,3,4,5,7.091058,20,20.182116,46,67536,24602,b0a35204719e4669,15126,754376,126104,170600,39008,28528,58512
3,diagnostic,priority,17,1000,10000,3000,1309,1.747899,4,5,6,6.991597,24,19.983193,54,73512,26158,434e7ed28817e084,18916,937776,136400,170600,41888,31624,62832
3,diagnostic,priority,17,1000,10000,4000,1402,1.797432,4,5,6,7.189729,24,20.379458,54,80128,28572,a5fe5c5e4d557bdb,21800,1066120,147480,170600,44864,35264,67296
3,diagnostic,priority,17,1000,10000,5000,1485,1.810774,4,6,6,7.243098,24,20.486195,54,85744,30422,958828c30380a4fb,24877,1207776,157080,170600,47520,38224,71280
3,diagnostic,priority,17,1000,10000,6000,1616,1.607673,4,5,6,6.430693,24,18.861386,54,89512,30480,4903692d6677b60f,28930,1392592,167136,170640,51712,37800,77568
3,diagnostic,priority,17,1000,10000,7000,1687,1.540012,4,5,6,6.160047,24,18.320095,54,91784,30906,52ae934b9d837a07,33559,1625688,172816,196008,53984,37800,80976
3,diagnostic,priority,17,1000,10000,8000,1762,1.560726,4,6,6,6.242906,24,18.485812,54,96784,32572,e5d25f9b067e961e,36028,1723072,181416,196008,56384,40400,84576
3,diagnostic,priority,17,1000,10000,9000,1902,1.626183,4,5,6,6.504732,24,19.009464,54,106320,36156,d4ebbc56b542a496,38912,1851560,197672,197784,60864,45456,91296
3,diagnostic,priority,17,1000,10000,10000,1983,1.658598,4,5,6,6.634392,24,19.268785,54,111384,38210,7d51d3853fa4b26e,41510,1957256,206624,207464,63456,47928,95184
4,timed,priority,305419896,1000,10000,0,1000,1.663,4,5,6,6.655,24,19.304,54,55768,19304,c3ed64839e306a4a,,,,,,,
4,timed,priority,305419896,1000,10000,1000,1099,1.645132,4,5,6,6.583258,24,19.161056,54,61384,21058,8e76190184c9c794,,,,,,,
4,timed,priority,305419896,1000,10000,2000,1165,1.491845,4,5,6,5.969957,24,17.934764,54,62432,20894,ee5286a6d1165f6b,,,,,,,
4,timed,priority,305419896,1000,10000,3000,1301,1.433513,3,5,6,5.736357,24,17.468101,54,69008,22726,358513ceeae0702c,,,,,,,
4,timed,priority,305419896,1000,10000,4000,1388,1.5,4,5,6,6.002161,24,18.0,54,75160,24984,0a209b0a3ccf5a72,,,,,,,
4,timed,priority,305419896,1000,10000,5000,1511,1.584381,4,5,6,6.337525,24,18.67505,54,83400,28218,0ecf9765844ddd05,,,,,,,
4,timed,priority,305419896,1000,10000,6000,1627,1.580209,4,5,6,6.320836,24,18.641672,54,89648,30330,303c5a9b151f35a7,,,,,,,
4,timed,priority,305419896,1000,10000,7000,1747,1.597596,4,5,6,6.390384,24,18.780767,54,96712,32810,d346b8c63ac02a5a,,,,,,,
4,timed,priority,305419896,1000,10000,8000,1873,1.40897,4,5,6,5.635878,24,17.271757,54,99344,32350,04d9fd68b0e3895b,,,,,,,
4,timed,priority,305419896,1000,10000,9000,1959,1.416029,4,5,6,5.664114,24,17.328229,54,104088,33946,c2ecf81888428224,,,,,,,
4,timed,priority,305419896,1000,10000,10000,2049,1.471938,4,5,6,5.88775,24,17.7755,54,110648,36422,3c05bfcfc54534c5,,,,,,,
4,diagnostic,priority,305419896,1000,10000,0,1000,1.663,4,5,6,6.655,24,19.304,54,55768,19304,c3ed64839e306a4a,4764,217248,103824,104312,32000,23768,48000
4,diagnostic,priority,305419896,1000,10000,1000,1099,1.645132,4,5,6,6.583258,24,19.161056,54,61384,21058,8e76190184c9c794,7783,348328,114192,116904,35168,26216,52752
4,diagnostic,priority,305419896,1000,10000,2000,1165,1.491845,4,5,6,5.969957,24,17.934764,54,62432,20894,ee5286a6d1165f6b,10451,456376,118408,119544,37280,25152,55920
4,diagnostic,priority,305419896,1000,10000,3000,1301,1.433513,3,5,6,5.736357,24,17.468101,54,69008,22726,358513ceeae0702c,13599,586400,131512,134864,41632,27376,62448
4,diagnostic,priority,305419896,1000,10000,4000,1388,1.5,4,5,6,6.002161,24,18.0,54,75160,24984,0a209b0a3ccf5a72,16107,685992,141840,142384,44416,30744,66624
4,diagnostic,priority,305419896,1000,10000,5000,1511,1.584381,4,5,6,6.337525,24,18.67505,54,83400,28218,0ecf9765844ddd05,18802,798600,155984,156656,48352,35048,72528
4,diagnostic,priority,305419896,1000,10000,6000,1627,1.580209,4,5,6,6.320836,24,18.641672,54,89648,30330,303c5a9b151f35a7,21468,908816,167800,168632,52064,37584,78096
4,diagnostic,priority,305419896,1000,10000,7000,1747,1.597596,4,5,6,6.390384,24,18.780767,54,96712,32810,d346b8c63ac02a5a,24179,1021304,180624,182504,55904,40808,83856
4,diagnostic,priority,305419896,1000,10000,8000,1873,1.40897,4,5,6,5.635878,24,17.271757,54,99344,32350,04d9fd68b0e3895b,27921,1181648,189304,208928,59936,39408,89904
4,diagnostic,priority,305419896,1000,10000,9000,1959,1.416029,4,5,6,5.664114,24,17.328229,54,104088,33946,c2ecf81888428224,30267,1268608,198176,208928,62688,41400,94032
4,diagnostic,priority,305419896,1000,10000,10000,2049,1.471938,4,5,6,5.88775,24,17.7755,54,110648,36422,3c05bfcfc54534c5,32719,1364776,209056,209760,65568,45080,98352
5,timed,local,17,1000,10000,0,1000,0.999,1,1,1,3.999,4,13.992,14,47984,13992,c37bd93d2bb7b1c8,,,,,,,
5,timed,local,17,1000,10000,1000,1039,1.622714,3,4,5,6.490857,20,18.981713,46,56744,19722,f9fbd928d87b0bd6,,,,,,,
5,timed,local,17,1000,10000,2000,1045,1.956938,4,5,6,7.827751,24,21.655502,54,62192,22630,58c44c1e5ac0e7b4,,,,,,,
5,timed,local,17,1000,10000,3000,1032,2.045543,4,6,6,8.182171,24,22.364341,54,62968,23080,db52e57ff012336f,,,,,,,
5,timed,local,17,1000,10000,4000,1036,2.110039,5,6,6,8.44305,24,22.880309,54,64048,23704,df4b60ececeec039,,,,,,,
5,timed,local,17,1000,10000,5000,1065,2.140845,5,6,6,8.56338,24,23.126761,54,66376,24630,a470e27dcefc213e,,,,,,,
5,timed,local,17,1000,10000,6000,1050,2.150476,5,6,6,8.604762,24,23.20381,54,65304,24364,60c6a5923ada3c46,,,,,,,
5,timed,local,17,1000,10000,7000,1040,2.174038,5,6,6,8.699038,24,23.392308,54,65144,24328,31007d4cb22dd8a2,,,,,,,
5,timed,local,17,1000,10000,8000,1017,2.122911,5,6,6,8.494592,24,22.983284,54,62816,23374,42c4a2d7e1f43461,,,,,,,
5,timed,local,17,1000,10000,9000,1014,2.142012,5,6,6,8.571006,24,23.136095,54,62976,23460,0ea312c9c9f04bae,,,,,,,
5,timed,local,17,1000,10000,10000,1005,2.181095,5,6,6,8.727363,24,23.448756,54,63080,23566,3932d22f56efa5ef,,,,,,,
5,diagnostic,local,17,1000,10000,0,1000,0.999,1,1,1,3.999,4,13.992,14,47984,13992,c37bd93d2bb7b1c8,3001,96040,96040,96040,32000,15984,48000
5,diagnostic,local,17,1000,10000,1000,1039,1.622714,3,4,5,6.490857,20,18.981713,46,56744,19722,f9fbd928d87b0bd6,5761,203560,106672,106784,33248,23496,49872
5,diagnostic,local,17,1000,10000,2000,1045,1.956938,4,5,6,7.827751,24,21.655502,54,62192,22630,58c44c1e5ac0e7b4,8473,313040,112408,112408,33440,28752,50160
5,diagnostic,local,17,1000,10000,3000,1032,2.045543,4,6,6,8.182171,24,22.364341,54,62968,23080,db52e57ff012336f,11199,425864,112560,112992,33024,29944,49536
5,diagnostic,local,17,1000,10000,4000,1036,2.110039,5,6,6,8.44305,24,22.880309,54,64048,23704,df4b60ececeec039,13994,543688,113832,114872,33152,30896,49728
5,diagnostic,local,17,1000,10000,5000,1065,2.140845,5,6,6,8.56338,24,23.126761,54,66376,24630,a470e27dcefc213e,16883,663800,117552,118552,34080,32296,51120
5,diagnostic,local,17,1000,10000,6000,1050,2.150476,5,6,6,8.604762,24,23.20381,54,65304,24364,60c6a5923ada3c46,19717,784240,115760,118736,33600,31704,50400
5,diagnostic,local,17,1000,10000,7000,1040,2.174038,5,6,6,8.699038,24,23.392308,54,65144,24328,31007d4cb22dd8a2,22608,907240,115120,118736,33280,31864,49920
5,diagnostic,local,17,1000,10000,8000,1017,2.122911,5,6,6,8.494592,24,22.983284,54,62816,23374,42c4a2d7e1f43461,25460,1027152,111688,118736,32544,30272,48816
5,diagnostic,local,17,1000,10000,9000,1014,2.142012,5,6,6,8.571006,24,23.136095,54,62976,23460,0ea312c9c9f04bae,28286,1149480,111704,118736,32448,30528,48672
5,diagnostic,local,17,1000,10000,10000,1005,2.181095,5,6,6,8.727363,24,23.448756,54,63080,23566,3932d22f56efa5ef,31127,1271168,111376,118736,32160,30920,48240
6,timed,local,305419896,1000,10000,0,1000,0.999,1,1,1,3.999,4,13.992,14,47984,13992,c37bd93d2bb7b1c8,,,,,,,
6,timed,local,305419896,1000,10000,1000,1019,1.612365,3,4,5,6.44946,20,18.898921,46,55536,19258,c4001a654d83d353,,,,,,,
6,timed,local,305419896,1000,10000,2000,1007,1.933466,4,5,6,7.736842,24,21.467726,54,59616,21618,82f83cce396fc73e,,,,,,,
6,timed,local,305419896,1000,10000,3000,989,2.061678,5,6,6,8.246714,24,22.493428,54,60528,22246,5f8151e0363ef2c6,,,,,,,
6,timed,local,305419896,1000,10000,4000,1005,2.146269,5,6,6,8.58806,24,23.170149,54,62704,23286,4b18b6206566c2b6,,,,,,,
6,timed,local,305419896,1000,10000,5000,1018,2.146365,5,6,6,8.585462,24,23.170923,54,63256,23588,75db614786994310,,,,,,,
6,timed,local,305419896,1000,10000,6000,1000,2.167,5,6,6,8.671,24,23.336,54,62808,23336,07f0babab805157c,,,,,,,
6,timed,local,305419896,1000,10000,7000,995,2.101508,5,6,6,8.409045,24,22.81206,54,61104,22698,702cf88d1c71933b,,,,,,,
6,timed,local,305419896,1000,10000,8000,976,2.080943,5,6,6,8.32377,24,22.647541,54,59712,22104,d6a69e1215d7bb5d,,,,,,,
6,timed,local,305419896,1000,10000,9000,961,2.164412,5,6,6,8.657648,24,23.315297,54,59896,22406,0a945cf2bd6d7e53,,,,,,,
6,timed,local,305419896,1000,10000,10000,967,2.015512,5,6,6,8.06515,24,22.124095,54,58136,21394,6acb6a8b0c83f261,,,,,,,
6,diagnostic,local,305419896,1000,10000,0,1000,0.999,1,1,1,3.999,4,13.992,14,47984,13992,c37bd93d2bb7b1c8,3001,96040,96040,96040,32000,15984,48000
6,diagnostic,local,305419896,1000,10000,1000,1019,1.612365,3,4,5,6.44946,20,18.898921,46,55536,19258,c4001a654d83d353,5731,201808,104504,104568,32608,22928,48912
6,diagnostic,local,305419896,1000,10000,2000,1007,1.933466,4,5,6,7.736842,24,21.467726,54,59616,21618,82f83cce396fc73e,8451,311960,108008,109248,32224,27392,48336
6,diagnostic,local,305419896,1000,10000,3000,989,2.061678,5,6,6,8.246714,24,22.493428,54,60528,22246,5f8151e0363ef2c6,11255,429392,108056,110656,31648,28880,47472
6,diagnostic,local,305419896,1000,10000,4000,1005,2.146269,5,6,6,8.58806,24,23.170149,54,62704,23286,4b18b6206566c2b6,14049,548024,111000,111208,32160,30544,48240
6,diagnostic,local,305419896,1000,10000,5000,1018,2.146365,5,6,6,8.585462,24,23.170923,54,63256,23588,75db614786994310,16839,666864,112176,112968,32576,30680,48864
6,diagnostic,local,305419896,1000,10000,6000,1000,2.167,5,6,6,8.671,24,23.336,54,62808,23336,07f0babab805157c,19596,784360,110864,113336,32000,30808,48000
6,diagnostic,local,305419896,1000,10000,7000,995,2.101508,5,6,6,8.409045,24,22.81206,54,61104,22698,702cf88d1c71933b,22431,902776,108920,113336,31840,29264,47760
6,diagnostic,local,305419896,1000,10000,8000,976,2.080943,5,6,6,8.32377,24,22.647541,54,59712,22104,d6a69e1215d7bb5d,25272,1021264,106616,113336,31232,28480,46848
6,diagnostic,local,305419896,1000,10000,9000,961,2.164412,5,6,6,8.657648,24,23.315297,54,59896,22406,0a945cf2bd6d7e53,28035,1139624,106080,113336,30752,29144,46128
6,diagnostic,local,305419896,1000,10000,10000,967,2.015512,5,6,6,8.06515,24,22.124095,54,58136,21394,6acb6a8b0c83f261,30933,1259272,104608,113336,30944,27192,46416
7,timed,churn,17,1000,10000,0,1000,0.999,1,1,1,3.999,4,13.992,14,47984,13992,c37bd93d2bb7b1c8,,,,,,,
7,timed,churn,17,1000,10000,1000,1002,1.341317,2,3,4,5.368263,16,16.730539,38,51208,16764,e183b6ef0e492a2b,,,,,,,
7,timed,churn,17,1000,10000,2000,970,1.429897,3,4,4,5.72268,16,17.439175,38,50600,16916,b3f11ff8286f92b9,,,,,,,
7,timed,churn,17,1000,10000,3000,984,1.526423,3,4,5,6.10874,20,18.211382,46,52480,17920,1b5115f14887c96f,,,,,,,
7,timed,churn,17,1000,10000,4000,982,1.620163,3,4,5,6.483707,20,18.961303,46,53672,18620,5875ac2878653a78,,,,,,,
7,timed,churn,17,1000,10000,5000,969,1.733746,4,5,5,6.93808,20,19.869969,46,54496,19254,dd71f1531d21de1a,,,,,,,
7,timed,churn,17,1000,10000,6000,956,1.76046,4,5,6,7.044979,24,20.083682,54,54432,19200,3ccfd8ab41509ccc,,,,,,,
7,timed,churn,17,1000,10000,7000,988,1.780364,4,5,6,7.124494,24,20.242915,54,56600,20000,9dc948cecaff06e4,,,,,,,
7,timed,churn,17,1000,10000,8000,995,1.81407,4,6,6,7.259296,24,20.512563,54,57240,20410,fe305b4f5eb49ea8,,,,,,,
7,timed,churn,17,1000,10000,9000,1010,1.820792,4,5,6,7.283168,24,20.566337,54,58176,20772,97abf7ce93faaf0e,,,,,,,
7,timed,churn,17,1000,10000,10000,1013,1.876604,4,5,6,7.506417,24,21.012833,54,59272,21286,ee414e3fc15d6cdc,,,,,,,
7,diagnostic,churn,17,1000,10000,0,1000,0.999,1,1,1,3.999,4,13.992,14,47984,13992,c37bd93d2bb7b1c8,3001,96040,96040,96040,32000,15984,48000
7,diagnostic,churn,17,1000,10000,1000,1002,1.341317,2,3,4,5.368263,16,16.730539,38,51208,16764,e183b6ef0e492a2b,5088,174440,99360,100016,32064,19144,48096
7,diagnostic,churn,17,1000,10000,2000,970,1.429897,3,4,4,5.72268,16,17.439175,38,50600,16916,b3f11ff8286f92b9,7143,249784,97216,100416,31040,19560,46560
7,diagnostic,churn,17,1000,10000,3000,984,1.526423,3,4,5,6.10874,20,18.211382,46,52480,17920,1b5115f14887c96f,9264,328328,99768,100416,31488,20992,47232
7,diagnostic,churn,17,1000,10000,4000,982,1.620163,3,4,5,6.483707,20,18.961303,46,53672,18620,5875ac2878653a78,11358,408000,100864,100944,31424,22248,47136
7,diagnostic,churn,17,1000,10000,5000,969,1.733746,4,5,5,6.93808,20,19.869969,46,54496,19254,dd71f1531d21de1a,13460,489440,101064,101072,31008,23488,46512
7,diagnostic,churn,17,1000,10000,6000,956,1.76046,4,5,6,7.044979,24,20.083682,54,54432,19200,3ccfd8ab41509ccc,15559,570592,100376,101632,30592,23840,45888
7,diagnostic,churn,17,1000,10000,7000,988,1.780364,4,5,6,7.124494,24,20.242915,54,56600,20000,9dc948cecaff06e4,17722,654984,104080,104736,31616,24984,47424
7,diagnostic,churn,17,1000,10000,8000,995,1.81407,4,6,6,7.259296,24,20.512563,54,57240,20410,fe305b4f5eb49ea8,19870,739208,105056,106288,31840,25400,47760
7,diagnostic,churn,17,1000,10000,9000,1010,1.820792,4,5,6,7.283168,24,20.566337,54,58176,20772,97abf7ce93faaf0e,22089,826856,106712,107216,32320,25856,48480
7,diagnostic,churn,17,1000,10000,10000,1013,1.876604,4,5,6,7.506417,24,21.012833,54,59272,21286,ee414e3fc15d6cdc,24216,912248,107952,108296,32416,26856,48624
8,timed,churn,305419896,1000,10000,0,1000,0.999,1,1,1,3.999,4,13.992,14,47984,13992,c37bd93d2bb7b1c8,,,,,,,
8,timed,churn,305419896,1000,10000,1000,1013,1.326752,2,3,3,5.30997,12,16.614018,30,51560,16830,280e7f753a0409c5,,,,,,,
8,timed,churn,305419896,1000,10000,2000,971,1.46447,3,3,4,5.857878,16,17.715757,38,50992,17202,e41cca169eec7c08,,,,,,,
8,timed,churn,305419896,1000,10000,3000,958,1.559499,3,4,4,6.241127,16,18.475992,38,51496,17700,e27508b0604b1f39,,,,,,,
8,timed,churn,305419896,1000,10000,4000,976,1.608607,3,4,5,6.4375,20,18.868852,46,53104,18416,609c9f2c6325a9af,,,,,,,
8,timed,churn,305419896,1000,10000,5000,982,1.694501,4,4,5,6.781059,20,19.556008,46,54432,19204,c0fa05de6681bf03,,,,,,,
8,timed,churn,305419896,1000,10000,6000,962,1.756757,4,5,6,7.030146,24,20.054054,54,54184,19292,68ff5516578fd6df,,,,,,,
8,timed,churn,305419896,1000,10000,7000,972,1.81893,4,5,6,7.278807,24,20.55144,54,55792,19976,cd91adbb82a7cc41,,,,,,,
8,timed,churn,305419896,1000,10000,8000,972,1.789095,4,5,6,7.159465,24,20.312757,54,55576,19744,03a942217cafca93,,,,,,,
8,timed,churn,305419896,1000,10000,9000,973,1.807811,4,5,6,7.234327,24,20.462487,54,55992,19910,2950879e349d358e,,,,,,,
8,timed,churn,305419896,1000,10000,10000,957,1.77534,4,5,6,7.101358,24,20.202717,54,54496,19334,0e0e08d71b7b454e,,,,,,,
8,diagnostic,churn,305419896,1000,10000,0,1000,0.999,1,1,1,3.999,4,13.992,14,47984,13992,c37bd93d2bb7b1c8,3001,96040,96040,96040,32000,15984,48000
8,diagnostic,churn,305419896,1000,10000,1000,1013,1.326752,2,3,3,5.30997,12,16.614018,30,51560,16830,280e7f753a0409c5,5065,173016,100240,101272,32416,19144,48624
8,diagnostic,churn,305419896,1000,10000,2000,971,1.46447,3,3,4,5.857878,16,17.715757,38,50992,17202,e41cca169eec7c08,7066,246824,97656,101272,31072,19920,46608
8,diagnostic,churn,305419896,1000,10000,3000,958,1.559499,3,4,4,6.241127,16,18.475992,38,51496,17700,e27508b0604b1f39,9177,325680,97536,101272,30656,20840,45984
8,diagnostic,churn,305419896,1000,10000,4000,976,1.608607,3,4,5,6.4375,20,18.868852,46,53104,18416,609c9f2c6325a9af,11333,406896,100008,101272,31232,21872,46848
8,diagnostic,churn,305419896,1000,10000,5000,982,1.694501,4,4,5,6.781059,20,19.556008,46,54432,19204,c0fa05de6681bf03,13436,488536,101624,102632,31424,23008,47136
8,diagnostic,churn,305419896,1000,10000,6000,962,1.756757,4,5,6,7.030146,24,20.054054,54,54184,19292,68ff5516578fd6df,15530,569312,100416,103120,30784,23400,46176
8,diagnostic,churn,305419896,1000,10000,7000,972,1.81893,4,5,6,7.278807,24,20.55144,54,55792,19976,cd91adbb82a7cc41,17672,653736,102504,103928,31104,24688,46656
8,diagnostic,churn,305419896,1000,10000,8000,972,1.789095,4,5,6,7.159465,24,20.312757,54,55576,19744,03a942217cafca93,19795,736152,102288,103928,31104,24472,46656
8,diagnostic,churn,305419896,1000,10000,9000,973,1.807811,4,5,6,7.234327,24,20.462487,54,55992,19910,2950879e349d358e,22021,823336,102752,105528,31136,24856,46704
8,diagnostic,churn,305419896,1000,10000,10000,957,1.77534,4,5,6,7.101358,24,20.202717,54,54496,19334,0e0e08d71b7b454e,24109,903960,100488,105528,30624,23872,45936
9,timed,timeline,17,10000,100000,0,10000,0.9999,1,1,1,3.9999,4,13.9992,14,479984,139992,e683f3560ca72cf4,,,,,,,
9,timed,timeline,17,10000,100000,10000,18020,1.440899,3,3,3,5.763762,12,17.527192,30,943136,315840,e6bc66f0e8101f2a,,,,,,,
9,timed,timeline,17,10000,100000,20000,26034,2.277599,5,5,5,9.110509,20,24.220788,46,1621160,630564,25f58a8f1a3e34e1,,,,,,,
9,timed,timeline,17,10000,100000,30000,33970,3.279129,4,4,4,13.116603,16,32.233029,38,2702888,1094956,a4219770eb1e3daa,,,,,,,
9,timed,timeline,17,10000,100000,40000,41976,3.232037,4,4,4,12.928221,16,31.856299,38,3239344,1337200,c1b1c11d98f5dd0e,,,,,,,
9,timed,timeline,17,10000,100000,50000,49980,3.560124,6,6,6,14.240556,24,34.480992,54,4086312,1723360,178f7556446357ee,,,,,,,
9,timed,timeline,17,10000,100000,60000,57866,3.554989,4,4,4,14.220008,16,34.439913,38,4870952,1992900,af3f5b1f718c8a65,,,,,,,
9,timed,timeline,17,10000,100000,70000,65898,3.511685,4,4,4,14.046784,16,34.093478,38,5415048,2246692,e4e4fb0e06098b74,,,,,,,
9,timed,timeline,17,10000,100000,80000,73862,3.724581,6,6,6,14.898365,24,35.796648,54,6289056,2644012,2685ceb3de420a69,,,,,,,
9,timed,timeline,17,10000,100000,90000,81904,3.633901,4,4,4,14.535639,16,35.071205,38,7133896,2872472,84c0bb6ab286360d,,,,,,,
9,timed,timeline,17,10000,100000,100000,89886,3.662027,4,5,5,14.648143,20,35.29622,46,7770544,3172636,fd465be287ec7a91,,,,,,,
9,diagnostic,timeline,17,10000,100000,0,10000,0.9999,1,1,1,3.9999,4,13.9992,14,479984,139992,e683f3560ca72cf4,30001,960040,960040,960040,320000,159984,480000
9,diagnostic,timeline,17,10000,100000,10000,18020,1.440899,3,3,3,5.763762,12,17.527192,30,943136,315840,e6bc66f0e8101f2a,57031,2047936,1808152,1808152,576640,366496,864960
9,diagnostic,timeline,17,10000,100000,20000,26034,2.277599,5,5,5,9.110509,20,24.220788,46,1621160,630564,25f58a8f1a3e34e1,84052,3656312,2870848,2870848,833088,788072,1249632
9,diagnostic,timeline,17,10000,100000,30000,33970,3.279129,4,4,4,13.116603,16,32.233029,38,2702888,1094956,a4219770eb1e3daa,239253,15448968,4333504,6803632,1087040,1615848,1630560
9,diagnostic,timeline,17,10000,100000,40000,41976,3.232037,4,4,4,12.928221,16,31.856299,38,3239344,1337200,c1b1c11d98f5dd0e,266262,16803576,5254248,6803632,1343232,1896112,2014848
9,diagnostic,timeline,17,10000,100000,50000,49980,3.560124,6,6,6,14.240556,24,34.480992,54,4086312,1723360,178f7556446357ee,293268,18798472,6485408,6803632,1599360,2486952,2399040
9,diagnostic,timeline,17,10000,100000,60000,57866,3.554989,4,4,4,14.220008,16,34.439913,38,4870952,1992900,af3f5b1f718c8a65,552890,38640312,7648576,11871168,1851712,3019240,2777568
9,diagnostic,timeline,17,10000,100000,70000,65898,3.511685,4,4,4,14.046784,16,34.093478,38,5415048,2246692,e4e4fb0e06098b74,579938,40026088,8578208,11871168,2108736,3306312,3163104
9,diagnostic,timeline,17,10000,100000,80000,73862,3.724581,6,6,6,14.898365,24,35.796648,54,6289056,2644012,2685ceb3de420a69,606884,42088120,9834488,11871168,2363584,3925472,3545376
9,diagnostic,timeline,17,10000,100000,90000,81904,3.633901,4,4,4,14.535639,16,35.071205,38,7133896,2872472,84c0bb6ab286360d,1044294,76486400,11065344,17717360,2620928,4512968,3931392
9,diagnostic,timeline,17,10000,100000,100000,89886,3.662027,4,5,5,14.648143,20,35.29622,46,7770544,3172636,fd465be287ec7a91,1071267,78079192,12085128,17717360,2876352,4894192,4314528
10,timed,timeline,305419896,10000,100000,0,10000,0.9999,1,1,1,3.9999,4,13.9992,14,479984,139992,e683f3560ca72cf4,,,,,,,
10,timed,timeline,305419896,10000,100000,10000,17994,1.436868,3,3,3,5.747638,12,17.494943,30,940840,314804,59e57be19d8ba348,,,,,,,
10,timed,timeline,305419896,10000,100000,20000,25958,2.269975,5,5,5,9.080014,20,24.159797,46,1613264,627140,327a9dd3f4b12fdd,,,,,,,
10,timed,timeline,305419896,10000,100000,30000,33956,3.279921,4,4,4,13.119773,16,32.239369,38,2701272,1094720,3e016143e8ac2921,,,,,,,
10,timed,timeline,305419896,10000,100000,40000,41894,3.233279,4,4,4,12.933189,16,31.866234,38,3232960,1335004,55669d66503379d9,,,,,,,
10,timed,timeline,305419896,10000,100000,50000,49906,3.562938,6,6,6,14.251813,24,34.503507,54,4081688,1721932,c8aedcbf3ebb1765,,,,,,,
10,timed,timeline,305419896,10000,100000,60000,57918,3.555164,4,4,4,14.220709,16,34.441314,38,4877152,1994772,c2b40492ce2cad3c,,,,,,,
10,timed,timeline,305419896,10000,100000,70000,65922,3.509132,4,4,4,14.036574,16,34.073056,38,5419000,2246164,0646de44ba771c3e,,,,,,,
10,timed,timeline,305419896,10000,100000,80000,73924,3.717169,5,6,6,14.868717,24,35.737352,54,6288832,2641848,122a5409f29faf23,,,,,,,
10,timed,timeline,305419896,10000,100000,90000,81852,3.636307,4,4,4,14.545265,16,35.090456,38,7133208,2872224,ff36ea6b24a1a47b,,,,,,,
10,timed,timeline,305419896,10000,100000,100000,89760,3.658612,4,5,5,14.634481,20,35.268895,46,7755200,3165736,e25667c0f839dc08,,,,,,,
10,diagnostic,timeline,305419896,10000,100000,0,10000,0.9999,1,1,1,3.9999,4,13.9992,14,479984,139992,e683f3560ca72cf4,30001,960040,960040,960040,320000,159984,480000
10,diagnostic,timeline,305419896,10000,100000,10000,17994,1.436868,3,3,3,5.747638,12,17.494943,30,940840,314804,59e57be19d8ba348,56992,2044224,1804608,1804712,575808,365032,863712
10,diagnostic,timeline,305419896,10000,100000,20000,25958,2.269975,5,5,5,9.080014,20,24.159797,46,1613264,627140,327a9dd3f4b12fdd,83938,3643880,2859304,2859304,830656,782608,1245984
10,diagnostic,timeline,305419896,10000,100000,30000,33956,3.279921,4,4,4,13.119773,16,32.239369,38,2701272,1094720,3e016143e8ac2921,239120,15435968,4331216,6788016,1086592,1614680,1629888
10,diagnostic,timeline,305419896,10000,100000,40000,41894,3.233279,4,4,4,12.933189,16,31.866234,38,3232960,1335004,55669d66503379d9,266027,16785984,5243928,6788016,1340608,1892352,2010912
10,diagnostic,timeline,305419896,10000,100000,50000,49906,3.562938,6,6,6,14.251813,24,34.503507,54,4081688,1721932,c8aedcbf3ebb1765,293045,18783752,6477232,6788016,1596992,2484696,2395488
10,diagnostic,timeline,305419896,10000,100000,60000,57918,3.555164,4,4,4,14.220709,16,34.441314,38,4877152,1994772,c2b40492ce2cad3c,553292,40155568,7657272,11898624,1853376,3023776,2780064
10,diagnostic,timeline,305419896,10000,100000,70000,65922,3.509132,4,4,4,14.036574,16,34.073056,38,5419000,2246164,0646de44ba771c3e,580298,41535368,8583312,11898624,2109504,3309496,3164256
10,diagnostic,timeline,305419896,10000,100000,80000,73924,3.717169,5,6,6,14.868717,24,35.737352,54,6288832,2641848,122a5409f29faf23,607301,43584160,9837240,11898624,2365568,3923264,3548352
10,diagnostic,timeline,305419896,10000,100000,90000,81852,3.636307,4,4,4,14.545265,16,35.090456,38,7133208,2872224,ff36ea6b24a1a47b,1044866,79479432,11062160,17755464,2619264,4513944,3928896
10,diagnostic,timeline,305419896,10000,100000,100000,89760,3.658612,4,5,5,14.634481,20,35.268895,46,7755200,3165736,e25667c0f839dc08,1071728,81046816,12063736,17755464,2872320,4882880,4308480
11,timed,timeline,2654435769,10000,100000,0,10000,0.9999,1,1,1,3.9999,4,13.9992,14,479984,139992,e683f3560ca72cf4,,,,,,,
11,timed,timeline,2654435769,10000,100000,10000,17944,1.437974,3,3,3,5.752062,12,17.50379,30,938616,314088,8e2983b711dd84e9,,,,,,,
11,timed,timeline,2654435769,10000,100000,20000,25954,2.276104,5,5,5,9.104531,20,24.208831,46,1614744,628316,30cbdf355e645f54,,,,,,,
11,timed,timeline,2654435769,10000,100000,30000,33884,3.284116,4,4,4,13.136554,16,32.272931,38,2698632,1093536,7fd43e6593f9c676,,,,,,,
11,timed,timeline,2654435769,10000,100000,40000,41828,3.228292,4,4,4,12.91324,16,31.826336,38,3227832,1331232,57a4e6a7d8933773,,,,,,,
11,timed,timeline,2654435769,10000,100000,50000,49752,3.548903,6,6,6,14.195671,24,34.39122,54,4060904,1711032,bce8f23e72b7cd40,,,,,,,
11,timed,timeline,2654435769,10000,100000,60000,57804,3.560169,4,4,4,14.240727,16,34.481351,38,4872768,1993160,220fea1895974640,,,,,,,
11,timed,timeline,2654435769,10000,100000,70000,65894,3.507072,4,4,4,14.028333,16,34.056576,38,5417800,2244124,9f905f9ebdf85999,,,,,,,
11,timed,timeline,2654435769,10000,100000,80000,73832,3.710221,5,6,6,14.840923,24,35.681764,54,6274616,2634456,6ad2b35e41e75f09,,,,,,,
11,timed,timeline,2654435769,10000,100000,90000,81814,3.637018,4,4,4,14.548109,16,35.096145,38,7133880,2871356,d10b79837a05feec,,,,,,,
11,timed,timeline,2654435769,10000,100000,100000,89818,3.659033,4,5,5,14.636164,20,35.272262,46,7763984,3168084,6d9c38df4b8a67a7,,,,,,,
11,diagnostic,timeline,2654435769,10000,100000,0,10000,0.9999,1,1,1,3.9999,4,13.9992,14,479984,139992,e683f3560ca72cf4,30001,960040,960040,960040,320000,159984,480000
11,diagnostic,timeline,2654435769,10000,100000,10000,17944,1.437974,3,3,3,5.752062,12,17.50379,30,938616,314088,8e2983b711dd84e9,56917,2042672,1799984,1799984,574208,364408,861312
11,diagnostic,timeline,2654435769,10000,100000,20000,25954,2.276104,5,5,5,9.104531,20,24.208831,46,1614744,628316,30cbdf355e645f54,83932,3646992,2860592,2860592,830528,784216,1245792
11,diagnostic,timeline,2654435769,10000,100000,30000,33884,3.284116,4,4,4,13.136554,16,32.272931,38,2698632,1093536,7fd43e6593f9c676,239102,15451440,4325120,6805424,1084288,1614344,1626432
11,diagnostic,timeline,2654435769,10000,100000,40000,41828,3.228292,4,4,4,12.91324,16,31.826336,38,3227832,1331232,57a4e6a7d8933773,266018,16795800,5235632,6805424,1338496,1889336,2007744
11,diagnostic,timeline,2654435769,10000,100000,50000,49752,3.548903,6,6,6,14.195671,24,34.39122,54,4060904,1711032,bce8f23e72b7cd40,292904,18770016,6449056,6805424,1592064,2468840,2388096
11,diagnostic,timeline,2654435769,10000,100000,60000,57804,3.560169,4,4,4,14.240727,16,34.481351,38,4872768,1993160,220fea1895974640,553093,40152712,7647416,11897328,1849728,3023040,2774592
11,diagnostic,timeline,2654435769,10000,100000,70000,65894,3.507072,4,4,4,14.028333,16,34.056576,38,5417800,2244124,9f905f9ebdf85999,580228,41533264,8580768,11897328,2108608,3309192,3162912
11,diagnostic,timeline,2654435769,10000,100000,80000,73832,3.710221,5,6,6,14.840923,24,35.681764,54,6274616,2634456,6ad2b35e41e75f09,607135,43563000,9818608,11897328,2362624,3911992,3543936
11,diagnostic,timeline,2654435769,10000,100000,90000,81814,3.637018,4,4,4,14.548109,16,35.096145,38,7133880,2871356,d10b79837a05feec,1045057,80974376,11061008,18633592,2618048,4515832,3927072
11,diagnostic,timeline,2654435769,10000,100000,100000,89818,3.659033,4,5,5,14.636164,20,35.272262,46,7763984,3168084,6d9c38df4b8a67a7,1072063,82549984,12075304,18633592,2874176,4889808,4311264
12,timed,timeline,826366246,10000,100000,0,10000,0.9999,1,1,1,3.9999,4,13.9992,14,479984,139992,e683f3560ca72cf4,,,,,,,
12,timed,timeline,826366246,10000,100000,10000,18064,1.438607,3,3,4,5.754595,16,17.508857,38,944896,316280,ddc931464b54ea25,,,,,,,
12,timed,timeline,826366246,10000,100000,20000,26036,2.280343,5,5,5,9.121486,20,24.242741,46,1623376,631184,5b43b26606ebdffb,,,,,,,
12,timed,timeline,826366246,10000,100000,30000,34122,3.270266,4,4,4,13.08115,16,32.162124,38,2709072,1097436,0d851f91220cd7a4,,,,,,,
12,timed,timeline,826366246,10000,100000,40000,42200,3.234621,4,4,4,12.938555,16,31.876967,38,3254056,1345208,33d2a235d8fbb5f4,,,,,,,
12,timed,timeline,826366246,10000,100000,50000,50256,3.570579,6,6,6,14.282374,24,34.564629,54,4116408,1737080,750a58ced0a356b7,,,,,,,
12,timed,timeline,826366246,10000,100000,60000,58294,3.549199,4,4,5,14.196796,20,34.393591,46,4902632,2004940,b6f81f1d9bd79856,,,,,,,
12,timed,timeline,826366246,10000,100000,70000,66304,3.513046,4,4,5,14.052184,20,34.104368,46,5449384,2261256,6a0191a1881e6672,,,,,,,
12,timed,timeline,826366246,10000,100000,80000,74360,3.728295,6,6,7,14.913179,28,35.826358,62,6336512,2664048,267dcd20af71050c,,,,,,,
12,timed,timeline,826366246,10000,100000,90000,82246,3.633587,4,4,4,14.534385,16,35.068696,38,7163688,2884260,5814eb26a3d346f9,,,,,,,
12,timed,timeline,826366246,10000,100000,100000,90238,3.66697,4,5,5,14.667912,20,35.335757,46,7812968,3188628,23a4d80e1ef2912a,,,,,,,
12,diagnostic,timeline,826366246,10000,100000,0,10000,0.9999,1,1,1,3.9999,4,13.9992,14,479984,139992,e683f3560ca72cf4,30001,960040,960040,960040,320000,159984,480000
12,diagnostic,timeline,826366246,10000,100000,10000,18064,1.438607,3,3,4,5.754595,16,17.508857,38,944896,316280,ddc931464b54ea25,57097,2049328,1812024,1812120,578048,366848,867072
12,diagnostic,timeline,826366246,10000,100000,20000,26036,2.280343,5,5,5,9.121486,20,24.242741,46,1623376,631184,5b43b26606ebdffb,84055,3660952,2873160,2873160,833152,790224,1249728
12,diagnostic,timeline,826366246,10000,100000,30000,34122,3.270266,4,4,4,13.08115,16,32.162124,38,2709072,1097436,0d851f91220cd7a4,239317,15432328,4346984,6778200,1091904,1617168,1637856
12,diagnostic,timeline,826366246,10000,100000,40000,42200,3.234621,4,4,4,12.938555,16,31.876967,38,3254056,1345208,33d2a235d8fbb5f4,266434,16800256,5279712,6778200,1350400,1903656,2025600
12,diagnostic,timeline,826366246,10000,100000,50000,50256,3.570579,6,6,6,14.282374,24,34.564629,54,4116408,1737080,750a58ced0a356b7,293518,18821984,6528752,6778200,1608192,2508216,2412288
12,diagnostic,timeline,826366246,10000,100000,60000,58294,3.549199,4,4,5,14.196796,20,34.393591,46,4902632,2004940,b6f81f1d9bd79856,553790,38684216,7700800,11923024,1865408,3037224,2798112
12,diagnostic,timeline,826366246,10000,100000,70000,66304,3.513046,4,4,5,14.052184,20,34.104368,46,5449384,2261256,6a0191a1881e6672,580805,40076944,8632032,11923024,2121728,3327656,3182592
12,diagnostic,timeline,826366246,10000,100000,80000,74360,3.728295,6,6,7,14.913179,28,35.826358,62,6336512,2664048,267dcd20af71050c,607889,42157960,9905848,11923024,2379520,3956992,3569280
12,diagnostic,timeline,826366246,10000,100000,90000,82246,3.633587,4,4,4,14.534385,16,35.068696,38,7163688,2884260,5814eb26a3d346f9,1045617,78037088,11111552,17784256,2631872,4531816,3947808
12,diagnostic,timeline,826366246,10000,100000,100000,90238,3.66697,4,5,5,14.667912,20,35.335757,46,7812968,3188628,23a4d80e1ef2912a,1072605,79652400,12144448,17784256,2887616,4925352,4331424
13,timed,timeline,12648430,10000,100000,0,10000,0.9999,1,1,1,3.9999,4,13.9992,14,479984,139992,e683f3560ca72cf4,,,,,,,
13,timed,timeline,12648430,10000,100000,10000,18006,1.440464,3,3,3,5.761857,12,17.523714,30,942328,315532,3bbb6bb3ba62e226,,,,,,,
13,timed,timeline,12648430,10000,100000,20000,25876,2.278598,5,5,5,9.114392,20,24.228783,46,1611272,626944,686d4378037365e5,,,,,,,
13,timed,timeline,12648430,10000,100000,30000,33894,3.273706,4,4,4,13.094914,16,32.18965,38,2692400,1091036,f4e90ac412cc7c0f,,,,,,,
13,timed,timeline,12648430,10000,100000,40000,41878,3.231363,4,4,4,12.925522,16,31.8509,38,3228144,1333852,01f61a853f396902,,,,,,,
13,timed,timeline,12648430,10000,100000,50000,49782,3.560664,6,6,6,14.242718,24,34.485316,54,4069000,1716748,e9258f001dee2df2,,,,,,,
13,timed,timeline,12648430,10000,100000,60000,57780,3.551073,4,4,4,14.204344,16,34.408584,38,4859808,1988128,a387448cbfa71746,,,,,,,
13,timed,timeline,12648430,10000,100000,70000,65754,3.509444,4,4,4,14.037823,16,34.075554,38,5400824,2240604,f4aa363fa8a25286,,,,,,,
13,timed,timeline,12648430,10000,100000,80000,73752,3.721716,6,6,6,14.886905,24,35.773728,54,6275928,2638384,8c5158981f473ff9,,,,,,,
13,timed,timeline,12648430,10000,100000,90000,81834,3.63371,4,4,4,14.534875,16,35.069678,38,7127824,2869892,202ef5ab5385c685,,,,,,,
13,timed,timeline,12648430,10000,100000,100000,89868,3.664007,4,5,5,14.656062,20,35.312058,46,7774904,3173424,7dcb541698e507d5,,,,,,,
13,diagnostic,timeline,12648430,10000,100000,0,10000,0.9999,1,1,1,3.9999,4,13.9992,14,479984,139992,e683f3560ca72cf4,30001,960040,960040,960040,320000,159984,480000
13,diagnostic,timeline,12648430,10000,100000,10000,18006,1.440464,3,3,3,5.761857,12,17.523714,30,942328,315532,3bbb6bb3ba62e226,57010,2047952,1806672,1806672,576192,366136,864288
13,diagnostic,timeline,12648430,10000,100000,20000,25876,2.278598,5,5,5,9.114392,20,24.228783,46,1611272,626944,686d4378037365e5,83815,3644288,2853376,2853376,828032,783240,1242048
13,diagnostic,timeline,12648430,10000,100000,30000,33894,3.273706,4,4,4,13.094914,16,32.18965,38,2692400,1091036,f4e90ac412cc7c0f,238795,15411400,4319368,6761296,1084608,1607792,1626912
13,diagnostic,timeline,12648430,10000,100000,40000,41878,3.231363,4,4,4,12.925522,16,31.8509,38,3228144,1333852,01f61a853f396902,265771,16767096,5238344,6761296,1340096,1888048,2010144
13,diagnostic,timeline,12648430,10000,100000,50000,49782,3.560664,6,6,6,14.242718,24,34.485316,54,4069000,1716748,e9258f001dee2df2,292627,18755944,6458592,6761296,1593024,2475976,2389536
13,diagnostic,timeline,12648430,10000,100000,60000,57780,3.551073,4,4,4,14.204344,16,34.408584,38,4859808,1988128,a387448cbfa71746,552097,38581776,7633304,11831368,1848960,3010848,2773440
13,diagnostic,timeline,12648430,10000,100000,70000,65754,3.509444,4,4,4,14.037823,16,34.075554,38,5400824,2240604,f4aa363fa8a25286,579058,39966232,8557072,11831368,2104128,3296696,3156192
13,diagnostic,timeline,12648430,10000,100000,80000,73752,3.721716,6,6,6,14.886905,24,35.773728,54,6275928,2638384,8c5158981f473ff9,606055,42026280,9816080,11831368,2360064,3915864,3540096
13,diagnostic,timeline,12648430,10000,100000,90000,81834,3.63371,4,4,4,14.534875,16,35.069678,38,7127824,2869892,202ef5ab5385c685,1043401,80843848,11055912,18590168,2618688,4509136,3928032
13,diagnostic,timeline,12648430,10000,100000,100000,89868,3.664007,4,5,5,14.656062,20,35.312058,46,7774904,3173424,7dcb541698e507d5,1070452,82451176,12088624,18590168,2875776,4899128,4313664
14,timed,priority,17,10000,100000,0,10000,2.3541,4,5,6,9.4167,24,24.8328,54,620368,248328,077ff11f51ebb72e,,,,,,,
14,timed,priority,17,10000,100000,10000,10986,1.707537,3,5,6,6.830147,24,19.660295,54,609288,215988,0d0b2e305dc97f04,,,,,,,
14,timed,priority,17,10000,100000,20000,12067,1.408469,3,5,6,5.633878,24,17.267755,54,634968,208370,a921b0a7203f3d82,,,,,,,
14,timed,priority,17,10000,100000,30000,13188,1.491128,4,5,6,5.964513,24,17.929026,54,708872,236448,c1cac4dbe8fed97d,,,,,,,
14,timed,priority,17,10000,100000,40000,14310,1.573585,4,5,6,6.29434,24,18.588679,54,785056,266004,7e9d7c103c82add7,,,,,,,
14,timed,priority,17,10000,100000,50000,15496,1.64636,4,5,6,6.585441,24,19.170883,54,864688,297072,b101dab88638121a,,,,,,,
14,timed,priority,17,10000,100000,60000,16507,2.800812,3,4,6,11.203247,24,28.406494,54,1135344,468906,dbc8f6b25d32f831,,,,,,,
14,timed,priority,17,10000,100000,70000,17584,2.391208,4,5,6,9.564832,24,25.129663,54,1108600,441880,b0ec6a5cdedbf63a,,,,,,,
14,timed,priority,17,10000,100000,80000,18590,1.92114,4,5,6,7.684562,24,21.369123,54,1064152,397252,b33e1678302e9fe2,,,,,,,
14,timed,priority,17,10000,100000,90000,19476,1.494865,3,5,6,5.979462,24,17.958924,54,1035096,349768,0245ef921494741b,,,,,,,
14,timed,priority,17,10000,100000,100000,20539,1.388042,3,5,6,5.552169,24,17.104338,54,1073488,351306,fac6d83c09596794,,,,,,,
14,diagnostic,priority,17,10000,100000,0,10000,2.3541,4,5,6,9.4167,24,24.8328,54,620368,248328,077ff11f51ebb72e,51116,2632216,1100424,1100424,320000,300368,480000
14,diagnostic,priority,17,10000,100000,10000,10986,1.707537,3,5,6,6.830147,24,19.660295,54,609288,215988,0d0b2e305dc97f04,105385,5344304,1136672,1155224,351552,257736,527328
14,diagnostic,priority,17,10000,100000,20000,12067,1.408469,3,5,6,5.633878,24,17.267755,54,634968,208370,a921b0a7203f3d82,155713,7690632,1214240,1214312,386144,248824,579216
14,diagnostic,priority,17,10000,100000,30000,13188,1.491128,4,5,6,5.964513,24,17.929026,54,708872,236448,c1cac4dbe8fed97d,186152,8969160,1341952,1341952,422016,286856,633024
14,diagnostic,priority,17,10000,100000,40000,14310,1.573585,4,5,6,6.29434,24,18.588679,54,785056,266004,7e9d7c103c82add7,216397,10262232,1471992,1472384,457920,327136,686880
14,diagnostic,priority,17,10000,100000,50000,15496,1.64636,4,5,6,6.585441,24,19.170883,54,864688,297072,b101dab88638121a,243804,11405648,1608552,1609440,495872,368816,743808
14,diagnostic,priority,17,10000,100000,60000,16507,2.800812,3,4,6,11.203247,24,28.406494,54,1135344,468906,dbc8f6b25d32f831,341763,17544432,1927736,3051792,528224,607120,792336
14,diagnostic,priority,17,10000,100000,70000,17584,2.391208,4,5,6,9.564832,24,25.129663,54,1108600,441880,b0ec6a5cdedbf63a,386314,19844392,1952688,3051792,562688,545912,844032
14,diagnostic,priority,17,10000,100000,80000,18590,1.92114,4,5,6,7.684562,24,21.369123,54,1064152,397252,b33e1678302e9fe2,450760,23135976,1956528,3051792,594880,469272,892320
14,diagnostic,priority,17,10000,100000,90000,19476,1.494865,3,5,6,5.979462,24,17.958924,54,1035096,349768,0245ef921494741b,526622,26917304,1970000,3051792,623232,411864,934848
14,diagnostic,priority,17,10000,100000,100000,20539,1.388042,3,5,6,5.552169,24,17.104338,54,1073488,351306,fac6d83c09596794,570957,28889776,2059416,3051792,657248,416240,985872
15,timed,priority,305419896,10000,100000,0,10000,2.0715,4,5,6,8.3059,25,22.572,54,588232,225720,602b63039a07399e,,,,,,,
15,timed,priority,305419896,10000,100000,10000,11106,2.476049,3,5,6,9.904196,24,25.808392,54,712560,286628,edde2500b6addcf3,,,,,,,
15,timed,priority,305419896,10000,100000,20000,12111,1.663034,3,5,6,6.652134,24,19.304269,54,663872,233794,04bf4e3ddf749710,,,,,,,
15,timed,priority,305419896,10000,100000,30000,13178,1.367279,3,5,6,5.469115,24,16.93823,54,683992,223212,15f644399808c2a1,,,,,,,
15,timed,priority,305419896,10000,100000,40000,14158,1.421599,3,5,6,5.686396,24,17.372793,54,748864,245964,217390295aac38e4,,,,,,,
15,timed,priority,305419896,10000,100000,50000,15164,1.44388,3,5,6,5.775521,24,17.551042,54,809656,266144,900684268650bb21,,,,,,,
15,timed,priority,305419896,10000,100000,60000,16107,1.521761,4,5,6,6.087043,24,18.174086,54,876224,292730,4e652963a2581689,,,,,,,
15,timed,priority,305419896,10000,100000,70000,17034,1.569332,4,5,6,6.277328,24,18.554655,54,937392,316060,cb8eff9dc1cac163,,,,,,,
15,timed,priority,305419896,10000,100000,80000,17939,1.593679,4,5,6,6.374714,24,18.749429,54,992176,336346,b4cade9e0ddc1074,,,,,,,
15,timed,priority,305419896,10000,100000,90000,18971,1.657741,4,5,6,6.630963,24,19.261926,54,1064496,365418,6415a7bc459a5803,,,,,,,
15,timed,priority,305419896,10000,100000,100000,19986,2.933103,4,4,6,11.732413,24,29.464825,54,1426400,588884,ff116120353b8e4a,,,,,,,
15,diagnostic,priority,305419896,10000,100000,0,10000,2.0715,4,5,6,8.3059,25,22.572,54,588232,225720,602b63039a07399e,50026,2474704,1068288,1068288,320000,268232,480000
15,diagnostic,priority,305419896,10000,100000,10000,11106,2.476049,3,5,6,9.904196,24,25.808392,54,712560,286628,edde2500b6addcf3,136638,7563248,1245704,1995936,355392,357168,533088
15,diagnostic,priority,305419896,10000,100000,20000,12111,1.663034,3,5,6,6.652134,24,19.304269,54,663872,233794,04bf4e3ddf749710,197414,10625544,1245256,1995936,387552,276320,581328
15,diagnostic,priority,305419896,10000,100000,30000,13178,1.367279,3,5,6,5.469115,24,16.93823,54,683992,223212,15f644399808c2a1,248476,13019744,1316592,1995936,421696,262296,632544
15,diagnostic,priority,305419896,10000,100000,40000,14158,1.421599,3,5,6,5.686396,24,17.372793,54,748864,245964,217390295aac38e4,280811,14418824,1428504,1995936,453056,295808,679584
15,diagnostic,priority,305419896,10000,100000,50000,15164,1.44388,3,5,6,5.775521,24,17.551042,54,809656,266144,900684268650bb21,313270,15763368,1537584,1995936,485248,324408,727872
15,diagnostic,priority,305419896,10000,100000,60000,16107,1.521761,4,5,6,6.087043,24,18.174086,54,876224,292730,4e652963a2581689,338310,16745432,1649416,1995936,515424,360800,773136
15,diagnostic,priority,305419896,10000,100000,70000,17034,1.569332,4,5,6,6.277328,24,18.554655,54,937392,316060,cb8eff9dc1cac163,366933,17938192,1755080,1995936,545088,392304,817632
15,diagnostic,priority,305419896,10000,100000,80000,17939,1.593679,4,5,6,6.374714,24,18.749429,54,992176,336346,b4cade9e0ddc1074,393935,19037224,1853304,1995936,574048,418128,861072
15,diagnostic,priority,305419896,10000,100000,90000,18971,1.657741,4,5,6,6.630963,24,19.261926,54,1064496,365418,6415a7bc459a5803,421747,20219008,1975160,1995936,607072,457424,910608
15,diagnostic,priority,305419896,10000,100000,100000,19986,2.933103,4,4,6,11.732413,24,29.464825,54,1426400,588884,ff116120353b8e4a,558275,29800840,2385784,4224664,639552,786848,959328
16,timed,priority,2654435769,10000,100000,0,10000,2.4928,4,5,6,9.9715,24,25.9424,54,641408,259424,86454844c04cc7dc,,,,,,,
16,timed,priority,2654435769,10000,100000,10000,10906,1.737667,3,5,6,6.950669,24,19.901339,54,609160,217044,51acf7dd0fd72b31,,,,,,,
16,timed,priority,2654435769,10000,100000,20000,11841,1.524533,3,5,6,6.098134,24,18.196267,54,637632,215462,f84ac031605bdfc4,,,,,,,
16,timed,priority,2654435769,10000,100000,30000,12741,1.527274,4,5,6,6.109097,24,18.218193,54,691320,232118,d3903ad0e7c9a1fc,,,,,,,
16,timed,priority,2654435769,10000,100000,40000,13823,1.650293,4,5,6,6.601172,24,19.202344,54,772728,265434,3d5e06be5d984e08,,,,,,,
16,timed,priority,2654435769,10000,100000,50000,14806,2.67297,3,4,6,10.691882,24,27.383763,54,991768,405444,e96c4a7793dbe531,,,,,,,
16,timed,priority,2654435769,10000,100000,60000,15774,2.066755,4,5,6,8.267022,24,22.534043,54,931928,355452,78e25505071689e5,,,,,,,
16,timed,priority,2654435769,10000,100000,70000,16732,1.65826,4,5,6,6.633038,24,19.266077,54,917152,322360,fbb5c9270d5f5846,,,,,,,
16,timed,priority,2654435769,10000,100000,80000,17808,1.481469,3,5,6,5.925876,24,17.851752,54,950608,317904,ca97954a52570c2c,,,,,,,
16,timed,priority,2654435769,10000,100000,90000,18825,1.54162,4,5,6,6.166481,24,18.332961,54,1022592,345118,643cdca62f640443,,,,,,,
16,timed,priority,2654435769,10000,100000,100000,19828,1.621646,4,5,6,6.486585,24,18.973169,54,1097912,376200,8c287cb91226fc41,,,,,,,
16,diagnostic,priority,2654435769,10000,100000,0,10000,2.4928,4,5,6,9.9715,24,25.9424,54,641408,259424,86454844c04cc7dc,65353,3527904,1121464,1121896,320000,321408,480000
16,diagnostic,priority,2654435769,10000,100000,10000,10906,1.737667,3,5,6,6.950669,24,19.901339,54,609160,217044,51acf7dd0fd72b31,124547,6524432,1132704,1182472,348992,260168,523488
16,diagnostic,priority,2654435769,10000,100000,20000,11841,1.524533,3,5,6,6.098134,24,18.196267,54,637632,215462,f84ac031605bdfc4,171548,8789296,1206056,1210080,378912,258720,568368
16,diagnostic,priority,2654435769,10000,100000,30000,12741,1.527274,4,5,6,6.109097,24,18.218193,54,691320,232118,d3903ad0e7c9a1fc,212660,10700856,1302944,1344912,407712,283608,611568
16,diagnostic,priority,2654435769,10000,100000,40000,13823,1.650293,4,5,6,6.601172,24,19.202344,54,772728,265434,3d5e06be5d984e08,239817,11851480,1436288,1436472,442336,330392,663504
16,diagnostic,priority,2654435769,10000,100000,50000,14806,2.67297,3,4,6,10.691882,24,27.383763,54,991768,405444,e96c4a7793dbe531,337706,17699040,1702512,2681000,473792,517976,710688
16,diagnostic,priority,2654435769,10000,100000,60000,15774,2.066755,4,5,6,8.267022,24,22.534043,54,931928,355452,78e25505071689e5,389998,20329088,1689136,2681000,504768,427160,757152
16,diagnostic,priority,2654435769,10000,100000,70000,16732,1.65826,4,5,6,6.633038,24,19.266077,54,917152,322360,fbb5c9270d5f5846,449451,23263952,1720344,2681000,535424,381728,803136
16,diagnostic,priority,2654435769,10000,100000,80000,17808,1.481469,3,5,6,5.925876,24,17.851752,54,950608,317904,ca97954a52570c2c,500601,25734752,1805448,2681000,569856,380752,854784
16,diagnostic,priority,2654435769,10000,100000,90000,18825,1.54162,4,5,6,6.166481,24,18.332961,54,1022592,345118,643cdca62f640443,532744,27162904,1926248,2681000,602400,420192,903600
16,diagnostic,priority,2654435769,10000,100000,100000,19828,1.621646,4,5,6,6.486585,24,18.973169,54,1097912,376200,8c287cb91226fc41,563788,28507880,2049712,2681000,634496,463416,951744
17,timed,priority,826366246,10000,100000,0,10000,1.9082,4,4,6,7.6328,24,21.2656,54,567024,212656,c1c72bd147b7a040,,,,,,,
17,timed,priority,826366246,10000,100000,10000,11000,2.033909,4,5,6,8.135636,24,22.271273,54,654208,244984,ef0c0350560c3d4a,,,,,,,
17,timed,priority,826366246,10000,100000,20000,12022,2.097155,5,6,6,8.388621,24,22.777242,54,732984,273828,b6538013ddacfb72,,,,,,,
17,timed,priority,826366246,10000,100000,30000,12983,2.063005,4,6,6,8.252022,24,22.504044,54,787824,292170,38291c2cfda22736,,,,,,,
17,timed,priority,826366246,10000,100000,40000,13982,2.05221,4,6,6,8.20884,24,22.41768,54,846608,313444,a6ab4f96c47679ef,,,,,,,
17,timed,priority,826366246,10000,100000,50000,14908,2.046016,4,6,6,8.184062,24,22.368124,54,903776,333464,a53562a628b67755,,,,,,,
17,timed,priority,826366246,10000,100000,60000,15953,2.061869,5,6,6,8.247477,24,22.494954,54,971208,358862,0fa25f0f5d7e9889,,,,,,,
17,timed,priority,826366246,10000,100000,70000,16955,2.062636,4,6,6,8.250546,24,22.501091,54,1031824,381506,732da3e468efc59e,,,,,,,
17,timed,priority,826366246,10000,100000,80000,18069,2.006697,4,6,6,8.026786,24,22.053572,54,1086152,398486,efb05b3367ee5dbc,,,,,,,
17,timed,priority,826366246,10000,100000,90000,19117,1.809175,4,5,6,7.2367,24,20.473401,54,1103936,391390,4877605a2693817d,,,,,,,
17,timed,priority,826366246,10000,100000,100000,20085,1.866368,4,6,6,7.465472,24,20.930943,54,1176728,420398,5b691d4124cc39b9,,,,,,,
17,diagnostic,priority,826366246,10000,100000,0,10000,1.9082,4,4,6,7.6328,24,21.2656,54,567024,212656,c1c72bd147b7a040,47733,2246168,1047080,1047080,320000,247024,480000
17,diagnostic,priority,826366246,10000,100000,10000,11000,2.033909,4,5,6,8.135636,24,22.271273,54,654208,244984,ef0c0350560c3d4a,90399,4428704,1182264,1236360,352000,302208,528000
17,diagnostic,priority,826366246,10000,100000,20000,12022,2.097155,5,6,6,8.388621,24,22.777242,54,732984,273828,b6538013ddacfb72,132664,6566616,1310096,1319240,384704,348280,577056
17,diagnostic,priority,826366246,10000,100000,30000,12983,2.063005,4,6,6,8.252022,24,22.504044,54,787824,292170,38291c2cfda22736,175209,8728696,1411064,1471696,415456,372368,623184
17,diagnostic,priority,826366246,10000,100000,40000,13982,2.05221,4,6,6,8.20884,24,22.41768,54,846608,313444,a6ab4f96c47679ef,210306,10403432,1517800,1523168,447424,399184,671136
17,diagnostic,priority,826366246,10000,100000,50000,14908,2.046016,4,6,6,8.184062,24,22.368124,54,903776,333464,a53562a628b67755,245793,12137840,1619416,1628344,477056,426720,715584
17,diagnostic,priority,826366246,10000,100000,60000,15953,2.061869,5,6,6,8.247477,24,22.494954,54,971208,358862,0fa25f0f5d7e9889,278876,13707800,1737008,1737368,510496,460712,765744
17,diagnostic,priority,826366246,10000,100000,70000,16955,2.062636,4,6,6,8.250546,24,22.501091,54,1031824,381506,732da3e468efc59e,313084,15371888,1845720,1856280,542560,489264,813840
17,diagnostic,priority,826366246,10000,100000,80000,18069,2.006697,4,6,6,8.026786,24,22.053572,54,1086152,398486,efb05b3367ee5dbc,351648,17213672,1953520,1960104,578208,507944,867312
17,diagnostic,priority,826366246,10000,100000,90000,19117,1.809175,4,5,6,7.2367,24,20.473401,54,1103936,391390,4877605a2693817d,407873,19853656,2021608,2282520,611744,492192,917616
17,diagnostic,priority,826366246,10000,100000,100000,20085,1.866368,4,6,6,7.465472,24,20.930943,54,1176728,420398,5b691d4124cc39b9,437298,21212760,2140864,2282520,642720,534008,964080
18,timed,priority,12648430,10000,100000,0,10000,1.9972,4,5,6,7.9889,24,21.9776,54,581744,219776,51e499e005d806d7,,,,,,,
18,timed,priority,12648430,10000,100000,10000,10927,2.204539,4,6,6,8.818157,24,23.636314,54,674832,258274,890b412725196ec4,,,,,,,
18,timed,priority,12648430,10000,100000,20000,11925,1.684109,4,5,6,6.736436,24,19.472872,54,670992,232214,4990dced8f6790a6,,,,,,,
18,timed,priority,12648430,10000,100000,30000,12870,1.769153,4,5,6,7.076612,24,20.153225,54,739056,259372,e58f9658bd769d73,,,,,,,
18,timed,priority,12648430,10000,100000,40000,13952,1.797162,4,5,6,7.188647,24,20.377294,54,806000,284304,17bf8ed50b722d28,,,,,,,
18,timed,priority,12648430,10000,100000,50000,14927,1.862531,4,6,6,7.450124,24,20.900248,54,873768,311978,60c89a69900bff79,,,,,,,
18,timed,priority,12648430,10000,100000,60000,15826,1.90067,4,6,6,7.602679,24,21.205358,54,934864,335596,5dc6c7dbe8c3d34f,,,,,,,
18,timed,priority,12648430,10000,100000,70000,16963,1.922537,4,6,6,7.690149,24,21.380298,54,1007232,362674,cf69659c6c0f441e,,,,,,,
18,timed,priority,12648430,10000,100000,80000,18036,1.935074,4,6,6,7.740297,24,21.480594,54,1074432,387424,318f01902e78f796,,,,,,,
18,timed,priority,12648430,10000,100000,90000,19157,1.935585,4,6,6,7.74234,24,21.484679,54,1140408,411582,6d12d8a3d2da82d1,,,,,,,
18,timed,priority,12648430,10000,100000,100000,20058,1.921228,4,6,6,7.684914,24,21.369828,54,1189968,428636,55aa117b7a4192a6,,,,,,,
18,diagnostic,priority,12648430,10000,100000,0,10000,1.9972,4,5,6,7.9889,24,21.9776,54,581744,219776,51e499e005d806d7,73313,3751360,1061800,1061800,320000,261744,480000
18,diagnostic,priority,12648430,10000,100000,10000,10927,2.204539,4,6,6,8.818157,24,23.636314,54,674832,258274,890b412725196ec4,111488,5663472,1199384,1199928,349664,325168,524496
18,diagnostic,priority,12648430,10000,100000,20000,11925,1.684109,4,5,6,6.736436,24,19.472872,54,670992,232214,4990dced8f6790a6,176140,8790872,1243448,1496880,381600,289392,572400
18,diagnostic,priority,12648430,10000,100000,30000,12870,1.769153,4,5,6,7.076612,24,20.153225,54,739056,259372,e58f9658bd769d73,204467,10045824,1356872,1496880,411840,327216,617760
18,diagnostic,priority,12648430,10000,100000,40000,13952,1.797162,4,5,6,7.188647,24,20.377294,54,806000,284304,17bf8ed50b722d28,233340,11300808,1475752,1496880,446464,359536,669696
18,diagnostic,priority,12648430,10000,100000,50000,14927,1.862531,4,6,6,7.450124,24,20.900248,54,873768,311978,60c89a69900bff79,261046,12537928,1590320,1590960,477664,396104,716496
18,diagnostic,priority,12648430,10000,100000,60000,15826,1.90067,4,6,6,7.602679,24,21.205358,54,934864,335596,5dc6c7dbe8c3d34f,288552,13731488,1694568,1696112,506432,428432,759648
18,diagnostic,priority,12648430,10000,100000,70000,16963,1.922537,4,6,6,7.690149,24,21.380298,54,1007232,362674,cf69659c6c0f441e,319250,15148144,1821512,1837176,542816,464416,814224
18,diagnostic,priority,12648430,10000,100000,80000,18036,1.935074,4,6,6,7.740297,24,21.480594,54,1074432,387424,318f01902e78f796,348541,16473200,1940216,1940584,577152,497280,865728
18,diagnostic,priority,12648430,10000,100000,90000,19157,1.935585,4,6,6,7.74234,24,21.484679,54,1140408,411582,6d12d8a3d2da82d1,378161,17808840,2060000,2061064,613024,527384,919536
18,diagnostic,priority,12648430,10000,100000,100000,20058,1.921228,4,6,6,7.684914,24,21.369828,54,1189968,428636,55aa117b7a4192a6,410562,19315968,2152808,2153648,641856,548112,962784
19,timed,local,17,10000,100000,0,10000,0.9999,1,1,1,3.9999,4,13.9992,14,479984,139992,e683f3560ca72cf4,,,,,,,
19,timed,local,17,10000,100000,10000,10005,1.628786,3,4,6,6.515442,24,19.030285,54,546776,190398,2ba8d624225989b3,,,,,,,
19,timed,local,17,10000,100000,20000,10019,1.981934,4,5,6,7.928037,24,21.855475,54,599096,218970,c93659dd44b20ad9,,,,,,,
19,timed,local,17,10000,100000,30000,9975,2.10396,5,6,6,8.41614,24,22.831679,54,615720,227746,fbf97c7bce8240b1,,,,,,,
19,timed,local,17,10000,100000,40000,9936,2.125302,5,6,6,8.50151,24,23.002415,54,616624,228552,633e0593d4f35739,,,,,,,
19,timed,local,17,10000,100000,50000,9961,2.132115,5,6,6,8.528762,24,23.056922,54,618056,229670,3afc885438cfd330,,,,,,,
19,timed,local,17,10000,100000,60000,9869,2.123721,5,6,6,8.495187,24,22.989766,54,609480,226886,019a43da2fe72e80,,,,,,,
19,timed,local,17,10000,100000,70000,9940,2.129477,5,6,6,8.517907,24,23.035815,54,613632,228976,7c30bd367ff83335,,,,,,,
19,timed,local,17,10000,100000,80000,9939,2.159573,5,6,6,8.638595,24,23.276587,54,616976,231346,b287c1e4b6a2a1f8,,,,,,,
19,timed,local,17,10000,100000,90000,9889,2.143594,5,6,6,8.574679,24,23.148751,54,611464,228918,b4388da7e71fae8e,,,,,,,
19,timed,local,17,10000,100000,100000,9923,2.17011,5,6,6,8.680742,24,23.360879,54,617552,231810,65a5c71236ff9999,,,,,,,
19,diagnostic,local,17,10000,100000,0,10000,0.9999,1,1,1,3.9999,4,13.9992,14,479984,139992,e683f3560ca72cf4,30001,960040,960040,960040,320000,159984,480000
19,diagnostic,local,17,10000,100000,10000,10005,1.628786,3,4,6,6.515442,24,19.030285,54,546776,190398,2ba8d624225989b3,57145,2023656,1027072,1027640,320160,226616,480240
19,diagnostic,local,17,10000,100000,20000,10019,1.981934,4,5,6,7.928037,24,21.855475,54,599096,218970,c93659dd44b20ad9,84459,3139368,1080064,1080064,320608,278488,480912
19,diagnostic,local,17,10000,100000,30000,9975,2.10396,5,6,6,8.41614,24,22.831679,54,615720,227746,fbf97c7bce8240b1,112443,4305976,1094576,1094680,319200,296520,478800
19,diagnostic,local,17,10000,100000,40000,9936,2.125302,5,6,6,8.50151,24,23.002415,54,616624,228552,633e0593d4f35739,140691,5497064,1093608,1099232,317952,298672,476928
19,diagnostic,local,17,10000,100000,50000,9961,2.132115,5,6,6,8.528762,24,23.056922,54,618056,229670,3afc885438cfd330,169151,6700176,1096240,1099304,318752,299304,478128
19,diagnostic,local,17,10000,100000,60000,9869,2.123721,5,6,6,8.495187,24,22.989766,54,609480,226886,019a43da2fe72e80,197881,7916264,1083248,1099304,315808,293672,473712
19,diagnostic,local,17,10000,100000,70000,9940,2.129477,5,6,6,8.517907,24,23.035815,54,613632,228976,7c30bd367ff83335,226667,9139072,1090808,1099304,318080,295552,477120
19,diagnostic,local,17,10000,100000,80000,9939,2.159573,5,6,6,8.638595,24,23.276587,54,616976,231346,b287c1e4b6a2a1f8,255341,10366952,1094104,1099304,318048,298928,477072
19,diagnostic,local,17,10000,100000,90000,9889,2.143594,5,6,6,8.574679,24,23.148751,54,611464,228918,b4388da7e71fae8e,284153,11593112,1086192,1100552,316448,295016,474672
19,diagnostic,local,17,10000,100000,100000,9923,2.17011,5,6,6,8.680742,24,23.360879,54,617552,231810,65a5c71236ff9999,312639,12813048,1093912,1100552,317536,300016,476304
20,timed,local,305419896,10000,100000,0,10000,0.9999,1,1,1,3.9999,4,13.9992,14,479984,139992,e683f3560ca72cf4,,,,,,,
20,timed,local,305419896,10000,100000,10000,9967,1.625263,3,4,6,6.501053,24,19.002107,54,544528,189394,d69a4aaf69e015a3,,,,,,,
20,timed,local,305419896,10000,100000,20000,9960,1.977108,4,5,6,7.908434,24,21.816867,54,595128,217296,6b3f30c111aa5487,,,,,,,
20,timed,local,305419896,10000,100000,30000,9925,2.088967,4,6,6,8.356171,24,22.711738,54,609672,225414,983f4d63892329ac,,,,,,,
20,timed,local,305419896,10000,100000,40000,9909,2.132909,5,6,6,8.531638,24,23.063276,54,615232,228534,e2097eab75466ce8,,,,,,,
20,timed,local,305419896,10000,100000,50000,9929,2.163461,5,6,6,8.654144,24,23.307685,54,619968,231422,2bba939910c6660f,,,,,,,
20,timed,local,305419896,10000,100000,60000,9921,2.167221,5,6,6,8.669187,24,23.337768,54,618792,231534,34a6bfccd786667f,,,,,,,
20,timed,local,305419896,10000,100000,70000,9860,2.157099,5,6,6,8.628702,24,23.256795,54,612880,229312,4aca111f32ce4204,,,,,,,
20,timed,local,305419896,10000,100000,80000,9838,2.134682,5,6,6,8.538727,24,23.077455,54,608280,227036,f5c4442ef4475111,,,,,,,
20,timed,local,305419896,10000,100000,90000,9828,2.151201,5,6,6,8.604803,24,23.209605,54,610152,228104,3e6787ab35919ede,,,,,,,
20,timed,local,305419896,10000,100000,100000,9828,2.155169,5,6,6,8.620676,24,23.241351,54,609744,228416,1c0c94fd2d3516a0,,,,,,,
20,diagnostic,local,305419896,10000,100000,0,10000,0.9999,1,1,1,3.9999,4,13.9992,14,479984,139992,e683f3560ca72cf4,30001,960040,960040,960040,320000,159984,480000
20,diagnostic,local,305419896,10000,100000,10000,9967,1.625263,3,4,6,6.501053,24,19.002107,54,544528,189394,d69a4aaf69e015a3,56899,2013280,1023000,1023232,318944,225584,478416
20,diagnostic,local,305419896,10000,100000,20000,9960,1.977108,4,5,6,7.908434,24,21.816867,54,595128,217296,6b3f30c111aa5487,84160,3126960,1073264,1073656,318720,276408,478080
20,diagnostic,local,305419896,10000,100000,30000,9925,2.088967,4,6,6,8.356171,24,22.711738,54,609672,225414,983f4d63892329ac,111846,4275104,1086128,1087704,317600,292072,476400
20,diagnostic,local,305419896,10000,100000,40000,9909,2.132909,5,6,6,8.531638,24,23.063276,54,615232,228534,e2097eab75466ce8,140130,5463848,1090920,1093440,317088,298144,475632
20,diagnostic,local,305419896,10000,100000,50000,9929,2.163461,5,6,6,8.654144,24,23.307685,54,619968,231422,2bba939910c6660f,168588,6670176,1096616,1098880,317728,302240,476592
20,diagnostic,local,305419896,10000,100000,60000,9921,2.167221,5,6,6,8.669187,24,23.337768,54,618792,231534,34a6bfccd786667f,197441,7896648,1095056,1098880,317472,301320,476208
20,diagnostic,local,305419896,10000,100000,70000,9860,2.157099,5,6,6,8.628702,24,23.256795,54,612880,229312,4aca111f32ce4204,225644,9094416,1086216,1098880,315520,297360,473280
20,diagnostic,local,305419896,10000,100000,80000,9838,2.134682,5,6,6,8.538727,24,23.077455,54,608280,227036,f5c4442ef4475111,254165,10303880,1080560,1098880,314816,293464,472224
20,diagnostic,local,305419896,10000,100000,90000,9828,2.151201,5,6,6,8.604803,24,23.209605,54,610152,228104,3e6787ab35919ede,282723,11529720,1081952,1098880,314496,295656,471744
20,diagnostic,local,305419896,10000,100000,100000,9828,2.155169,5,6,6,8.620676,24,23.241351,54,609744,228416,1c0c94fd2d3516a0,311689,12776384,1081544,1098880,314496,295248,471744
21,timed,local,2654435769,10000,100000,0,10000,0.9999,1,1,1,3.9999,4,13.9992,14,479984,139992,e683f3560ca72cf4,,,,,,,
21,timed,local,2654435769,10000,100000,10000,10075,1.623424,3,4,6,6.493697,24,18.987395,54,549808,191298,54e7b563eb550e56,,,,,,,
21,timed,local,2654435769,10000,100000,20000,10069,1.97388,4,5,6,7.895819,24,21.791042,54,600712,219414,e3fde6764a9daa6f,,,,,,,
21,timed,local,2654435769,10000,100000,30000,10118,2.103874,4,5,6,8.415794,24,22.830994,54,623472,231004,d7be409f642c934f,,,,,,,
21,timed,local,2654435769,10000,100000,40000,10071,2.133552,5,6,6,8.534207,24,23.068414,54,624952,232322,ec5cd7a2983b1848,,,,,,,
21,timed,local,2654435769,10000,100000,50000,10048,2.148985,5,6,6,8.596238,24,23.191879,54,624624,233032,82bf7e3eb0535149,,,,,,,
21,timed,local,2654435769,10000,100000,60000,10030,2.154536,5,6,6,8.618445,24,23.236291,54,623480,233060,5c9119b2bbd416d9,,,,,,,
21,timed,local,2654435769,10000,100000,70000,9947,2.162662,5,6,6,8.65095,24,23.301297,54,617480,231778,833d4d6c612ecf62,,,,,,,
21,timed,local,2654435769,10000,100000,80000,9939,2.1804,5,6,6,8.721602,24,23.443204,54,620744,233002,fd06bd65001f349e,,,,,,,
21,timed,local,2654435769,10000,100000,90000,10019,2.198623,5,6,6,8.79479,24,23.588981,54,627304,236338,09dd99bbe7941cb9,,,,,,,
21,timed,local,2654435769,10000,100000,100000,9991,2.180062,5,6,6,8.720548,24,23.440496,54,624176,234194,b93e27df36244f46,,,,,,,
21,diagnostic,local,2654435769,10000,100000,0,10000,0.9999,1,1,1,3.9999,4,13.9992,14,479984,139992,e683f3560ca72cf4,30001,960040,960040,960040,320000,159984,480000
21,diagnostic,local,2654435769,10000,100000,10000,10075,1.623424,3,4,6,6.493697,24,18.987395,54,549808,191298,54e7b563eb550e56,57115,2021264,1033464,1033464,322400,227408,483600
21,diagnostic,local,2654435769,10000,100000,20000,10069,1.97388,4,5,6,7.895819,24,21.791042,54,600712,219414,e3fde6764a9daa6f,84446,3137288,1084080,1084312,322208,278504,483312
21,diagnostic,local,2654435769,10000,100000,30000,10118,2.103874,4,5,6,8.415794,24,22.830994,54,623472,231004,d7be409f642c934f,112383,4297640,1109192,1110480,323776,299696,485664
21,diagnostic,local,2654435769,10000,100000,40000,10071,2.133552,5,6,6,8.534207,24,23.068414,54,624952,232322,ec5cd7a2983b1848,140823,5491496,1108416,1111736,322272,302680,483408
21,diagnostic,local,2654435769,10000,100000,50000,10048,2.148985,5,6,6,8.596238,24,23.191879,54,624624,233032,82bf7e3eb0535149,169225,6695632,1106984,1111736,321536,303088,482304
21,diagnostic,local,2654435769,10000,100000,60000,10030,2.154536,5,6,6,8.618445,24,23.236291,54,623480,233060,5c9119b2bbd416d9,197473,7896552,1104976,1111736,320960,302520,481440
21,diagnostic,local,2654435769,10000,100000,70000,9947,2.162662,5,6,6,8.65095,24,23.301297,54,617480,231778,833d4d6c612ecf62,226113,9119048,1094992,1111736,318304,299176,477456
21,diagnostic,local,2654435769,10000,100000,80000,9939,2.1804,5,6,6,8.721602,24,23.443204,54,620744,233002,fd06bd65001f349e,254720,10347568,1097872,1111736,318048,302696,477072
21,diagnostic,local,2654435769,10000,100000,90000,10019,2.198623,5,6,6,8.79479,24,23.588981,54,627304,236338,09dd99bbe7941cb9,283631,11588712,1108272,1111736,320608,306696,480912
21,diagnostic,local,2654435769,10000,100000,100000,9991,2.180062,5,6,6,8.720548,24,23.440496,54,624176,234194,b93e27df36244f46,312490,12823448,1103800,1111736,319712,304464,479568
22,timed,local,826366246,10000,100000,0,10000,0.9999,1,1,1,3.9999,4,13.9992,14,479984,139992,e683f3560ca72cf4,,,,,,,
22,timed,local,826366246,10000,100000,10000,10022,1.638196,3,4,6,6.552784,24,19.105568,54,548912,191476,5c788d6dbf31d672,,,,,,,
22,timed,local,826366246,10000,100000,20000,10087,1.9655,4,5,6,7.862298,24,21.724001,54,601136,219130,f910e65b418ba219,,,,,,,
22,timed,local,826366246,10000,100000,30000,10081,2.113878,5,6,6,8.455808,24,22.911021,54,622728,230966,ec442414bb0268e6,,,,,,,
22,timed,local,826366246,10000,100000,40000,10048,2.167297,5,6,6,8.669188,24,23.338376,54,628992,234504,fce94460c5c1fa6c,,,,,,,
22,timed,local,826366246,10000,100000,50000,10043,2.16051,5,6,6,8.642338,24,23.284078,54,626488,233842,6484c24d38fb98bd,,,,,,,
22,timed,local,826366246,10000,100000,60000,10067,2.166882,5,6,6,8.667826,24,23.335055,54,628232,234914,b3683f37526c1b4b,,,,,,,
22,timed,local,826366246,10000,100000,70000,10044,2.168757,5,6,6,8.675329,24,23.35006,54,626392,234528,e85351bb8ab22a40,,,,,,,
22,timed,local,826366246,10000,100000,80000,10046,2.166235,5,6,6,8.66524,24,23.329883,54,625448,234372,d0c8ab3f0f908181,,,,,,,
22,timed,local,826366246,10000,100000,90000,9947,2.148588,5,6,6,8.594652,24,23.1887,54,616744,230658,e2300ca6655bf912,,,,,,,
22,timed,local,826366246,10000,100000,100000,9954,2.140948,5,6,6,8.564095,24,23.127587,54,614968,230212,42baa4a35e747e53,,,,,,,
22,diagnostic,local,826366246,10000,100000,0,10000,0.9999,1,1,1,3.9999,4,13.9992,14,479984,139992,e683f3560ca72cf4,30001,960040,960040,960040,320000,159984,480000
22,diagnostic,local,826366246,10000,100000,10000,10022,1.638196,3,4,6,6.552784,24,19.105568,54,548912,191476,5c788d6dbf31d672,57088,2022528,1030024,1030112,320704,228208,481056
22,diagnostic,local,826366246,10000,100000,20000,10087,1.9655,4,5,6,7.862298,24,21.724001,54,601136,219130,f910e65b418ba219,84465,3138432,1085368,1085368,322784,278352,484176
22,diagnostic,local,826366246,10000,100000,30000,10081,2.113878,5,6,6,8.455808,24,22.911021,54,622728,230966,ec442414bb0268e6,112380,4302816,1106672,1110408,322592,300136,483888
22,diagnostic,local,826366246,10000,100000,40000,10048,2.167297,5,6,6,8.669188,24,23.338376,54,628992,234504,fce94460c5c1fa6c,140471,5490552,1111352,1114768,321536,307456,482304
22,diagnostic,local,826366246,10000,100000,50000,10043,2.16051,5,6,6,8.642338,24,23.284078,54,626488,233842,6484c24d38fb98bd,169128,6705688,1108608,1114768,321376,305112,482064
22,diagnostic,local,826366246,10000,100000,60000,10067,2.166882,5,6,6,8.667826,24,23.335055,54,628232,234914,b3683f37526c1b4b,197575,7921976,1111504,1114768,322144,306088,483216
22,diagnostic,local,826366246,10000,100000,70000,10044,2.168757,5,6,6,8.675329,24,23.35006,54,626392,234528,e85351bb8ab22a40,226219,9148040,1108560,1114768,321408,304984,482112
22,diagnostic,local,826366246,10000,100000,80000,10046,2.166235,5,6,6,8.66524,24,23.329883,54,625448,234372,d0c8ab3f0f908181,255443,10408840,1107712,1114768,321472,303976,482208
22,diagnostic,local,826366246,10000,100000,90000,9947,2.148588,5,6,6,8.594652,24,23.1887,54,616744,230658,e2300ca6655bf912,283971,11628024,1094256,1114768,318304,298440,477456
22,diagnostic,local,826366246,10000,100000,100000,9954,2.140948,5,6,6,8.564095,24,23.127587,54,614968,230212,42baa4a35e747e53,312749,12858752,1092816,1114768,318528,296440,477792
23,timed,local,12648430,10000,100000,0,10000,0.9999,1,1,1,3.9999,4,13.9992,14,479984,139992,e683f3560ca72cf4,,,,,,,
23,timed,local,12648430,10000,100000,10000,9925,1.616222,3,4,6,6.464887,24,18.929773,54,540512,187878,28d9f88119dfb658,,,,,,,
23,timed,local,12648430,10000,100000,20000,9943,1.965805,4,5,6,7.863522,24,21.726441,54,592160,216026,b6037a87075b9f6e,,,,,,,
23,timed,local,12648430,10000,100000,30000,9949,2.072068,4,5,6,8.288572,24,22.57654,54,608880,224614,00e181a9eca499e7,,,,,,,
23,timed,local,12648430,10000,100000,40000,9966,2.115392,5,6,6,8.46187,24,22.923139,54,615776,228452,1b4e791ae9116115,,,,,,,
23,timed,local,12648430,10000,100000,50000,9905,2.165371,5,6,6,8.661787,24,23.322968,54,618544,231014,41698420cc8293ce,,,,,,,
23,timed,local,12648430,10000,100000,60000,9919,2.13459,5,6,6,8.538663,24,23.076721,54,612768,228898,ccfa709e8ca3c24e,,,,,,,
23,timed,local,12648430,10000,100000,70000,9936,2.162943,5,6,6,8.651771,24,23.303543,54,618360,231544,c08d1b80520dba7f,,,,,,,
23,timed,local,12648430,10000,100000,80000,9874,2.148268,5,6,6,8.593377,24,23.186145,54,611360,228940,fc93d1e9776d0f68,,,,,,,
23,timed,local,12648430,10000,100000,90000,9816,2.15057,5,6,6,8.602588,24,23.204564,54,608512,227776,f8df2e25c240fdd7,,,,,,,
23,timed,local,12648430,10000,100000,100000,9828,2.143671,5,6,6,8.57499,24,23.149369,54,608680,227512,2454b76b638fbab7,,,,,,,
23,diagnostic,local,12648430,10000,100000,0,10000,0.9999,1,1,1,3.9999,4,13.9992,14,479984,139992,e683f3560ca72cf4,30001,960040,960040,960040,320000,159984,480000
23,diagnostic,local,12648430,10000,100000,10000,9925,1.616222,3,4,6,6.464887,24,18.929773,54,540512,187878,28d9f88119dfb658,56844,2007736,1016968,1018104,317600,222912,476400
23,diagnostic,local,12648430,10000,100000,20000,9943,1.965805,4,5,6,7.863522,24,21.726441,54,592160,216026,b6037a87075b9f6e,84182,3118424,1069480,1069480,318176,273984,477264
23,diagnostic,local,12648430,10000,100000,30000,9949,2.072068,4,5,6,8.288572,24,22.57654,54,608880,224614,00e181a9eca499e7,112623,4301184,1086488,1091208,318368,290512,477552
23,diagnostic,local,12648430,10000,100000,40000,9966,2.115392,5,6,6,8.46187,24,22.923139,54,615776,228452,1b4e791ae9116115,141101,5498328,1094200,1096160,318912,296864,478368
23,diagnostic,local,12648430,10000,100000,50000,9905,2.165371,5,6,6,8.661787,24,23.322968,54,618544,231014,41698420cc8293ce,169153,6683904,1094040,1096696,316960,301584,475440
23,diagnostic,local,12648430,10000,100000,60000,9919,2.13459,5,6,6,8.538663,24,23.076721,54,612768,228898,ccfa709e8ca3c24e,197977,7906368,1088936,1096696,317408,295360,476112
23,diagnostic,local,12648430,10000,100000,70000,9936,2.162943,5,6,6,8.651771,24,23.303543,54,618360,231544,c08d1b80520dba7f,226460,9123800,1095344,1099240,317952,300408,476928
23,diagnostic,local,12648430,10000,100000,80000,9874,2.148268,5,6,6,8.593377,24,23.186145,54,611360,228940,fc93d1e9776d0f68,255189,10351216,1085368,1099240,315968,295392,473952
23,diagnostic,local,12648430,10000,100000,90000,9816,2.15057,5,6,6,8.602588,24,23.204564,54,608512,227776,f8df2e25c240fdd7,283591,11560056,1079736,1099240,314112,294400,471168
23,diagnostic,local,12648430,10000,100000,100000,9828,2.143671,5,6,6,8.57499,24,23.149369,54,608680,227512,2454b76b638fbab7,312058,12777920,1080480,1099240,314496,294184,471744
24,timed,churn,17,10000,100000,0,10000,0.9999,1,1,1,3.9999,4,13.9992,14,479984,139992,e683f3560ca72cf4,,,,,,,
24,timed,churn,17,10000,100000,10000,9960,1.353614,2,3,5,5.414458,20,16.828916,46,509832,167616,c1dc5773b2165f5b,,,,,,,
24,timed,churn,17,10000,100000,20000,10055,1.51268,3,4,5,6.050721,20,18.101442,46,533328,182010,6b752a1f6d62dace,,,,,,,
24,timed,churn,17,10000,100000,30000,10031,1.613897,3,4,6,6.455887,24,18.911175,54,545400,189698,f1acc5575d432778,,,,,,,
24,timed,churn,17,10000,100000,40000,10059,1.715479,3,4,6,6.862213,24,19.723829,54,561760,198402,cac44dbb558e14cc,,,,,,,
24,timed,churn,17,10000,100000,50000,10041,1.788965,4,5,6,7.15616,24,20.311722,54,571408,203950,696e837eb6843512,,,,,,,
24,timed,churn,17,10000,100000,60000,9932,1.822795,4,5,6,7.291482,24,20.58236,54,570472,204424,589febe89030e30f,,,,,,,
24,timed,churn,17,10000,100000,70000,9980,1.863527,4,5,6,7.454108,24,20.908216,54,579608,208664,f6caf3c669255e3e,,,,,,,
24,timed,churn,17,10000,100000,80000,9940,1.901408,4,5,6,7.605634,24,21.211268,54,583376,210840,05fc23c9297d4b1a,,,,,,,
24,timed,churn,17,10000,100000,90000,9998,1.916683,4,5,6,7.667033,24,21.333467,54,587144,213292,22f988b12a9bd2aa,,,,,,,
24,timed,churn,17,10000,100000,100000,10099,1.924547,4,5,6,7.698188,24,21.396376,54,592944,216082,3f2674965030d25e,,,,,,,
24,diagnostic,churn,17,10000,100000,0,10000,0.9999,1,1,1,3.9999,4,13.9992,14,479984,139992,e683f3560ca72cf4,30001,960040,960040,960040,320000,159984,480000
24,diagnostic,churn,17,10000,100000,10000,9960,1.353614,2,3,5,5.414458,20,16.828916,46,509832,167616,c1dc5773b2165f5b,51052,1754384,987968,987968,318720,191112,478080
24,diagnostic,churn,17,10000,100000,20000,10055,1.51268,3,4,5,6.050721,20,18.101442,46,533328,182010,6b752a1f6d62dace,72175,2547800,1016024,1016848,321760,211568,482640
24,diagnostic,churn,17,10000,100000,30000,10031,1.613897,3,4,6,6.455887,24,18.911175,54,545400,189698,f1acc5575d432778,93192,3348544,1026944,1027408,320992,224408,481488
24,diagnostic,churn,17,10000,100000,40000,10059,1.715479,3,4,6,6.862213,24,19.723829,54,561760,198402,cac44dbb558e14cc,114273,4167080,1044648,1047808,321888,239872,482832
24,diagnostic,churn,17,10000,100000,50000,10041,1.788965,4,5,6,7.15616,24,20.311722,54,571408,203950,696e837eb6843512,135423,4999632,1053432,1056752,321312,250096,481968
24,diagnostic,churn,17,10000,100000,60000,9932,1.822795,4,5,6,7.291482,24,20.58236,54,570472,204424,589febe89030e30f,156488,5831848,1047264,1056752,317824,252648,476736
24,diagnostic,churn,17,10000,100000,70000,9980,1.863527,4,5,6,7.454108,24,20.908216,54,579608,208664,f6caf3c669255e3e,177847,6680968,1058704,1063032,319360,260248,479040
24,diagnostic,churn,17,10000,100000,80000,9940,1.901408,4,5,6,7.605634,24,21.211268,54,583376,210840,05fc23c9297d4b1a,199197,7540760,1060552,1065256,318080,265296,477120
24,diagnostic,churn,17,10000,100000,90000,9998,1.916683,4,5,6,7.667033,24,21.333467,54,587144,213292,22f988b12a9bd2aa,220598,8402032,1067104,1071712,319936,267208,479904
24,diagnostic,churn,17,10000,100000,100000,10099,1.924547,4,5,6,7.698188,24,21.396376,54,592944,216082,3f2674965030d25e,242093,9267904,1077752,1079136,323168,269776,484752
25,timed,churn,305419896,10000,100000,0,10000,0.9999,1,1,1,3.9999,4,13.9992,14,479984,139992,e683f3560ca72cf4,,,,,,,
25,timed,churn,305419896,10000,100000,10000,9904,1.348849,2,3,4,5.395396,16,16.790792,38,506728,166296,58ce4c54cd149fae,,,,,,,
25,timed,churn,305419896,10000,100000,20000,9968,1.510233,3,4,5,6.041232,20,18.081862,46,528592,180240,f2b3d7ec418f0ef0,,,,,,,
25,timed,churn,305419896,10000,100000,30000,9921,1.61395,3,4,6,6.456103,24,18.911602,54,539264,187622,3899e2404fad5d34,,,,,,,
25,timed,churn,305419896,10000,100000,40000,9965,1.707878,3,4,6,6.831811,24,19.663021,54,554760,195942,54a51248fa9a042e,,,,,,,
25,timed,churn,305419896,10000,100000,50000,10030,1.7668,4,5,6,7.067198,24,20.134397,54,567808,201948,7a571009252706be,,,,,,,
25,timed,churn,305419896,10000,100000,60000,9961,1.813874,4,5,6,7.255798,24,20.510993,54,571416,204310,77ea46f8a79f5d45,,,,,,,
25,timed,churn,305419896,10000,100000,70000,9972,1.847072,4,5,6,7.388588,24,20.776574,54,576280,207184,ced9c5aff046411c,,,,,,,
25,timed,churn,305419896,10000,100000,80000,10045,1.895072,4,5,6,7.580587,24,21.160577,54,587496,212558,9ae94020df3c329b,,,,,,,
25,timed,churn,305419896,10000,100000,90000,10099,1.906525,4,5,6,7.626399,24,21.252203,54,591176,214626,e063e611bbb2366d,,,,,,,
25,timed,churn,305419896,10000,100000,100000,10087,1.920591,4,5,6,7.682661,24,21.364727,54,591968,215506,804888e3dbf7d18b,,,,,,,
25,diagnostic,churn,305419896,10000,100000,0,10000,0.9999,1,1,1,3.9999,4,13.9992,14,479984,139992,e683f3560ca72cf4,30001,960040,960040,960040,320000,159984,480000
25,diagnostic,churn,305419896,10000,100000,10000,9904,1.348849,2,3,4,5.395396,16,16.790792,38,506728,166296,58ce4c54cd149fae,50830,1745592,982176,986616,316928,189800,475392
25,diagnostic,churn,305419896,10000,100000,20000,9968,1.510233,3,4,5,6.041232,20,18.081862,46,528592,180240,f2b3d7ec418f0ef0,71922,2536224,1007112,1009496,318976,209616,478464
25,diagnostic,churn,305419896,10000,100000,30000,9921,1.61395,3,4,6,6.456103,24,18.911602,54,539264,187622,3899e2404fad5d34,92676,3324848,1015528,1019640,317472,221792,476208
25,diagnostic,churn,305419896,10000,100000,40000,9965,1.707878,3,4,6,6.831811,24,19.663021,54,554760,195942,54a51248fa9a042e,113750,4139152,1033136,1033992,318880,235880,478320
25,diagnostic,churn,305419896,10000,100000,50000,10030,1.7668,4,5,6,7.067198,24,20.134397,54,567808,201948,7a571009252706be,135041,4968736,1049304,1050432,320960,246848,481440
25,diagnostic,churn,305419896,10000,100000,60000,9961,1.813874,4,5,6,7.255798,24,20.510993,54,571416,204310,77ea46f8a79f5d45,156124,5802120,1049600,1053072,318752,252664,478128
25,diagnostic,churn,305419896,10000,100000,70000,9972,1.847072,4,5,6,7.388588,24,20.776574,54,576280,207184,ced9c5aff046411c,177432,6650752,1054992,1056696,319104,257176,478656
25,diagnostic,churn,305419896,10000,100000,80000,10045,1.895072,4,5,6,7.580587,24,21.160577,54,587496,212558,9ae94020df3c329b,198930,7515960,1069712,1070192,321440,266056,482160
25,diagnostic,churn,305419896,10000,100000,90000,10099,1.906525,4,5,6,7.626399,24,21.252203,54,591176,214626,e063e611bbb2366d,220431,8383680,1075984,1081240,323168,268008,484752
25,diagnostic,churn,305419896,10000,100000,100000,10087,1.920591,4,5,6,7.682661,24,21.364727,54,591968,215506,804888e3dbf7d18b,241788,9249584,1076200,1085936,322784,269184,484176
26,timed,churn,2654435769,10000,100000,0,10000,0.9999,1,1,1,3.9999,4,13.9992,14,479984,139992,e683f3560ca72cf4,,,,,,,
26,timed,churn,2654435769,10000,100000,10000,9988,1.352823,2,3,5,5.411294,20,16.822587,46,511296,168024,47cc9831c9079bf8,,,,,,,
26,timed,churn,2654435769,10000,100000,20000,9818,1.509574,3,4,6,6.038297,24,18.076594,54,520504,177476,6d6e17532ff8c740,,,,,,,
26,timed,churn,2654435769,10000,100000,30000,9948,1.621431,3,4,6,6.485726,24,18.971452,54,542336,188728,03b765f5fc6496a0,,,,,,,
26,timed,churn,2654435769,10000,100000,40000,9973,1.700592,3,4,6,6.802366,24,19.604733,54,555384,195518,274995a5ccbc6bb5,,,,,,,
26,timed,churn,2654435769,10000,100000,50000,9929,1.767247,4,5,6,7.06899,24,20.13798,54,562288,199950,9589ec4ec507dd5d,,,,,,,
26,timed,churn,2654435769,10000,100000,60000,9985,1.807111,4,5,6,7.228443,24,20.456885,54,571488,204262,fd7c38e6db37d183,,,,,,,
26,timed,churn,2654435769,10000,100000,70000,10055,1.841174,4,5,6,7.364993,24,20.729388,54,581224,208434,15f1fc9e75fff479,,,,,,,
26,timed,churn,2654435769,10000,100000,80000,10013,1.871068,4,5,6,7.48427,24,20.968541,54,582472,209958,c53c10f496d57ba5,,,,,,,
26,timed,churn,2654435769,10000,100000,90000,9999,1.908891,4,5,6,7.635564,24,21.271127,54,586488,212690,503ae6cb4934b4f0,,,,,,,
26,timed,churn,2654435769,10000,100000,100000,10113,1.950559,4,5,6,7.802531,24,21.604469,54,599184,218486,8aed9b210100849e,,,,,,,
26,diagnostic,churn,2654435769,10000,100000,0,10000,0.9999,1,1,1,3.9999,4,13.9992,14,479984,139992,e683f3560ca72cf4,30001,960040,960040,960040,320000,159984,480000
26,diagnostic,churn,2654435769,10000,100000,10000,9988,1.352823,2,3,5,5.411294,20,16.822587,46,511296,168024,47cc9831c9079bf8,50986,1752136,990776,993024,319616,191680,479424
26,diagnostic,churn,2654435769,10000,100000,20000,9818,1.509574,3,4,6,6.038297,24,18.076594,54,520504,177476,6d6e17532ff8c740,71638,2527552,991824,997984,314176,206328,471264
26,diagnostic,churn,2654435769,10000,100000,30000,9948,1.621431,3,4,6,6.485726,24,18.971452,54,542336,188728,03b765f5fc6496a0,92704,3329112,1019896,1019896,318336,224000,477504
26,diagnostic,churn,2654435769,10000,100000,40000,9973,1.700592,3,4,6,6.802366,24,19.604733,54,555384,195518,274995a5ccbc6bb5,113679,4139880,1034144,1036232,319136,236248,478704
26,diagnostic,churn,2654435769,10000,100000,50000,9929,1.767247,4,5,6,7.06899,24,20.13798,54,562288,199950,9589ec4ec507dd5d,134616,4956248,1038936,1040200,317728,244560,476592
26,diagnostic,churn,2654435769,10000,100000,60000,9985,1.807111,4,5,6,7.228443,24,20.456885,54,571488,204262,fd7c38e6db37d183,155982,5795584,1050824,1052928,319520,251968,479280
26,diagnostic,churn,2654435769,10000,100000,70000,10055,1.841174,4,5,6,7.364993,24,20.729388,54,581224,208434,15f1fc9e75fff479,177287,6643032,1063920,1066336,321760,259464,482640
26,diagnostic,churn,2654435769,10000,100000,80000,10013,1.871068,4,5,6,7.48427,24,20.968541,54,582472,209958,c53c10f496d57ba5,198422,7489448,1063152,1071016,320416,262056,480624
26,diagnostic,churn,2654435769,10000,100000,90000,9999,1.908891,4,5,6,7.635564,24,21.271127,54,586488,212690,503ae6cb4934b4f0,219664,8350544,1066496,1071016,319968,266520,479952
26,diagnostic,churn,2654435769,10000,100000,100000,10113,1.950559,4,5,6,7.802531,24,21.604469,54,599184,218486,8aed9b210100849e,241149,9227744,1084664,1087016,323616,275568,485424
27,timed,churn,826366246,10000,100000,0,10000,0.9999,1,1,1,3.9999,4,13.9992,14,479984,139992,e683f3560ca72cf4,,,,,,,
27,timed,churn,826366246,10000,100000,10000,10033,1.366092,2,3,5,5.464667,20,16.928735,46,515048,169846,147a341703682c5d,,,,,,,
27,timed,churn,826366246,10000,100000,20000,9952,1.521503,3,4,5,6.086314,20,18.172026,46,529120,180848,c60951b02af42695,,,,,,,
27,timed,churn,826366246,10000,100000,30000,9927,1.638561,3,4,6,6.554548,24,19.108492,54,543400,189690,3b60cdb677bd9984,,,,,,,
27,timed,churn,826366246,10000,100000,40000,9945,1.718552,4,5,6,6.87451,24,19.748416,54,555800,196398,cbd99089e5e1cf61,,,,,,,
27,timed,churn,826366246,10000,100000,50000,9946,1.804444,4,5,6,7.218078,24,20.435552,54,568576,203252,973a336a9838c61d,,,,,,,
27,timed,churn,826366246,10000,100000,60000,9925,1.82267,4,5,6,7.290982,24,20.58136,54,570352,204270,d33c28f249715ad8,,,,,,,
27,timed,churn,826366246,10000,100000,70000,10003,1.863741,4,5,6,7.454964,24,20.909927,54,580760,209162,2b4b8a4ff3a220de,,,,,,,
27,timed,churn,826366246,10000,100000,80000,9951,1.878203,4,5,6,7.513114,24,21.025626,54,579696,209226,45a35571867f45b5,,,,,,,
27,timed,churn,826366246,10000,100000,90000,10030,1.937488,4,5,6,7.74995,24,21.4999,54,591608,215644,73b9918173649820,,,,,,,
27,timed,churn,826366246,10000,100000,100000,10078,1.96924,4,6,6,7.87696,24,21.753919,54,599576,219236,8d9a81412b757912,,,,,,,
27,diagnostic,churn,826366246,10000,100000,0,10000,0.9999,1,1,1,3.9999,4,13.9992,14,479984,139992,e683f3560ca72cf4,30001,960040,960040,960040,320000,159984,480000
27,diagnostic,churn,826366246,10000,100000,10000,10033,1.366092,2,3,5,5.464667,20,16.928735,46,515048,169846,147a341703682c5d,51094,1759008,996688,996872,321056,193992,481584
27,diagnostic,churn,826366246,10000,100000,20000,9952,1.521503,3,4,5,6.086314,20,18.172026,46,529120,180848,c60951b02af42695,71941,2542232,1006872,1007456,318464,210656,477696
27,diagnostic,churn,826366246,10000,100000,30000,9927,1.638561,3,4,6,6.554548,24,19.108492,54,543400,189690,3b60cdb677bd9984,92974,3344584,1019952,1021912,317664,225736,476496
27,diagnostic,churn,826366246,10000,100000,40000,9945,1.718552,4,5,6,6.87451,24,19.748416,54,555800,196398,cbd99089e5e1cf61,114120,4165216,1033216,1035728,318240,237560,477360
27,diagnostic,churn,826366246,10000,100000,50000,9946,1.804444,4,5,6,7.218078,24,20.435552,54,568576,203252,973a336a9838c61d,135135,4993352,1046040,1048088,318272,250304,477408
27,diagnostic,churn,826366246,10000,100000,60000,9925,1.82267,4,5,6,7.290982,24,20.58136,54,570352,204270,d33c28f249715ad8,156363,5831600,1046808,1048088,317600,252752,476400
27,diagnostic,churn,826366246,10000,100000,70000,10003,1.863741,4,5,6,7.454964,24,20.909927,54,580760,209162,2b4b8a4ff3a220de,177872,6691904,1060960,1062944,320096,260664,480144
27,diagnostic,churn,826366246,10000,100000,80000,9951,1.878203,4,5,6,7.513114,24,21.025626,54,579696,209226,45a35571867f45b5,198952,7534336,1057400,1062944,318432,261264,477648
27,diagnostic,churn,826366246,10000,100000,90000,10030,1.937488,4,5,6,7.74995,24,21.4999,54,591608,215644,73b9918173649820,220348,8400800,1073104,1076048,320960,270648,481440
27,diagnostic,churn,826366246,10000,100000,100000,10078,1.96924,4,6,6,7.87696,24,21.753919,54,599576,219236,8d9a81412b757912,241868,9277952,1083376,1084584,322496,277080,483744
28,timed,churn,12648430,10000,100000,0,10000,0.9999,1,1,1,3.9999,4,13.9992,14,479984,139992,e683f3560ca72cf4,,,,,,,
28,timed,churn,12648430,10000,100000,10000,9954,1.352622,2,3,4,5.41079,16,16.820976,38,509672,167436,12f8d86d2e4f69e4,,,,,,,
28,timed,churn,12648430,10000,100000,20000,9924,1.503527,3,4,6,6.01441,24,18.028214,54,525336,178912,b47372c5890402e0,,,,,,,
28,timed,churn,12648430,10000,100000,30000,9907,1.622489,3,4,6,6.490259,24,18.979913,54,540856,188034,0cc4b23e196b81b5,,,,,,,
28,timed,churn,12648430,10000,100000,40000,9969,1.712709,4,5,6,6.851139,24,19.701675,54,557208,196406,c7a3208b2cb6dbac,,,,,,,
28,timed,churn,12648430,10000,100000,50000,10092,1.795184,4,5,6,7.181034,24,20.361474,54,575240,205488,3c0fd983ad2aec6f,,,,,,,
28,timed,churn,12648430,10000,100000,60000,10149,1.859494,4,5,6,7.437974,24,20.875948,54,588144,211870,9b2b2afce0ca1816,,,,,,,
28,timed,churn,12648430,10000,100000,70000,10199,1.883812,4,5,6,7.535543,24,21.070497,54,595216,214898,6ec1b1b31f877d37,,,,,,,
28,timed,churn,12648430,10000,100000,80000,10102,1.899525,4,5,6,7.598396,24,21.196199,54,592888,214124,e67c729ded411503,,,,,,,
28,timed,churn,12648430,10000,100000,90000,10189,1.913829,4,5,6,7.655609,24,21.310629,54,598200,217134,1ff231460f3296dd,,,,,,,
28,timed,churn,12648430,10000,100000,100000,10115,1.957687,4,5,6,7.830746,24,21.661493,54,600440,219106,82d9d7b9b708e738,,,,,,,
28,diagnostic,churn,12648430,10000,100000,0,10000,0.9999,1,1,1,3.9999,4,13.9992,14,479984,139992,e683f3560ca72cf4,30001,960040,960040,960040,320000,159984,480000
28,diagnostic,churn,12648430,10000,100000,10000,9954,1.352622,2,3,4,5.41079,16,16.820976,38,509672,167436,12f8d86d2e4f69e4,50923,1748912,987520,987704,318528,191144,477792
28,diagnostic,churn,12648430,10000,100000,20000,9924,1.503527,3,4,6,6.01441,24,18.028214,54,525336,178912,b47372c5890402e0,71855,2531384,1001744,1002216,317568,207768,476352
28,diagnostic,churn,12648430,10000,100000,30000,9907,1.622489,3,4,6,6.490259,24,18.979913,54,540856,188034,0cc4b23e196b81b5,92882,3335808,1016448,1021240,317024,223832,475536
28,diagnostic,churn,12648430,10000,100000,40000,9969,1.712709,4,5,6,6.851139,24,19.701675,54,557208,196406,c7a3208b2cb6dbac,114089,4159944,1035776,1038792,319008,238200,478512
28,diagnostic,churn,12648430,10000,100000,50000,10092,1.795184,4,5,6,7.181034,24,20.361474,54,575240,205488,3c0fd983ad2aec6f,135404,4997456,1059712,1064224,322944,252296,484416
28,diagnostic,churn,12648430,10000,100000,60000,10149,1.859494,4,5,6,7.437974,24,20.875948,54,588144,211870,9b2b2afce0ca1816,156614,5843600,1075352,1075712,324768,263376,487152
28,diagnostic,churn,12648430,10000,100000,70000,10199,1.883812,4,5,6,7.535543,24,21.070497,54,595216,214898,6ec1b1b31f877d37,178048,6705248,1084824,1085376,326368,268848,489552
28,diagnostic,churn,12648430,10000,100000,80000,10102,1.899525,4,5,6,7.598396,24,21.196199,54,592888,214124,e67c729ded411503,199059,7549488,1077840,1088560,323264,269624,484896
28,diagnostic,churn,12648430,10000,100000,90000,10189,1.913829,4,5,6,7.655609,24,21.310629,54,598200,217134,1ff231460f3296dd,220802,8426448,1087328,1088560,326048,272152,489072
28,diagnostic,churn,12648430,10000,100000,100000,10115,1.957687,4,5,6,7.830746,24,21.661493,54,600440,219106,82d9d7b9b708e738,242084,9298472,1086016,1089848,323680,276760,485520
29,timed,timeline,17,100000,100000,0,100000,2.05089,3,4,4,8.20359,16,22.40712,38,5902872,2240712,d68cfc369fc68ad8,,,,,,,
29,timed,timeline,17,100000,100000,10000,108020,2.260128,4,5,6,9.040539,24,24.081022,54,6685872,2601232,16ff9f0ac5853683,,,,,,,
29,timed,timeline,17,100000,100000,20000,116034,3.768482,4,4,4,15.073952,16,36.147853,38,10496352,4194380,f5718f59dcd44e18,,,,,,,
29,timed,timeline,17,100000,100000,30000,123970,3.73805,4,4,4,14.952222,16,35.904396,38,11034992,4451068,1d3350a6ad90e538,,,,,,,
29,timed,timeline,17,100000,100000,40000,131976,3.855936,4,4,4,15.423766,16,36.847487,38,12216184,4862984,08e6d7e2467cfd64,,,,,,,
29,timed,timeline,17,100000,100000,50000,139980,3.77714,4,4,4,15.10858,16,36.217117,38,12698384,5069672,ce9994305a40fd24,,,,,,,
29,timed,timeline,17,100000,100000,60000,147866,3.802625,4,5,5,15.210522,20,36.421003,46,13372544,5385428,a959ec8a560780d4,,,,,,,
29,timed,timeline,17,100000,100000,70000,155898,3.842647,4,4,4,15.370608,16,36.741177,38,14380128,5727876,b11c52d5a2bdc185,,,,,,,
29,timed,timeline,17,100000,100000,80000,163862,3.80187,4,4,4,15.207498,16,36.414959,38,14900976,5967028,0e366f217b3312d8,,,,,,,
29,timed,timeline,17,100000,100000,90000,171904,3.869008,4,6,6,15.476051,24,36.952066,54,15737544,6352208,0d42382c0ad12d4c,,,,,,,
29,timed,timeline,17,100000,100000,100000,179886,3.830793,4,4,4,15.323188,16,36.646343,38,16555368,6592164,3e9c12df9c3d56b7,,,,,,,
29,diagnostic,timeline,17,100000,100000,0,100000,2.05089,3,4,4,8.20359,16,22.40712,38,5902872,2240712,d68cfc369fc68ad8,300001,12628392,10702928,10702928,3200000,2702872,4800000
29,diagnostic,timeline,17,100000,100000,10000,108020,2.260128,4,5,6,9.040539,24,24.081022,54,6685872,2601232,16ff9f0ac5853683,327031,14446200,11870888,11870888,3456640,3229232,5184960
29,diagnostic,timeline,17,100000,100000,20000,116034,3.768482,4,4,4,15.073952,16,36.147853,38,10496352,4194380,f5718f59dcd44e18,838271,53323848,16066040,24347136,3713088,6783264,5569632
29,diagnostic,timeline,17,100000,100000,30000,123970,3.73805,4,4,4,14.952222,16,35.904396,38,11034992,4451068,1d3350a6ad90e538,865175,54723024,16985608,24347136,3967040,7067952,5950560
29,diagnostic,timeline,17,100000,100000,40000,131976,3.855936,4,4,4,15.423766,16,36.847487,38,12216184,4862984,08e6d7e2467cfd64,1680199,128268104,18551088,35685784,4223232,7992952,6334848
29,diagnostic,timeline,17,100000,100000,50000,139980,3.77714,4,4,4,15.10858,16,36.217117,38,12698384,5069672,ce9994305a40fd24,1707205,129520152,19417480,35685784,4479360,8219024,6719040
29,diagnostic,timeline,17,100000,100000,60000,147866,3.802625,4,5,5,15.210522,20,36.421003,46,13372544,5385428,a959ec8a560780d4,1734034,131202848,20470168,35685784,4731712,8640832,7097568
29,diagnostic,timeline,17,100000,100000,70000,155898,3.842647,4,4,4,15.370608,16,36.741177,38,14380128,5727876,b11c52d5a2bdc185,2590125,201435208,21863288,37805072,4988736,9391392,7483104
29,diagnostic,timeline,17,100000,100000,80000,163862,3.80187,4,4,4,15.207498,16,36.414959,38,14900976,5967028,0e366f217b3312d8,2617071,202791080,22766408,37805072,5243584,9657392,7865376
29,diagnostic,timeline,17,100000,100000,90000,171904,3.869008,4,6,6,15.476051,24,36.952066,54,15737544,6352208,0d42382c0ad12d4c,2644134,204787960,23988992,37805072,5500928,10236616,8251392
29,diagnostic,timeline,17,100000,100000,100000,179886,3.830793,4,4,4,15.323188,16,36.646343,38,16555368,6592164,3e9c12df9c3d56b7,3541416,286459120,25189952,43054208,5756352,10799016,8634528
30,timed,priority,17,100000,100000,0,100000,2.33378,4,5,6,9.33512,24,24.67024,54,6268688,2467024,35bd9e6197553d37,,,,,,,
30,timed,priority,17,100000,100000,10000,101117,2.315357,4,5,6,9.26143,24,24.52286,54,6324072,2479678,5bcb016cdcac0b72,,,,,,,
30,timed,priority,17,100000,100000,20000,102287,2.274727,4,5,6,9.098908,24,24.197816,54,6356816,2475122,01c0548cabb850a0,,,,,,,
30,timed,priority,17,100000,100000,30000,103330,2.210791,4,5,6,8.843163,24,23.686325,54,6351184,2447508,6f3472b7dfa2a08b,,,,,,,
30,timed,priority,17,100000,100000,40000,104296,2.221054,4,5,6,8.884214,24,23.768428,54,6431512,2478952,4bd5e7bc70811380,,,,,,,
30,timed,priority,17,100000,100000,50000,105387,2.224335,4,5,6,8.89734,24,23.794681,54,6519160,2507650,d871672f5b4eb625,,,,,,,
30,timed,priority,17,100000,100000,60000,106228,2.206396,4,5,6,8.825583,24,23.651165,54,6545216,2512416,fb14d7449cdf6375,,,,,,,
30,timed,priority,17,100000,100000,70000,107285,2.181246,4,5,6,8.724985,24,23.44997,54,6580464,2515830,b0bc99b0d0141600,,,,,,,
30,timed,priority,17,100000,100000,80000,108243,2.063921,4,5,6,8.255684,24,22.511368,54,6489320,2436698,05c3d0944911fb12,,,,,,,
30,timed,priority,17,100000,100000,90000,109221,2.069016,4,5,6,8.276064,24,22.552128,54,6559216,2463166,afcc7016356ee183,,,,,,,
30,timed,priority,17,100000,100000,100000,110183,2.067742,4,5,6,8.270967,24,22.541935,54,6616552,2483738,f683fcc062a5c997,,,,,,,
30,diagnostic,priority,17,100000,100000,0,100000,2.33378,4,5,6,9.33512,24,24.67024,54,6268688,2467024,35bd9e6197553d37,630943,34074216,11068744,11068872,3200000,3068688,4800000
30,diagnostic,priority,17,100000,100000,10000,101117,2.315357,4,5,6,9.26143,24,24.52286,54,6324072,2479678,5bcb016cdcac0b72,676856,36390512,11177744,11216440,3235744,3088328,4853616
30,diagnostic,priority,17,100000,100000,20000,102287,2.274727,4,5,6,9.098908,24,24.197816,54,6356816,2475122,01c0548cabb850a0,732736,39116608,11266648,11293968,3273184,3083632,4909776
30,diagnostic,priority,17,100000,100000,30000,103330,2.210791,4,5,6,8.843163,24,23.686325,54,6351184,2447508,6f3472b7dfa2a08b,796536,42175184,11311080,11479608,3306560,3044624,4959840
30,diagnostic,priority,17,100000,100000,40000,104296,2.221054,4,5,6,8.884214,24,23.768428,54,6431512,2478952,4bd5e7bc70811380,841705,44440016,11437776,11479608,3337472,3094040,5006208
30,diagnostic,priority,17,100000,100000,50000,105387,2.224335,4,5,6,8.89734,24,23.794681,54,6519160,2507650,d871672f5b4eb625,897472,47248496,11577792,11698288,3372384,3146776,5058576
30,diagnostic,priority,17,100000,100000,60000,106228,2.206396,4,5,6,8.825583,24,23.651165,54,6545216,2512416,fb14d7449cdf6375,997059,52510728,11644216,11946920,3399296,3145920,5098944
30,diagnostic,priority,17,100000,100000,70000,107285,2.181246,4,5,6,8.724985,24,23.44997,54,6580464,2515830,b0bc99b0d0141600,1073615,56498384,11730200,12066672,3433120,3147344,5149680
30,diagnostic,priority,17,100000,100000,80000,108243,2.063921,4,5,6,8.255684,24,22.511368,54,6489320,2436698,05c3d0944911fb12,1186118,62072472,11685040,12066672,3463776,3025544,5195664
30,diagnostic,priority,17,100000,100000,90000,109221,2.069016,4,5,6,8.276064,24,22.552128,54,6559216,2463166,afcc7016356ee183,1258110,65783920,11801880,12066672,3495072,3064144,5242608
30,diagnostic,priority,17,100000,100000,100000,110183,2.067742,4,5,6,8.270967,24,22.541935,54,6616552,2483738,f683fcc062a5c997,1336402,69713544,11905392,12215664,3525856,3090696,5288784
31,timed,local,17,100000,100000,0,100000,2.05089,3,4,4,8.20359,16,22.40712,38,5902872,2240712,d68cfc369fc68ad8,,,,,,,
31,timed,local,17,100000,100000,10000,100005,2.134373,3,4,6,8.537523,24,23.074986,54,6040896,2307614,11c5823f4847b863,,,,,,,
31,timed,local,17,100000,100000,20000,100019,2.21011,4,4,6,8.84047,24,23.680881,54,6169248,2368538,1f5c40d450766f29,,,,,,,
31,timed,local,17,100000,100000,30000,99975,2.2811,4,5,6,9.124431,24,24.248802,54,6286016,2424274,09d9f3089055c8dd,,,,,,,
31,timed,local,17,100000,100000,40000,99936,2.347652,4,5,6,9.39064,24,24.78122,54,6396040,2476536,636cf9fec67ac4d5,,,,,,,
31,timed,local,17,100000,100000,50000,99961,2.41146,4,5,6,9.645872,24,25.291684,54,6505208,2528182,82da42fc701453cf,,,,,,,
31,timed,local,17,100000,100000,60000,99869,2.470817,4,5,6,9.883297,24,25.766534,54,6598792,2573278,23af92a28325f8a6,,,,,,,
31,timed,local,17,100000,100000,70000,99940,2.527416,4,5,6,10.109696,24,26.219332,54,6698984,2620360,bed0c48efc175ebf,,,,,,,
31,timed,local,17,100000,100000,80000,99939,2.578653,4,5,6,10.314642,24,26.629224,54,6785200,2661298,0b8c08ff1c9eec6f,,,,,,,
31,timed,local,17,100000,100000,90000,99889,2.627797,5,5,6,10.511217,24,27.022375,54,6864168,2699238,c744c6badc51ef62,,,,,,,
31,timed,local,17,100000,100000,100000,99923,2.671597,5,6,6,10.686419,24,27.372777,54,6939576,2735170,7caae70c22344dea,,,,,,,
31,diagnostic,local,17,100000,100000,0,100000,2.05089,3,4,4,8.20359,16,22.40712,38,5902872,2240712,d68cfc369fc68ad8,300001,12628392,10702928,10702928,3200000,2702872,4800000
31,diagnostic,local,17,100000,100000,10000,100005,2.134373,3,4,6,8.537523,24,23.074986,54,6040896,2307614,11c5823f4847b863,327073,13948488,10841192,10841192,3200160,2840736,4800240
31,diagnostic,local,17,100000,100000,20000,100019,2.21011,4,4,6,8.84047,24,23.680881,54,6169248,2368538,1f5c40d450766f29,354100,15263992,10970216,10970216,3200608,2968640,4800912
31,diagnostic,local,17,100000,100000,30000,99975,2.2811,4,5,6,9.124431,24,24.248802,54,6286016,2424274,09d9f3089055c8dd,381202,16579232,11084872,11084928,3199200,3086816,4798800
31,diagnostic,local,17,100000,100000,40000,99936,2.347652,4,5,6,9.39064,24,24.78122,54,6396040,2476536,636cf9fec67ac4d5,408217,17893176,11193024,11193024,3197952,3198088,4796928
31,diagnostic,local,17,100000,100000,50000,99961,2.41146,4,5,6,9.645872,24,25.291684,54,6505208,2528182,82da42fc701453cf,435470,19230272,11303392,11303656,3198752,3306456,4798128
31,diagnostic,local,17,100000,100000,60000,99869,2.470817,4,5,6,9.883297,24,25.766534,54,6598792,2573278,23af92a28325f8a6,462660,20561264,11392560,11393576,3195808,3402984,4793712
31,diagnostic,local,17,100000,100000,70000,99940,2.527416,4,5,6,10.109696,24,26.219332,54,6698984,2620360,bed0c48efc175ebf,490510,21941464,11496160,11496160,3198080,3500904,4797120
31,diagnostic,local,17,100000,100000,80000,99939,2.578653,4,5,6,10.314642,24,26.629224,54,6785200,2661298,0b8c08ff1c9eec6f,518257,23315576,11582328,11582368,3198048,3587152,4797072
31,diagnostic,local,17,100000,100000,90000,99889,2.627797,5,5,6,10.511217,24,27.022375,54,6864168,2699238,c744c6badc51ef62,545943,24691960,11658896,11659640,3196448,3667720,4794672
31,diagnostic,local,17,100000,100000,100000,99923,2.671597,5,6,6,10.686419,24,27.372777,54,6939576,2735170,7caae70c22344dea,574140,26101736,11735936,11735960,3197536,3742040,4796304
32,timed,churn,17,100000,100000,0,100000,2.05089,3,4,4,8.20359,16,22.40712,38,5902872,2240712,d68cfc369fc68ad8,,,,,,,
32,timed,churn,17,100000,100000,10000,99960,2.113415,3,4,6,8.453691,24,22.907323,54,5999776,2289816,8439d307d5128444,,,,,,,
32,timed,churn,17,100000,100000,20000,100055,2.167118,4,4,6,8.668502,24,23.336945,54,6090704,2334978,4980787b065c11d2,,,,,,,
32,timed,churn,17,100000,100000,30000,100031,2.212534,4,4,6,8.850166,24,23.700273,54,6159928,2370762,38b3d81c985c8acf,,,,,,,
32,timed,churn,17,100000,100000,40000,100059,2.252561,4,4,6,9.010274,24,24.020488,54,6222192,2403466,ca99b7b6779376f1,,,,,,,
32,timed,churn,17,100000,100000,50000,100041,2.289051,4,4,6,9.156206,24,24.312412,54,6275960,2432238,d43ff6f9d611fcd5,,,,,,,
32,timed,churn,17,100000,100000,60000,99932,2.32297,4,5,6,9.291878,24,24.583757,54,6320072,2456704,90a195e581f0c9aa,,,,,,,
32,timed,churn,17,100000,100000,70000,99980,2.354021,4,5,6,9.416083,24,24.832166,54,6371248,2482720,0db2c36f9ccb9bda,,,,,,,
32,timed,churn,17,100000,100000,80000,99940,2.380568,4,5,6,9.522273,24,25.044547,54,6407400,2502952,bb09aa3448fb1c85,,,,,,,
32,timed,churn,17,100000,100000,90000,99998,2.403688,4,5,6,9.614752,24,25.229505,54,6446336,2522900,39515d83e65a179d,,,,,,,
32,timed,churn,17,100000,100000,100000,100099,2.427077,4,5,6,9.708309,24,25.416618,54,6487624,2544178,b286904d503b64a4,,,,,,,
32,diagnostic,churn,17,100000,100000,0,100000,2.05089,3,4,4,8.20359,16,22.40712,38,5902872,2240712,d68cfc369fc68ad8,300001,12628392,10702928,10702928,3200000,2702872,4800000
32,diagnostic,churn,17,100000,100000,10000,99960,2.113415,3,4,6,8.453691,24,22.907323,54,5999776,2289816,8439d307d5128444,321052,13650392,10797912,10797912,3198720,2801056,4798080
32,diagnostic,churn,17,100000,100000,20000,100055,2.167118,4,4,6,8.668502,24,23.336945,54,6090704,2334978,4980787b065c11d2,342175,14670992,10893400,10893928,3201760,2888944,4802640
32,diagnostic,churn,17,100000,100000,30000,100031,2.212534,4,4,6,8.850166,24,23.700273,54,6159928,2370762,38b3d81c985c8acf,363193,15674480,10961472,10961472,3200992,2958936,4801488
32,diagnostic,churn,17,100000,100000,40000,100059,2.252561,4,4,6,9.010274,24,24.020488,54,6222192,2403466,ca99b7b6779376f1,384202,16674624,11025080,11026232,3201888,3020304,4802832
32,diagnostic,churn,17,100000,100000,50000,100041,2.289051,4,4,6,9.156206,24,24.312412,54,6275960,2432238,d43ff6f9d611fcd5,405298,17675672,11077984,11078088,3201312,3074648,4801968
32,diagnostic,churn,17,100000,100000,60000,99932,2.32297,4,5,6,9.291878,24,24.583757,54,6320072,2456704,90a195e581f0c9aa,426166,18663744,11116864,11117368,3197824,3122248,4796736
32,diagnostic,churn,17,100000,100000,70000,99980,2.354021,4,5,6,9.416083,24,24.832166,54,6371248,2482720,0db2c36f9ccb9bda,447310,19665096,11170344,11171008,3199360,3171888,4799040
32,diagnostic,churn,17,100000,100000,80000,99940,2.380568,4,5,6,9.522273,24,25.044547,54,6407400,2502952,bb09aa3448fb1c85,468427,20661024,11204576,11206104,3198080,3209320,4797120
32,diagnostic,churn,17,100000,100000,90000,99998,2.403688,4,5,6,9.614752,24,25.229505,54,6446336,2522900,39515d83e65a179d,489523,21654584,11246296,11246296,3199936,3246400,4799904
32,diagnostic,churn,17,100000,100000,100000,100099,2.427077,4,5,6,9.708309,24,25.416618,54,6487624,2544178,b286904d503b64a4,510658,22656624,11292432,11292744,3203168,3284456,4804752
33,timed,churn,17,50000,500000,0,50000,1.35594,2,2,2,5.42382,8,16.84752,22,2542368,842376,472860ed72a44d04,,,,,,,
33,timed,churn,17,50000,500000,50000,50041,1.72003,3,4,6,6.880178,24,19.760237,54,2759256,988822,761527f0c6fafce5,,,,,,,
33,timed,churn,17,50000,500000,100000,50099,1.901695,3,4,6,7.606838,24,21.213557,54,2889216,1062778,888c26dfa172f6aa,,,,,,,
33,timed,churn,17,50000,500000,150000,50190,2.017553,4,5,6,8.070273,24,22.140426,54,2980544,1111228,e84f5f025bb06811,,,,,,,
33,timed,churn,17,50000,500000,200000,50239,2.1213,4,5,6,8.485201,24,22.970401,54,3052336,1154010,bf5fd564c424ce48,,,,,,,
33,timed,churn,17,50000,500000,250000,50017,2.202651,4,5,6,8.818922,24,23.621209,54,3090464,1181462,26a0501c93fac376,,,,,,,
33,timed,churn,17,50000,500000,300000,49992,2.255641,4,5,6,9.044987,24,24.045127,54,3126920,1202064,e96057b0557def49,,,,,,,
33,timed,churn,17,50000,500000,350000,49675,2.298863,5,5,6,9.226995,24,24.390901,54,3158504,1211618,753ada52e0db40c3,,,,,,,
33,timed,churn,17,50000,500000,400000,49922,2.325448,5,5,6,9.336625,24,24.603582,54,3205384,1228260,4cf7ec8d7a1273e8,,,,,,,
33,timed,churn,17,50000,500000,450000,50205,2.36106,5,6,6,9.480291,24,24.888477,54,3242064,1249526,aeb6a4a705831964,,,,,,,
33,timed,churn,17,50000,500000,500000,50188,2.387463,5,6,6,9.588248,24,25.099705,54,3254776,1259704,b1f190a7dc23a722,,,,,,,
33,diagnostic,churn,17,50000,500000,0,50000,1.35594,2,2,2,5.42382,8,16.84752,22,2542368,842376,472860ed72a44d04,150001,5227192,4942424,4942424,1600000,942368,2400000
33,diagnostic,churn,17,50000,500000,50000,50041,1.72003,3,4,6,6.880178,24,19.760237,54,2759256,988822,761527f0c6fafce5,255280,9536856,5161280,5161400,1601312,1157944,2401968
33,diagnostic,churn,17,50000,500000,100000,50099,1.901695,3,4,6,7.606838,24,21.213557,54,2889216,1062778,888c26dfa172f6aa,360532,13878016,5294024,5294312,1603168,1286048,2404752
33,diagnostic,churn,17,50000,500000,150000,50190,2.017553,4,5,6,8.070273,24,22.140426,54,2980544,1111228,e84f5f025bb06811,466067,18301136,5389720,5390592,1606080,1374464,2409120
33,diagnostic,churn,17,50000,500000,200000,50239,2.1213,4,5,6,8.485201,24,22.970401,54,3052336,1154010,bf5fd564c424ce48,571547,22788392,5463864,5465160,1607648,1444688,2411472
33,diagnostic,churn,17,50000,500000,250000,50017,2.202651,4,5,6,8.818922,24,23.621209,54,3090464,1181462,26a0501c93fac376,677291,27334880,5491336,5500296,1600544,1489920,2400816
33,diagnostic,churn,17,50000,500000,300000,49992,2.255641,4,5,6,9.044987,24,24.045127,54,3126920,1202064,e96057b0557def49,783627,31962080,5526592,5526848,1599744,1527176,2399616
33,diagnostic,churn,17,50000,500000,350000,49675,2.298863,5,5,6,9.226995,24,24.390901,54,3158504,1211618,753ada52e0db40c3,890526,36723544,5542960,5569312,1589600,1568904,2384400
33,diagnostic,churn,17,50000,500000,400000,49922,2.325448,5,5,6,9.336625,24,24.603582,54,3205384,1228260,4cf7ec8d7a1273e8,998292,41543856,5601696,5605824,1597504,1607880,2396256
33,diagnostic,churn,17,50000,500000,450000,50205,2.36106,5,6,6,9.480291,24,24.888477,54,3242064,1249526,aeb6a4a705831964,1106302,46382464,5651960,5664792,1606560,1635504,2409840
33,diagnostic,churn,17,50000,500000,500000,50188,2.387463,5,6,6,9.588248,24,25.099705,54,3254776,1259704,b1f190a7dc23a722,1214028,51225768,5663856,5676288,1606016,1648760,2409024
34,timed,ascending,17,1000,10000,0,1000,0.999,1,1,1,3.999,4,13.992,14,47984,13992,c37bd93d2bb7b1c8,,,,,,,
34,timed,ascending,17,1000,10000,1000,2000,0.9995,1,1,1,3.9995,4,13.996,14,95984,27992,73c65ae2bfd67530,,,,,,,
34,timed,ascending,17,1000,10000,2000,3000,0.999667,1,1,1,3.999667,4,13.997333,14,143984,41992,e502104ff2f9d334,,,,,,,
34,timed,ascending,17,1000,10000,3000,4000,0.99975,1,1,1,3.99975,4,13.998,14,191984,55992,97684abd7130a464,,,,,,,
34,timed,ascending,17,1000,10000,4000,5000,0.9998,1,1,1,3.9998,4,13.9984,14,239984,69992,6ab9c2d64b9caef4,,,,,,,
34,timed,ascending,17,1000,10000,5000,6000,0.999833,1,1,1,3.999833,4,13.998667,14,287984,83992,b8b6e8c0b7b32974,,,,,,,
34,timed,ascending,17,1000,10000,6000,7000,0.999857,1,1,1,3.999857,4,13.998857,14,335984,97992,69b850b3e30c9894,,,,,,,
34,timed,ascending,17,1000,10000,7000,8000,0.999875,1,1,1,3.999875,4,13.999,14,383984,111992,ece3ff2f3fafb224,,,,,,,
34,timed,ascending,17,1000,10000,8000,9000,0.999889,1,1,1,3.999889,4,13.999111,14,431984,125992,4abd418ddf8ee9f4,,,,,,,
34,timed,ascending,17,1000,10000,9000,10000,0.9999,1,1,1,3.9999,4,13.9992,14,479984,139992,e683f3560ca72cf4,,,,,,,
34,timed,ascending,17,1000,10000,10000,11000,0.999909,1,1,1,3.999909,4,13.999273,14,527984,153992,f37d2e87da04e124,,,,,,,
34,diagnostic,ascending,17,1000,10000,0,1000,0.999,1,1,1,3.999,4,13.992,14,47984,13992,c37bd93d2bb7b1c8,3001,96040,96040,96040,32000,15984,48000
34,diagnostic,ascending,17,1000,10000,1000,2000,0.9995,1,1,1,3.9995,4,13.996,14,95984,27992,73c65ae2bfd67530,6001,192040,192040,192040,64000,31984,96000
34,diagnostic,ascending,17,1000,10000,2000,3000,0.999667,1,1,1,3.999667,4,13.997333,14,143984,41992,e502104ff2f9d334,9001,288040,288040,288040,96000,47984,144000
34,diagnostic,ascending,17,1000,10000,3000,4000,0.99975,1,1,1,3.99975,4,13.998,14,191984,55992,97684abd7130a464,12001,384040,384040,384040,128000,63984,192000
34,diagnostic,ascending,17,1000,10000,4000,5000,0.9998,1,1,1,3.9998,4,13.9984,14,239984,69992,6ab9c2d64b9caef4,15001,480040,480040,480040,160000,79984,240000
34,diagnostic,ascending,17,1000,10000,5000,6000,0.999833,1,1,1,3.999833,4,13.998667,14,287984,83992,b8b6e8c0b7b32974,18001,576040,576040,576040,192000,95984,288000
34,diagnostic,ascending,17,1000,10000,6000,7000,0.999857,1,1,1,3.999857,4,13.998857,14,335984,97992,69b850b3e30c9894,21001,672040,672040,672040,224000,111984,336000
34,diagnostic,ascending,17,1000,10000,7000,8000,0.999875,1,1,1,3.999875,4,13.999,14,383984,111992,ece3ff2f3fafb224,24001,768040,768040,768040,256000,127984,384000
34,diagnostic,ascending,17,1000,10000,8000,9000,0.999889,1,1,1,3.999889,4,13.999111,14,431984,125992,4abd418ddf8ee9f4,27001,864040,864040,864040,288000,143984,432000
34,diagnostic,ascending,17,1000,10000,9000,10000,0.9999,1,1,1,3.9999,4,13.9992,14,479984,139992,e683f3560ca72cf4,30001,960040,960040,960040,320000,159984,480000
34,diagnostic,ascending,17,1000,10000,10000,11000,0.999909,1,1,1,3.999909,4,13.999273,14,527984,153992,f37d2e87da04e124,33001,1056040,1056040,1056040,352000,175984,528000
35,timed,descending,17,1000,10000,0,1000,0.999,1,1,1,3.999,4,13.992,14,47984,13992,4565863bd0002cd1,,,,,,,
35,timed,descending,17,1000,10000,1000,2000,0.9995,1,1,1,3.9995,4,13.996,14,95984,27992,f8f7b1cb65a8bc91,,,,,,,
35,timed,descending,17,1000,10000,2000,3000,0.999667,1,1,1,3.999667,4,13.997333,14,143984,41992,932478402db5fe8d,,,,,,,
35,timed,descending,17,1000,10000,3000,4000,0.99975,1,1,1,3.99975,4,13.998,14,191984,55992,1718284637d82d45,,,,,,,
35,timed,descending,17,1000,10000,4000,5000,0.9998,1,1,1,3.9998,4,13.9984,14,239984,69992,53577b2c274f204d,,,,,,,
35,timed,descending,17,1000,10000,5000,6000,0.999833,1,1,1,3.999833,4,13.998667,14,287984,83992,6cd306defb5a3485,,,,,,,
35,timed,descending,17,1000,10000,6000,7000,0.999857,1,1,1,3.999857,4,13.998857,14,335984,97992,a7487abca4dfcead,,,,,,,
35,timed,descending,17,1000,10000,7000,8000,0.999875,1,1,1,3.999875,4,13.999,14,383984,111992,2b99525666e6eb65,,,,,,,
35,timed,descending,17,1000,10000,8000,9000,0.999889,1,1,1,3.999889,4,13.999111,14,431984,125992,bfa900794ab507cd,,,,,,,
35,timed,descending,17,1000,10000,9000,10000,0.9999,1,1,1,3.9999,4,13.9992,14,479984,139992,c412bb8f97f7d345,,,,,,,
35,timed,descending,17,1000,10000,10000,11000,0.999909,1,1,1,3.999909,4,13.999273,14,527984,153992,c7638be8b4b18aed,,,,,,,
35,diagnostic,descending,17,1000,10000,0,1000,0.999,1,1,1,3.999,4,13.992,14,47984,13992,4565863bd0002cd1,3001,96040,96040,96040,32000,15984,48000
35,diagnostic,descending,17,1000,10000,1000,2000,0.9995,1,1,1,3.9995,4,13.996,14,95984,27992,f8f7b1cb65a8bc91,6001,192040,192040,192040,64000,31984,96000
35,diagnostic,descending,17,1000,10000,2000,3000,0.999667,1,1,1,3.999667,4,13.997333,14,143984,41992,932478402db5fe8d,9001,288040,288040,288040,96000,47984,144000
35,diagnostic,descending,17,1000,10000,3000,4000,0.99975,1,1,1,3.99975,4,13.998,14,191984,55992,1718284637d82d45,12001,384040,384040,384040,128000,63984,192000
35,diagnostic,descending,17,1000,10000,4000,5000,0.9998,1,1,1,3.9998,4,13.9984,14,239984,69992,53577b2c274f204d,15001,480040,480040,480040,160000,79984,240000
35,diagnostic,descending,17,1000,10000,5000,6000,0.999833,1,1,1,3.999833,4,13.998667,14,287984,83992,6cd306defb5a3485,18001,576040,576040,576040,192000,95984,288000
35,diagnostic,descending,17,1000,10000,6000,7000,0.999857,1,1,1,3.999857,4,13.998857,14,335984,97992,a7487abca4dfcead,21001,672040,672040,672040,224000,111984,336000
35,diagnostic,descending,17,1000,10000,7000,8000,0.999875,1,1,1,3.999875,4,13.999,14,383984,111992,2b99525666e6eb65,24001,768040,768040,768040,256000,127984,384000
35,diagnostic,descending,17,1000,10000,8000,9000,0.999889,1,1,1,3.999889,4,13.999111,14,431984,125992,bfa900794ab507cd,27001,864040,864040,864040,288000,143984,432000
35,diagnostic,descending,17,1000,10000,9000,10000,0.9999,1,1,1,3.9999,4,13.9992,14,479984,139992,c412bb8f97f7d345,30001,960040,960040,960040,320000,159984,480000
35,diagnostic,descending,17,1000,10000,10000,11000,0.999909,1,1,1,3.999909,4,13.999273,14,527984,153992,c7638be8b4b18aed,33001,1056040,1056040,1056040,352000,175984,528000
36,timed,random,17,1000,10000,0,1000,1.972,3,4,5,7.891,20,21.776,46,56728,21776,2746de8c85bcb8d3,,,,,,,
36,timed,random,17,1000,10000,1000,2000,2.09,3,4,6,8.3615,24,22.72,54,117000,45440,8d6f7764c29fa3fc,,,,,,,
36,timed,random,17,1000,10000,2000,3000,2.186667,4,5,6,8.747667,24,23.493333,54,179472,70480,8ef535a10c056fc9,,,,,,,
36,timed,random,17,1000,10000,3000,4000,2.254,4,5,6,9.01675,24,24.032,54,243080,96128,be3ba521b9c49284,,,,,,,
36,timed,random,17,1000,10000,4000,5000,2.3162,4,5,6,9.2654,24,24.5296,54,308696,122648,efcfd82c81ed08c0,,,,,,,
36,timed,random,17,1000,10000,5000,6000,2.3735,4,5,6,9.4945,24,24.988,54,375496,149928,75b05c87b30c84eb,,,,,,,
36,timed,random,17,1000,10000,6000,7000,2.424857,4,5,6,9.699857,24,25.398857,54,443408,177792,42066961d205b3d7,,,,,,,
36,timed,random,17,1000,10000,7000,8000,2.90825,3,3,3,11.633375,12,29.266,30,564472,234128,8edd6e144a903600,,,,,,,
36,timed,random,17,1000,10000,8000,9000,2.909556,3,3,3,11.638556,12,29.276444,30,635224,263488,34baa27411d2e38b,,,,,,,
36,timed,random,17,1000,10000,9000,10000,2.9096,3,3,3,11.6387,12,29.2768,30,705792,292768,762cca1570f30b0d,,,,,,,
36,timed,random,17,1000,10000,10000,11000,2.910091,3,3,3,11.640636,12,29.280727,30,776448,322088,2e027697ebc02313,,,,,,,
36,diagnostic,random,17,1000,10000,0,1000,1.972,3,4,5,7.891,20,21.776,46,56728,21776,2746de8c85bcb8d3,3527,154112,104784,104784,32000,24728,48000
36,diagnostic,random,17,1000,10000,1000,2000,2.09,3,4,6,8.3615,24,22.72,54,117000,45440,8d6f7764c29fa3fc,6827,299408,213056,213056,64000,53000,96000
36,diagnostic,random,17,1000,10000,2000,3000,2.186667,4,5,6,8.747667,24,23.493333,54,179472,70480,8ef535a10c056fc9,9997,442832,323528,323528,96000,83472,144000
36,diagnostic,random,17,1000,10000,3000,4000,2.254,4,5,6,9.01675,24,24.032,54,243080,96128,be3ba521b9c49284,13033,579488,435136,435136,128000,115080,192000
36,diagnostic,random,17,1000,10000,4000,5000,2.3162,4,5,6,9.2654,24,24.5296,54,308696,122648,efcfd82c81ed08c0,16647,756320,548752,548752,160000,148696,240000
36,diagnostic,random,17,1000,10000,5000,6000,2.3735,4,5,6,9.4945,24,24.988,54,375496,149928,75b05c87b30c84eb,19665,898416,663552,663552,192000,183496,288000
36,diagnostic,random,17,1000,10000,6000,7000,2.424857,4,5,6,9.699857,24,25.398857,54,443408,177792,42066961d205b3d7,22665,1040960,779464,779464,224000,219408,336000
36,diagnostic,random,17,1000,10000,7000,8000,2.90825,3,3,3,11.633375,12,29.266,30,564472,234128,8edd6e144a903600,58894,3086688,948528,1575600,256000,308472,384000
36,diagnostic,random,17,1000,10000,8000,9000,2.909556,3,3,3,11.638556,12,29.276444,30,635224,263488,34baa27411d2e38b,61894,3243552,1067280,1575600,288000,347224,432000
36,diagnostic,random,17,1000,10000,9000,10000,2.9096,3,3,3,11.6387,12,29.2768,30,705792,292768,762cca1570f30b0d,64894,3399968,1185848,1575600,320000,385792,480000
36,diagnostic,random,17,1000,10000,10000,11000,2.910091,3,3,3,11.640636,12,29.280727,30,776448,322088,2e027697ebc02313,67894,3556600,1304504,1575600,352000,424448,528000
37,timed,equal,17,1000,10000,0,1000,0.999,1,1,1,3.999,4,13.992,14,47984,13992,c37bd93d2bb7b1c8,,,,,,,
37,timed,equal,17,1000,10000,1000,2000,0.9995,1,1,1,3.9995,4,13.996,14,95984,27992,73c65ae2bfd67530,,,,,,,
37,timed,equal,17,1000,10000,2000,3000,0.999667,1,1,1,3.999667,4,13.997333,14,143984,41992,e502104ff2f9d334,,,,,,,
37,timed,equal,17,1000,10000,3000,4000,0.99975,1,1,1,3.99975,4,13.998,14,191984,55992,97684abd7130a464,,,,,,,
37,timed,equal,17,1000,10000,4000,5000,0.9998,1,1,1,3.9998,4,13.9984,14,239984,69992,6ab9c2d64b9caef4,,,,,,,
37,timed,equal,17,1000,10000,5000,6000,0.999833,1,1,1,3.999833,4,13.998667,14,287984,83992,b8b6e8c0b7b32974,,,,,,,
37,timed,equal,17,1000,10000,6000,7000,0.999857,1,1,1,3.999857,4,13.998857,14,335984,97992,69b850b3e30c9894,,,,,,,
37,timed,equal,17,1000,10000,7000,8000,0.999875,1,1,1,3.999875,4,13.999,14,383984,111992,ece3ff2f3fafb224,,,,,,,
37,timed,equal,17,1000,10000,8000,9000,0.999889,1,1,1,3.999889,4,13.999111,14,431984,125992,4abd418ddf8ee9f4,,,,,,,
37,timed,equal,17,1000,10000,9000,10000,0.9999,1,1,1,3.9999,4,13.9992,14,479984,139992,e683f3560ca72cf4,,,,,,,
37,timed,equal,17,1000,10000,10000,11000,0.999909,1,1,1,3.999909,4,13.999273,14,527984,153992,f37d2e87da04e124,,,,,,,
37,diagnostic,equal,17,1000,10000,0,1000,0.999,1,1,1,3.999,4,13.992,14,47984,13992,c37bd93d2bb7b1c8,3001,96040,96040,96040,32000,15984,48000
37,diagnostic,equal,17,1000,10000,1000,2000,0.9995,1,1,1,3.9995,4,13.996,14,95984,27992,73c65ae2bfd67530,6001,192040,192040,192040,64000,31984,96000
37,diagnostic,equal,17,1000,10000,2000,3000,0.999667,1,1,1,3.999667,4,13.997333,14,143984,41992,e502104ff2f9d334,9001,288040,288040,288040,96000,47984,144000
37,diagnostic,equal,17,1000,10000,3000,4000,0.99975,1,1,1,3.99975,4,13.998,14,191984,55992,97684abd7130a464,12001,384040,384040,384040,128000,63984,192000
37,diagnostic,equal,17,1000,10000,4000,5000,0.9998,1,1,1,3.9998,4,13.9984,14,239984,69992,6ab9c2d64b9caef4,15001,480040,480040,480040,160000,79984,240000
37,diagnostic,equal,17,1000,10000,5000,6000,0.999833,1,1,1,3.999833,4,13.998667,14,287984,83992,b8b6e8c0b7b32974,18001,576040,576040,576040,192000,95984,288000
37,diagnostic,equal,17,1000,10000,6000,7000,0.999857,1,1,1,3.999857,4,13.998857,14,335984,97992,69b850b3e30c9894,21001,672040,672040,672040,224000,111984,336000
37,diagnostic,equal,17,1000,10000,7000,8000,0.999875,1,1,1,3.999875,4,13.999,14,383984,111992,ece3ff2f3fafb224,24001,768040,768040,768040,256000,127984,384000
37,diagnostic,equal,17,1000,10000,8000,9000,0.999889,1,1,1,3.999889,4,13.999111,14,431984,125992,4abd418ddf8ee9f4,27001,864040,864040,864040,288000,143984,432000
37,diagnostic,equal,17,1000,10000,9000,10000,0.9999,1,1,1,3.9999,4,13.9992,14,479984,139992,e683f3560ca72cf4,30001,960040,960040,960040,320000,159984,480000
37,diagnostic,equal,17,1000,10000,10000,11000,0.999909,1,1,1,3.999909,4,13.999273,14,527984,153992,f37d2e87da04e124,33001,1056040,1056040,1056040,352000,175984,528000
38,timed,duplicates,17,1000,10000,0,1000,2.204,3,3,3,8.819,12,23.632,30,59480,23632,ab8d5cbf1ebe5814,,,,,,,
38,timed,duplicates,17,1000,10000,1000,2000,2.1475,3,3,6,8.5915,24,23.18,54,117368,46360,9633d494579b5b39,,,,,,,
38,timed,duplicates,17,1000,10000,2000,3000,2.076333,3,3,6,8.306333,24,22.610667,54,172856,67832,c96c8741f73d990c,,,,,,,
38,timed,duplicates,17,1000,10000,3000,4000,2.09075,3,3,6,8.36375,24,22.726,54,231352,90904,cd35d913f558e196,,,,,,,
38,timed,duplicates,17,1000,10000,4000,5000,2.2274,3,4,6,8.9102,24,23.8192,54,299408,119096,253ec551fc1bbb82,,,,,,,
38,timed,duplicates,17,1000,10000,5000,6000,2.408333,4,5,6,9.633833,24,25.266667,54,376024,151600,e7df1b4518c7af3b,,,,,,,
38,timed,duplicates,17,1000,10000,6000,7000,2.383714,4,5,6,9.535286,24,25.069714,54,439152,175488,23da70c1fd1611b9,,,,,,,
38,timed,duplicates,17,1000,10000,7000,8000,2.312875,4,5,6,9.251875,24,24.503,54,491904,196024,4771a443fc393e2a,,,,,,,
38,timed,duplicates,17,1000,10000,8000,9000,2.308333,4,5,6,9.233667,24,24.466667,54,552256,220200,e1369e60a73e82ca,,,,,,,
38,timed,duplicates,17,1000,10000,9000,10000,2.3541,4,5,6,9.4167,24,24.8328,54,620368,248328,077ff11f51ebb72e,,,,,,,
38,timed,duplicates,17,1000,10000,10000,11000,2.415,4,5,6,9.660273,24,25.32,54,692928,278520,5ed9e23c23b05e27,,,,,,,
38,diagnostic,duplicates,17,1000,10000,0,1000,2.204,3,3,3,8.819,12,23.632,30,59480,23632,ab8d5cbf1ebe5814,8252,432104,107536,170600,32000,27480,48000
38,diagnostic,duplicates,17,1000,10000,1000,2000,2.1475,3,3,6,8.5915,24,23.18,54,117368,46360,9633d494579b5b39,12206,613872,213424,213672,64000,53368,96000
38,diagnostic,duplicates,17,1000,10000,2000,3000,2.076333,3,3,6,8.306333,24,22.610667,54,172856,67832,c96c8741f73d990c,16718,821664,316912,316912,96000,76856,144000
38,diagnostic,duplicates,17,1000,10000,3000,4000,2.09075,3,3,6,8.36375,24,22.726,54,231352,90904,cd35d913f558e196,21734,1066272,423408,423408,128000,103352,192000
38,diagnostic,duplicates,17,1000,10000,4000,5000,2.2274,3,4,6,8.9102,24,23.8192,54,299408,119096,253ec551fc1bbb82,26066,1294720,539464,539672,160000,139408,240000
38,diagnostic,duplicates,17,1000,10000,5000,6000,2.408333,4,5,6,9.633833,24,25.266667,54,376024,151600,e7df1b4518c7af3b,30140,1532560,664080,664760,192000,184024,288000
38,diagnostic,duplicates,17,1000,10000,6000,7000,2.383714,4,5,6,9.535286,24,25.069714,54,439152,175488,23da70c1fd1611b9,36936,1917264,775208,775208,224000,215152,336000
38,diagnostic,duplicates,17,1000,10000,7000,8000,2.312875,4,5,6,9.251875,24,24.503,54,491904,196024,4771a443fc393e2a,41808,2154736,875960,875960,256000,235904,384000
38,diagnostic,duplicates,17,1000,10000,8000,9000,2.308333,4,5,6,9.233667,24,24.466667,54,552256,220200,e1369e60a73e82ca,46694,2397624,984312,984312,288000,264256,432000
38,diagnostic,duplicates,17,1000,10000,9000,10000,2.3541,4,5,6,9.4167,24,24.8328,54,620368,248328,077ff11f51ebb72e,51116,2632216,1100424,1100424,320000,300368,480000
38,diagnostic,duplicates,17,1000,10000,10000,11000,2.415,4,5,6,9.660273,24,25.32,54,692928,278520,5ed9e23c23b05e27,55638,2890368,1220984,1221424,352000,340928,528000
39,timed,alternating,17,1000,10000,0,1000,1.577,6,6,6,6.311,24,18.616,54,54952,18616,80b43e6cfa039741,,,,,,,
39,timed,alternating,17,1000,10000,1000,2000,1.589,6,6,6,6.3575,24,18.712,54,108968,37424,a5de4eb502c0e113,,,,,,,
39,timed,alternating,17,1000,10000,2000,3000,1.807333,4,5,6,7.230333,24,20.458667,54,170440,61376,4cb666e1176f6699,,,,,,,
39,timed,alternating,17,1000,10000,3000,4000,2.00325,4,6,6,8.01375,24,22.026,54,236688,88104,f3bc975cd572e9b1,,,,,,,
39,timed,alternating,17,1000,10000,4000,5000,1.1832,2,4,6,4.7334,24,15.4656,54,250368,77328,63cbcd0a553f531d,,,,,,,
39,timed,alternating,17,1000,10000,5000,6000,1.385667,3,6,6,5.543167,24,17.085333,54,313296,102512,d14d899264e24beb,,,,,,,
39,timed,alternating,17,1000,10000,6000,7000,1.544143,3,4,6,6.177,24,18.353143,54,379368,128472,58804ac62973b475,,,,,,,
39,timed,alternating,17,1000,10000,7000,8000,1.366875,2,3,5,5.467875,20,16.935,46,411096,135480,e27f47e3429e74f2,,,,,,,
39,timed,alternating,17,1000,10000,8000,9000,1.525222,3,4,6,6.101222,24,18.201778,54,479856,163816,e333d115f29d58e8,,,,,,,
39,timed,alternating,17,1000,10000,9000,10000,1.6244,3,5,6,6.4979,24,18.9952,54,543744,189952,8538ee49d4da3cec,,,,,,,
39,timed,alternating,17,1000,10000,10000,11000,1.705455,3,4,6,6.822091,24,19.643636,54,610712,216080,a7b08f44dba1944a,,,,,,,
39,diagnostic,alternating,17,1000,10000,0,1000,1.577,6,6,6,6.311,24,18.616,54,54952,18616,80b43e6cfa039741,21072,1809440,103008,110968,32000,22952,48000
39,diagnostic,alternating,17,1000,10000,1000,2000,1.589,6,6,6,6.3575,24,18.712,54,108968,37424,a5de4eb502c0e113,54476,4558792,205024,247456,64000,44968,96000
39,diagnostic,alternating,17,1000,10000,2000,3000,1.807333,4,5,6,7.230333,24,20.458667,54,170440,61376,4cb666e1176f6699,94750,7768480,314496,382056,96000,74440,144000
39,diagnostic,alternating,17,1000,10000,3000,4000,2.00325,4,6,6,8.01375,24,22.026,54,236688,88104,f3bc975cd572e9b1,147594,11581624,428744,554560,128000,108688,192000
39,diagnostic,alternating,17,1000,10000,4000,5000,1.1832,2,4,6,4.7334,24,15.4656,54,250368,77328,63cbcd0a553f531d,201896,15315544,490424,741584,160000,90368,240000
39,diagnostic,alternating,17,1000,10000,5000,6000,1.385667,3,6,6,5.543167,24,17.085333,54,313296,102512,d14d899264e24beb,241670,18486952,601352,741584,192000,121296,288000
39,diagnostic,alternating,17,1000,10000,6000,7000,1.544143,3,4,6,6.177,24,18.353143,54,379368,128472,58804ac62973b475,304374,22911376,715424,882056,224000,155368,336000
39,diagnostic,alternating,17,1000,10000,7000,8000,1.366875,2,3,5,5.467875,20,16.935,46,411096,135480,e27f47e3429e74f2,355902,26552952,795152,1022384,256000,155096,384000
39,diagnostic,alternating,17,1000,10000,8000,9000,1.525222,3,4,6,6.101222,24,18.201778,54,479856,163816,e333d115f29d58e8,401656,30018056,911912,1022384,288000,191856,432000
39,diagnostic,alternating,17,1000,10000,9000,10000,1.6244,3,5,6,6.4979,24,18.9952,54,543744,189952,8538ee49d4da3cec,467792,34524112,1023800,1296136,320000,223744,480000
39,diagnostic,alternating,17,1000,10000,10000,11000,1.705455,3,4,6,6.822091,24,19.643636,54,610712,216080,a7b08f44dba1944a,543776,39555872,1138768,1456960,352000,258712,528000
40,timed,hotspot,17,1000,10000,0,1000,0.999,1,1,1,6.837,7,16.173,17,47984,16173,cd0111ef2db53188,,,,,,,
40,timed,hotspot,17,1000,10000,1000,2000,0.9995,1,1,1,7.41,8,16.5865,17,95984,33173,da07b128fdd51c1c,,,,,,,
40,timed,hotspot,17,1000,10000,2000,3000,0.999667,1,1,1,7.606667,8,16.724333,17,143984,50173,d7e4d69617d16f40,,,,,,,
40,timed,hotspot,17,1000,10000,3000,4000,0.99975,1,1,1,7.705,8,16.79325,17,191984,67173,8cb34c4a37171fe4,,,,,,,
40,timed,hotspot,17,1000,10000,4000,5000,0.9998,1,1,1,7.764,8,16.8346,17,239984,84173,88b3f0853fa612f8,,,,,,,
40,timed,hotspot,17,1000,10000,5000,6000,0.999833,1,1,1,7.803333,8,16.862167,17,287984,101173,4157302edde632ec,,,,,,,
40,timed,hotspot,17,1000,10000,6000,7000,0.999857,1,1,1,7.831429,8,16.881857,17,335984,118173,07d8b007f46fc0d0,,,,,,,
40,timed,hotspot,17,1000,10000,7000,8000,0.999875,1,1,1,7.8525,8,16.896625,17,383984,135173,9250a2498f21cd54,,,,,,,
40,timed,hotspot,17,1000,10000,8000,9000,0.999889,1,1,1,7.868889,8,16.908111,17,431984,152173,c387aee304d147a8,,,,,,,
40,timed,hotspot,17,1000,10000,9000,10000,0.9999,1,1,1,7.882,8,16.9173,17,479984,169173,d1cec81ae91dbcbb,,,,,,,
40,timed,hotspot,17,1000,10000,10000,11000,0.999909,1,1,1,7.982091,9,16.924818,17,527984,186173,acc84e9c6632958f,,,,,,,
40,diagnostic,hotspot,17,1000,10000,0,1000,0.999,1,1,1,6.837,7,16.173,17,47984,16173,cd0111ef2db53188,3001,96040,96040,96040,32000,15984,48000
40,diagnostic,hotspot,17,1000,10000,1000,2000,0.9995,1,1,1,7.41,8,16.5865,17,95984,33173,da07b128fdd51c1c,6001,192040,192040,192040,64000,31984,96000
40,diagnostic,hotspot,17,1000,10000,2000,3000,0.999667,1,1,1,7.606667,8,16.724333,17,143984,50173,d7e4d69617d16f40,9001,288040,288040,288040,96000,47984,144000
40,diagnostic,hotspot,17,1000,10000,3000,4000,0.99975,1,1,1,7.705,8,16.79325,17,191984,67173,8cb34c4a37171fe4,12001,384040,384040,384040,128000,63984,192000
40,diagnostic,hotspot,17,1000,10000,4000,5000,0.9998,1,1,1,7.764,8,16.8346,17,239984,84173,88b3f0853fa612f8,15001,480040,480040,480040,160000,79984,240000
40,diagnostic,hotspot,17,1000,10000,5000,6000,0.999833,1,1,1,7.803333,8,16.862167,17,287984,101173,4157302edde632ec,18001,576040,576040,576040,192000,95984,288000
40,diagnostic,hotspot,17,1000,10000,6000,7000,0.999857,1,1,1,7.831429,8,16.881857,17,335984,118173,07d8b007f46fc0d0,21001,672040,672040,672040,224000,111984,336000
40,diagnostic,hotspot,17,1000,10000,7000,8000,0.999875,1,1,1,7.8525,8,16.896625,17,383984,135173,9250a2498f21cd54,24001,768040,768040,768040,256000,127984,384000
40,diagnostic,hotspot,17,1000,10000,8000,9000,0.999889,1,1,1,7.868889,8,16.908111,17,431984,152173,c387aee304d147a8,27001,864040,864040,864040,288000,143984,432000
40,diagnostic,hotspot,17,1000,10000,9000,10000,0.9999,1,1,1,7.882,8,16.9173,17,479984,169173,d1cec81ae91dbcbb,30001,960040,960040,960040,320000,159984,480000
40,diagnostic,hotspot,17,1000,10000,10000,11000,0.999909,1,1,1,7.982091,9,16.924818,17,527984,186173,acc84e9c6632958f,33001,1056040,1056040,1056040,352000,175984,528000
41,timed,ascending,17,10000,100000,0,10000,0.9999,1,1,1,3.9999,4,13.9992,14,479984,139992,e683f3560ca72cf4,,,,,,,
41,timed,ascending,17,10000,100000,10000,20000,0.99995,1,1,1,3.99995,4,13.9996,14,959984,279992,2dc31c29f8a29a9c,,,,,,,
41,timed,ascending,17,10000,100000,20000,30000,0.999967,1,1,1,3.999967,4,13.999733,14,1439984,419992,8d22810b7c577fd0,,,,,,,
41,timed,ascending,17,10000,100000,30000,40000,1.194925,2,2,2,4.779775,8,15.5594,22,1982368,622376,4a8bfffc5948cb4c,,,,,,,
41,timed,ascending,17,10000,100000,40000,50000,1.35594,2,2,2,5.42382,8,16.84752,22,2542368,842376,472860ed72a44d04,,,,,,,
41,timed,ascending,17,10000,100000,50000,60000,1.463283,2,2,2,5.853183,8,17.706267,22,3102368,1062376,1b3d55284ee01158,,,,,,,
41,timed,ascending,17,10000,100000,60000,70000,1.611814,3,3,3,6.4473,12,18.894514,30,3742848,1322616,cce95debb83593f8,,,,,,,
41,timed,ascending,17,10000,100000,70000,80000,1.785338,3,3,3,7.141388,12,20.2827,30,4462848,1622616,6be25bfc725bc394,,,,,,,
41,timed,ascending,17,10000,100000,80000,90000,1.9203,3,3,3,7.681233,12,21.3624,30,5182848,1922616,ec47b67e79e3d304,,,,,,,
41,timed,ascending,17,10000,100000,90000,100000,2.05089,3,4,4,8.20359,16,22.40712,38,5902872,2240712,d68cfc369fc68ad8,,,,,,,
41,timed,ascending,17,10000,100000,100000,110000,2.228082,4,4,4,8.912355,16,23.824655,38,6622872,2620712,2a307dafda0a95f0,,,,,,,
41,diagnostic,ascending,17,10000,100000,0,10000,0.9999,1,1,1,3.9999,4,13.9992,14,479984,139992,e683f3560ca72cf4,30001,960040,960040,960040,320000,159984,480000
41,diagnostic,ascending,17,10000,100000,10000,20000,0.99995,1,1,1,3.99995,4,13.9996,14,959984,279992,2dc31c29f8a29a9c,60001,1920040,1920040,1920040,640000,319984,960000
41,diagnostic,ascending,17,10000,100000,20000,30000,0.999967,1,1,1,3.999967,4,13.999733,14,1439984,419992,8d22810b7c577fd0,90001,2880040,2880040,2880040,960000,479984,1440000
41,diagnostic,ascending,17,10000,100000,30000,40000,1.194925,2,2,2,4.779775,8,15.5594,22,1982368,622376,4a8bfffc5948cb4c,120001,4027192,3902424,3902424,1280000,702368,1920000
41,diagnostic,ascending,17,10000,100000,40000,50000,1.35594,2,2,2,5.42382,8,16.84752,22,2542368,842376,472860ed72a44d04,150001,5227192,4942424,4942424,1600000,942368,2400000
41,diagnostic,ascending,17,10000,100000,50000,60000,1.463283,2,2,2,5.853183,8,17.706267,22,3102368,1062376,1b3d55284ee01158,180001,6427192,5982424,5982424,1920000,1182368,2880000
41,diagnostic,ascending,17,10000,100000,60000,70000,1.611814,3,3,3,6.4473,12,18.894514,30,3742848,1322616,cce95debb83593f8,210001,7828376,7102904,7102904,2240000,1502848,3360000
41,diagnostic,ascending,17,10000,100000,70000,80000,1.785338,3,3,3,7.141388,12,20.2827,30,4462848,1622616,6be25bfc725bc394,240001,9428376,8302904,8302904,2560000,1902848,3840000
41,diagnostic,ascending,17,10000,100000,80000,90000,1.9203,3,3,3,7.681233,12,21.3624,30,5182848,1922616,ec47b67e79e3d304,270001,11028376,9502904,9502904,2880000,2302848,4320000
41,diagnostic,ascending,17,10000,100000,90000,100000,2.05089,3,4,4,8.20359,16,22.40712,38,5902872,2240712,d68cfc369fc68ad8,300001,12628392,10702928,10702928,3200000,2702872,4800000
41,diagnostic,ascending,17,10000,100000,100000,110000,2.228082,4,4,4,8.912355,16,23.824655,38,6622872,2620712,2a307dafda0a95f0,330001,14228392,11902928,11902928,3520000,3102872,5280000
42,timed,descending,17,10000,100000,0,10000,0.9999,1,1,1,3.9999,4,13.9992,14,479984,139992,c412bb8f97f7d345,,,,,,,
42,timed,descending,17,10000,100000,10000,20000,0.99995,1,1,1,3.99995,4,13.9996,14,959984,279992,47fc577ca5b18b01,,,,,,,
42,timed,descending,17,10000,100000,20000,30000,0.999967,1,1,1,3.999967,4,13.999733,14,1439984,419992,300fa5f7f9a5527d,,,,,,,
42,timed,descending,17,10000,100000,30000,40000,0.999975,1,1,1,3.999975,4,13.9998,14,1919984,559992,69b4727e110b7a61,,,,,,,
42,timed,descending,17,10000,100000,40000,50000,0.99998,1,1,1,3.99998,4,13.99984,14,2399984,699992,6bab3213bf2456ad,,,,,,,
42,timed,descending,17,10000,100000,50000,60000,0.999983,1,1,1,3.999983,4,13.999867,14,2879984,839992,3e02c517a8fa04d1,,,,,,,
42,timed,descending,17,10000,100000,60000,70000,0.999986,1,1,1,4.071843,5,13.999886,14,3359984,979992,a240340040986c25,,,,,,,
42,timed,descending,17,10000,100000,70000,80000,0.999988,1,1,1,4.187862,5,13.9999,14,3839984,1119992,9c4c5c23dcb67f71,,,,,,,
42,timed,descending,17,10000,100000,80000,90000,0.999989,1,1,1,4.2781,5,13.999911,14,4319984,1259992,808e710699a57215,,,,,,,
42,timed,descending,17,10000,100000,90000,100000,0.99999,1,1,1,4.35029,5,13.99992,14,4799984,1399992,c9b281a4c42541a1,,,,,,,
42,timed,descending,17,10000,100000,100000,110000,0.999991,1,1,1,4.409355,5,13.999927,14,5279984,1539992,a593293e4f1b7a2d,,,,,,,
42,diagnostic,descending,17,10000,100000,0,10000,0.9999,1,1,1,3.9999,4,13.9992,14,479984,139992,c412bb8f97f7d345,30001,960040,960040,960040,320000,159984,480000
42,diagnostic,descending,17,10000,100000,10000,20000,0.99995,1,1,1,3.99995,4,13.9996,14,959984,279992,47fc577ca5b18b01,60001,1920040,1920040,1920040,640000,319984,960000
42,diagnostic,descending,17,10000,100000,20000,30000,0.999967,1,1,1,3.999967,4,13.999733,14,1439984,419992,300fa5f7f9a5527d,90001,2880040,2880040,2880040,960000,479984,1440000
42,diagnostic,descending,17,10000,100000,30000,40000,0.999975,1,1,1,3.999975,4,13.9998,14,1919984,559992,69b4727e110b7a61,120001,3840040,3840040,3840040,1280000,639984,1920000
42,diagnostic,descending,17,10000,100000,40000,50000,0.99998,1,1,1,3.99998,4,13.99984,14,2399984,699992,6bab3213bf2456ad,150001,4800040,4800040,4800040,1600000,799984,2400000
42,diagnostic,descending,17,10000,100000,50000,60000,0.999983,1,1,1,3.999983,4,13.999867,14,2879984,839992,3e02c517a8fa04d1,180001,5760040,5760040,5760040,1920000,959984,2880000
42,diagnostic,descending,17,10000,100000,60000,70000,0.999986,1,1,1,4.071843,5,13.999886,14,3359984,979992,a240340040986c25,210001,6720040,6720040,6720040,2240000,1119984,3360000
42,diagnostic,descending,17,10000,100000,70000,80000,0.999988,1,1,1,4.187862,5,13.9999,14,3839984,1119992,9c4c5c23dcb67f71,240001,7680040,7680040,7680040,2560000,1279984,3840000
42,diagnostic,descending,17,10000,100000,80000,90000,0.999989,1,1,1,4.2781,5,13.999911,14,4319984,1259992,808e710699a57215,270001,8640040,8640040,8640040,2880000,1439984,4320000
42,diagnostic,descending,17,10000,100000,90000,100000,0.99999,1,1,1,4.35029,5,13.99992,14,4799984,1399992,c9b281a4c42541a1,300001,9600040,9600040,9600040,3200000,1599984,4800000
42,diagnostic,descending,17,10000,100000,100000,110000,0.999991,1,1,1,4.409355,5,13.999927,14,5279984,1539992,a593293e4f1b7a2d,330001,10560040,10560040,10560040,3520000,1759984,5280000
43,timed,random,17,10000,100000,0,10000,2.6921,3,3,3,10.7687,12,27.5368,30,671632,275368,c2b0853a182c09ff,,,,,,,
43,timed,random,17,10000,100000,10000,20000,2.6918,3,3,4,10.76735,16,27.5344,38,1343008,550688,fc540b794c93c0f7,,,,,,,
43,timed,random,17,10000,100000,20000,30000,2.6918,3,3,5,10.7673,20,27.5344,46,2014712,826032,7aaf7c666bc4c072,,,,,,,
43,timed,random,17,10000,100000,30000,40000,2.692875,3,3,6,10.771575,24,27.543,54,2687032,1101720,a56b524de5e4b38f,,,,,,,
43,timed,random,17,10000,100000,40000,50000,2.69642,3,3,6,10.78574,24,27.57136,54,3362136,1378568,87b3a77c2441278e,,,,,,,
43,timed,random,17,10000,100000,50000,60000,2.699583,3,3,6,10.798383,24,27.596667,54,4037504,1655800,41a0f26950b86d2d,,,,,,,
43,timed,random,17,10000,100000,60000,70000,2.703214,3,3,6,10.8129,24,27.625714,54,4714560,1933800,86102895645b750e,,,,,,,
43,timed,random,17,10000,100000,70000,80000,2.706113,3,3,6,10.824488,24,27.6489,54,5392096,2211912,05073cf27e58848a,,,,,,,
43,timed,random,17,10000,100000,80000,90000,2.709922,3,3,6,10.839722,24,27.679378,54,6071864,2491144,55a89ea6008cad1f,,,,,,,
43,timed,random,17,10000,100000,90000,100000,2.71257,3,3,6,10.85031,24,27.70056,54,6750856,2770056,60cc71264d51a64e,,,,,,,
43,timed,random,17,10000,100000,100000,110000,2.716591,3,3,6,10.866391,24,27.732727,54,7433616,3050600,0744de6c17a96242,,,,,,,
43,diagnostic,random,17,10000,100000,0,10000,2.6921,3,3,3,10.7687,12,27.5368,30,671632,275368,c2b0853a182c09ff,44019,2274512,1151688,1151688,320000,351632,480000
43,diagnostic,random,17,10000,100000,10000,20000,2.6918,3,3,4,10.76735,16,27.5344,38,1343008,550688,fc540b794c93c0f7,74019,3752472,2303064,2303064,640000,703008,960000
43,diagnostic,random,17,10000,100000,20000,30000,2.6918,3,3,5,10.7673,20,27.5344,46,2014712,826032,7aaf7c666bc4c072,104019,5230736,3454768,3454768,960000,1054712,1440000
43,diagnostic,random,17,10000,100000,30000,40000,2.692875,3,3,6,10.771575,24,27.543,54,2687032,1101720,a56b524de5e4b38f,134019,6709584,4607088,4607088,1280000,1407032,1920000
43,diagnostic,random,17,10000,100000,40000,50000,2.69642,3,3,6,10.78574,24,27.57136,54,3362136,1378568,87b3a77c2441278e,164019,8194224,5762192,5762192,1600000,1762136,2400000
43,diagnostic,random,17,10000,100000,50000,60000,2.699583,3,3,6,10.798383,24,27.596667,54,4037504,1655800,41a0f26950b86d2d,194019,9678888,6917560,6917560,1920000,2117504,2880000
43,diagnostic,random,17,10000,100000,60000,70000,2.703214,3,3,6,10.8129,24,27.625714,54,4714560,1933800,86102895645b750e,224019,11166112,8074616,8074616,2240000,2474560,3360000
43,diagnostic,random,17,10000,100000,70000,80000,2.706113,3,3,6,10.824488,24,27.6489,54,5392096,2211912,05073cf27e58848a,254037,12654512,9232152,9232152,2560000,2832096,3840000
43,diagnostic,random,17,10000,100000,80000,90000,2.709922,3,3,6,10.839722,24,27.679378,54,6071864,2491144,55a89ea6008cad1f,284073,14147848,10391920,10391920,2880000,3191864,4320000
43,diagnostic,random,17,10000,100000,90000,100000,2.71257,3,3,6,10.85031,24,27.70056,54,6750856,2770056,60cc71264d51a64e,314091,15637000,11550912,11550912,3200000,3550856,4800000
43,diagnostic,random,17,10000,100000,100000,110000,2.716591,3,3,6,10.866391,24,27.732727,54,7433616,3050600,0744de6c17a96242,344197,17139304,12713672,12713672,3520000,3913616,5280000
44,timed,equal,17,10000,100000,0,10000,0.9999,1,1,1,3.9999,4,13.9992,14,479984,139992,e683f3560ca72cf4,,,,,,,
44,timed,equal,17,10000,100000,10000,20000,0.99995,1,1,1,3.99995,4,13.9996,14,959984,279992,2dc31c29f8a29a9c,,,,,,,
44,timed,equal,17,10000,100000,20000,30000,0.999967,1,1,1,3.999967,4,13.999733,14,1439984,419992,8d22810b7c577fd0,,,,,,,
44,timed,equal,17,10000,100000,30000,40000,1.194925,2,2,2,4.779775,8,15.5594,22,1982368,622376,4a8bfffc5948cb4c,,,,,,,
44,timed,equal,17,10000,100000,40000,50000,1.35594,2,2,2,5.42382,8,16.84752,22,2542368,842376,472860ed72a44d04,,,,,,,
44,timed,equal,17,10000,100000,50000,60000,1.463283,2,2,2,5.853183,8,17.706267,22,3102368,1062376,1b3d55284ee01158,,,,,,,
44,timed,equal,17,10000,100000,60000,70000,1.611814,3,3,3,6.4473,12,18.894514,30,3742848,1322616,cce95debb83593f8,,,,,,,
44,timed,equal,17,10000,100000,70000,80000,1.785338,3,3,3,7.141388,12,20.2827,30,4462848,1622616,6be25bfc725bc394,,,,,,,
44,timed,equal,17,10000,100000,80000,90000,1.9203,3,3,3,7.681233,12,21.3624,30,5182848,1922616,ec47b67e79e3d304,,,,,,,
44,timed,equal,17,10000,100000,90000,100000,2.05089,3,4,4,8.20359,16,22.40712,38,5902872,2240712,d68cfc369fc68ad8,,,,,,,
44,timed,equal,17,10000,100000,100000,110000,2.228082,4,4,4,8.912355,16,23.824655,38,6622872,2620712,2a307dafda0a95f0,,,,,,,
44,diagnostic,equal,17,10000,100000,0,10000,0.9999,1,1,1,3.9999,4,13.9992,14,479984,139992,e683f3560ca72cf4,30001,960040,960040,960040,320000,159984,480000
44,diagnostic,equal,17,10000,100000,10000,20000,0.99995,1,1,1,3.99995,4,13.9996,14,959984,279992,2dc31c29f8a29a9c,60001,1920040,1920040,1920040,640000,319984,960000
44,diagnostic,equal,17,10000,100000,20000,30000,0.999967,1,1,1,3.999967,4,13.999733,14,1439984,419992,8d22810b7c577fd0,90001,2880040,2880040,2880040,960000,479984,1440000
44,diagnostic,equal,17,10000,100000,30000,40000,1.194925,2,2,2,4.779775,8,15.5594,22,1982368,622376,4a8bfffc5948cb4c,120001,4027192,3902424,3902424,1280000,702368,1920000
44,diagnostic,equal,17,10000,100000,40000,50000,1.35594,2,2,2,5.42382,8,16.84752,22,2542368,842376,472860ed72a44d04,150001,5227192,4942424,4942424,1600000,942368,2400000
44,diagnostic,equal,17,10000,100000,50000,60000,1.463283,2,2,2,5.853183,8,17.706267,22,3102368,1062376,1b3d55284ee01158,180001,6427192,5982424,5982424,1920000,1182368,2880000
44,diagnostic,equal,17,10000,100000,60000,70000,1.611814,3,3,3,6.4473,12,18.894514,30,3742848,1322616,cce95debb83593f8,210001,7828376,7102904,7102904,2240000,1502848,3360000
44,diagnostic,equal,17,10000,100000,70000,80000,1.785338,3,3,3,7.141388,12,20.2827,30,4462848,1622616,6be25bfc725bc394,240001,9428376,8302904,8302904,2560000,1902848,3840000
44,diagnostic,equal,17,10000,100000,80000,90000,1.9203,3,3,3,7.681233,12,21.3624,30,5182848,1922616,ec47b67e79e3d304,270001,11028376,9502904,9502904,2880000,2302848,4320000
44,diagnostic,equal,17,10000,100000,90000,100000,2.05089,3,4,4,8.20359,16,22.40712,38,5902872,2240712,d68cfc369fc68ad8,300001,12628392,10702928,10702928,3200000,2702872,4800000
44,diagnostic,equal,17,10000,100000,100000,110000,2.228082,4,4,4,8.912355,16,23.824655,38,6622872,2620712,2a307dafda0a95f0,330001,14228392,11902928,11902928,3520000,3102872,5280000
45,timed,duplicates,17,10000,100000,0,10000,2.3541,4,5,6,9.4167,24,24.8328,54,620368,248328,077ff11f51ebb72e,,,,,,,
45,timed,duplicates,17,10000,100000,10000,20000,2.54545,4,5,6,10.18195,24,26.3636,54,1297488,527272,9163d9a439b37928,,,,,,,
45,timed,duplicates,17,10000,100000,20000,30000,2.6182,4,5,6,10.4729,24,26.9456,54,1979264,808368,e213eea31b77b1fd,,,,,,,
45,timed,duplicates,17,10000,100000,30000,40000,2.618925,4,5,6,10.475775,24,26.9514,54,2638560,1078056,322d6cf8586744aa,,,,,,,
45,timed,duplicates,17,10000,100000,40000,50000,2.63926,4,5,6,10.5571,24,27.11408,54,3312680,1355704,5d2e46d8c913d652,,,,,,,
45,timed,duplicates,17,10000,100000,50000,60000,2.49725,4,5,6,9.989,24,25.978,54,3880576,1558680,8224935b0a68154e,,,,,,,
45,timed,duplicates,17,10000,100000,60000,70000,2.539471,4,5,6,10.157886,24,26.315771,54,4564312,1842104,c759191dbffac2e0,,,,,,,
45,timed,duplicates,17,10000,100000,70000,80000,2.315738,4,5,6,9.26295,24,24.5259,54,4995624,1962072,54a0ce9711ed87ed,,,,,,,
45,timed,duplicates,17,10000,100000,80000,90000,2.326256,4,5,6,9.305022,24,24.610044,54,5636136,2214904,680c3f09669989c2,,,,,,,
45,timed,duplicates,17,10000,100000,90000,100000,2.33378,4,5,6,9.33512,24,24.67024,54,6268688,2467024,35bd9e6197553d37,,,,,,,
45,timed,duplicates,17,10000,100000,100000,110000,2.345836,4,5,6,9.383345,24,24.766691,54,6905760,2724336,8cb2f92f67e72372,,,,,,,
45,diagnostic,duplicates,17,10000,100000,0,10000,2.3541,4,5,6,9.4167,24,24.8328,54,620368,248328,077ff11f51ebb72e,51116,2632216,1100424,1100424,320000,300368,480000
45,diagnostic,duplicates,17,10000,100000,10000,20000,2.54545,4,5,6,10.18195,24,26.3636,54,1297488,527272,9163d9a439b37928,98434,5259864,2257544,2257664,640000,657488,960000
45,diagnostic,duplicates,17,10000,100000,20000,30000,2.6182,4,5,6,10.4729,24,26.9456,54,1979264,808368,e213eea31b77b1fd,150664,8191472,3419320,3419888,960000,1019264,1440000
45,diagnostic,duplicates,17,10000,100000,30000,40000,2.618925,4,5,6,10.475775,24,26.9514,54,2638560,1078056,322d6cf8586744aa,200342,10875264,4558616,4559240,1280000,1358560,1920000
45,diagnostic,duplicates,17,10000,100000,40000,50000,2.63926,4,5,6,10.5571,24,27.11408,54,3312680,1355704,5d2e46d8c913d652,249598,13616448,5712736,5712736,1600000,1712680,2400000
45,diagnostic,duplicates,17,10000,100000,50000,60000,2.49725,4,5,6,9.989,24,25.978,54,3880576,1558680,8224935b0a68154e,321195,17345656,6760632,6760632,1920000,1960576,2880000
45,diagnostic,duplicates,17,10000,100000,60000,70000,2.539471,4,5,6,10.157886,24,26.315771,54,4564312,1842104,c759191dbffac2e0,370935,20141864,7924368,7924368,2240000,2324312,3360000
45,diagnostic,duplicates,17,10000,100000,70000,80000,2.315738,4,5,6,9.26295,24,24.5259,54,4995624,1962072,54a0ce9711ed87ed,504381,27176424,8835680,8936328,2560000,2435624,3840000
45,diagnostic,duplicates,17,10000,100000,80000,90000,2.326256,4,5,6,9.305022,24,24.610044,54,5636136,2214904,680c3f09669989c2,566391,30578456,9956192,9956192,2880000,2756136,4320000
45,diagnostic,duplicates,17,10000,100000,90000,100000,2.33378,4,5,6,9.33512,24,24.67024,54,6268688,2467024,35bd9e6197553d37,630943,34074216,11068744,11068872,3200000,3068688,4800000
45,diagnostic,duplicates,17,10000,100000,100000,110000,2.345836,4,5,6,9.383345,24,24.766691,54,6905760,2724336,8cb2f92f67e72372,682457,36785416,12185816,12187968,3520000,3385760,5280000
46,timed,alternating,17,10000,100000,0,10000,1.6244,3,5,6,6.4979,24,18.9952,54,543744,189952,8538ee49d4da3cec,,,,,,,
46,timed,alternating,17,10000,100000,10000,20000,1.77005,3,4,6,7.08035,24,20.1604,54,1110696,403208,9f27dc7ffe9fae27,,,,,,,
46,timed,alternating,17,10000,100000,20000,30000,2.048967,4,4,6,8.195967,24,22.391733,54,1778632,671752,6afafe887cca405a,,,,,,,
46,timed,alternating,17,10000,100000,30000,40000,2.1894,4,4,6,8.757675,24,23.5152,54,2443656,940608,1068464f8c8746ab,,,,,,,
46,timed,alternating,17,10000,100000,40000,50000,2.299,4,4,6,9.19606,24,24.392,54,3142072,1219600,6ef5aa9dfc20c322,,,,,,,
46,timed,alternating,17,10000,100000,50000,60000,3.362417,4,4,6,13.449717,24,32.899333,54,4944064,1973960,63e174929792a67e,,,,,,,
46,timed,alternating,17,10000,100000,60000,70000,2.375929,4,4,6,9.503757,24,25.007429,54,4712952,1750520,eadc3266c3190e42,,,,,,,
46,timed,alternating,17,10000,100000,70000,80000,2.390188,4,4,6,9.560787,24,25.1215,54,5360512,2009720,abe54a8ad563f970,,,,,,,
46,timed,alternating,17,10000,100000,80000,90000,2.383344,4,4,6,9.533411,24,25.066756,54,5970480,2256008,da73382576d4fd50,,,,,,,
46,timed,alternating,17,10000,100000,90000,100000,2.41731,4,4,6,9.66927,24,25.33848,54,6663864,2533848,5db057ec11317f17,,,,,,,
46,timed,alternating,17,10000,100000,100000,110000,2.368727,4,4,6,9.474936,24,24.949818,54,7184544,2744480,5a1f48028f63b757,,,,,,,
46,diagnostic,alternating,17,10000,100000,0,10000,1.6244,3,5,6,6.4979,24,18.9952,54,543744,189952,8538ee49d4da3cec,467792,34524112,1023800,1296136,320000,223744,480000
46,diagnostic,alternating,17,10000,100000,10000,20000,1.77005,3,4,6,7.08035,24,20.1604,54,1110696,403208,9f27dc7ffe9fae27,1439366,95043344,2070752,2963240,640000,470696,960000
46,diagnostic,alternating,17,10000,100000,20000,30000,2.048967,4,4,6,8.195967,24,22.391733,54,1778632,671752,6afafe887cca405a,2698626,170241504,3218688,4444656,960000,818632,1440000
46,diagnostic,alternating,17,10000,100000,30000,40000,2.1894,4,4,6,8.757675,24,23.5152,54,2443656,940608,1068464f8c8746ab,4586722,276754232,4363712,6136040,1280000,1163656,1920000
46,diagnostic,alternating,17,10000,100000,40000,50000,2.299,4,4,6,9.19606,24,24.392,54,3142072,1219600,6ef5aa9dfc20c322,7681102,443805600,5542128,8143928,1600000,1542072,2400000
46,diagnostic,alternating,17,10000,100000,50000,60000,3.362417,4,4,6,13.449717,24,32.899333,54,4944064,1973960,63e174929792a67e,8766089,511437168,7824120,10771896,1920000,3024064,2880000
46,diagnostic,alternating,17,10000,100000,60000,70000,2.375929,4,4,6,9.503757,24,25.007429,54,4712952,1750520,eadc3266c3190e42,9764045,572288784,8073008,10771896,2240000,2472952,3360000
46,diagnostic,alternating,17,10000,100000,70000,80000,2.390188,4,4,6,9.560787,24,25.1215,54,5360512,2009720,abe54a8ad563f970,10867949,639619448,9200568,10771896,2560000,2800512,3840000
46,diagnostic,alternating,17,10000,100000,80000,90000,2.383344,4,4,6,9.533411,24,25.066756,54,5970480,2256008,da73382576d4fd50,12514707,733685224,10290536,12303752,2880000,3090480,4320000
46,diagnostic,alternating,17,10000,100000,90000,100000,2.41731,4,4,6,9.66927,24,25.33848,54,6663864,2533848,5db057ec11317f17,14366069,838440584,11463920,13622408,3200000,3463864,4800000
46,diagnostic,alternating,17,10000,100000,100000,110000,2.368727,4,4,6,9.474936,24,24.949818,54,7184544,2744480,5a1f48028f63b757,17491179,1006177216,12464600,17162256,3520000,3664544,5280000
47,timed,hotspot,17,10000,100000,0,10000,0.9999,1,1,1,7.882,8,16.9173,17,479984,169173,d1cec81ae91dbcbb,,,,,,,
47,timed,hotspot,17,10000,100000,10000,20000,0.99995,1,1,1,8.44015,9,16.95865,17,959984,339173,f5e1fc661a157083,,,,,,,
47,timed,hotspot,17,10000,100000,20000,30000,0.999967,1,1,1,8.626767,9,16.972433,17,1439984,509173,62ef12af11e052fe,,,,,,,
47,timed,hotspot,17,10000,100000,30000,40000,0.999975,1,1,1,8.720075,9,16.979325,17,1919984,679173,f430b268bff23075,,,,,,,
47,timed,hotspot,17,10000,100000,40000,50000,0.99998,1,1,1,8.77606,9,16.98346,17,2399984,849173,392d459a17b19f30,,,,,,,
47,timed,hotspot,17,10000,100000,50000,60000,0.999983,1,1,1,8.813383,9,16.986217,17,2879984,1019173,710f11c802f05fe7,,,,,,,
47,timed,hotspot,17,10000,100000,60000,70000,0.999986,1,1,1,8.840043,9,17.178771,20,3359984,1202514,fb5d5b6b37dd0ef7,,,,,,,
47,timed,hotspot,17,10000,100000,70000,80000,0.999988,1,1,1,8.860038,9,17.531425,20,3839984,1402514,d187db08e8c17e00,,,,,,,
47,timed,hotspot,17,10000,100000,80000,90000,0.999989,1,1,1,8.875589,9,17.805711,20,4319984,1602514,83f9e5010454f3dd,,,,,,,
47,timed,hotspot,17,10000,100000,90000,100000,0.99999,1,1,1,8.88803,9,18.02514,20,4799984,1802514,a4cf0917a6350246,,,,,,,
47,timed,hotspot,17,10000,100000,100000,110000,0.999991,1,1,1,8.988964,10,18.204673,20,5279984,2002514,f4ef2ba2d62029eb,,,,,,,
47,diagnostic,hotspot,17,10000,100000,0,10000,0.9999,1,1,1,7.882,8,16.9173,17,479984,169173,d1cec81ae91dbcbb,30001,960040,960040,960040,320000,159984,480000
47,diagnostic,hotspot,17,10000,100000,10000,20000,0.99995,1,1,1,8.44015,9,16.95865,17,959984,339173,f5e1fc661a157083,60001,1920040,1920040,1920040,640000,319984,960000
47,diagnostic,hotspot,17,10000,100000,20000,30000,0.999967,1,1,1,8.626767,9,16.972433,17,1439984,509173,62ef12af11e052fe,90001,2880040,2880040,2880040,960000,479984,1440000
47,diagnostic,hotspot,17,10000,100000,30000,40000,0.999975,1,1,1,8.720075,9,16.979325,17,1919984,679173,f430b268bff23075,120001,3840040,3840040,3840040,1280000,639984,1920000
47,diagnostic,hotspot,17,10000,100000,40000,50000,0.99998,1,1,1,8.77606,9,16.98346,17,2399984,849173,392d459a17b19f30,150001,4800040,4800040,4800040,1600000,799984,2400000
47,diagnostic,hotspot,17,10000,100000,50000,60000,0.999983,1,1,1,8.813383,9,16.986217,17,2879984,1019173,710f11c802f05fe7,180001,5760040,5760040,5760040,1920000,959984,2880000
47,diagnostic,hotspot,17,10000,100000,60000,70000,0.999986,1,1,1,8.840043,9,17.178771,20,3359984,1202514,fb5d5b6b37dd0ef7,210001,6720040,6720040,6720040,2240000,1119984,3360000
47,diagnostic,hotspot,17,10000,100000,70000,80000,0.999988,1,1,1,8.860038,9,17.531425,20,3839984,1402514,d187db08e8c17e00,240001,7680040,7680040,7680040,2560000,1279984,3840000
47,diagnostic,hotspot,17,10000,100000,80000,90000,0.999989,1,1,1,8.875589,9,17.805711,20,4319984,1602514,83f9e5010454f3dd,270001,8640040,8640040,8640040,2880000,1439984,4320000
47,diagnostic,hotspot,17,10000,100000,90000,100000,0.99999,1,1,1,8.88803,9,18.02514,20,4799984,1802514,a4cf0917a6350246,300001,9600040,9600040,9600040,3200000,1599984,4800000
47,diagnostic,hotspot,17,10000,100000,100000,110000,0.999991,1,1,1,8.988964,10,18.204673,20,5279984,2002514,f4ef2ba2d62029eb,330001,10560040,10560040,10560040,3520000,1759984,5280000
48,timed,timeline,3512641005,10000,100000,0,10000,0.9999,1,1,1,3.9999,4,13.9992,14,479984,139992,e683f3560ca72cf4,,,,,,,
48,timed,timeline,3512641005,10000,100000,10000,17950,1.435543,3,3,4,5.74234,16,17.484345,38,938256,313844,517b9f7d8ebaa9da,,,,,,,
48,timed,timeline,3512641005,10000,100000,20000,25898,2.275465,5,5,5,9.101977,20,24.203722,46,1611120,626828,c75ca9e72a1f4d95,,,,,,,
48,timed,timeline,3512641005,10000,100000,30000,33908,3.281055,4,4,4,13.124307,16,32.248437,38,2698648,1093480,fe6cdaf5a54a69e2,,,,,,,
48,timed,timeline,3512641005,10000,100000,40000,41862,3.228178,4,4,4,12.912785,16,31.825426,38,3229200,1332276,97ce0c65d8d12820,,,,,,,
48,timed,timeline,3512641005,10000,100000,50000,49774,3.554165,6,6,6,14.21672,24,34.433319,54,4066264,1713884,19a765d8032f7408,,,,,,,
48,timed,timeline,3512641005,10000,100000,60000,57850,3.554347,4,4,4,14.217442,16,34.43478,38,4870936,1992052,90acc5e0cad55484,,,,,,,
48,timed,timeline,3512641005,10000,100000,70000,65884,3.508105,4,4,4,14.032466,16,34.064841,38,5414672,2244328,dc57f5159536fd85,,,,,,,
48,timed,timeline,3512641005,10000,100000,80000,73810,3.714402,5,6,6,14.857648,24,35.715215,54,6276472,2636140,040be146318f526e,,,,,,,
48,timed,timeline,3512641005,10000,100000,90000,81820,3.635053,4,4,4,14.540247,16,35.08042,38,7130800,2870280,3db1a3ee13c571fd,,,,,,,
48,timed,timeline,3512641005,10000,100000,100000,89782,3.65913,4,5,5,14.636553,20,35.273039,46,7760224,3166884,9fa4450d22cd91d8,,,,,,,
48,diagnostic,timeline,3512641005,10000,100000,0,10000,0.9999,1,1,1,3.9999,4,13.9992,14,479984,139992,e683f3560ca72cf4,30001,960040,960040,960040,320000,159984,480000
48,diagnostic,timeline,3512641005,10000,100000,10000,17950,1.435543,3,3,4,5.74234,16,17.484345,38,938256,313844,517b9f7d8ebaa9da,56926,2041040,1799912,1799912,574400,363856,861600
48,diagnostic,timeline,3512641005,10000,100000,20000,25898,2.275465,5,5,5,9.101977,20,24.203722,46,1611120,626828,c75ca9e72a1f4d95,83848,3641592,2854280,2854280,828736,782384,1243104
48,diagnostic,timeline,3512641005,10000,100000,30000,33908,3.281055,4,4,4,13.124307,16,32.248437,38,2698648,1093480,fe6cdaf5a54a69e2,239056,15438888,4326288,6791256,1085056,1613592,1627584
48,diagnostic,timeline,3512641005,10000,100000,40000,41862,3.228178,4,4,4,12.912785,16,31.825426,38,3229200,1332276,97ce0c65d8d12820,265987,16784648,5238632,6791256,1339584,1889616,2009376
48,diagnostic,timeline,3512641005,10000,100000,50000,49774,3.554165,6,6,6,14.21672,24,34.433319,54,4066264,1713884,19a765d8032f7408,292855,18764440,6455472,6791256,1592768,2473496,2389152
48,diagnostic,timeline,3512641005,10000,100000,60000,57850,3.554347,4,4,4,14.217442,16,34.43478,38,4870936,1992052,90acc5e0cad55484,552946,38652872,7647792,11879368,1851200,3019736,2776800
48,diagnostic,timeline,3512641005,10000,100000,70000,65884,3.508105,4,4,4,14.032466,16,34.064841,38,5414672,2244328,dc57f5159536fd85,579997,40036360,8577160,11879368,2108288,3306384,3162432
48,diagnostic,timeline,3512641005,10000,100000,80000,73810,3.714402,5,6,6,14.857648,24,35.715215,54,6276472,2636140,040be146318f526e,606886,42077416,9819408,11879368,2361920,3914552,3542880
48,diagnostic,timeline,3512641005,10000,100000,90000,81820,3.635053,4,4,4,14.540247,16,35.08042,38,7130800,2870280,3db1a3ee13c571fd,1044476,77975656,11058216,17741984,2618240,4512560,3927360
48,diagnostic,timeline,3512641005,10000,100000,100000,89782,3.65913,4,5,5,14.636553,20,35.273039,46,7760224,3166884,9fa4450d22cd91d8,1071419,79554424,12069816,17741984,2873024,4887200,4309536
49,timed,priority,3512641005,10000,100000,0,10000,2.3171,4,5,6,9.2687,24,24.5368,54,616904,245368,db2ff4073ffbdd5f,,,,,,,
49,timed,priority,3512641005,10000,100000,10000,10972,1.651203,4,5,6,6.604812,24,19.209624,54,603032,210768,7d6d0c2ad3cc348f,,,,,,,
49,timed,priority,3512641005,10000,100000,20000,11944,1.429421,3,5,6,5.717683,24,17.435365,54,631680,208248,3c9c1b2c55837e1f,,,,,,,
49,timed,priority,3512641005,10000,100000,30000,12839,1.499883,4,5,6,5.999533,24,17.999065,54,692184,231090,c231db482413280d,,,,,,,
49,timed,priority,3512641005,10000,100000,40000,13804,1.548826,4,5,6,6.195306,24,18.390611,54,753768,253864,f5f3c23c90b53687,,,,,,,
49,timed,priority,3512641005,10000,100000,50000,14774,1.607689,4,5,6,6.430757,24,18.861513,54,819024,278660,400bf3fff136d030,,,,,,,
49,timed,priority,3512641005,10000,100000,60000,15762,1.656833,4,5,6,6.627332,24,19.254663,54,883432,303492,d99963e2766cd540,,,,,,,
49,timed,priority,3512641005,10000,100000,70000,16792,2.822356,3,4,6,11.289424,24,28.578847,54,1160336,479896,edbc2757e5bfe7d6,,,,,,,
49,timed,priority,3512641005,10000,100000,80000,17736,2.382048,3,5,6,9.528191,24,25.056382,54,1115712,444400,d03341967829077c,,,,,,,
49,timed,priority,3512641005,10000,100000,90000,18769,1.750599,4,5,6,7.002398,24,20.004795,54,1037232,375470,68c4ec4c7e79fec9,,,,,,,
49,timed,priority,3512641005,10000,100000,100000,19889,1.43069,3,4,6,5.722761,24,17.445523,54,1042624,346974,353e98685273bd11,,,,,,,
49,diagnostic,priority,3512641005,10000,100000,0,10000,2.3171,4,5,6,9.2687,24,24.5368,54,616904,245368,db2ff4073ffbdd5f,57758,3001352,1096960,1096960,320000,296904,480000
49,diagnostic,priority,3512641005,10000,100000,10000,10972,1.651203,4,5,6,6.604812,24,19.209624,54,603032,210768,7d6d0c2ad3cc348f,117937,6065880,1129744,1183112,351104,251928,526656
49,diagnostic,priority,3512641005,10000,100000,20000,11944,1.429421,3,5,6,5.717683,24,17.435365,54,631680,208248,3c9c1b2c55837e1f,158298,7886680,1205048,1205240,382208,249472,573312
49,diagnostic,priority,3512641005,10000,100000,30000,12839,1.499883,4,5,6,5.999533,24,17.999065,54,692184,231090,c231db482413280d,189771,9261952,1308512,1310824,410848,281336,616272
49,diagnostic,priority,3512641005,10000,100000,40000,13804,1.548826,4,5,6,6.195306,24,18.390611,54,753768,253864,f5f3c23c90b53687,217741,10400488,1416416,1417120,441728,312040,662592
49,diagnostic,priority,3512641005,10000,100000,50000,14774,1.607689,4,5,6,6.430757,24,18.861513,54,819024,278660,400bf3fff136d030,246007,11617528,1528232,1531192,472768,346256,709152
49,diagnostic,priority,3512641005,10000,100000,60000,15762,1.656833,4,5,6,6.627332,24,19.254663,54,883432,303492,d99963e2766cd540,274586,12807376,1640064,1640216,504384,379048,756576
49,diagnostic,priority,3512641005,10000,100000,70000,16792,2.822356,3,4,6,11.289424,24,28.578847,54,1160336,479896,edbc2757e5bfe7d6,371984,18107304,1966408,3102456,537344,622992,806016
49,diagnostic,priority,3512641005,10000,100000,80000,17736,2.382048,3,5,6,9.528191,24,25.056382,54,1115712,444400,d03341967829077c,420829,20651688,1967096,3102456,567552,548160,851328
49,diagnostic,priority,3512641005,10000,100000,90000,18769,1.750599,4,5,6,7.002398,24,20.004795,54,1037232,375470,68c4ec4c7e79fec9,489647,24148224,1938200,3102456,600608,436624,900912
49,diagnostic,priority,3512641005,10000,100000,100000,19889,1.43069,3,4,6,5.722761,24,17.445523,54,1042624,346974,353e98685273bd11,552083,27142752,1997352,3102456,636448,406176,954672
50,timed,local,3512641005,10000,100000,0,10000,0.9999,1,1,1,3.9999,4,13.9992,14,479984,139992,e683f3560ca72cf4,,,,,,,
50,timed,local,3512641005,10000,100000,10000,10037,1.633257,3,4,6,6.533327,24,19.066056,54,549184,191366,516b90b27404f6d5,,,,,,,
50,timed,local,3512641005,10000,100000,20000,10011,1.967735,4,5,6,7.870942,24,21.741884,54,597352,217658,ca3f8a0ed8d8ecad,,,,,,,
50,timed,local,3512641005,10000,100000,30000,10019,2.108194,5,6,6,8.433077,24,22.865555,54,618808,229090,cf905f81e9eae76e,,,,,,,
50,timed,local,3512641005,10000,100000,40000,10021,2.155274,5,6,6,8.621395,24,23.242191,54,625928,232910,66992e35eb8036a3,,,,,,,
50,timed,local,3512641005,10000,100000,50000,9998,2.160332,5,6,6,8.641628,24,23.282657,54,624520,232780,6f3fe4fe72e25ebc,,,,,,,
50,timed,local,3512641005,10000,100000,60000,9992,2.159828,5,6,6,8.639612,24,23.278623,54,622072,232600,4f350e12d5b26be7,,,,,,,
50,timed,local,3512641005,10000,100000,70000,10034,2.164142,5,6,6,8.656867,24,23.313135,54,624544,233924,5247b308f5b5e2b6,,,,,,,
50,timed,local,3512641005,10000,100000,80000,9989,2.157273,5,6,6,8.629392,24,23.258184,54,620808,232326,b677d9512514b76a,,,,,,,
50,timed,local,3512641005,10000,100000,90000,9995,2.148574,5,6,6,8.594597,24,23.188594,54,619880,231770,24108128d6624e87,,,,,,,
50,timed,local,3512641005,10000,100000,100000,10005,2.149025,5,6,6,8.596402,24,23.192204,54,620488,232038,0bea771856b76bb6,,,,,,,
50,diagnostic,local,3512641005,10000,100000,0,10000,0.9999,1,1,1,3.9999,4,13.9992,14,479984,139992,e683f3560ca72cf4,30001,960040,960040,960040,320000,159984,480000
50,diagnostic,local,3512641005,10000,100000,10000,10037,1.633257,3,4,6,6.533327,24,19.066056,54,549184,191366,516b90b27404f6d5,57172,2025168,1031016,1031320,321184,228000,481776
50,diagnostic,local,3512641005,10000,100000,20000,10011,1.967735,4,5,6,7.870942,24,21.741884,54,597352,217658,ca3f8a0ed8d8ecad,84419,3135264,1077936,1078312,320352,277000,480528
50,diagnostic,local,3512641005,10000,100000,30000,10019,2.108194,5,6,6,8.433077,24,22.865555,54,618808,229090,cf905f81e9eae76e,112291,4301632,1099776,1100472,320608,298200,480912
50,diagnostic,local,3512641005,10000,100000,40000,10021,2.155274,5,6,6,8.621395,24,23.242191,54,625928,232910,66992e35eb8036a3,140544,5491584,1106992,1107856,320672,305256,481008
50,diagnostic,local,3512641005,10000,100000,50000,9998,2.160332,5,6,6,8.641628,24,23.282657,54,624520,232780,6f3fe4fe72e25ebc,169194,6710080,1104480,1109960,319936,304584,479904
50,diagnostic,local,3512641005,10000,100000,60000,9992,2.159828,5,6,6,8.639612,24,23.278623,54,622072,232600,4f350e12d5b26be7,197949,7938872,1101744,1111560,319744,302328,479616
50,diagnostic,local,3512641005,10000,100000,70000,10034,2.164142,5,6,6,8.656867,24,23.313135,54,624544,233924,5247b308f5b5e2b6,226501,9160480,1106232,1111560,321088,303456,481632
50,diagnostic,local,3512641005,10000,100000,80000,9989,2.157273,5,6,6,8.629392,24,23.258184,54,620808,232326,b677d9512514b76a,255163,10378672,1100336,1111560,319648,301160,479472
50,diagnostic,local,3512641005,10000,100000,90000,9995,2.148574,5,6,6,8.594597,24,23.188594,54,619880,231770,24108128d6624e87,283959,11615144,1099696,1111560,319840,300040,479760
50,diagnostic,local,3512641005,10000,100000,100000,10005,2.149025,5,6,6,8.596402,24,23.192204,54,620488,232038,0bea771856b76bb6,312789,12856688,1100784,1111560,320160,300328,480240
51,timed,churn,3512641005,10000,100000,0,10000,0.9999,1,1,1,3.9999,4,13.9992,14,479984,139992,e683f3560ca72cf4,,,,,,,
51,timed,churn,3512641005,10000,100000,10000,9988,1.353724,2,3,4,5.415198,16,16.829796,38,511336,168096,375c1027ac237edc,,,,,,,
51,timed,churn,3512641005,10000,100000,20000,9944,1.532884,3,4,6,6.131838,24,18.263073,54,530104,181608,cca8dfa8245b65f9,,,,,,,
51,timed,churn,3512641005,10000,100000,30000,9897,1.639689,3,4,6,6.559058,24,19.11751,54,541680,189206,7671e1e8d0abaff4,,,,,,,
51,timed,churn,3512641005,10000,100000,40000,9897,1.714762,3,4,6,6.859048,24,19.718096,54,552784,195150,5d0a7b00f6ea7934,,,,,,,
51,timed,churn,3512641005,10000,100000,50000,9750,1.786564,4,5,6,7.146564,24,20.292513,54,554672,197852,3f7caab7dea08f8d,,,,,,,
51,timed,churn,3512641005,10000,100000,60000,9688,1.818435,4,5,6,7.27405,24,20.547481,54,556104,199064,2b928fdb9c6b6522,,,,,,,
51,timed,churn,3512641005,10000,100000,70000,9575,1.85671,4,5,6,7.427154,24,20.853681,54,555760,199674,f4348809d54b3a39,,,,,,,
51,timed,churn,3512641005,10000,100000,80000,9743,1.890178,4,5,6,7.561018,24,21.121421,54,570104,205786,3af910c6368d570b,,,,,,,
51,timed,churn,3512641005,10000,100000,90000,9777,1.915414,4,5,6,7.661655,24,21.32331,54,574424,208478,3be4f8414a6e2391,,,,,,,
51,timed,churn,3512641005,10000,100000,100000,9844,1.918123,4,6,6,7.672796,24,21.344982,54,578048,210120,c7c6ab9b567c40a5,,,,,,,
51,diagnostic,churn,3512641005,10000,100000,0,10000,0.9999,1,1,1,3.9999,4,13.9992,14,479984,139992,e683f3560ca72cf4,30001,960040,960040,960040,320000,159984,480000
51,diagnostic,churn,3512641005,10000,100000,10000,9988,1.353724,2,3,4,5.415198,16,16.829796,38,511336,168096,375c1027ac237edc,50979,1752000,990816,991184,319616,191720,479424
51,diagnostic,churn,3512641005,10000,100000,20000,9944,1.532884,3,4,6,6.131838,24,18.263073,54,530104,181608,cca8dfa8245b65f9,71898,2540704,1007472,1008848,318208,211896,477312
51,diagnostic,churn,3512641005,10000,100000,30000,9897,1.639689,3,4,6,6.559058,24,19.11751,54,541680,189206,7671e1e8d0abaff4,92888,3342176,1016792,1017632,316704,224976,475056
51,diagnostic,churn,3512641005,10000,100000,40000,9897,1.714762,3,4,6,6.859048,24,19.718096,54,552784,195150,5d0a7b00f6ea7934,113774,4152240,1027896,1030144,316704,236080,475056
51,diagnostic,churn,3512641005,10000,100000,50000,9750,1.786564,4,5,6,7.146564,24,20.292513,54,554672,197852,3f7caab7dea08f8d,134662,4971856,1022728,1030144,312000,242672,468000
51,diagnostic,churn,3512641005,10000,100000,60000,9688,1.818435,4,5,6,7.27405,24,20.547481,54,556104,199064,2b928fdb9c6b6522,155676,5797904,1021184,1030144,310016,246088,465024
51,diagnostic,churn,3512641005,10000,100000,70000,9575,1.85671,4,5,6,7.427154,24,20.853681,54,555760,199674,f4348809d54b3a39,176604,6629520,1015416,1030144,306400,249360,459600
51,diagnostic,churn,3512641005,10000,100000,80000,9743,1.890178,4,5,6,7.561018,24,21.121421,54,570104,205786,3af910c6368d570b,198383,7503496,1037824,1037968,311776,258328,467664
51,diagnostic,churn,3512641005,10000,100000,90000,9777,1.915414,4,5,6,7.661655,24,21.32331,54,574424,208478,3be4f8414a6e2391,219620,8362640,1043776,1046440,312864,261560,469296
51,diagnostic,churn,3512641005,10000,100000,100000,9844,1.918123,4,6,6,7.672796,24,21.344982,54,578048,210120,c7c6ab9b567c40a5,241285,9235232,1050616,1051392,315008,263040,472512
52,timed,churn,3512641005,50000,500000,0,50000,1.35594,2,2,2,5.42382,8,16.84752,22,2542368,842376,472860ed72a44d04,,,,,,,
52,timed,churn,3512641005,50000,500000,50000,49750,1.720181,3,4,6,6.880724,24,19.761447,54,2742096,983132,7240fb971606104e,,,,,,,
52,timed,churn,3512641005,50000,500000,100000,49844,1.902656,3,4,6,7.610685,24,21.22125,54,2873712,1057752,734faaedfb387ec8,,,,,,,
52,timed,churn,3512641005,50000,500000,150000,50019,2.018533,4,5,6,8.074192,24,22.148264,54,2970528,1107834,4ea0b21396e2572a,,,,,,,
52,timed,churn,3512641005,50000,500000,200000,50144,2.128869,4,5,6,8.515535,24,23.030951,54,3050880,1154864,62ac63158eaaa16c,,,,,,,
52,timed,churn,3512641005,50000,500000,250000,49856,2.197088,4,5,6,8.79531,24,23.576701,54,3075992,1175440,0db2d8a8779cdf0a,,,,,,,
52,timed,churn,3512641005,50000,500000,300000,49876,2.249278,4,5,6,9.020491,24,23.994226,54,3114160,1196736,3f470d27446bb5ed,,,,,,,
52,timed,churn,3512641005,50000,500000,350000,49820,2.303452,5,5,6,9.244159,24,24.427619,54,3170472,1216984,402f1be4f63eb38f,,,,,,,
52,timed,churn,3512641005,50000,500000,400000,49752,2.326962,5,6,6,9.342418,24,24.615694,54,3193120,1224680,39fc3b3e9911fab9,,,,,,,
52,timed,churn,3512641005,50000,500000,450000,49719,2.349182,5,6,6,9.433577,24,24.793459,54,3200064,1232706,30606104914772ab,,,,,,,
52,timed,churn,3512641005,50000,500000,500000,49528,2.373445,5,6,6,9.532971,24,24.987563,54,3199816,1237584,f052d68ba43c39ac,,,,,,,
52,diagnostic,churn,3512641005,50000,500000,0,50000,1.35594,2,2,2,5.42382,8,16.84752,22,2542368,842376,472860ed72a44d04,150001,5227192,4942424,4942424,1600000,942368,2400000
52,diagnostic,churn,3512641005,50000,500000,50000,49750,1.720181,3,4,6,6.880724,24,19.761447,54,2742096,983132,7240fb971606104e,254557,9505112,5130152,5130200,1592000,1150096,2388000
52,diagnostic,churn,3512641005,50000,500000,100000,49844,1.902656,3,4,6,7.610685,24,21.22125,54,2873712,1057752,734faaedfb387ec8,359724,13838544,5266280,5266976,1595008,1278704,2392512
52,diagnostic,churn,3512641005,50000,500000,150000,50019,2.018533,4,5,6,8.074192,24,22.148264,54,2970528,1107834,4ea0b21396e2572a,465192,18254272,5371496,5374672,1600608,1369920,2400912
52,diagnostic,churn,3512641005,50000,500000,200000,50144,2.128869,4,5,6,8.515535,24,23.030951,54,3050880,1154864,62ac63158eaaa16c,570743,22755192,5457848,5459120,1604608,1446272,2406912
52,diagnostic,churn,3512641005,50000,500000,250000,49856,2.197088,4,5,6,8.79531,24,23.576701,54,3075992,1175440,0db2d8a8779cdf0a,676621,27315584,5469136,5486696,1595392,1480600,2393088
52,diagnostic,churn,3512641005,50000,500000,300000,49876,2.249278,4,5,6,9.020491,24,23.994226,54,3114160,1196736,3f470d27446bb5ed,783568,31966280,5508264,5508272,1596032,1518128,2394048
52,diagnostic,churn,3512641005,50000,500000,350000,49820,2.303452,5,5,6,9.244159,24,24.427619,54,3170472,1216984,402f1be4f63eb38f,890409,36730544,5561888,5575080,1594240,1576232,2391360
52,diagnostic,churn,3512641005,50000,500000,400000,49752,2.326962,5,6,6,9.342418,24,24.615694,54,3193120,1224680,39fc3b3e9911fab9,998224,41544536,5581272,5585520,1592064,1601056,2388096
52,diagnostic,churn,3512641005,50000,500000,450000,49719,2.349182,5,6,6,9.433577,24,24.793459,54,3200064,1232706,30606104914772ab,1106590,46400736,5586632,5608392,1591008,1609056,2386512
52,diagnostic,churn,3512641005,50000,500000,500000,49528,2.373445,5,6,6,9.532971,24,24.987563,54,3199816,1237584,f052d68ba43c39ac,1214313,51229016,5577216,5608392,1584896,1614920,2377344
