allocation_bytes,allocations,assignments,association_capacity_bytes,built_requested,cadence,capacity,capture_ms,churn_requested,cleanup_live_blocks,cleanup_live_bytes,cleanup_ms,comparisons,diagnostic,empty_container_requested,family,format_ms,frees,index_writes,initial,key_bytes,load_ms,local_arrays,max_arrays,max_assignments,max_index,max_repairs,max_splits,max_us,merges,mutation_ms,noops,oracle,p50_us,p95_us,p999_us,p99_us,peak_requested,query_ms,restore_ms,rotations,rss_built,rss_churn,rss_empty,rss_final,rss_released,rss_retained,rss_small,rss_start,run,seed,serialize_ms,small_requested,snapshot_count,snapshot_peak,snapshot_row_bytes,source_repairs,splits,steps,target,wire_bytes
0,0,0,0,0,0,64,0.0,0,0,0,0.035,4155,0,0,ascending,0.0,0,0,0,0,0.0,0,0,0,0,0,0,4.2,0,0.0922,0,True,0.1,0.100001,3.4,1.1,0,0.0299,0.0,0,0,4571136,4575232,4513792,4575232,0,4575232,4374528,0,7,0.0,0,0,0,0,0,0,1024,layerkeysort_v4_trace,0
0,0,0,0,0,0,64,0.0,0,0,0,0.0352,4155,0,0,ascending,0.0,0,0,0,0,0.0,0,0,0,0,0,0,5.7,0,0.1085,0,True,0.1,0.2,4.0,1.6,0,0.0307,0.0,0,0,4571136,4575232,4513792,4575232,0,4575232,4378624,1,7,0.0,0,0,0,0,0,0,1024,layerkeysort_v4_trace,0
0,0,0,0,0,0,64,0.0,0,0,0,0.0369,4155,0,0,ascending,0.0,0,0,0,0,0.0,0,0,0,0,0,0,4.6,0,0.101,0,True,0.1,0.100001,3.900001,1.8,0,0.0306,0.0,0,0,4571136,4575232,4513792,4575232,0,4575232,4378624,2,7,0.0,0,0,0,0,0,0,1024,layerkeysort_v4_trace,0
55248,1057,49600,0,0,0,64,0.0,55248,0,0,0.0729,4155,1,4376,ascending,0.0,1057,166,0,0,0.0,1054,2,65,7,0,1,5.1,0,0.1245,0,True,0.1,0.100001,4.0,2.600001,55248,0.0311,0.0,26,0,4640768,4558848,4513792,4542464,0,4558848,4374528,0,7,0.0,5472,0,0,0,0,30,1024,layerkeysort_v4_trace_diagnostics,0
0,0,0,0,0,0,64,0.0,0,0,0,0.0524,9749,0,0,descending,0.0,0,0,0,0,0.0,0,0,0,0,0,0,8.8,0,0.1273,0,True,0.1,0.100001,4.3,1.699999,0,0.0289,0.0,0,0,4579328,4521984,4493312,4521984,0,4538368,4382720,0,7,0.0,0,0,0,0,0,0,1024,layerkeysort_v4_trace,0
0,0,0,0,0,0,64,0.0,0,0,0,0.0721,9749,0,0,descending,0.0,0,0,0,0,0.0,0,0,0,0,0,0,7.0,0,0.1166,0,True,0.1,0.100001,3.9,1.699999,0,0.0287,0.0,0,0,4575232,4517888,4489216,4517888,0,4534272,4378624,1,7,0.0,0,0,0,0,0,0,1024,layerkeysort_v4_trace,0
0,0,0,0,0,0,64,0.0,0,0,0,0.0491,9749,0,0,descending,0.0,0,0,0,0,0.0,0,0,0,0,0,0,7.4,0,0.1952,0,True,0.1,0.3,5.299999,2.0,0,0.0282,0.0,0,0,4571136,4513792,4485120,4513792,0,4530176,4374528,2,7,0.0,0,0,0,0,0,0,1024,layerkeysort_v4_trace,0
55248,1057,49105,0,0,0,64,0.0,55248,0,0,0.0715,9749,1,4376,descending,0.0,1057,166,0,0,0.0,1054,2,65,7,0,1,8.4,0,0.1642,0,True,0.1,0.100001,7.000001,2.700001,55248,0.0283,0.0,41,0,4632576,4538368,4501504,4538368,0,4571136,4366336,0,7,0.0,5472,0,0,0,0,30,1024,layerkeysort_v4_trace_diagnostics,0
0,0,0,0,0,0,64,0.0,0,0,0,0.0371,9155,0,0,random,0.0,0,0,0,0,0.0,0,0,0,0,0,0,6.400001,0,0.1579,0,True,0.1,0.200001,4.1,1.1,0,0.0233,0.0,0,0,4554752,4558848,4485120,4558848,0,4558848,4378624,0,7,0.0,0,0,0,0,0,0,1024,layerkeysort_v4_trace,0
0,0,0,0,0,0,64,0.0,0,0,0,0.0372,9155,0,0,random,0.0,0,0,0,0,0.0,0,0,0,0,0,0,7.8,0,0.1597,0,True,0.1,0.200001,4.1,1.4,0,0.024,0.0,0,0,4558848,4562944,4489216,4562944,0,4562944,4382720,1,7,0.0,0,0,0,0,0,0,1024,layerkeysort_v4_trace,0
0,0,0,0,0,0,64,0.0,0,0,0,0.0395,9155,0,0,random,0.0,0,0,0,0,0.0,0,0,0,0,0,0,4.7,0,0.1533,0,True,0.1,0.200001,3.300001,1.4,0,0.024,0.0,0,0,4554752,4558848,4485120,4558848,0,4558848,4378624,2,7,0.0,0,0,0,0,0,0,1024,layerkeysort_v4_trace,0
50576,1049,47978,0,0,0,64,0.0,50576,0,0,0.0765,9155,1,4376,random,0.0,1049,93,0,0,0.0,1046,2,65,6,0,1,5.3,0,0.1886,0,True,0.1,0.200001,4.2,2.100001,50576,0.0242,0.0,5,0,4616192,4526080,4489216,4526080,0,4616192,4366336,0,7,0.0,5472,0,0,0,0,22,1024,layerkeysort_v4_trace_diagnostics,0
0,0,0,0,0,0,64,0.0,0,0,0,0.035,4155,0,0,equal,0.0,0,0,0,0,0.0,0,0,0,0,0,0,5.1,0,0.094,0,True,0.1,0.100001,3.7,1.3,0,0.0299,0.0,0,0,4575232,4579328,4517888,4579328,0,4579328,4378624,0,7,0.0,0,0,0,0,0,0,1024,layerkeysort_v4_trace,0
0,0,0,0,0,0,64,0.0,0,0,0,0.0355,4155,0,0,equal,0.0,0,0,0,0,0.0,0,0,0,0,0,0,7.6,0,0.1007,0,True,0.1,0.100001,4.500001,1.500001,0,0.0303,0.0,0,0,4567040,4571136,4509696,4571136,0,4571136,4374528,1,7,0.0,0,0,0,0,0,0,1024,layerkeysort_v4_trace,0
0,0,0,0,0,0,64,0.0,0,0,0,0.0355,4155,0,0,equal,0.0,0,0,0,0,0.0,0,0,0,0,0,0,6.9,0,0.1108,0,True,0.1,0.2,3.900001,1.7,0,0.0301,0.0,0,0,4575232,4579328,4517888,4579328,0,4579328,4382720,2,7,0.0,0,0,0,0,0,0,1024,layerkeysort_v4_trace,0
55248,1057,49600,0,0,0,64,0.0,55248,0,0,0.0815,4155,1,4376,equal,0.0,1057,166,0,0,0.0,1054,2,65,7,0,1,5.8,0,0.1382,0,True,0.1,0.100001,4.699999,2.899999,55248,0.0309,0.0,26,0,4632576,4550656,4505600,4534272,0,4550656,4366336,0,7,0.0,5472,0,0,0,0,30,1024,layerkeysort_v4_trace_diagnostics,0
0,0,0,0,0,0,64,0.0,0,0,0,0.0369,8792,0,0,duplicates,0.0,0,0,0,0,0.0,0,0,0,0,0,0,9.2,0,0.2302,0,True,0.2,0.3,5.899999,1.2,0,0.0237,0.0,0,0,4558848,4562944,4493312,4562944,0,4562944,4382720,0,7,0.0,0,0,0,0,0,0,1024,layerkeysort_v4_trace,0
0,0,0,0,0,0,64,0.0,0,0,0,0.0368,8792,0,0,duplicates,0.0,0,0,0,0,0.0,0,0,0,0,0,0,4.1,0,0.1238,0,True,0.1,0.2,4.0,0.8,0,0.0242,0.0,0,0,4558848,4562944,4493312,4562944,0,4562944,4382720,1,7,0.0,0,0,0,0,0,0,1024,layerkeysort_v4_trace,0
0,0,0,0,0,0,64,0.0,0,0,0,0.0382,8792,0,0,duplicates,0.0,0,0,0,0,0.0,0,0,0,0,0,0,5.800001,0,0.1256,0,True,0.1,0.2,3.5,1.0,0,0.0234,0.0,0,0,4558848,4562944,4493312,4562944,0,4562944,4382720,2,7,0.0,0,0,0,0,0,0,1024,layerkeysort_v4_trace,0
50576,1049,48706,0,0,0,64,0.0,50576,0,0,0.0754,8792,1,4376,duplicates,0.0,1049,92,0,0,0.0,1046,2,65,5,0,1,5.800001,0,0.159,0,True,0.1,0.200001,4.3,2.2,50576,0.0243,0.0,3,0,4624384,4534272,4497408,4534272,0,4567040,4374528,0,7,0.0,5472,0,0,0,0,22,1024,layerkeysort_v4_trace_diagnostics,0
0,0,0,0,0,0,64,0.0,0,0,0,0.0363,10170,0,0,alternating,0.0,0,0,0,0,0.0,0,0,0,0,0,0,8.399999,0,0.1412,0,True,0.1,0.2,6.2,1.7,0,0.0286,0.0,0,0,4575232,4579328,4513792,4579328,0,4579328,4382720,0,7,0.0,0,0,0,0,0,0,1024,layerkeysort_v4_trace,0
0,0,0,0,0,0,64,0.0,0,0,0,0.0361,10170,0,0,alternating,0.0,0,0,0,0,0.0,0,0,0,0,0,0,5.800001,0,0.1286,0,True,0.1,0.2,3.900001,1.2,0,0.028,0.0,0,0,4571136,4575232,4509696,4575232,0,4575232,4378624,1,7,0.0,0,0,0,0,0,0,1024,layerkeysort_v4_trace,0
0,0,0,0,0,0,64,0.0,0,0,0,0.036,10170,0,0,alternating,0.0,0,0,0,0,0.0,0,0,0,0,0,0,5.5,0,0.1376,0,True,0.1,0.2,4.7,1.8,0,0.0286,0.0,0,0,4571136,4575232,4509696,4575232,0,4575232,4378624,2,7,0.0,0,0,0,0,0,0,1024,layerkeysort_v4_trace,0
55248,1057,49240,0,0,0,64,0.0,55248,0,0,0.0733,10170,1,4376,alternating,0.0,1057,176,0,0,0.0,1054,2,65,8,0,1,6.9,0,0.1584,0,True,0.1,0.200001,4.5,2.7,55248,0.0276,0.0,42,0,4640768,4558848,4513792,4542464,0,4558848,4374528,0,7,0.0,5472,0,0,0,0,30,1024,layerkeysort_v4_trace_diagnostics,0
0,0,0,0,0,0,64,0.0,0,0,0,0.0348,0,0,0,hotspot,0.0,0,0,0,0,0.0,0,0,0,0,0,0,12.9,0,0.1224,0,True,0.1,0.100001,5.100001,1.500001,0,0.028,0.0,0,0,4567040,4567040,4505600,4571136,0,4567040,4378624,0,7,0.0,0,0,0,0,0,0,1024,layerkeysort_v4_trace,0
0,0,0,0,0,0,64,0.0,0,0,0,0.035,0,0,0,hotspot,0.0,0,0,0,0,0.0,0,0,0,0,0,0,10.4,0,0.2227,0,True,0.100001,0.3,7.1,2.2,0,0.0284,0.0,0,0,4571136,4571136,4509696,4575232,0,4571136,4382720,1,7,0.0,0,0,0,0,0,0,1024,layerkeysort_v4_trace,0
0,0,0,0,0,0,64,0.0,0,0,0,0.0353,0,0,0,hotspot,0.0,0,0,0,0,0.0,0,0,0,0,0,0,8.8,0,0.1233,0,True,0.1,0.100001,4.5,1.500001,0,0.0292,0.0,0,0,4567040,4567040,4505600,4571136,0,4567040,4378624,2,7,0.0,0,0,0,0,0,0,1024,layerkeysort_v4_trace,0
55216,1056,49240,0,0,0,64,0.0,55216,0,0,0.082,0,1,4344,hotspot,0.0,1056,176,0,0,0.0,1054,2,65,8,0,1,59.7,0,0.3218,0,True,0.1,0.4,16.399999,6.2,55216,0.0285,0.0,42,0,4636672,4554752,4509696,4538368,0,4554752,4370432,0,7,0.0,5440,0,0,0,0,30,1024,layerkeysort_v4_trace_diagnostics,0
0,0,0,0,0,0,64,0.0,0,0,0,0.0711,0,0,0,timeline,0.0,0,0,1024,0,0.0,0,0,0,0,0,0,62.300001,0,0.2509,0,True,0.1,0.100001,4.6,0.4,0,0.0268,0.0,0,4517888,4644864,4571136,4513792,4575232,0,4644864,4415488,0,7,0.0,0,0,0,0,0,0,1024,layerkeysort_v4_trace,0
0,0,0,0,0,0,64,0.0,0,0,0,0.0798,0,0,0,timeline,0.0,0,0,1024,0,0.0,0,0,0,0,0,0,7.3,0,0.1951,0,True,0.1,0.100001,4.500001,0.5,0,0.0283,0.0,0,4517888,4648960,4575232,4517888,4579328,0,4648960,4415488,1,7,0.0,0,0,0,0,0,0,1024,layerkeysort_v4_trace,0
0,0,0,0,0,0,64,0.0,0,0,0,0.0742,0,0,0,timeline,0.0,0,0,1024,0,0.0,0,0,0,0,0,0,7.8,0,0.2022,0,True,0.1,0.100001,4.500001,0.4,0,0.0305,0.0,0,4513792,4644864,4571136,4513792,4575232,0,4644864,4411392,2,7,0.0,0,0,0,0,0,0,1024,layerkeysort_v4_trace,0
86624,1865,93583,0,55216,0,64,0.0,74752,0,0,0.1871,0,1,4344,timeline,0.0,1865,273,1024,0,0.0,2101,2,73,7,1,1,7.4,8,0.2556,0,True,0.1,0.2,5.3,0.7,74752,0.0565,0.0,37,4579328,4710400,4583424,4517888,4583424,0,4665344,4411392,0,7,0.0,5440,0,0,0,13,40,1024,layerkeysort_v4_trace_diagnostics,0
0,0,0,0,0,0,64,0.0,0,0,0,0.0431,9155,0,0,priority,0.0,0,0,0,0,0.0,0,0,0,0,0,0,13.6,0,0.2139,0,True,0.1,0.200001,6.3,2.100001,0,0.0263,0.0,0,0,4558848,4562944,4489216,4562944,0,4562944,4382720,0,7,0.0,0,0,0,0,0,0,1024,layerkeysort_v4_trace,0
0,0,0,0,0,0,64,0.0,0,0,0,0.0383,9155,0,0,priority,0.0,0,0,0,0,0.0,0,0,0,0,0,0,5.4,0,0.1626,0,True,0.1,0.200001,3.6,1.500001,0,0.0238,0.0,0,0,4558848,4562944,4489216,4562944,0,4562944,4382720,1,7,0.0,0,0,0,0,0,0,1024,layerkeysort_v4_trace,0
0,0,0,0,0,0,64,0.0,0,0,0,0.0389,9155,0,0,priority,0.0,0,0,0,0,0.0,0,0,0,0,0,0,11.3,0,0.1833,0,True,0.1,0.200001,5.800001,1.8,0,0.024,0.0,0,0,4550656,4554752,4481024,4554752,0,4554752,4374528,2,7,0.0,0,0,0,0,0,0,1024,layerkeysort_v4_trace,0
50576,1049,47978,0,0,0,64,0.0,50576,0,0,0.0696,9155,1,4376,priority,0.0,1049,93,0,0,0.0,1046,2,65,6,0,1,7.1,0,0.1943,0,True,0.1,0.200001,4.8,2.799999,50576,0.0245,0.0,5,0,4624384,4534272,4497408,4534272,0,4624384,4374528,0,7,0.0,5472,0,0,0,0,22,1024,layerkeysort_v4_trace_diagnostics,0
0,0,0,0,0,0,64,0.0,0,0,0,0.0567,0,0,0,local,0.0,0,0,1024,0,0.0,0,0,0,0,0,0,7.4,0,0.1893,0,True,0.1,0.100001,4.6,0.399999,0,0.027,0.0,0,4513792,4644864,4583424,4501504,4587520,0,4583424,4411392,0,7,0.0,0,0,0,0,0,0,1024,layerkeysort_v4_trace,0
0,0,0,0,0,0,64,0.0,0,0,0,0.057,0,0,0,local,0.0,0,0,1024,0,0.0,0,0,0,0,0,0,6.8,0,0.1788,0,True,0.1,0.100001,3.7,0.399999,0,0.0274,0.0,0,4517888,4648960,4587520,4505600,4591616,0,4587520,4415488,1,7,0.0,0,0,0,0,0,0,1024,layerkeysort_v4_trace,0
0,0,0,0,0,0,64,0.0,0,0,0,0.0671,0,0,0,local,0.0,0,0,1024,0,0.0,0,0,0,0,0,0,12.7,0,0.2096,0,True,0.1,0.2,4.3,0.5,0,0.0259,0.0,0,4513792,4644864,4583424,4501504,4587520,0,4583424,4411392,2,7,0.0,0,0,0,0,0,0,1024,layerkeysort_v4_trace,0
95384,1880,101618,0,55216,0,64,0.0,75336,0,0,0.092,0,1,4344,local,0.0,1880,479,1024,0,0.0,2135,2,94,8,1,1,6.5,22,0.2427,0,True,0.1,0.2,5.0,0.5,75336,0.027,0.0,47,4579328,4710400,4591616,4517888,4591616,0,4591616,4411392,0,7,0.0,5440,0,0,0,32,55,1024,layerkeysort_v4_trace_diagnostics,0
0,0,0,0,0,0,64,0.0,0,0,0,0.0409,0,0,0,churn,0.0,0,0,1024,0,0.0,0,0,0,0,0,0,4.6,0,0.1683,0,True,0.1,0.100001,3.300001,0.4,0,0.0245,0.0,0,4517888,4612096,4562944,4501504,4567040,0,4612096,4415488,0,7,0.0,0,0,0,0,0,0,1024,layerkeysort_v4_trace,0
0,0,0,0,0,0,64,0.0,0,0,0,0.0394,0,0,0,churn,0.0,0,0,1024,0,0.0,0,0,0,0,0,0,5.0,0,0.1609,0,True,0.1,0.100001,3.4,0.3,0,0.0245,0.0,0,4517888,4612096,4562944,4501504,4567040,0,4612096,4415488,1,7,0.0,0,0,0,0,0,0,1024,layerkeysort_v4_trace,0
0,0,0,0,0,0,64,0.0,0,0,0,0.0415,0,0,0,churn,0.0,0,0,1024,0,0.0,0,0,0,0,0,0,5.5,0,0.1748,0,True,0.1,0.100001,3.6,0.3,0,0.025,0.0,0,4513792,4608000,4558848,4497408,4562944,0,4608000,4411392,2,7,0.0,0,0,0,0,0,0,1024,layerkeysort_v4_trace,0
80944,1584,97073,0,55216,0,64,0.0,51128,0,0,0.0677,0,1,4344,churn,0.0,1584,384,1024,0,0.0,2136,2,95,7,1,1,5.5,23,0.2184,0,True,0.1,0.100001,4.3,0.5,55216,0.0249,0.0,35,4575232,4673536,4579328,4517888,4579328,0,4673536,4407296,0,7,0.0,5440,0,0,0,42,46,1024,layerkeysort_v4_trace_diagnostics,0
0,0,0,0,0,0,64,0.0,0,0,0,0.0646,0,0,0,large_timeline,0.0,0,0,1024,0,0.0,0,0,0,0,0,0,6.4,0,0.1838,0,True,0.1,0.100001,3.9,0.4,0,0.0267,0.0,0,4517888,4644864,4567040,4509696,4571136,0,4644864,4407296,0,7,0.0,0,0,0,0,0,0,1024,layerkeysort_v4_trace,0
0,0,0,0,0,0,64,0.0,0,0,0,0.0673,0,0,0,large_timeline,0.0,0,0,1024,0,0.0,0,0,0,0,0,0,7.6,0,0.1924,0,True,0.1,0.100001,4.3,0.5,0,0.0268,0.0,0,4521984,4648960,4571136,4513792,4575232,0,4648960,4411392,1,7,0.0,0,0,0,0,0,0,1024,layerkeysort_v4_trace,0
0,0,0,0,0,0,64,0.0,0,0,0,0.0647,0,0,0,large_timeline,0.0,0,0,1024,0,0.0,0,0,0,0,0,0,7.000001,0,0.1901,0,True,0.1,0.100001,4.6,0.5,0,0.0266,0.0,0,4513792,4640768,4562944,4505600,4567040,0,4640768,4403200,2,7,0.0,0,0,0,0,0,0,1024,layerkeysort_v4_trace,0
86624,1865,93583,0,55216,0,64,0.0,74752,0,0,0.0991,0,1,4344,large_timeline,0.0,1865,273,1024,0,0.0,2101,2,73,7,1,1,7.400001,8,0.2493,0,True,0.1,0.2,5.899999,0.6,74752,0.0266,0.0,37,4571136,4706304,4583424,4517888,4583424,0,4665344,4411392,0,7,0.0,5440,0,0,0,13,40,1024,layerkeysort_v4_trace_diagnostics,0
0,0,0,0,0,0,64,0.0,0,0,0,0.0426,0,0,0,local_drag,0.0,0,0,1024,0,0.0,0,0,0,0,0,0,5.0,0,0.1282,0,True,0.0,0.100001,3.5,0.4,0,0.0311,0.0,0,4513792,4612096,4554752,4501504,4558848,0,4612096,4411392,0,7,0.0,0,0,0,0,0,0,1024,layerkeysort_v4_trace,0
0,0,0,0,0,0,64,0.0,0,0,0,0.0423,0,0,0,local_drag,0.0,0,0,1024,0,0.0,0,0,0,0,0,0,4.9,0,0.124,0,True,0.0,0.100001,3.1,0.4,0,0.0244,0.0,0,4509696,4608000,4550656,4497408,4554752,0,4608000,4407296,1,7,0.0,0,0,0,0,0,0,1024,layerkeysort_v4_trace,0
0,0,0,0,0,0,64,0.0,0,0,0,0.0491,0,0,0,local_drag,0.0,0,0,1024,0,0.0,0,0,0,0,0,0,22.7,0,0.2593,0,True,0.1,0.2,7.5,0.9,0,0.0245,0.0,0,4517888,4616192,4558848,4505600,4562944,0,4616192,4415488,2,7,0.0,0,0,0,0,0,0,1024,layerkeysort_v4_trace,0
60472,1065,63037,0,55216,0,64,0.0,51128,0,0,0.0679,0,1,4344,local_drag,0.0,1065,286,1024,0,0.0,2143,4,159,7,1,1,10.8,16,0.3225,74,True,0.1,0.200001,7.2,1.1,55216,0.0244,0.0,31,4579328,4677632,4579328,4517888,4579328,0,4616192,4407296,0,7,0.0,5440,0,0,0,32,39,1024,layerkeysort_v4_trace_diagnostics,0
0,0,0,0,0,0,64,0.0,0,0,0,0.0456,0,0,0,front_back,0.0,0,0,1024,0,0.0,0,0,0,0,0,0,8.6,0,0.2037,0,True,0.1,0.100001,5.4,0.5,0,0.0256,0.0,0,4509696,4608000,4567040,4497408,4571136,0,4608000,4407296,0,7,0.0,0,0,0,0,0,0,1024,layerkeysort_v4_trace,0
0,0,0,0,0,0,64,0.0,0,0,0,0.0444,0,0,0,front_back,0.0,0,0,1024,0,0.0,0,0,0,0,0,0,5.1,0,0.1744,0,True,0.1,0.100001,3.3,0.4,0,0.0263,0.0,0,4513792,4612096,4571136,4501504,4575232,0,4612096,4411392,1,7,0.0,0,0,0,0,0,0,1024,layerkeysort_v4_trace,0
0,0,0,0,0,0,64,0.0,0,0,0,0.045,0,0,0,front_back,0.0,0,0,1024,0,0.0,0,0,0,0,0,0,5.1,0,0.176,0,True,0.1,0.100001,3.6,0.399999,0,0.0249,0.0,0,4513792,4612096,4571136,4501504,4575232,0,4612096,4411392,2,7,0.0,0,0,0,0,0,0,1024,layerkeysort_v4_trace,0
70400,1082,144753,0,55216,0,64,0.0,51712,0,0,0.0678,0,1,4344,front_back,0.0,1082,520,1024,0,0.0,3178,4,155,8,1,1,7.2,32,0.2418,2,True,0.1,0.2,5.0,0.7,55216,0.0247,0.0,58,4575232,4669440,4583424,4509696,4583424,0,4669440,4407296,0,7,0.0,5440,0,0,0,98,56,1024,layerkeysort_v4_trace_diagnostics,0
0,0,0,0,0,0,64,0.0,0,0,0,0.0421,0,0,0,distant_drag,0.0,0,0,1024,0,0.0,0,0,0,0,0,0,39.9,0,0.22,0,True,0.1,0.100001,3.8,0.4,0,0.0255,0.0,0,4517888,4616192,4558848,4505600,4562944,0,4616192,4415488,0,7,0.0,0,0,0,0,0,0,1024,layerkeysort_v4_trace,0
0,0,0,0,0,0,64,0.0,0,0,0,0.0442,0,0,0,distant_drag,0.0,0,0,1024,0,0.0,0,0,0,0,0,0,43.9,0,0.2412,0,True,0.1,0.100001,4.799999,0.5,0,0.025,0.0,0,4517888,4612096,4554752,4501504,4558848,0,4612096,4415488,1,7,0.0,0,0,0,0,0,0,1024,layerkeysort_v4_trace,0
0,0,0,0,0,0,64,0.0,0,0,0,0.0439,0,0,0,distant_drag,0.0,0,0,1024,0,0.0,0,0,0,0,0,0,5.000001,0,0.1852,0,True,0.1,0.100001,3.300001,0.4,0,0.0238,0.0,0,4513792,4612096,4554752,4501504,4558848,0,4612096,4411392,2,7,0.0,0,0,0,0,0,0,1024,layerkeysort_v4_trace,0
68064,1078,139557,0,55216,0,64,0.0,51128,0,0,0.0666,0,1,4344,distant_drag,0.0,1078,443,1024,0,0.0,3190,4,159,7,1,1,8.7,29,0.314,0,True,0.1,0.200001,5.5,1.1,55216,0.0247,0.0,33,4579328,4673536,4579328,4517888,4579328,0,4624384,4407296,0,7,0.0,5440,0,0,0,66,52,1024,layerkeysort_v4_trace_diagnostics,0
0,0,0,0,0,0,64,0.0,0,0,0,0.0354,0,0,0,hotspot_drag,0.0,0,0,1024,0,0.0,0,0,0,0,0,0,4.8,0,0.1846,0,True,0.1,0.2,3.300001,0.3,0,0.0253,0.0,0,4513792,4612096,4612096,4501504,4616192,0,4612096,4411392,0,7,0.0,0,0,0,0,0,0,1024,layerkeysort_v4_trace,0
0,0,0,0,0,0,64,0.0,0,0,0,0.0365,0,0,0,hotspot_drag,0.0,0,0,1024,0,0.0,0,0,0,0,0,0,4.8,0,0.1851,0,True,0.1,0.2,3.1,0.399999,0,0.0255,0.0,0,4517888,4616192,4616192,4505600,4620288,0,4616192,4415488,1,7,0.0,0,0,0,0,0,0,1024,layerkeysort_v4_trace,0
0,0,0,0,0,0,64,0.0,0,0,0,0.0361,0,0,0,hotspot_drag,0.0,0,0,1024,0,0.0,0,0,0,0,0,0,7.5,0,0.1867,0,True,0.1,0.2,3.4,0.4,0,0.0248,0.0,0,4513792,4612096,4612096,4501504,4616192,0,4612096,4411392,2,7,0.0,0,0,0,0,0,0,1024,layerkeysort_v4_trace,0
72152,1085,142556,0,55216,0,64,0.0,51712,0,0,0.0681,0,1,4344,hotspot_drag,0.0,1085,570,1024,0,0.0,3175,4,153,11,1,1,7.3,35,0.2488,3,True,0.1,0.2,4.6,0.7,55216,0.0259,0.0,70,4583424,4677632,4579328,4517888,4579328,0,4599808,4411392,0,7,0.0,5440,0,0,0,94,59,1024,layerkeysort_v4_trace_diagnostics,0
0,0,0,0,0,0,64,0.0,0,0,0,0.0423,0,0,0,large_moves,0.0,0,0,1024,0,0.0,0,0,0,0,0,0,5.5,0,0.1855,0,True,0.1,0.100001,3.4,0.399999,0,0.025,0.0,0,4517888,4616192,4558848,4505600,4562944,0,4616192,4415488,0,7,0.0,0,0,0,0,0,0,1024,layerkeysort_v4_trace,0
0,0,0,0,0,0,64,0.0,0,0,0,0.0434,0,0,0,large_moves,0.0,0,0,1024,0,0.0,0,0,0,0,0,0,5.4,0,0.1854,0,True,0.1,0.100001,3.8,0.4,0,0.0248,0.0,0,4509696,4608000,4550656,4497408,4554752,0,4608000,4407296,1,7,0.0,0,0,0,0,0,0,1024,layerkeysort_v4_trace,0
0,0,0,0,0,0,64,0.0,0,0,0,0.0637,0,0,0,large_moves,0.0,0,0,1024,0,0.0,0,0,0,0,0,0,6.0,0,0.1958,0,True,0.1,0.2,3.8,0.5,0,0.0287,0.0,0,4517888,4616192,4558848,4505600,4562944,0,4616192,4415488,2,7,0.0,0,0,0,0,0,0,1024,layerkeysort_v4_trace,0
68064,1078,139557,0,55216,0,64,0.0,51128,0,0,0.0648,0,1,4344,large_moves,0.0,1078,443,1024,0,0.0,3190,4,159,7,1,1,5.6,29,0.234,0,True,0.1,0.2,4.1,0.5,55216,0.0247,0.0,33,4583424,4677632,4583424,4521984,4583424,0,4628480,4415488,0,7,0.0,5440,0,0,0,66,52,1024,layerkeysort_v4_trace_diagnostics,0
0,0,0,0,0,0,64,0.0,0,0,0,0.0405,0,0,0,delete_reinsert,0.0,0,0,1024,0,0.0,0,0,0,0,0,0,5.6,0,0.168,0,True,0.1,0.100001,3.7,0.5,0,0.0246,0.0,0,4517888,4608000,4554752,4493312,4558848,0,4608000,4407296,0,7,0.0,0,0,0,0,0,0,1024,layerkeysort_v4_trace,0
0,0,0,0,0,0,64,0.0,0,0,0,0.059,0,0,0,delete_reinsert,0.0,0,0,1024,0,0.0,0,0,0,0,0,0,23.3,0,0.3739,0,True,0.1,0.100001,16.200001,3.0,0,0.0241,0.0,0,4517888,4608000,4554752,4493312,4558848,0,4608000,4407296,1,7,0.0,0,0,0,0,0,0,1024,layerkeysort_v4_trace,0
0,0,0,0,0,0,64,0.0,0,0,0,0.0412,0,0,0,delete_reinsert,0.0,0,0,1024,0,0.0,0,0,0,0,0,0,5.299999,0,0.1771,0,True,0.1,0.100001,4.8,0.5,0,0.0235,0.0,0,4521984,4612096,4558848,4497408,4562944,0,4612096,4411392,2,7,0.0,0,0,0,0,0,0,1024,layerkeysort_v4_trace,0
80944,1584,97073,0,55216,0,64,0.0,51128,0,0,0.0651,0,1,4344,delete_reinsert,0.0,1584,384,1024,0,0.0,2136,2,95,7,1,1,8.000001,23,0.2669,0,True,0.1,0.2,5.800001,0.700001,55216,0.0251,0.0,35,4575232,4673536,4583424,4521984,4583424,0,4673536,4415488,0,7,0.0,5440,0,0,0,42,46,1024,layerkeysort_v4_trace_diagnostics,0
0,0,0,0,0,0,64,0.0,0,0,0,0.0356,13629,0,0,managed_churn,0.0,0,0,1024,0,0.0,0,0,0,0,0,0,5.8,0,0.2265,0,True,0.1,0.2,3.4,0.4,0,0.0271,0.0,0,4509696,4603904,4603904,4501504,4603904,0,4603904,4411392,0,7,0.0,0,0,0,0,0,0,1024,layerkeysort_v4_trace,0
0,0,0,0,0,0,64,0.0,0,0,0,0.043,13629,0,0,managed_churn,0.0,0,0,1024,0,0.0,0,0,0,0,0,0,4.9,0,0.2362,0,True,0.1,0.2,3.4,0.4,0,0.0291,0.0,0,4505600,4599808,4599808,4497408,4599808,0,4599808,4407296,1,7,0.0,0,0,0,0,0,0,1024,layerkeysort_v4_trace,0
0,0,0,0,0,0,64,0.0,0,0,0,0.0464,13629,0,0,managed_churn,0.0,0,0,1024,0,0.0,0,0,0,0,0,0,6.200001,0,0.2439,0,True,0.1,0.200001,3.6,0.499999,0,0.0478,0.0,0,4509696,4599808,4599808,4497408,4599808,0,4599808,4411392,2,7,0.0,0,0,0,0,0,0,1024,layerkeysort_v4_trace,0
75136,1575,97271,0,50576,0,64,0.0,51744,0,0,0.0767,13629,1,4376,managed_churn,0.0,1575,245,1024,0,0.0,2118,2,94,7,1,1,6.5,12,0.3116,0,True,0.1,0.200001,5.9,0.7,52328,0.0279,0.0,12,4571136,4657152,4562944,4501504,4562944,0,4599808,4415488,0,7,0.0,5472,0,0,0,34,36,1024,layerkeysort_v4_trace_diagnostics,0
0,0,0,0,0,0,64,0.0,0,0,0,0.363,73671,0,0,ascending,0.0,0,0,0,0,0.0,0,0,0,0,0,0,26.0,0,0.8713,0,True,0.1,0.100001,7.099999,0.3,0,0.043,0.0,0,0,5607424,4935680,4657152,4935680,0,4935680,4603904,0,7,0.0,0,0,0,0,0,0,10000,layerkeysort_v4_trace,0
0,0,0,0,0,0,64,0.0,0,0,0,0.3514,73671,0,0,ascending,0.0,0,0,0,0,0.0,0,0,0,0,0,0,27.900001,0,0.8911,0,True,0.1,0.100001,10.0,0.200001,0,0.0413,0.0,0,0,5607424,4935680,4657152,4935680,0,4935680,4603904,1,7,0.0,0,0,0,0,0,0,10000,layerkeysort_v4_trace,0
0,0,0,0,0,0,64,0.0,0,0,0,0.3477,73671,0,0,ascending,0.0,0,0,0,0,0.0,0,0,0,0,0,0,26.7,0,0.9775,0,True,0.1,0.100001,9.3,0.3,0,0.042,0.0,0,0,5599232,4927488,4648960,4927488,0,4927488,4603904,2,7,0.0,0,0,0,0,0,0,10000,layerkeysort_v4_trace,0
506584,10314,493800,0,0,0,64,0.0,506584,0,0,0.5403,73671,1,4376,ascending,0.0,10314,2757,0,0,0.0,10311,2,65,11,0,1,29.9,0,1.0866,0,True,0.1,0.100001,9.5,0.3,506584,0.045,0.0,303,0,5943296,4980736,4636672,4980736,0,4980736,4603904,0,7,0.0,5472,0,0,0,0,311,10000,layerkeysort_v4_trace_diagnostics,0
0,0,0,0,0,0,64,0.0,0,0,0,0.3417,128433,0,0,descending,0.0,0,0,0,0,0.0,0,0,0,0,0,0,23.8,0,1.1997,0,True,0.1,0.100001,7.899999,0.3,0,0.0415,0.0,0,0,5603328,4935680,4616192,4935680,0,5070848,4599808,0,7,0.0,0,0,0,0,0,0,10000,layerkeysort_v4_trace,0
0,0,0,0,0,0,64,0.0,0,0,0,0.3449,128433,0,0,descending,0.0,0,0,0,0,0.0,0,0,0,0,0,0,33.2,0,1.2615,0,True,0.1,0.2,8.800001,0.3,0,0.0413,0.0,0,0,5599232,4931584,4612096,4931584,0,5066752,4595712,1,7,0.0,0,0,0,0,0,0,10000,layerkeysort_v4_trace,0
0,0,0,0,0,0,64,0.0,0,0,0,0.3676,128433,0,0,descending,0.0,0,0,0,0,0.0,0,0,0,0,0,0,34.2,0,1.2373,0,True,0.1,0.100001,10.500001,0.3,0,0.0414,0.0,0,0,5603328,4935680,4616192,4935680,0,5070848,4599808,2,7,0.0,0,0,0,0,0,0,10000,layerkeysort_v4_trace,0
501328,10305,488929,0,0,0,64,0.0,501328,0,0,0.5374,128433,1,4376,descending,0.0,10305,2662,0,0,0.0,10302,2,65,11,0,1,46.599999,0,1.5139,0,True,0.1,0.200001,9.6,0.3,501328,0.0446,0.0,445,0,5943296,5038080,4714496,5038080,0,5328896,4603904,0,7,0.0,5472,0,0,0,0,302,10000,layerkeysort_v4_trace_diagnostics,0
0,0,0,0,0,0,64,0.0,0,0,0,0.4001,120598,0,0,random,0.0,0,0,0,0,0.0,0,0,0,0,0,0,88.0,0,2.053,0,True,0.2,0.3,6.6,0.4,0,0.0417,0.0,0,0,5541888,4911104,4673536,4911104,0,5353472,4603904,0,7,0.0,0,0,0,0,0,0,10000,layerkeysort_v4_trace,0
0,0,0,0,0,0,64,0.0,0,0,0,0.3989,120598,0,0,random,0.0,0,0,0,0,0.0,0,0,0,0,0,0,30.9,0,1.9627,0,True,0.2,0.3,7.0,0.399999,0,0.041,0.0,0,0,5541888,4911104,4673536,4911104,0,5353472,4603904,1,7,0.0,0,0,0,0,0,0,10000,layerkeysort_v4_trace,0
0,0,0,0,0,0,64,0.0,0,0,0,0.4074,120598,0,0,random,0.0,0,0,0,0,0.0,0,0,0,0,0,0,28.1,0,2.0336,0,True,0.2,0.3,7.4,0.4,0,0.0418,0.0,0,0,5541888,4911104,4673536,4911104,0,5353472,4603904,2,7,0.0,0,0,0,0,0,0,10000,layerkeysort_v4_trace,0
459864,10234,472451,0,0,0,64,0.0,459864,0,0,0.586,120598,1,4376,random,0.0,10234,1620,0,0,0.0,10231,2,65,9,0,1,46.7,0,2.4941,0,True,0.2,0.3,10.899999,0.5,459864,0.0426,0.0,7,0,5881856,5009408,4685824,5009408,0,5595136,4608000,0,7,0.0,5472,0,0,0,0,231,10000,layerkeysort_v4_trace_diagnostics,0
0,0,0,0,0,0,64,0.0,0,0,0,0.3566,73671,0,0,equal,0.0,0,0,0,0,0.0,0,0,0,0,0,0,46.900001,0,0.9824,0,True,0.1,0.100001,11.9,0.3,0,0.0436,0.0,0,0,5599232,4927488,4927488,4927488,0,4927488,4603904,0,7,0.0,0,0,0,0,0,0,10000,layerkeysort_v4_trace,0
0,0,0,0,0,0,64,0.0,0,0,0,0.3543,73671,0,0,equal,0.0,0,0,0,0,0.0,0,0,0,0,0,0,42.8,0,0.8983,0,True,0.1,0.100001,6.5,0.3,0,0.0424,0.0,0,0,5603328,4931584,4931584,4931584,0,4931584,4599808,1,7,0.0,0,0,0,0,0,0,10000,layerkeysort_v4_trace,0
0,0,0,0,0,0,64,0.0,0,0,0,0.3613,73671,0,0,equal,0.0,0,0,0,0,0.0,0,0,0,0,0,0,43.800001,0,1.1246,0,True,0.1,0.2,11.6,0.3,0,0.0409,0.0,0,0,5599232,4927488,4927488,4927488,0,4927488,4595712,2,7,0.0,0,0,0,0,0,0,10000,layerkeysort_v4_trace,0
506584,10314,493800,0,0,0,64,0.0,506584,0,0,0.551,73671,1,4376,equal,0.0,10314,2757,0,0,0.0,10311,2,65,11,0,1,32.3,0,1.1317,0,True,0.1,0.100001,10.100001,0.3,506584,0.0457,0.0,303,0,5943296,4980736,4636672,4980736,0,4980736,4603904,0,7,0.0,5472,0,0,0,0,311,10000,layerkeysort_v4_trace_diagnostics,0
0,0,0,0,0,0,64,0.0,0,0,0,0.3909,124677,0,0,duplicates,0.0,0,0,0,0,0.0,0,0,0,0,0,0,26.9,0,1.2678,0,True,0.1,0.2,10.000001,0.3,0,0.0451,0.0,0,0,5603328,4927488,4669440,4927488,0,4927488,4599808,0,7,0.0,0,0,0,0,0,0,10000,layerkeysort_v4_trace,0
0,0,0,0,0,0,64,0.0,0,0,0,0.3566,124677,0,0,duplicates,0.0,0,0,0,0,0.0,0,0,0,0,0,0,25.0,0,1.2352,0,True,0.1,0.2,8.9,0.3,0,0.0452,0.0,0,0,5599232,4923392,4665344,4923392,0,4923392,4595712,1,7,0.0,0,0,0,0,0,0,10000,layerkeysort_v4_trace,0
0,0,0,0,0,0,64,0.0,0,0,0,0.3684,124677,0,0,duplicates,0.0,0,0,0,0,0.0,0,0,0,0,0,0,74.9,0,1.3235,0,True,0.1,0.2,9.4,0.3,0,0.0451,0.0,0,0,5599232,4923392,4665344,4923392,0,4923392,4595712,2,7,0.0,0,0,0,0,0,0,10000,layerkeysort_v4_trace,0
501912,10306,491826,0,0,0,64,0.0,501912,0,0,0.5957,124677,1,4376,duplicates,0.0,10306,2544,0,0,0.0,10303,2,65,12,0,1,39.2,0,1.7095,0,True,0.1,0.200001,13.700001,0.6,501912,0.0457,0.0,212,0,5939200,5009408,4669440,5009408,0,5062656,4599808,0,7,0.0,5472,0,0,0,0,303,10000,layerkeysort_v4_trace_diagnostics,0
0,0,0,0,0,0,64,0.0,0,0,0,0.35,138280,0,0,alternating,0.0,0,0,0,0,0.0,0,0,0,0,0,0,24.800001,0,1.3091,0,True,0.1,0.2,9.1,0.3,0,0.0415,0.0,0,0,5603328,4919296,4653056,4919296,0,4919296,4599808,0,7,0.0,0,0,0,0,0,0,10000,layerkeysort_v4_trace,0
0,0,0,0,0,0,64,0.0,0,0,0,0.352,138280,0,0,alternating,0.0,0,0,0,0,0.0,0,0,0,0,0,0,26.7,0,1.2556,0,True,0.1,0.2,8.3,0.3,0,0.0413,0.0,0,0,5607424,4923392,4657152,4923392,0,4923392,4603904,1,7,0.0,0,0,0,0,0,0,10000,layerkeysort_v4_trace,0
0,0,0,0,0,0,64,0.0,0,0,0,0.405,138280,0,0,alternating,0.0,0,0,0,0,0.0,0,0,0,0,0,0,27.0,0,1.2328,0,True,0.1,0.2,6.5,0.3,0,0.0414,0.0,0,0,5607424,4923392,4657152,4923392,0,4923392,4603904,2,7,0.0,0,0,0,0,0,0,10000,layerkeysort_v4_trace,0
503664,10309,491340,0,0,0,64,0.0,503664,0,0,0.5787,138280,1,4376,alternating,0.0,10309,3001,0,0,0.0,10306,2,65,12,0,1,34.0,0,1.583,0,True,0.1,0.200001,9.6,0.399999,503664,0.0415,0.0,481,0,5947392,4972544,4640768,4972544,0,4972544,4608000,0,7,0.0,5472,0,0,0,0,306,10000,layerkeysort_v4_trace_diagnostics,0
0,0,0,0,0,0,64,0.0,0,0,0,0.3382,0,0,0,hotspot,0.0,0,0,0,0,0.0,0,0,0,0,0,0,24.9,0,0.9562,0,True,0.1,0.100001,7.2,0.3,0,0.041,0.0,0,0,5595136,4907008,4911104,4911104,0,4907008,4603904,0,7,0.0,0,0,0,0,0,0,10000,layerkeysort_v4_trace,0
0,0,0,0,0,0,64,0.0,0,0,0,0.3813,0,0,0,hotspot,0.0,0,0,0,0,0.0,0,0,0,0,0,0,38.2,0,1.0167,0,True,0.1,0.100001,9.0,0.3,0,0.0411,0.0,0,0,5591040,4902912,4907008,4907008,0,4902912,4599808,1,7,0.0,0,0,0,0,0,0,10000,layerkeysort_v4_trace,0
0,0,0,0,0,0,64,0.0,0,0,0,0.8382,0,0,0,hotspot,0.0,0,0,0,0,0.0,0,0,0,0,0,0,93.4,0,1.2294,0,True,0.1,0.100001,13.3,0.4,0,0.0484,0.0,0,0,5599232,4911104,4915200,4915200,0,4911104,4599808,2,7,0.0,0,0,0,0,0,0,10000,layerkeysort_v4_trace,0
503632,10308,491340,0,0,0,64,0.0,503632,0,0,0.8072,0,1,4344,hotspot,0.0,10308,3001,0,0,0.0,10306,2,65,12,0,1,50.8,0,1.6267,0,True,0.1,0.3,12.1,0.6,503632,0.0532,0.0,482,0,5943296,4968448,4636672,4968448,0,4968448,4603904,0,7,0.0,5440,0,0,0,0,306,10000,layerkeysort_v4_trace_diagnostics,0
0,0,0,0,0,0,64,0.0,0,0,0,1.1832,0,0,0,timeline,0.0,0,0,10000,0,0.0,0,0,0,0,0,0,49.5,0,3.3346,0,True,0.1,0.3,8.3,0.6,0,0.0674,0.0,0,5828608,6242304,5304320,4857856,5308416,0,5832704,4825088,0,7,0.0,0,0,0,0,0,0,10000,layerkeysort_v4_trace,0
0,0,0,0,0,0,64,0.0,0,0,0,1.0716,0,0,0,timeline,0.0,0,0,10000,0,0.0,0,0,0,0,0,0,40.200001,0,2.9583,0,True,0.1,0.200001,7.4,0.4,0,0.0588,0.0,0,5820416,6250496,5312512,4866048,5316608,0,5840896,4841472,1,7,0.0,0,0,0,0,0,0,10000,layerkeysort_v4_trace,0
0,0,0,0,0,0,64,0.0,0,0,0,0.6787,0,0,0,timeline,0.0,0,0,10000,0,0.0,0,0,0,0,0,0,35.8,0,1.9972,0,True,0.1,0.2,7.7,0.3,0,0.0445,0.0,0,5812224,6234112,5296128,4849664,5300224,0,5824512,4833280,2,7,0.0,0,0,0,0,0,0,10000,layerkeysort_v4_trace,0
800120,18383,932670,0,506552,0,64,0.0,706528,0,0,0.9416,0,1,4344,timeline,0.0,18383,3802,10000,0,0.0,20448,2,95,11,1,1,35.2,51,2.4205,0,True,0.1,0.200001,4.8,0.3,706528,0.0456,0.0,335,6156288,6856704,5373952,5373952,5373952,0,6262784,4837376,0,7,0.0,5440,0,0,0,73,375,10000,layerkeysort_v4_trace_diagnostics,0
0,0,0,0,0,0,64,0.0,0,0,0,0.4146,120598,0,0,priority,0.0,0,0,0,0,0.0,0,0,0,0,0,0,24.9,0,1.9443,0,True,0.2,0.3,5.5,0.399999,0,0.0418,0.0,0,0,5537792,4907008,4907008,4907008,0,5349376,4599808,0,7,0.0,0,0,0,0,0,0,10000,layerkeysort_v4_trace,0
0,0,0,0,0,0,64,0.0,0,0,0,0.4088,120598,0,0,priority,0.0,0,0,0,0,0.0,0,0,0,0,0,0,24.1,0,1.9499,0,True,0.2,0.3,6.400001,0.3,0,0.041,0.0,0,0,5537792,4907008,4907008,4907008,0,5349376,4599808,1,7,0.0,0,0,0,0,0,0,10000,layerkeysort_v4_trace,0
0,0,0,0,0,0,64,0.0,0,0,0,0.4191,120598,0,0,priority,0.0,0,0,0,0,0.0,0,0,0,0,0,0,39.4,0,2.0373,0,True,0.2,0.3,8.7,0.5,0,0.0414,0.0,0,0,5537792,4907008,4907008,4907008,0,5349376,4599808,2,7,0.0,0,0,0,0,0,0,10000,layerkeysort_v4_trace,0
459864,10234,472451,0,0,0,64,0.0,459864,0,0,0.6969,120598,1,4376,priority,0.0,10234,1620,0,0,0.0,10231,2,65,9,0,1,28.8,0,2.2719,0,True,0.2,0.3,8.3,0.5,459864,0.0429,0.0,7,0,5877760,5005312,4681728,5005312,0,5591040,4603904,0,7,0.0,5472,0,0,0,0,231,10000,layerkeysort_v4_trace_diagnostics,0
0,0,0,0,0,0,64,0.0,0,0,0,0.5383,0,0,0,local,0.0,0,0,10000,0,0.0,0,0,0,0,0,0,24.1,0,1.7741,0,True,0.1,0.2,4.799999,0.3,0,0.0454,0.0,0,5812224,6275072,5390336,5394432,5394432,0,5390336,4833280,0,7,0.0,0,0,0,0,0,0,10000,layerkeysort_v4_trace,0
0,0,0,0,0,0,64,0.0,0,0,0,0.5419,0,0,0,local,0.0,0,0,10000,0,0.0,0,0,0,0,0,0,29.0,0,1.628,0,True,0.1,0.100001,5.0,0.200001,0,0.0456,0.0,0,5787648,6279168,5394432,5398528,5398528,0,5394432,4837376,1,7,0.0,0,0,0,0,0,0,10000,layerkeysort_v4_trace,0
0,0,0,0,0,0,64,0.0,0,0,0,0.5364,0,0,0,local,0.0,0,0,10000,0,0.0,0,0,0,0,0,0,21.6,0,1.628,0,True,0.1,0.100001,5.1,0.200001,0,0.0455,0.0,0,5820416,6283264,5398528,5402624,5402624,0,5398528,4841472,2,7,0.0,0,0,0,0,0,0,10000,layerkeysort_v4_trace,0
908744,18569,997242,0,506552,0,64,0.0,724048,0,0,0.9676,0,1,4344,local,0.0,18569,7309,10000,0,0.0,20887,2,94,12,1,1,46.800001,207,2.2556,0,True,0.1,0.2,7.3,0.3,724048,0.0473,0.0,547,6160384,6893568,5410816,4927488,5410816,0,5410816,4841472,0,7,0.0,5440,0,0,0,326,561,10000,layerkeysort_v4_trace_diagnostics,0
0,0,0,0,0,0,64,0.0,0,0,0,0.4042,0,0,0,churn,0.0,0,0,10000,0,0.0,0,0,0,0,0,0,30.800001,0,1.648,0,True,0.1,0.100001,4.3,0.200001,0,0.0419,0.0,0,5820416,5951488,5283840,5287936,5287936,0,5632000,4841472,0,7,0.0,0,0,0,0,0,0,10000,layerkeysort_v4_trace,0
0,0,0,0,0,0,64,0.0,0,0,0,0.4536,0,0,0,churn,0.0,0,0,10000,0,0.0,0,0,0,0,0,0,31.9,0,1.7523,0,True,0.1,0.100001,5.2,0.200001,0,0.0422,0.0,0,5812224,5943296,5275648,5279744,5279744,0,5623808,4833280,1,7,0.0,0,0,0,0,0,0,10000,layerkeysort_v4_trace,0
0,0,0,0,0,0,64,0.0,0,0,0,0.8801,0,0,0,churn,0.0,0,0,10000,0,0.0,0,0,0,0,0,0,40.4,0,1.939,0,True,0.1,0.200001,4.8,0.399999,0,0.1202,0.0,0,5816320,5947392,5279744,5283840,5283840,0,5627904,4837376,2,7,0.0,0,0,0,0,0,0,10000,layerkeysort_v4_trace,0
753568,15462,949977,0,506552,0,64,0.0,462168,0,0,0.6174,0,1,4344,churn,0.0,15462,6007,10000,0,0.0,20869,2,95,11,1,1,97.4,225,2.3124,0,True,0.1,0.2,4.3,0.3,506552,0.0443,0.0,364,6160384,6287360,5378048,5378048,5378048,0,5791744,4841472,0,7,0.0,5440,0,0,0,409,460,10000,layerkeysort_v4_trace_diagnostics,0
0,0,0,0,0,0,64,0.0,0,0,0,0.6288,0,0,0,large_timeline,0.0,0,0,10000,0,0.0,0,0,0,0,0,0,23.2,0,1.7975,0,True,0.1,0.100001,4.7,0.200001,0,0.0449,0.0,0,5820416,6250496,5312512,4866048,5316608,0,5840896,4841472,0,7,0.0,0,0,0,0,0,0,10000,layerkeysort_v4_trace,0
0,0,0,0,0,0,64,0.0,0,0,0,0.6133,0,0,0,large_timeline,0.0,0,0,10000,0,0.0,0,0,0,0,0,0,23.199999,0,1.769,0,True,0.1,0.100001,4.9,0.200001,0,0.0446,0.0,0,5816320,6246400,5308416,4861952,5312512,0,5836800,4837376,1,7,0.0,0,0,0,0,0,0,10000,layerkeysort_v4_trace,0
0,0,0,0,0,0,64,0.0,0,0,0,0.7429,0,0,0,large_timeline,0.0,0,0,10000,0,0.0,0,0,0,0,0,0,227.0,0,2.0121,0,True,0.1,0.100001,4.9,0.200001,0,0.0447,0.0,0,5816320,6246400,5308416,4861952,5312512,0,5836800,4837376,2,7,0.0,0,0,0,0,0,0,10000,layerkeysort_v4_trace,0
800120,18383,932670,0,506552,0,64,0.0,706528,0,0,1.0282,0,1,4344,large_timeline,0.0,18383,3802,10000,0,0.0,20448,2,95,11,1,1,214.1,51,2.6946,0,True,0.1,0.200001,5.1,0.3,706528,0.0454,0.0,335,6164480,6864896,5382144,5382144,5382144,0,6270976,4845568,0,7,0.0,5440,0,0,0,73,375,10000,layerkeysort_v4_trace_diagnostics,0
0,0,0,0,0,0,64,0.0,0,0,0,0.3936,0,0,0,local_drag,0.0,0,0,10000,0,0.0,0,0,0,0,0,0,40.0,0,1.244,0,True,0.0,0.100001,4.9,0.3,0,0.04,0.0,0,5816320,5951488,5283840,4857856,5287936,0,5459968,4837376,0,7,0.0,0,0,0,0,0,0,10000,layerkeysort_v4_trace,0
0,0,0,0,0,0,64,0.0,0,0,0,0.6018,0,0,0,local_drag,0.0,0,0,10000,0,0.0,0,0,0,0,0,0,29.3,0,1.2123,0,True,0.0,0.100001,5.0,0.200001,0,0.0402,0.0,0,5820416,5955584,5287936,4861952,5292032,0,5464064,4841472,1,7,0.0,0,0,0,0,0,0,10000,layerkeysort_v4_trace,0
0,0,0,0,0,0,64,0.0,0,0,0,0.3866,0,0,0,local_drag,0.0,0,0,10000,0,0.0,0,0,0,0,0,0,31.8,0,1.2083,0,True,0.0,0.100001,5.4,0.200001,0,0.0402,0.0,0,5812224,5947392,5279744,4853760,5283840,0,5455872,4833280,2,7,0.0,0,0,0,0,0,0,10000,layerkeysort_v4_trace,0
556192,10398,621620,0,506552,0,64,0.0,462168,0,0,0.6244,0,1,4344,local_drag,0.0,10398,4714,10000,0,0.0,20850,4,159,11,1,1,54.3,161,1.8607,715,True,0.1,0.2,6.9,0.399999,506552,0.0425,0.0,334,6164480,6291456,5382144,4947968,5382144,0,5693440,4841472,0,7,0.0,5440,0,0,0,257,396,10000,layerkeysort_v4_trace_diagnostics,0
0,0,0,0,0,0,64,0.0,0,0,0,0.4837,0,0,0,front_back,0.0,0,0,10000,0,0.0,0,0,0,0,0,0,27.7,0,2.0417,0,True,0.1,0.2,4.2,0.3,0,0.0468,0.0,0,5820416,5955584,5296128,4870144,5300224,0,5783552,4841472,0,7,0.0,0,0,0,0,0,0,10000,layerkeysort_v4_trace,0
0,0,0,0,0,0,64,0.0,0,0,0,0.4992,0,0,0,front_back,0.0,0,0,10000,0,0.0,0,0,0,0,0,0,29.4,0,2.1147,0,True,0.1,0.200001,5.1,0.399999,0,0.0468,0.0,0,5816320,5951488,5292032,4866048,5296128,0,5779456,4837376,1,7,0.0,0,0,0,0,0,0,10000,layerkeysort_v4_trace,0
0,0,0,0,0,0,64,0.0,0,0,0,0.4318,0,0,0,front_back,0.0,0,0,10000,0,0.0,0,0,0,0,0,0,29.8,0,1.7942,0,True,0.1,0.2,4.699999,0.3,0,0.0432,0.0,0,5820416,5955584,5296128,4870144,5300224,0,5783552,4841472,2,7,0.0,0,0,0,0,0,0,10000,layerkeysort_v4_trace,0
682336,10614,1454279,0,506552,0,64,0.0,468008,0,0,0.6174,0,1,4344,front_back,0.0,10614,9165,10000,0,0.0,31417,4,159,19,1,1,40.8,367,2.3753,2,True,0.1,0.200001,5.2,0.3,506552,0.0443,0.0,668,6160384,6287360,5378048,4943872,5378048,0,6066176,4841472,0,7,0.0,5440,0,0,0,855,612,10000,layerkeysort_v4_trace_diagnostics,0
0,0,0,0,0,0,64,0.0,0,0,0,0.3739,0,0,0,distant_drag,0.0,0,0,10000,0,0.0,0,0,0,0,0,0,22.9,0,1.7782,0,True,0.1,0.100001,4.6,0.200001,0,0.0416,0.0,0,5816320,5951488,5316608,4857856,5320704,0,5316608,4837376,0,7,0.0,0,0,0,0,0,0,10000,layerkeysort_v4_trace,0
0,0,0,0,0,0,64,0.0,0,0,0,0.3683,0,0,0,distant_drag,0.0,0,0,10000,0,0.0,0,0,0,0,0,0,23.2,0,1.79,0,True,0.1,0.100001,3.900001,0.3,0,0.0412,0.0,0,5820416,5955584,5320704,4861952,5324800,0,5320704,4841472,1,7,0.0,0,0,0,0,0,0,10000,layerkeysort_v4_trace,0
0,0,0,0,0,0,64,0.0,0,0,0,0.3815,0,0,0,distant_drag,0.0,0,0,10000,0,0.0,0,0,0,0,0,0,51.7,0,1.888,0,True,0.1,0.2,4.6,0.200001,0,0.0419,0.0,0,5816320,5951488,5316608,4857856,5320704,0,5316608,4837376,2,7,0.0,0,0,0,0,0,0,10000,layerkeysort_v4_trace,0
602328,10477,1384455,0,506552,0,64,0.0,466256,0,0,0.5384,0,1,4344,distant_drag,0.0,10477,6248,10000,0,0.0,30993,4,159,18,1,1,220.3,233,2.5205,0,True,0.1,0.2,4.9,0.3,506552,0.0426,0.0,371,6164480,6295552,5386240,4952064,5386240,0,5455872,4841472,0,7,0.0,5440,0,0,0,518,475,10000,layerkeysort_v4_trace_diagnostics,0
0,0,0,0,0,0,64,0.0,0,0,0,0.4888,0,0,0,hotspot_drag,0.0,0,0,10000,0,0.0,0,0,0,0,0,0,28.7,0,1.8407,0,True,0.1,0.2,4.400001,0.3,0,0.0422,0.0,0,5820416,5955584,5316608,5320704,5320704,0,5316608,4841472,0,7,0.0,0,0,0,0,0,0,10000,layerkeysort_v4_trace,0
0,0,0,0,0,0,64,0.0,0,0,0,0.3765,0,0,0,hotspot_drag,0.0,0,0,10000,0,0.0,0,0,0,0,0,0,22.9,0,1.8076,0,True,0.1,0.2,4.6,0.3,0,0.0416,0.0,0,5816320,5951488,5312512,5316608,5316608,0,5312512,4837376,1,7,0.0,0,0,0,0,0,0,10000,layerkeysort_v4_trace,0
0,0,0,0,0,0,64,0.0,0,0,0,0.5824,0,0,0,hotspot_drag,0.0,0,0,10000,0,0.0,0,0,0,0,0,0,28.3,0,1.8427,0,True,0.1,0.2,4.7,0.200001,0,0.0421,0.0,0,5820416,5955584,5316608,5320704,5320704,0,5316608,4841472,2,7,0.0,0,0,0,0,0,0,10000,layerkeysort_v4_trace,0
672408,10597,1444897,0,506552,0,64,0.0,466256,0,0,0.6223,0,1,4344,hotspot_drag,0.0,10597,9089,10000,0,0.0,31393,4,160,21,1,1,32.0,353,2.5063,4,True,0.1,0.200001,5.299999,0.5,506552,0.0424,0.0,827,6156288,6287360,5345280,4882432,5345280,0,5345280,4833280,0,7,0.0,5440,0,0,0,851,595,10000,layerkeysort_v4_trace_diagnostics,0
0,0,0,0,0,0,64,0.0,0,0,0,0.3746,0,0,0,large_moves,0.0,0,0,10000,0,0.0,0,0,0,0,0,0,54.6,0,1.9662,0,True,0.1,0.100001,5.4,0.200001,0,0.0491,0.0,0,5820416,5947392,5312512,4853760,5316608,0,5312512,4841472,0,7,0.0,0,0,0,0,0,0,10000,layerkeysort_v4_trace,0
0,0,0,0,0,0,64,0.0,0,0,0,0.5353,0,0,0,large_moves,0.0,0,0,10000,0,0.0,0,0,0,0,0,0,25.5,0,2.0341,0,True,0.1,0.2,5.6,0.3,0,0.0485,0.0,0,5816320,5951488,5316608,4857856,5320704,0,5316608,4837376,1,7,0.0,0,0,0,0,0,0,10000,layerkeysort_v4_trace,0
0,0,0,0,0,0,64,0.0,0,0,0,0.4932,0,0,0,large_moves,0.0,0,0,10000,0,0.0,0,0,0,0,0,0,25.4,0,1.8084,0,True,0.1,0.100001,4.799999,0.200001,0,0.041,0.0,0,5820416,5955584,5320704,4861952,5324800,0,5320704,4841472,2,7,0.0,0,0,0,0,0,0,10000,layerkeysort_v4_trace,0
602328,10477,1384455,0,506552,0,64,0.0,466256,0,0,0.5375,0,1,4344,large_moves,0.0,10477,6248,10000,0,0.0,30993,4,159,18,1,1,43.7,233,2.309,0,True,0.1,0.2,5.2,0.3,506552,0.0429,0.0,371,6160384,6287360,5378048,4943872,5378048,0,5447680,4841472,0,7,0.0,5440,0,0,0,518,475,10000,layerkeysort_v4_trace_diagnostics,0
0,0,0,0,0,0,64,0.0,0,0,0,0.3606,0,0,0,delete_reinsert,0.0,0,0,10000,0,0.0,0,0,0,0,0,0,219.799999,0,2.0602,0,True,0.1,0.2,4.9,0.200001,0,0.0412,0.0,0,5816320,5951488,5287936,4866048,5292032,0,5644288,4841472,0,7,0.0,0,0,0,0,0,0,10000,layerkeysort_v4_trace,0
0,0,0,0,0,0,64,0.0,0,0,0,0.5619,0,0,0,delete_reinsert,0.0,0,0,10000,0,0.0,0,0,0,0,0,0,27.0,0,1.6824,0,True,0.1,0.100001,4.6,0.3,0,0.0492,0.0,0,5816320,5947392,5279744,4853760,5283840,0,5627904,4837376,1,7,0.0,0,0,0,0,0,0,10000,layerkeysort_v4_trace,0
0,0,0,0,0,0,64,0.0,0,0,0,0.3637,0,0,0,delete_reinsert,0.0,0,0,10000,0,0.0,0,0,0,0,0,0,22.8,0,1.6265,0,True,0.1,0.100001,4.099999,0.200001,0,0.0414,0.0,0,5779456,5947392,5279744,4853760,5283840,0,5627904,4837376,2,7,0.0,0,0,0,0,0,0,10000,layerkeysort_v4_trace,0
753568,15462,949977,0,506552,0,64,0.0,462168,0,0,0.552,0,1,4344,delete_reinsert,0.0,15462,6007,10000,0,0.0,20869,2,95,11,1,1,183.5,225,2.4498,0,True,0.1,0.2,5.3,0.3,506552,0.0429,0.0,364,6160384,6291456,5390336,4956160,5390336,0,5804032,4841472,0,7,0.0,5440,0,0,0,409,460,10000,layerkeysort_v4_trace_diagnostics,0
0,0,0,0,0,0,64,0.0,0,0,0,0.4183,194138,0,0,managed_churn,0.0,0,0,10000,0,0.0,0,0,0,0,0,0,23.6,0,2.3651,0,True,0.1,0.200001,4.7,0.3,0,0.0427,0.0,0,5820416,5951488,5296128,5296128,5296128,0,5369856,4837376,0,7,0.0,0,0,0,0,0,0,10000,layerkeysort_v4_trace,0
0,0,0,0,0,0,64,0.0,0,0,0,0.364,194138,0,0,managed_churn,0.0,0,0,10000,0,0.0,0,0,0,0,0,0,27.4,0,2.2679,0,True,0.1,0.2,4.2,0.3,0,0.0424,0.0,0,5824512,5955584,5300224,5300224,5300224,0,5373952,4841472,1,7,0.0,0,0,0,0,0,0,10000,layerkeysort_v4_trace,0
0,0,0,0,0,0,64,0.0,0,0,0,0.3583,194138,0,0,managed_churn,0.0,0,0,10000,0,0.0,0,0,0,0,0,0,43.5,0,2.3692,0,True,0.1,0.2,5.0,0.3,0,0.0427,0.0,0,5820416,5951488,5296128,5296128,5296128,0,5369856,4837376,2,7,0.0,0,0,0,0,0,0,10000,layerkeysort_v4_trace,0
720896,15407,963760,0,501912,0,64,0.0,484976,0,0,0.6406,194138,1,4376,managed_churn,0.0,15407,4701,10000,0,0.0,20534,2,65,12,1,1,332.1,130,3.9904,0,True,0.1,0.3,9.3,0.6,501912,0.0447,0.0,337,6164480,6291456,5419008,4923392,5419008,0,5554176,4845568,0,7,0.0,5472,0,0,0,130,404,10000,layerkeysort_v4_trace_diagnostics,0
0,0,0,0,0,0,64,0.0,0,0,0,3.4758,1068980,0,0,ascending,0.0,0,0,0,0,0.0,0,0,0,0,0,0,294.1,0,12.2609,0,True,0.1,0.2,5.6,0.3,0,0.0555,0.0,0,0,15327232,8937472,7335936,8937472,0,8937472,5165056,0,7,0.0,0,0,0,0,0,0,100000,layerkeysort_v4_trace,0
0,0,0,0,0,0,64,0.0,0,0,0,3.3627,1068980,0,0,ascending,0.0,0,0,0,0,0.0,0,0,0,0,0,0,52.900001,0,9.5536,0,True,0.1,0.100001,5.6,0.3,0,0.0551,0.0,0,0,15327232,8937472,7335936,8937472,0,8937472,5165056,1,7,0.0,0,0,0,0,0,0,100000,layerkeysort_v4_trace,0
0,0,0,0,0,0,64,0.0,0,0,0,3.3661,1068980,0,0,ascending,0.0,0,0,0,0,0.0,0,0,0,0,0,0,68.8,0,9.3967,0,True,0.1,0.100001,4.8,0.3,0,0.0554,0.0,0,0,15327232,8937472,7335936,8937472,0,8937472,5165056,2,7,0.0,0,0,0,0,0,0,100000,layerkeysort_v4_trace,0
5028792,103126,4948912,0,0,0,64,0.0,5028792,0,0,5.5071,1068980,1,4376,ascending,0.0,103126,38068,0,0,0.0,103123,2,65,14,0,1,237.9,0,13.4837,0,True,0.1,0.200001,3.9,0.399999,5028792,0.0585,0.0,3112,0,18776064,8732672,7131136,8732672,0,8732672,5169152,0,7,0.0,5472,0,0,0,0,3123,100000,layerkeysort_v4_trace_diagnostics,0
0,0,0,0,0,0,64,0.0,0,0,0,3.7636,1617901,0,0,descending,0.0,0,0,0,0,0.0,0,0,0,0,0,0,112.4,0,16.935,0,True,0.1,0.200001,7.099999,0.4,0,0.0565,0.0,0,0,15323136,8904704,7303168,8904704,0,9117696,5160960,0,7,0.0,0,0,0,0,0,0,100000,layerkeysort_v4_trace,0
0,0,0,0,0,0,64,0.0,0,0,0,3.854,1617901,0,0,descending,0.0,0,0,0,0,0.0,0,0,0,0,0,0,89.4,0,17.5303,0,True,0.1,0.200001,8.9,0.5,0,0.0732,0.0,0,0,15327232,8908800,7307264,8908800,0,9121792,5165056,1,7,0.0,0,0,0,0,0,0,100000,layerkeysort_v4_trace,0
0,0,0,0,0,0,64,0.0,0,0,0,3.9984,1617901,0,0,descending,0.0,0,0,0,0,0.0,0,0,0,0,0,0,139.700001,0,17.709,0,True,0.1,0.3,7.2,0.5,0,0.057,0.0,0,0,15331328,8912896,7311360,8912896,0,9125888,5169152,2,7,0.0,0,0,0,0,0,0,100000,layerkeysort_v4_trace,0
4973896,103032,4898839,0,0,0,64,0.0,4973896,0,0,6.3451,1617901,1,4376,descending,0.0,103032,36799,0,0,0.0,103029,2,65,14,0,1,190.7,0,21.3953,0,True,0.2,0.3,8.3,0.6,4973896,0.0575,0.0,4532,0,18776064,9289728,7688192,9289728,0,9424896,5169152,0,7,0.0,5472,0,0,0,0,3029,100000,layerkeysort_v4_trace_diagnostics,0
0,0,0,0,0,0,64,0.0,0,0,0,6.0226,1536952,0,0,random,0.0,0,0,0,0,0.0,0,0,0,0,0,0,201.8,0,39.6811,0,True,0.3,0.6,13.899999,1.1,0,0.0618,0.0,0,0,14798848,8994816,7393280,8994816,0,10231808,5169152,0,7,0.0,0,0,0,0,0,0,100000,layerkeysort_v4_trace,0
0,0,0,0,0,0,64,0.0,0,0,0,5.1895,1536952,0,0,random,0.0,0,0,0,0,0.0,0,0,0,0,0,0,4278.300001,0,44.9026,0,True,0.3,0.7,11.5,1.5,0,0.0633,0.0,0,0,14798848,8994816,7393280,8994816,0,10231808,5169152,1,7,0.0,0,0,0,0,0,0,100000,layerkeysort_v4_trace,0
0,0,0,0,0,0,64,0.0,0,0,0,5.8217,1536952,0,0,random,0.0,0,0,0,0,0.0,0,0,0,0,0,0,203.099999,0,37.4285,0,True,0.3,0.6,9.3,1.0,0,0.0643,0.0,0,0,14794752,8990720,7389184,8990720,0,10227712,5165056,2,7,0.0,0,0,0,0,0,0,100000,layerkeysort_v4_trace,0
4511368,102240,4734889,0,0,0,64,0.0,4511368,0,0,7.7337,1536952,1,4376,random,0.0,102240,22935,0,0,0.0,102237,2,65,14,0,1,1264.6,0,47.5073,0,True,0.399999,0.700001,12.9,1.400001,4511368,0.0639,0.0,38,0,18243584,9023488,7421952,9023488,0,10956800,5169152,0,7,0.0,5472,0,0,0,0,2237,100000,layerkeysort_v4_trace_diagnostics,0
0,0,0,0,0,0,64,0.0,0,0,0,3.7129,1068980,0,0,equal,0.0,0,0,0,0,0.0,0,0,0,0,0,0,119.1,0,9.7137,0,True,0.1,0.100001,5.999999,0.3,0,0.061,0.0,0,0,15331328,8941568,7340032,8941568,0,8941568,5169152,0,7,0.0,0,0,0,0,0,0,100000,layerkeysort_v4_trace,0
0,0,0,0,0,0,64,0.0,0,0,0,3.988,1068980,0,0,equal,0.0,0,0,0,0,0.0,0,0,0,0,0,0,57.1,0,9.5193,0,True,0.1,0.100001,4.5,0.3,0,0.0554,0.0,0,0,15331328,8941568,7340032,8941568,0,8941568,5169152,1,7,0.0,0,0,0,0,0,0,100000,layerkeysort_v4_trace,0
0,0,0,0,0,0,64,0.0,0,0,0,7.0005,1068980,0,0,equal,0.0,0,0,0,0,0.0,0,0,0,0,0,0,166.0,0,13.7171,0,True,0.1,0.200001,7.000001,0.499999,0,0.0832,0.0,0,0,15327232,8937472,7335936,8937472,0,8937472,5165056,2,7,0.0,0,0,0,0,0,0,100000,layerkeysort_v4_trace,0
5028792,103126,4948912,0,0,0,64,0.0,5028792,0,0,5.5606,1068980,1,4376,equal,0.0,103126,38068,0,0,0.0,103123,2,65,14,0,1,59.800001,0,13.6142,0,True,0.1,0.200001,5.7,0.3,5028792,0.058,0.0,3112,0,18780160,8736768,7135232,8736768,0,8736768,5173248,0,7,0.0,5472,0,0,0,0,3123,100000,layerkeysort_v4_trace_diagnostics,0
0,0,0,0,0,0,64,0.0,0,0,0,4.148,1604004,0,0,duplicates,0.0,0,0,0,0,0.0,0,0,0,0,0,0,105.2,0,16.969,0,True,0.1,0.3,7.000001,0.4,0,0.0615,0.0,0,0,15323136,9113600,7512064,9113600,0,9113600,5160960,0,7,0.0,0,0,0,0,0,0,100000,layerkeysort_v4_trace,0
0,0,0,0,0,0,64,0.0,0,0,0,4.4087,1604004,0,0,duplicates,0.0,0,0,0,0,0.0,0,0,0,0,0,0,97.7,0,17.9057,0,True,0.1,0.3,8.0,0.5,0,0.0595,0.0,0,0,15327232,9117696,7516160,9117696,0,9117696,5165056,1,7,0.0,0,0,0,0,0,0,100000,layerkeysort_v4_trace,0
0,0,0,0,0,0,64,0.0,0,0,0,3.9633,1604004,0,0,duplicates,0.0,0,0,0,0,0.0,0,0,0,0,0,0,107.1,0,17.5448,0,True,0.1,0.3,9.400001,0.5,0,0.0602,0.0,0,0,15323136,9113600,7512064,9113600,0,9113600,5160960,2,7,0.0,0,0,0,0,0,0,100000,layerkeysort_v4_trace,0
5026456,103122,4947218,0,0,0,64,0.0,5026456,0,0,6.5334,1604004,1,4376,duplicates,0.0,103122,37971,0,0,0.0,103119,2,65,15,0,1,155.299999,0,22.5489,0,True,0.2,0.3,7.2,0.7,5026456,0.062,0.0,2980,0,18780160,8728576,7127040,8728576,0,8728576,5173248,0,7,0.0,5472,0,0,0,0,3119,100000,layerkeysort_v4_trace_diagnostics,0
0,0,0,0,0,0,64,0.0,0,0,0,3.5149,1796199,0,0,alternating,0.0,0,0,0,0,0.0,0,0,0,0,0,0,216.7,0,17.0213,0,True,0.1,0.200001,5.800001,0.4,0,0.0661,0.0,0,0,15323136,8970240,7368704,8970240,0,8970240,5160960,0,7,0.0,0,0,0,0,0,0,100000,layerkeysort_v4_trace,0
0,0,0,0,0,0,64,0.0,0,0,0,3.7775,1796199,0,0,alternating,0.0,0,0,0,0,0.0,0,0,0,0,0,0,77.7,0,15.4794,0,True,0.1,0.200001,4.2,0.3,0,0.0589,0.0,0,0,15327232,8974336,7372800,8974336,0,8974336,5165056,1,7,0.0,0,0,0,0,0,0,100000,layerkeysort_v4_trace,0
0,0,0,0,0,0,64,0.0,0,0,0,3.7805,1796199,0,0,alternating,0.0,0,0,0,0,0.0,0,0,0,0,0,0,100.599999,0,17.5945,0,True,0.100001,0.200001,5.8,0.4,0,0.0593,0.0,0,0,15331328,8978432,7376896,8978432,0,8978432,5169152,2,7,0.0,0,0,0,0,0,0,100000,layerkeysort_v4_trace,0
5001344,103079,4923831,0,0,0,64,0.0,5001344,0,0,5.7423,1796199,1,4376,alternating,0.0,103079,42883,0,0,0.0,103076,2,65,16,0,1,138.8,0,20.5758,0,True,0.2,0.3,5.100001,0.5,5001344,0.0586,0.0,4978,0,18776064,8732672,7131136,8732672,0,8732672,5169152,0,7,0.0,5472,0,0,0,0,3076,100000,layerkeysort_v4_trace_diagnostics,0
0,0,0,0,0,0,64,0.0,0,0,0,4.0527,0,0,0,hotspot,0.0,0,0,0,0,0.0,0,0,0,0,0,0,41.7,0,10.3475,0,True,0.1,0.100001,4.4,0.3,0,0.0603,0.0,0,0,15323136,8966144,7368704,8970240,0,8966144,5165056,0,7,0.0,0,0,0,0,0,0,100000,layerkeysort_v4_trace,0
0,0,0,0,0,0,64,0.0,0,0,0,3.6768,0,0,0,hotspot,0.0,0,0,0,0,0.0,0,0,0,0,0,0,77.1,0,11.5074,0,True,0.1,0.2,4.899999,0.3,0,0.0644,0.0,0,0,15327232,8970240,7372800,8974336,0,8970240,5169152,1,7,0.0,0,0,0,0,0,0,100000,layerkeysort_v4_trace,0
0,0,0,0,0,0,64,0.0,0,0,0,3.3704,0,0,0,hotspot,0.0,0,0,0,0,0.0,0,0,0,0,0,0,110.5,0,11.2861,0,True,0.1,0.2,4.699999,0.3,0,0.0597,0.0,0,0,15327232,8970240,7372800,8974336,0,8970240,5169152,2,7,0.0,0,0,0,0,0,0,100000,layerkeysort_v4_trace,0
5001312,103078,4923831,0,0,0,64,0.0,5001312,0,0,6.538,0,1,4344,hotspot,0.0,103078,42870,0,0,0.0,103076,2,65,16,0,1,100.8,0,14.6944,0,True,0.1,0.200001,5.5,0.4,5001312,0.0593,0.0,4976,0,18776064,8732672,7131136,8732672,0,8732672,5169152,0,7,0.0,5440,0,0,0,0,3076,100000,layerkeysort_v4_trace_diagnostics,0
0,0,0,0,0,0,64,0.0,0,0,0,8.1079,0,0,0,timeline,0.0,0,0,100000,0,0.0,0,0,0,0,0,0,203.2,0,42.5398,0,True,0.1,0.7,8.8,1.4,0,0.0664,0.0,0,15364096,21540864,12214272,6529024,12218368,0,12800000,4358144,0,7,0.0,0,0,0,0,0,0,100000,layerkeysort_v4_trace,0
0,0,0,0,0,0,64,0.0,0,0,0,7.4248,0,0,0,timeline,0.0,0,0,100000,0,0.0,0,0,0,0,0,0,92.499999,0,33.5315,0,True,0.1,0.4,5.3,1.0,0,0.0617,0.0,0,15314944,21536768,12210176,6524928,12214272,0,12795904,4354048,1,7,0.0,0,0,0,0,0,0,100000,layerkeysort_v4_trace,0
0,0,0,0,0,0,64,0.0,0,0,0,8.311,0,0,0,timeline,0.0,0,0,100000,0,0.0,0,0,0,0,0,0,136.7,0,32.7259,0,True,0.1,0.399999,6.300001,0.9,0,0.0634,0.0,0,15429632,21614592,12288000,6529024,12292096,0,12873728,4358144,2,7,0.0,0,0,0,0,0,0,100000,layerkeysort_v4_trace,0
8032896,183877,9304265,0,5028760,0,64,0.0,7032864,0,0,14.1218,0,1,4344,timeline,0.0,183877,55152,100000,0,0.0,204858,2,95,15,1,1,626.3,616,61.3316,0,True,0.2,0.8,4.7,1.7,7032896,0.0913,0.0,3460,18886656,26808320,12197888,6516736,12197888,0,13164544,4362240,0,7,0.0,5440,0,0,0,974,3884,100000,layerkeysort_v4_trace_diagnostics,0
0,0,0,0,0,0,64,0.0,0,0,0,6.1458,1536952,0,0,priority,0.0,0,0,0,0,0.0,0,0,0,0,0,0,127.8,0,38.5604,0,True,0.3,0.6,7.600001,1.0,0,0.0669,0.0,0,0,14794752,8990720,7389184,8990720,0,10227712,5165056,0,7,0.0,0,0,0,0,0,0,100000,layerkeysort_v4_trace,0
0,0,0,0,0,0,64,0.0,0,0,0,5.3981,1536952,0,0,priority,0.0,0,0,0,0,0.0,0,0,0,0,0,0,162.0,0,37.5853,0,True,0.3,0.6,11.6,0.999999,0,0.0653,0.0,0,0,14794752,8990720,7389184,8990720,0,10227712,5165056,1,7,0.0,0,0,0,0,0,0,100000,layerkeysort_v4_trace,0
0,0,0,0,0,0,64,0.0,0,0,0,6.4443,1536952,0,0,priority,0.0,0,0,0,0,0.0,0,0,0,0,0,0,172.3,0,38.2043,0,True,0.3,0.6,11.0,0.9,0,0.0671,0.0,0,0,14794752,8990720,7389184,8990720,0,10227712,5165056,2,7,0.0,0,0,0,0,0,0,100000,layerkeysort_v4_trace,0
4511368,102240,4734889,0,0,0,64,0.0,4511368,0,0,7.9329,1536952,1,4376,priority,0.0,102240,22935,0,0,0.0,102237,2,65,14,0,1,324.3,0,47.4409,0,True,0.4,0.7,12.2,1.3,4511368,0.0673,0.0,38,0,18239488,9019392,7417856,9019392,0,10952704,5165056,0,7,0.0,5472,0,0,0,0,2237,100000,layerkeysort_v4_trace_diagnostics,0
0,0,0,0,0,0,64,0.0,0,0,0,5.6494,0,0,0,local,0.0,0,0,100000,0,0.0,0,0,0,0,0,0,154.400001,0,20.3983,0,True,0.1,0.200001,2.1,0.4,0,0.0609,0.0,0,15376384,21753856,11923456,6291456,11927552,0,11923456,4358144,0,7,0.0,0,0,0,0,0,0,100000,layerkeysort_v4_trace,0
0,0,0,0,0,0,64,0.0,0,0,0,7.189,0,0,0,local,0.0,0,0,100000,0,0.0,0,0,0,0,0,0,79.4,0,20.6219,0,True,0.1,0.200001,2.1,0.4,0,0.0781,0.0,0,15302656,21839872,12009472,6283264,12013568,0,12009472,4349952,1,7,0.0,0,0,0,0,0,0,100000,layerkeysort_v4_trace,0
0,0,0,0,0,0,64,0.0,0,0,0,5.7776,0,0,0,local,0.0,0,0,100000,0,0.0,0,0,0,0,0,0,141.0,0,20.0549,0,True,0.1,0.200001,2.3,0.399999,0,0.0611,0.0,0,15400960,21733376,11902976,6291456,11907072,0,11902976,4358144,2,7,0.0,0,0,0,0,0,0,100000,layerkeysort_v4_trace,0
9047304,185614,9976544,0,5028760,0,64,0.0,7224416,0,0,10.2921,0,1,4344,local,0.0,185614,98943,100000,0,0.0,209023,2,95,15,1,1,180.8,2025,35.0515,0,True,0.1,0.399999,4.1,0.9,7224448,0.0811,0.0,5601,18796544,27107328,12369920,6651904,12369920,0,12369920,4358144,0,7,0.0,5440,0,0,0,3402,5621,100000,layerkeysort_v4_trace_diagnostics,0
0,0,0,0,0,0,64,0.0,0,0,0,4.4581,0,0,0,churn,0.0,0,0,100000,0,0.0,0,0,0,0,0,0,149.099999,0,24.944,0,True,0.1,0.3,1.7,0.5,0,0.0696,0.0,0,15351808,17375232,10969088,6512640,10973184,0,11481088,4354048,0,7,0.0,0,0,0,0,0,0,100000,layerkeysort_v4_trace,0
0,0,0,0,0,0,64,0.0,0,0,0,4.7584,0,0,0,churn,0.0,0,0,100000,0,0.0,0,0,0,0,0,0,206.799999,0,25.4397,0,True,0.1,0.3,2.000001,0.5,0,0.0649,0.0,0,15368192,17469440,11063296,6512640,11067392,0,11575296,4354048,1,7,0.0,0,0,0,0,0,0,100000,layerkeysort_v4_trace,0
0,0,0,0,0,0,64,0.0,0,0,0,4.3998,0,0,0,churn,0.0,0,0,100000,0,0.0,0,0,0,0,0,0,43.9,0,24.4321,0,True,0.1,0.200001,1.6,0.4,0,0.0654,0.0,0,15347712,17416192,11010048,6516736,11014144,0,11522048,4358144,2,7,0.0,0,0,0,0,0,0,100000,layerkeysort_v4_trace,0
7397304,154441,9490834,0,5028760,0,64,0.0,4603024,0,0,6.4174,0,1,4344,churn,0.0,154441,78952,100000,0,0.0,208433,2,95,16,1,1,160.4,2045,31.9213,0,True,0.1,0.3,1.8,0.5,5028760,0.0647,0.0,3673,18796544,20910080,11280384,6758400,11280384,0,12107776,4358144,0,7,0.0,5440,0,0,0,3994,4439,100000,layerkeysort_v4_trace_diagnostics,0
0,0,0,0,0,0,64,0.0,0,0,0,7.4633,0,0,0,large_timeline,0.0,0,0,100000,0,0.0,0,0,0,0,0,0,64.6,0,29.1919,0,True,0.1,0.3,2.5,0.7,0,0.065,0.0,0,15335424,21512192,12185600,6529024,12189696,0,12771328,4358144,0,7,0.0,0,0,0,0,0,0,100000,layerkeysort_v4_trace,0
0,0,0,0,0,0,64,0.0,0,0,0,8.503,0,0,0,large_timeline,0.0,0,0,100000,0,0.0,0,0,0,0,0,0,115.3,0,27.5138,0,True,0.1,0.3,2.2,0.6,0,0.0623,0.0,0,15364096,21540864,12214272,6529024,12218368,0,12800000,4358144,1,7,0.0,0,0,0,0,0,0,100000,layerkeysort_v4_trace,0
0,0,0,0,0,0,64,0.0,0,0,0,7.2883,0,0,0,large_timeline,0.0,0,0,100000,0,0.0,0,0,0,0,0,0,83.9,0,28.9117,0,True,0.1,0.3,2.899999,0.8,0,0.0636,0.0,0,15314944,21549056,12222464,6524928,12226560,0,12808192,4354048,2,7,0.0,0,0,0,0,0,0,100000,layerkeysort_v4_trace,0
8032896,183877,9304265,0,5028760,0,64,0.0,7032864,0,0,11.8704,0,1,4344,large_timeline,0.0,183877,55152,100000,0,0.0,204858,2,95,15,1,1,127.1,616,40.021,0,True,0.100001,0.4,2.7,0.800001,7032896,0.0692,0.0,3460,18853888,26836992,12226560,6512640,12226560,0,13197312,4358144,0,7,0.0,5440,0,0,0,974,3884,100000,layerkeysort_v4_trace_diagnostics,0
0,0,0,0,0,0,64,0.0,0,0,0,3.5444,0,0,0,local_drag,0.0,0,0,100000,0,0.0,0,0,0,0,0,0,65.5,0,14.212,0,True,0.0,0.2,1.5,0.399999,0,0.0631,0.0,0,15384576,16224256,9814016,6516736,9818112,0,9998336,4358144,0,7,0.0,0,0,0,0,0,0,100000,layerkeysort_v4_trace,0
0,0,0,0,0,0,64,0.0,0,0,0,3.5763,0,0,0,local_drag,0.0,0,0,100000,0,0.0,0,0,0,0,0,0,149.199999,0,14.3196,0,True,0.0,0.2,1.300001,0.399999,0,0.0628,0.0,0,15388672,16252928,9842688,6512640,9846784,0,10027008,4354048,1,7,0.0,0,0,0,0,0,0,100000,layerkeysort_v4_trace,0
0,0,0,0,0,0,64,0.0,0,0,0,3.4282,0,0,0,local_drag,0.0,0,0,100000,0,0.0,0,0,0,0,0,0,69.7,0,14.9317,0,True,0.1,0.2,1.8,0.4,0,0.0613,0.0,0,15409152,16281600,9871360,6508544,9875456,0,10055680,4349952,2,7,0.0,0,0,0,0,0,0,100000,layerkeysort_v4_trace,0
5523408,103972,6230930,0,5028760,0,64,0.0,4582584,0,0,5.7238,0,1,4344,local_drag,0.0,103972,64199,100000,0,0.0,208826,4,159,15,1,1,46.499999,1611,17.8213,7143,True,0.1,0.2,1.3,0.4,5028760,0.0618,0.0,3510,18804736,19640320,10006528,6750208,10006528,0,10354688,4349952,0,7,0.0,5440,0,0,0,2709,3970,100000,layerkeysort_v4_trace_diagnostics,0
0,0,0,0,0,0,64,0.0,0,0,0,4.6201,0,0,0,front_back,0.0,0,0,100000,0,0.0,0,0,0,0,0,0,58.3,0,24.3979,0,True,0.1,0.3,2.3,0.7,0,0.0662,0.0,0,15413248,16244736,9830400,6504448,9834496,0,11059200,4349952,0,7,0.0,0,0,0,0,0,0,100000,layerkeysort_v4_trace,0
0,0,0,0,0,0,64,0.0,0,0,0,4.9542,0,0,0,front_back,0.0,0,0,100000,0,0.0,0,0,0,0,0,0,80.9,0,21.9662,0,True,0.1,0.200001,1.7,0.499999,0,0.0659,0.0,0,15339520,16224256,9809920,6508544,9814016,0,11038720,4354048,1,7,0.0,0,0,0,0,0,0,100000,layerkeysort_v4_trace,0
0,0,0,0,0,0,64,0.0,0,0,0,5.1676,0,0,0,front_back,0.0,0,0,100000,0,0.0,0,0,0,0,0,0,272.6,0,30.7695,0,True,0.1,0.4,3.300001,1.1,0,0.0657,0.0,0,15413248,16252928,9838592,6508544,9842688,0,11067392,4354048,2,7,0.0,0,0,0,0,0,0,100000,layerkeysort_v4_trace,0
6822808,106197,14569930,0,5028760,0,64,0.0,4594848,0,0,7.586,0,1,4344,front_back,0.0,106197,128283,100000,0,0.0,314642,4,160,29,1,1,104.9,3815,34.0561,2,True,0.1,0.4,3.6,0.800001,5028760,0.0737,0.0,7098,18788352,19660800,10022912,6750208,10022912,0,11694080,4358144,0,7,0.0,5440,0,0,0,8506,6195,100000,layerkeysort_v4_trace_diagnostics,0
0,0,0,0,0,0,64,0.0,0,0,0,4.3785,0,0,0,distant_drag,0.0,0,0,100000,0,0.0,0,0,0,0,0,0,152.8,0,29.0526,0,True,0.1,0.3,3.2,0.7,0,0.0628,0.0,0,15384576,16236544,9826304,6512640,9830400,0,9986048,4354048,0,7,0.0,0,0,0,0,0,0,100000,layerkeysort_v4_trace,0
0,0,0,0,0,0,64,0.0,0,0,0,4.1954,0,0,0,distant_drag,0.0,0,0,100000,0,0.0,0,0,0,0,0,0,126.4,0,29.0873,0,True,0.1,0.3,5.299999,0.999999,0,0.077,0.0,0,15331328,16195584,9785344,6512640,9789440,0,9945088,4354048,1,7,0.0,0,0,0,0,0,0,100000,layerkeysort_v4_trace,0
0,0,0,0,0,0,64,0.0,0,0,0,4.382,0,0,0,distant_drag,0.0,0,0,100000,0,0.0,0,0,0,0,0,0,47.699999,0,26.6302,0,True,0.1,0.3,3.1,0.7,0,0.064,0.0,0,15327232,16162816,9752576,6512640,9756672,0,9912320,4354048,2,7,0.0,0,0,0,0,0,0,100000,layerkeysort_v4_trace,0
6067696,104904,13911723,0,5028760,0,64,0.0,4591928,0,0,6.4665,0,1,4344,distant_drag,0.0,104904,90178,100000,0,0.0,310312,4,160,27,1,1,210.0,2527,36.915,0,True,0.1,0.4,4.6,0.9,5028760,0.0617,0.0,3898,18866176,19726336,10092544,6758400,10092544,0,10387456,4358144,0,7,0.0,5440,0,0,0,5410,4902,100000,layerkeysort_v4_trace_diagnostics,0
0,0,0,0,0,0,64,0.0,0,0,0,5.2339,0,0,0,hotspot_drag,0.0,0,0,100000,0,0.0,0,0,0,0,0,0,106.2,0,27.9652,0,True,0.1,0.399999,3.0,0.9,0,0.065,0.0,0,15417344,16257024,9920512,6590464,9924608,0,9920512,4358144,0,7,0.0,0,0,0,0,0,0,100000,layerkeysort_v4_trace,0
0,0,0,0,0,0,64,0.0,0,0,0,5.9342,0,0,0,hotspot_drag,0.0,0,0,100000,0,0.0,0,0,0,0,0,0,220.6,0,24.4623,0,True,0.1,0.3,2.1,0.5,0,0.0715,0.0,0,15351808,16224256,9887744,6586368,9891840,0,9887744,4354048,1,7,0.0,0,0,0,0,0,0,100000,layerkeysort_v4_trace,0
0,0,0,0,0,0,64,0.0,0,0,0,7.4104,0,0,0,hotspot_drag,0.0,0,0,100000,0,0.0,0,0,0,0,0,0,202.8,0,26.4927,0,True,0.1,0.3,3.200001,0.6,0,0.0842,0.0,0,15351808,16228352,9891840,6582272,9895936,0,9891840,4349952,2,7,0.0,0,0,0,0,0,0,100000,layerkeysort_v4_trace,0
6731120,106040,14495976,0,5028760,0,64,0.0,4604776,0,0,7.3086,0,1,4344,hotspot_drag,0.0,106040,126784,100000,0,0.0,314630,4,160,28,1,1,158.3,3641,32.6404,3,True,0.1,0.399999,2.9,0.8,5028760,0.0637,0.0,8616,18817024,19652608,9486336,6221824,9486336,0,9486336,4354048,0,7,0.0,5440,0,0,0,8645,6038,100000,layerkeysort_v4_trace_diagnostics,0
0,0,0,0,0,0,64,0.0,0,0,0,4.2603,0,0,0,large_moves,0.0,0,0,100000,0,0.0,0,0,0,0,0,0,100.7,0,29.4266,0,True,0.1,0.3,4.4,1.099999,0,0.0626,0.0,0,15298560,16187392,9777152,6516736,9781248,0,9936896,4358144,0,7,0.0,0,0,0,0,0,0,100000,layerkeysort_v4_trace,0
0,0,0,0,0,0,64,0.0,0,0,0,4.2954,0,0,0,large_moves,0.0,0,0,100000,0,0.0,0,0,0,0,0,0,104.3,0,25.8341,0,True,0.1,0.3,3.0,0.6,0,0.0627,0.0,0,15392768,16236544,9826304,6516736,9830400,0,9986048,4358144,1,7,0.0,0,0,0,0,0,0,100000,layerkeysort_v4_trace,0
0,0,0,0,0,0,64,0.0,0,0,0,4.2034,0,0,0,large_moves,0.0,0,0,100000,0,0.0,0,0,0,0,0,0,102.200001,0,26.3708,0,True,0.1,0.3,3.5,0.6,0,0.0635,0.0,0,15396864,16273408,9863168,6516736,9867264,0,10022912,4358144,2,7,0.0,0,0,0,0,0,0,100000,layerkeysort_v4_trace,0
6067696,104904,13911723,0,5028760,0,64,0.0,4591928,0,0,6.3973,0,1,4344,large_moves,0.0,104904,90178,100000,0,0.0,310312,4,160,27,1,1,189.4,2527,39.4292,0,True,0.1,0.499999,4.2,1.1,5028760,0.0641,0.0,3898,18837504,19689472,10055680,6754304,10055680,0,10350592,4358144,0,7,0.0,5440,0,0,0,5410,4902,100000,layerkeysort_v4_trace_diagnostics,0
0,0,0,0,0,0,64,0.0,0,0,0,4.7186,0,0,0,delete_reinsert,0.0,0,0,100000,0,0.0,0,0,0,0,0,0,221.5,0,25.6346,0,True,0.1,0.200001,2.6,0.6,0,0.0613,0.0,0,15400960,16236544,9830400,6508544,9834496,0,10342400,4349952,0,7,0.0,0,0,0,0,0,0,100000,layerkeysort_v4_trace,0
0,0,0,0,0,0,64,0.0,0,0,0,4.7247,0,0,0,delete_reinsert,0.0,0,0,100000,0,0.0,0,0,0,0,0,0,72.1,0,23.3204,0,True,0.1,0.200001,2.000001,0.4,0,0.0622,0.0,0,15331328,16199680,9793536,6512640,9797632,0,10305536,4354048,1,7,0.0,0,0,0,0,0,0,100000,layerkeysort_v4_trace,0
0,0,0,0,0,0,64,0.0,0,0,0,4.7695,0,0,0,delete_reinsert,0.0,0,0,100000,0,0.0,0,0,0,0,0,0,1773.0,0,37.8451,0,True,0.1,0.5,3.900001,1.400001,0,0.0626,0.0,0,15360000,16211968,9805824,6512640,9809920,0,10317824,4354048,2,7,0.0,0,0,0,0,0,0,100000,layerkeysort_v4_trace,0
7397304,154441,9490834,0,5028760,0,64,0.0,4603024,0,0,7.0814,0,1,4344,delete_reinsert,0.0,154441,78952,100000,0,0.0,208433,2,95,16,1,1,169.3,2045,33.8287,0,True,0.1,0.3,3.1,0.800001,5028760,0.064,0.0,3673,18771968,19652608,10022912,6762496,10022912,0,10854400,4362240,0,7,0.0,5440,0,0,0,3994,4439,100000,layerkeysort_v4_trace_diagnostics,0
0,0,0,0,0,0,64,0.0,0,0,0,4.4042,2483854,0,0,managed_churn,0.0,0,0,100000,0,0.0,0,0,0,0,0,0,78.599999,0,37.506,0,True,0.100001,0.3,3.0,0.5,0,0.0617,0.0,0,15314944,17432576,10993664,6483968,10993664,0,11141120,4349952,0,7,0.0,0,0,0,0,0,0,100000,layerkeysort_v4_trace,0
0,0,0,0,0,0,64,0.0,0,0,0,4.3593,2483854,0,0,managed_churn,0.0,0,0,100000,0,0.0,0,0,0,0,0,0,230.3,0,39.1657,0,True,0.100001,0.3,3.8,0.6,0,0.0615,0.0,0,15409152,17424384,10985472,6488064,10985472,0,11132928,4354048,1,7,0.0,0,0,0,0,0,0,100000,layerkeysort_v4_trace,0
0,0,0,0,0,0,64,0.0,0,0,0,4.0493,2483854,0,0,managed_churn,0.0,0,0,100000,0,0.0,0,0,0,0,0,0,262.899999,0,40.0753,0,True,0.100001,0.3,4.7,0.6,0,0.0632,0.0,0,15331328,17383424,10944512,6488064,10944512,0,11091968,4354048,2,7,0.0,0,0,0,0,0,0,100000,layerkeysort_v4_trace,0
7234400,154163,9682918,0,5026456,0,64,0.0,4881040,0,0,7.5941,2483854,1,4376,managed_churn,0.0,154163,67814,100000,0,0.0,205450,2,65,17,1,1,240.1,1290,49.9087,0,True,0.2,0.4,5.4,0.800001,5026456,0.0622,0.0,4287,18829312,20869120,10981376,6500352,10981376,0,10981376,4362240,0,7,0.0,5472,0,0,0,1290,4160,100000,layerkeysort_v4_trace_diagnostics,0
0,0,0,0,0,0,64,0.0,0,0,0,48.5087,0,0,0,endpoint,0.0,0,0,0,0,0.0,0,0,0,0,0,0,115.5,0,107.0272,0,True,0.1,0.2,5.3,0.399999,0,0.0744,0.0,0,0,111550464,44929024,12922880,44933120,0,44929024,4354048,0,19,0.0,0,0,0,0,0,0,1000000,layerkeysort_v4_trace,0
0,0,0,0,0,0,64,0.0,0,0,0,55.7863,0,0,0,endpoint,0.0,0,0,0,0,0.0,0,0,0,0,0,0,232.9,0,109.384,0,True,0.1,0.2,5.7,0.399999,0,0.113,0.0,0,0,111554560,44933120,12926976,44937216,0,44933120,4358144,1,19,0.0,0,0,0,0,0,0,1000000,layerkeysort_v4_trace,0
0,0,0,0,0,0,64,0.0,0,0,0,70.1137,0,0,0,endpoint,0.0,0,0,0,0,0.0,0,0,0,0,0,0,430.9,0,107.3322,0,True,0.1,0.2,5.399999,0.399999,0,0.1242,0.0,0,0,111550464,44929024,12922880,44933120,0,44929024,4354048,2,19,0.0,0,0,0,0,0,0,1000000,layerkeysort_v4_trace,0
50253760,1031250,49498912,0,0,0,64,0.0,50253760,0,0,96.3653,0,1,4344,endpoint,0.0,1031250,482827,0,0,0.0,1031248,2,65,17,0,1,1571.4,0,186.8377,0,True,0.1,0.3,7.500001,0.8,50253760,0.1317,0.0,31234,0,144609280,44871680,12861440,44871680,0,44892160,4362240,0,19,0.0,5440,0,0,0,0,31248,1000000,layerkeysort_v4_trace_diagnostics,0
0,0,0,0,0,0,64,0.0,0,0,0,50.5493,13951473,0,0,equal,0.0,0,0,0,0,0.0,0,0,0,0,0,0,807.9,0,138.3466,0,True,0.1,0.200001,8.0,0.4,0,0.1589,0.0,0,0,111558656,44941312,12931072,44941312,0,44941312,4358144,0,19,0.0,0,0,0,0,0,0,1000000,layerkeysort_v4_trace,0
0,0,0,0,0,0,64,0.0,0,0,0,46.2147,13951473,0,0,equal,0.0,0,0,0,0,0.0,0,0,0,0,0,0,298.7,0,136.3022,0,True,0.1,0.200001,7.8,0.4,0,0.0664,0.0,0,0,111550464,44933120,12922880,44933120,0,44933120,4349952,1,19,0.0,0,0,0,0,0,0,1000000,layerkeysort_v4_trace,0
0,0,0,0,0,0,64,0.0,0,0,0,46.193,13951473,0,0,equal,0.0,0,0,0,0,0.0,0,0,0,0,0,0,923.5,0,134.3114,0,True,0.1,0.200001,7.7,0.4,0,0.0929,0.0,0,0,111554560,44937216,12926976,44937216,0,44937216,4354048,2,19,0.0,0,0,0,0,0,0,1000000,layerkeysort_v4_trace,0
50253792,1031251,49498912,0,0,0,64,0.0,50253792,0,0,77.3695,13951473,1,4376,equal,0.0,1031251,482827,0,0,0.0,1031248,2,65,17,0,1,410.9,0,182.237,0,True,0.1,0.3,7.799999,0.5,50253792,0.1572,0.0,31234,0,144605184,44867584,12857344,44867584,0,44888064,4358144,0,19,0.0,5472,0,0,0,0,31248,1000000,layerkeysort_v4_trace_diagnostics,0
0,0,0,0,0,0,64,0.0,0,0,0,0.637,0,0,0,long_churn,0.0,0,0,10000,0,0.0,0,0,0,0,0,0,187.8,0,119.7681,0,True,0.1,0.200001,1.4,0.399999,0,0.0461,0.0,0,5603328,26419200,25214976,12697600,25219072,0,26005504,4354048,0,19,0.0,0,0,0,0,0,0,1000000,layerkeysort_v4_trace,0
0,0,0,0,0,0,64,0.0,0,0,0,0.7361,0,0,0,long_churn,0.0,0,0,10000,0,0.0,0,0,0,0,0,0,216.3,0,112.5353,0,True,0.1,0.200001,1.3,0.3,0,0.0451,0.0,0,5554176,26374144,25169920,12697600,25174016,0,25960448,4354048,1,19,0.0,0,0,0,0,0,0,1000000,layerkeysort_v4_trace,0
0,0,0,0,0,0,64,0.0,0,0,0,0.6492,0,0,0,long_churn,0.0,0,0,10000,0,0.0,0,0,0,0,0,0,260.600001,0,113.451,0,True,0.1,0.200001,1.3,0.3,0,0.046,0.0,0,5603328,26423296,25219072,12701696,25223168,0,26009600,4358144,2,19,0.0,0,0,0,0,0,0,1000000,layerkeysort_v4_trace,0
22850544,521176,46894449,0,506552,0,64,0.0,461584,0,0,0.8237,0,1,4344,long_churn,0.0,521176,207130,10000,0,0.0,1053612,2,95,16,1,1,112.5,10940,137.219199,0,True,0.1,0.200001,1.4,0.4,918240,0.0512,0.0,4569,5885952,27049984,25477120,13000704,25477120,0,26533888,4362240,0,19,0.0,5440,0,0,0,32438,11174,1000000,layerkeysort_v4_trace_diagnostics,0
0,0,0,0,0,0,64,0.0,0,0,0,4.331,0,0,0,distant_drag,0.0,0,0,100001,0,0.0,0,0,0,0,0,0,56.1,0,28.1819,0,True,0.1,0.399999,3.2,0.8,0,0.0626,0.0,0,15380480,16240640,9834496,6516736,9838592,0,10178560,4354048,0,19,0.0,0,0,0,0,0,0,100000,layerkeysort_v4_trace,0
0,0,0,0,0,0,64,0.0,0,0,0,3.9472,0,0,0,distant_drag,0.0,0,0,100001,0,0.0,0,0,0,0,0,0,111.4,0,30.0816,0,True,0.1,0.4,3.5,1.0,0,0.0624,0.0,0,15368192,16248832,9842688,6520832,9846784,0,10186752,4358144,1,19,0.0,0,0,0,0,0,0,100000,layerkeysort_v4_trace,0
0,0,0,0,0,0,64,0.0,0,0,0,4.2068,0,0,0,distant_drag,0.0,0,0,100001,0,0.0,0,0,0,0,0,0,118.6,0,27.6255,0,True,0.1,0.3,3.3,0.9,0,0.0623,0.0,0,15388672,16232448,9826304,6512640,9830400,0,10170368,4349952,2,19,0.0,0,0,0,0,0,0,100000,layerkeysort_v4_trace,0
6084080,104933,13932357,0,5029376,0,64,0.0,4590208,0,0,6.877,0,1,4344,distant_drag,0.0,104933,90818,100001,0,0.0,310395,4,160,25,1,1,107.8,2558,37.7444,0,True,0.1,0.499999,5.000001,1.3,5029376,0.064,0.0,3844,18874368,19705856,10067968,6754304,10067968,0,10366976,4358144,0,19,0.0,5440,0,0,0,5464,4930,100000,layerkeysort_v4_trace_diagnostics,0
0,0,0,8388608,0,0,64,8.2109,0,0,0,4.6329,0,0,0,retained,3.3278,0,0,100000,21125000,1.072,0,0,0,0,0,0,251.400001,0,11.0451,0,True,0.1,0.2,4.7,0.4,0,0.07,5.2441,0,15429632,37744640,30138368,7843840,9605120,37744640,30138368,5246976,0,19,3.0689,0,8,0,13520000,0,0,10000,layerkeysort_v4_trace,13520208
0,0,0,8388608,0,0,64,8.412,0,0,0,4.6495,0,0,0,retained,3.3552,0,0,100000,21125000,0.943,0,0,0,0,0,0,71.6,0,9.9958,0,True,0.1,0.2,5.1,0.3,0,0.0633,3.5223,0,15376384,37810176,30187520,7823360,9584640,37810176,30187520,5242880,1,19,3.3855,0,8,0,13520000,0,0,10000,layerkeysort_v4_trace,13520208
0,0,0,8388608,0,0,64,7.0857,0,0,0,4.0897,0,0,0,retained,3.2206,0,0,100000,21125000,0.9271,0,0,0,0,0,0,79.4,0,12.3195,0,True,0.1,0.2,4.0,0.4,0,0.0637,3.5391,0,15417344,37707776,30085120,7823360,9584640,37707776,30085120,5242880,2,19,2.7785,0,8,0,13520000,0,0,10000,layerkeysort_v4_trace,13520208
43055538,216110,5295384,8388608,5028760,0,64,8.5985,27258552,0,0,7.0396,0,1,21913552,retained,3.0785,215998,38081,100000,21125000,1.2451,113124,2,65,14,0,1,71.4,0,12.9545,0,True,0.1,0.200001,4.099999,0.4,27258552,0.0654,5.4326,3113,18882560,41717760,29749248,7446528,9207808,41717760,30023680,5251072,0,19,2.9289,21914648,8,2808650,13520000,0,3124,10000,layerkeysort_v4_trace_diagnostics,13520208
0,0,0,0,0,0,64,0.0,0,0,0,0.6591,0,0,0,timeline,0.0,0,0,10000,0,0.0,0,0,0,0,0,0,39.3,0,1.9529,0,True,0.1,0.2,5.0,0.399999,0,0.045,0.0,0,5820416,6250496,5312512,4866048,5316608,0,5840896,4841472,0,7,0.0,0,0,0,0,0,0,10000,layerkeysort_v4_trace,0
0,0,0,0,0,0,64,0.0,0,0,0,0.7019,0,0,0,timeline,0.0,0,0,10000,0,0.0,0,0,0,0,0,0,27.7,0,1.9954,0,True,0.1,0.2,5.3,0.399999,0,0.0443,0.0,0,5820416,6250496,5312512,4866048,5316608,0,5840896,4841472,1,7,0.0,0,0,0,0,0,0,10000,layerkeysort_v4_trace,0
0,0,0,0,0,0,64,0.0,0,0,0,0.6817,0,0,0,timeline,0.0,0,0,10000,0,0.0,0,0,0,0,0,0,33.5,0,2.1661,0,True,0.1,0.200001,7.000001,0.5,0,0.0439,0.0,0,5820416,6250496,5312512,4866048,5316608,0,5840896,4841472,2,7,0.0,0,0,0,0,0,0,10000,layerkeysort_v4_trace,0
800120,18383,932670,0,506552,0,64,0.0,706528,0,0,1.5852,0,1,4344,timeline,0.0,18383,3802,10000,0,0.0,20448,2,95,11,1,1,93.2,51,3.5981,0,True,0.1,0.3,10.8,0.5,706528,0.0664,0.0,335,6164480,6864896,5382144,5382144,5382144,0,6270976,4845568,0,7,0.0,5440,0,0,0,73,375,10000,layerkeysort_v4_trace_diagnostics,0
0,0,0,131072,0,10000,64,0.2048,0,0,0,0.6498,0,0,0,timeline,0.0585,0,0,10000,400300,0.1976,0,0,0,0,0,0,42.799999,0,2.1984,0,True,0.1,0.200001,6.800001,0.4,0,0.0451,0.6089,0,5820416,6352896,5464064,5464064,5464064,0,5951488,4841472,0,7,0.061,0,1,0,256192,0,0,10000,layerkeysort_v4_trace,256218
0,0,0,131072,0,10000,64,0.1675,0,0,0,0.6206,0,0,0,timeline,0.0586,0,0,10000,400300,0.1782,0,0,0,0,0,0,23.7,0,1.7837,0,True,0.1,0.100001,4.6,0.200001,0,0.0448,0.5619,0,5812224,6344704,5455872,5455872,5455872,0,5943296,4833280,1,7,0.0703,0,1,0,256192,0,0,10000,layerkeysort_v4_trace,256218
0,0,0,131072,0,10000,64,0.2442,0,0,0,0.6374,0,0,0,timeline,0.0627,0,0,10000,400300,0.1954,0,0,0,0,0,0,43.5,0,2.0196,0,True,0.1,0.2,5.1,0.3,0,0.0439,0.5969,0,5812224,6344704,5455872,5455872,5455872,0,5943296,4833280,2,7,0.0698,0,1,0,256192,0,0,10000,layerkeysort_v4_trace,256218
2494244,34668,932670,131072,506552,10000,64,0.1708,706536,0,0,0.9907,0,1,4352,timeline,0.0601,34657,3802,10000,400300,0.1735,20448,2,95,11,1,1,103.2,51,2.7401,0,True,0.1,0.200001,5.100001,0.3,2269644,0.0461,0.8055,335,6127616,7028736,5615616,4931584,5615616,0,6156288,4845568,0,7,0.0547,5448,1,387346,256192,73,375,10000,layerkeysort_v4_trace_diagnostics,256218
0,0,0,1310720,0,1000,64,1.3805,0,0,0,0.6205,0,0,0,timeline,0.4864,0,0,10000,3326900,0.12,0,0,0,0,0,0,46.2,0,2.3474,0,True,0.1,0.2,7.9,0.4,0,0.044,0.5337,0,5816320,6270976,5337088,4886528,5337088,0,5873664,4837376,0,7,0.6206,0,10,0,2129216,0,0,10000,layerkeysort_v4_trace,2129476
0,0,0,1310720,0,1000,64,1.3003,0,0,0,0.6318,0,0,0,timeline,0.6782,0,0,10000,3326900,0.1018,0,0,0,0,0,0,26.899999,0,1.958,0,True,0.1,0.2,4.9,0.3,0,0.0445,0.3779,0,5816320,6270976,5337088,4886528,5337088,0,5873664,4837376,1,7,0.551,0,10,0,2129216,0,0,10000,layerkeysort_v4_trace,2129476
0,0,0,1310720,0,1000,64,1.5515,0,0,0,0.6247,0,0,0,timeline,0.4912,0,0,10000,3326900,0.11,0,0,0,0,0,0,27.0,0,2.0313,0,True,0.1,0.2,7.7,0.3,0,0.0445,0.4285,0,5820416,6275072,5341184,4890624,5341184,0,5877760,4841472,2,7,0.5722,0,10,0,2129216,0,0,10000,layerkeysort_v4_trace,2129476
6331798,29324,932670,1310720,506552,1000,64,1.5042,706536,0,0,0.9961,0,1,4352,timeline,0.5356,29214,3802,10000,3326900,0.1434,20448,2,95,11,1,1,40.100001,51,2.5867,0,True,0.1,0.200001,6.6,0.399999,1599524,0.0456,0.5165,335,6164480,6819840,5513216,5058560,5513216,0,6062080,4845568,0,7,0.5795,5448,10,387338,2129216,73,375,10000,layerkeysort_v4_trace_diagnostics,2129476
0,0,0,13107200,0,100,64,13.1426,0,0,0,0.6507,0,0,0,timeline,4.8425,0,0,10000,32594450,0.1022,0,0,0,0,0,0,31.3,0,2.1575,0,True,0.1,0.200001,5.5,0.399999,0,0.0665,0.3314,0,5820416,6279168,5341184,4890624,5341184,0,5787648,4841472,0,7,5.6843,0,100,0,20860448,0,0,10000,layerkeysort_v4_trace,20863048
0,0,0,13107200,0,100,64,13.1382,0,0,0,0.6501,0,0,0,timeline,5.3514,0,0,10000,32594450,0.1028,0,0,0,0,0,0,36.6,0,2.1861,0,True,0.1,0.200001,4.400001,0.4,0,0.045,0.3844,0,5816320,6275072,5337088,4886528,5337088,0,5783552,4837376,1,7,5.6217,0,100,0,20860448,0,0,10000,layerkeysort_v4_trace,20863048
0,0,0,13107200,0,100,64,12.8265,0,0,0,0.6387,0,0,0,timeline,5.0818,0,0,10000,32594450,0.1086,0,0,0,0,0,0,37.600001,0,2.2084,0,True,0.1,0.200001,7.1,0.4,0,0.0456,0.4199,0,5812224,6270976,5332992,4882432,5332992,0,5779456,4833280,2,7,5.656,0,100,0,20860448,0,0,10000,layerkeysort_v4_trace,20863048
48617146,30118,932670,13107200,506552,100,64,16.3407,706536,0,0,1.0867,0,1,4352,timeline,5.375,29018,3802,10000,32594450,0.1248,20448,2,95,11,1,1,61.700001,51,3.445,0,True,0.1,0.3,8.4,0.7,1535812,0.0465,0.4576,335,6156288,6811648,5459968,5005312,5459968,0,5890048,4837376,0,7,7.1923,5448,100,387338,20860448,73,375,10000,layerkeysort_v4_trace_diagnostics,20863048
0,0,0,0,0,0,64,0.0,0,0,0,0.4219,0,0,0,churn,0.0,0,0,10000,0,0.0,0,0,0,0,0,0,97.4,0,1.8605,0,True,0.1,0.2,4.8,0.3,0,0.0417,0.0,0,5820416,5951488,5283840,5287936,5287936,0,5632000,4841472,0,7,0.0,0,0,0,0,0,0,10000,layerkeysort_v4_trace,0
0,0,0,0,0,0,64,0.0,0,0,0,0.3853,0,0,0,churn,0.0,0,0,10000,0,0.0,0,0,0,0,0,0,23.000001,0,1.6883,0,True,0.1,0.100001,4.3,0.200001,0,0.0447,0.0,0,5820416,5951488,5283840,5287936,5287936,0,5632000,4841472,1,7,0.0,0,0,0,0,0,0,10000,layerkeysort_v4_trace,0
0,0,0,0,0,0,64,0.0,0,0,0,0.3736,0,0,0,churn,0.0,0,0,10000,0,0.0,0,0,0,0,0,0,23.3,0,1.7288,0,True,0.1,0.2,4.0,0.3,0,0.0426,0.0,0,5820416,5951488,5283840,5287936,5287936,0,5632000,4841472,2,7,0.0,0,0,0,0,0,0,10000,layerkeysort_v4_trace,0
753568,15462,949977,0,506552,0,64,0.0,462168,0,0,0.5818,0,1,4344,churn,0.0,15462,6007,10000,0,0.0,20869,2,95,11,1,1,58.6,225,2.5156,0,True,0.1,0.200001,5.2,0.4,506552,0.0465,0.0,364,6164480,6291456,5382144,5382144,5382144,0,5795840,4845568,0,7,0.0,5440,0,0,0,409,460,10000,layerkeysort_v4_trace_diagnostics,0
0,0,0,131072,0,10000,64,0.1645,0,0,0,0.3741,0,0,0,churn,0.0368,0,0,10000,250000,0.366,0,0,0,0,0,0,25.0,0,1.6867,0,True,0.1,0.100001,5.000001,0.200001,0,0.0436,0.403,0,5816320,6082560,5341184,4907008,5341184,0,5660672,4837376,0,7,0.0471,0,1,0,160000,0,0,10000,layerkeysort_v4_trace,160026
0,0,0,131072,0,10000,64,0.1353,0,0,0,0.3885,0,0,0,churn,0.0366,0,0,10000,250000,0.1123,0,0,0,0,0,0,25.400001,0,1.8714,0,True,0.1,0.2,4.199999,0.3,0,0.0419,0.3596,0,5816320,6082560,5341184,4907008,5341184,0,5660672,4837376,1,7,0.0595,0,1,0,160000,0,0,10000,layerkeysort_v4_trace,160026
0,0,0,131072,0,10000,64,0.1412,0,0,0,0.37,0,0,0,churn,0.0366,0,0,10000,250000,0.1106,0,0,0,0,0,0,38.900001,0,1.8847,0,True,0.1,0.100001,5.6,0.200001,0,0.0524,0.3471,0,5820416,6086656,5345280,4911104,5345280,0,5664768,4841472,2,7,0.0426,0,1,0,160000,0,0,10000,layerkeysort_v4_trace,160026
1911836,25641,949977,131072,506552,10000,64,0.1917,462176,0,0,0.6029,0,1,4352,churn,0.0379,25630,6007,10000,250000,0.1251,20869,2,95,11,1,1,33.5,225,2.2491,0,True,0.1,0.2,4.5,0.3,1489428,0.0441,0.4552,364,6160384,6316032,5419008,4984832,5419008,0,5832704,4841472,0,7,0.0489,5448,1,291154,160000,409,460,10000,layerkeysort_v4_trace_diagnostics,160026
0,0,0,1310720,0,1000,64,1.1585,0,0,0,0.3651,0,0,0,churn,0.367,0,0,10000,2500000,0.1083,0,0,0,0,0,0,39.2,0,1.8911,0,True,0.1,0.2,4.2,0.3,0,0.0416,0.3458,0,5820416,6078464,5373952,5373952,5373952,0,5652480,4841472,0,7,0.429,0,10,0,1600000,0,0,10000,layerkeysort_v4_trace,1600260
0,0,0,1310720,0,1000,64,1.1961,0,0,0,0.3647,0,0,0,churn,0.3674,0,0,10000,2500000,0.1191,0,0,0,0,0,0,31.099999,0,1.735,0,True,0.1,0.100001,4.7,0.3,0,0.0419,0.4078,0,5816320,6082560,5378048,5378048,5378048,0,5656576,4837376,1,7,0.3905,0,10,0,1600000,0,0,10000,layerkeysort_v4_trace,1600260
0,0,0,1310720,0,1000,64,1.1678,0,0,0,0.3725,0,0,0,churn,0.4362,0,0,10000,2500000,0.1083,0,0,0,0,0,0,59.3,0,1.7775,0,True,0.1,0.2,3.900001,0.3,0,0.0421,0.353,0,5816320,6082560,5378048,5378048,5378048,0,5656576,4837376,2,7,0.4423,0,10,0,1600000,0,0,10000,layerkeysort_v4_trace,1600260
5711222,25776,949977,1310720,506552,1000,64,1.0247,462176,0,0,0.5764,0,1,4352,churn,0.3619,25666,6007,10000,2500000,0.128,20869,2,95,11,1,1,44.2,225,2.2966,0,True,0.1,0.2,4.9,0.3,1489428,0.0437,0.547,364,6160384,6316032,5410816,4976640,5410816,0,5824512,4841472,0,7,0.5229,5448,10,291154,1600000,409,460,10000,layerkeysort_v4_trace_diagnostics,1600260
0,0,0,13107200,0,100,64,10.2787,0,0,0,0.38,0,0,0,churn,3.6817,0,0,10000,25000000,0.1142,0,0,0,0,0,0,25.0,0,1.9131,0,True,0.1,0.2,4.7,0.3,0,0.0438,0.3897,0,5816320,6049792,5378048,4947968,5378048,0,5734400,4837376,0,7,4.4266,0,100,0,16000000,0,0,10000,layerkeysort_v4_trace,16002600
0,0,0,13107200,0,100,64,10.2575,0,0,0,0.4425,0,0,0,churn,3.8461,0,0,10000,25000000,0.1162,0,0,0,0,0,0,26.4,0,1.9946,0,True,0.1,0.200001,4.6,0.399999,0,0.0409,0.6061,0,5820416,6053888,5382144,4952064,5382144,0,5738496,4841472,1,7,4.8783,0,100,0,16000000,0,0,10000,layerkeysort_v4_trace,16002600
0,0,0,13107200,0,100,64,9.897,0,0,0,0.395,0,0,0,churn,3.8344,0,0,10000,25000000,0.108,0,0,0,0,0,0,28.5,0,1.9808,0,True,0.1,0.2,5.4,0.3,0,0.0422,0.3489,0,5812224,6045696,5373952,4943872,5373952,0,5730304,4833280,2,7,4.6129,0,100,0,16000000,0,0,10000,layerkeysort_v4_trace,16002600
43705082,27126,949977,13107200,506552,100,64,14.0035,462176,0,0,0.8746,0,1,4352,churn,4.7991,26026,6007,10000,25000000,0.135,20869,2,95,11,1,1,40.8,225,2.93,0,True,0.1,0.3,5.399999,0.5,1513372,0.0467,0.9094,364,6164480,6320128,5419008,5419008,5419008,0,5832704,4845568,0,7,7.7782,5448,100,291154,16000000,409,460,10000,layerkeysort_v4_trace_diagnostics,16002600
0,0,0,0,0,0,64,0.0,0,0,0,0.3737,0,0,0,distant_drag,0.0,0,0,10000,0,0.0,0,0,0,0,0,0,51.6,0,1.8936,0,True,0.1,0.2,4.6,0.3,0,0.0413,0.0,0,5820416,5955584,5320704,4861952,5324800,0,5320704,4841472,0,7,0.0,0,0,0,0,0,0,10000,layerkeysort_v4_trace,0
0,0,0,0,0,0,64,0.0,0,0,0,0.3595,0,0,0,distant_drag,0.0,0,0,10000,0,0.0,0,0,0,0,0,0,32.999999,0,1.8487,0,True,0.1,0.2,4.7,0.3,0,0.0414,0.0,0,5816320,5951488,5316608,4857856,5320704,0,5316608,4837376,1,7,0.0,0,0,0,0,0,0,10000,layerkeysort_v4_trace,0
0,0,0,0,0,0,64,0.0,0,0,0,0.3722,0,0,0,distant_drag,0.0,0,0,10000,0,0.0,0,0,0,0,0,0,25.5,0,1.8454,0,True,0.1,0.100001,4.6,0.200001,0,0.0417,0.0,0,5816320,5951488,5316608,4857856,5320704,0,5316608,4837376,2,7,0.0,0,0,0,0,0,0,10000,layerkeysort_v4_trace,0
602328,10477,1384455,0,506552,0,64,0.0,466256,0,0,0.5658,0,1,4344,distant_drag,0.0,10477,6248,10000,0,0.0,30993,4,159,18,1,1,35.499999,233,2.2759,0,True,0.1,0.2,4.9,0.3,506552,0.0428,0.0,371,6164480,6295552,5386240,4952064,5386240,0,5455872,4841472,0,7,0.0,5440,0,0,0,518,475,10000,layerkeysort_v4_trace_diagnostics,0
0,0,0,131072,0,10000,64,0.1438,0,0,0,0.3529,0,0,0,distant_drag,0.0368,0,0,10000,250000,0.1158,0,0,0,0,0,0,25.1,0,1.8045,0,True,0.1,0.100001,4.699999,0.200001,0,0.0413,0.5903,0,5820416,6090752,5382144,5382144,5382144,0,5492736,4841472,0,7,0.0483,0,1,0,160000,0,0,10000,layerkeysort_v4_trace,160026
0,0,0,131072,0,10000,64,0.1255,0,0,0,0.3572,0,0,0,distant_drag,0.0367,0,0,10000,250000,0.1085,0,0,0,0,0,0,24.999999,0,1.8335,0,True,0.1,0.100001,4.9,0.3,0,0.0416,0.3511,0,5816320,6086656,5378048,5378048,5378048,0,5488640,4837376,1,7,0.0446,0,1,0,160000,0,0,10000,layerkeysort_v4_trace,160026
0,0,0,131072,0,10000,64,0.1512,0,0,0,0.3584,0,0,0,distant_drag,0.0367,0,0,10000,250000,0.1159,0,0,0,0,0,0,235.9,0,2.1019,0,True,0.1,0.2,5.7,0.200001,0,0.0422,0.3932,0,5816320,6078464,5369856,5369856,5369856,0,5480448,4837376,2,7,0.1057,0,1,0,160000,0,0,10000,layerkeysort_v4_trace,160026
1760596,20656,1384455,131072,506552,10000,64,0.1345,466264,0,0,0.5683,0,1,4352,distant_drag,0.0403,20645,6248,10000,250000,0.1236,30993,4,159,18,1,1,37.0,233,2.2596,0,True,0.1,0.2,4.4,0.3,1493516,0.0437,0.4973,371,6160384,6316032,5410816,5410816,5410816,0,5476352,4837376,0,7,0.049,5448,1,291154,160000,518,475,10000,layerkeysort_v4_trace_diagnostics,160026
0,0,0,1310720,0,1000,64,1.7296,0,0,0,0.3654,0,0,0,distant_drag,0.5074,0,0,10000,2500000,0.1112,0,0,0,0,0,0,24.5,0,2.0285,0,True,0.1,0.2,4.6,0.3,0,0.0455,0.3687,0,5820416,6090752,5386240,4919296,5386240,0,5505024,4841472,0,7,0.5046,0,10,0,1600000,0,0,10000,layerkeysort_v4_trace,1600260
0,0,0,1310720,0,1000,64,1.1882,0,0,0,0.3672,0,0,0,distant_drag,0.3657,0,0,10000,2500000,0.1818,0,0,0,0,0,0,29.6,0,1.8904,0,True,0.1,0.2,5.000001,0.3,0,0.0421,0.4081,0,5812224,6082560,5378048,4911104,5378048,0,5496832,4833280,1,7,0.4335,0,10,0,1600000,0,0,10000,layerkeysort_v4_trace,1600260
0,0,0,1310720,0,1000,64,1.3339,0,0,0,0.3926,0,0,0,distant_drag,0.4107,0,0,10000,2500000,0.1096,0,0,0,0,0,0,21.6,0,1.8642,0,True,0.1,0.2,4.2,0.3,0,0.0869,0.3739,0,5816320,6086656,5382144,4915200,5382144,0,5500928,4837376,2,7,0.458,0,10,0,1600000,0,0,10000,layerkeysort_v4_trace,1600260
5559982,20791,1384455,1310720,506552,1000,64,1.0499,466264,0,0,0.5502,0,1,4352,distant_drag,0.3648,20681,6248,10000,2500000,0.1274,30993,4,159,18,1,1,33.3,233,2.241,0,True,0.1,0.2,4.7,0.3,1490012,0.0425,0.4818,371,6160384,6316032,5406720,4972544,5406720,0,5476352,4837376,0,7,0.5253,5448,10,291154,1600000,518,475,10000,layerkeysort_v4_trace_diagnostics,1600260
0,0,0,13107200,0,100,64,10.8218,0,0,0,0.3727,0,0,0,distant_drag,3.9325,0,0,10000,25000000,0.1109,0,0,0,0,0,0,36.400001,0,2.2285,0,True,0.1,0.200001,4.8,0.3,0,0.0407,0.3701,0,5816320,6049792,5410816,5410816,5410816,0,5410816,4837376,0,7,4.3349,0,100,0,16000000,0,0,10000,layerkeysort_v4_trace,16002600
0,0,0,13107200,0,100,64,10.48,0,0,0,0.3759,0,0,0,distant_drag,3.7663,0,0,10000,25000000,0.1098,0,0,0,0,0,0,51.3,0,2.0554,0,True,0.1,0.2,4.5,0.3,0,0.0413,0.3656,0,5816320,6049792,5410816,5410816,5410816,0,5410816,4837376,1,7,4.9966,0,100,0,16000000,0,0,10000,layerkeysort_v4_trace,16002600
0,0,0,13107200,0,100,64,15.2753,0,0,0,0.6655,0,0,0,distant_drag,4.5268,0,0,10000,25000000,0.1232,0,0,0,0,0,0,43.3,0,2.4195,0,True,0.1,0.200001,6.0,0.5,0,0.0579,0.6543,0,5816320,6049792,5410816,5410816,5410816,0,5410816,4837376,2,7,6.6995,0,100,0,16000000,0,0,10000,layerkeysort_v4_trace,16002600
43553842,22141,1384455,13107200,506552,100,64,10.3292,466264,0,0,0.5646,0,1,4352,distant_drag,4.564,21041,6248,10000,25000000,0.1938,30993,4,159,18,1,1,71.4,233,3.5421,0,True,0.1,0.3,8.700001,0.700001,1502276,0.0429,1.111,371,6160384,6316032,5406720,5406720,5406720,0,5476352,4837376,0,7,5.7335,5448,100,291154,16000000,518,475,10000,layerkeysort_v4_trace_diagnostics,16002600
0,0,0,0,0,0,64,0.0,0,0,0,0.4454,123617,0,0,V3_ascending,0.3459,0,0,0,0,0.0,0,0,0,0,0,0,31.5,0,3.3804,0,True,0.3,0.4,15.9,0.5,0,0.0,0.0,0,0,6389760,0,4657152,0,0,0,4530176,0,7,0.0,0,0,0,0,0,0,10000,layerkeysort_v4_trace,0
0,0,0,0,0,0,64,0.0,0,0,0,0.4419,123617,0,0,V3_ascending,0.336,0,0,0,0,0.0,0,0,0,0,0,0,31.5,0,3.3448,0,True,0.3,0.399999,16.100001,0.5,0,0.0,0.0,0,0,6393856,0,4661248,0,0,0,4534272,1,7,0.0,0,0,0,0,0,0,10000,layerkeysort_v4_trace,0
0,0,0,0,0,0,64,0.0,0,0,0,0.4867,123617,0,0,V3_ascending,0.3194,0,0,0,0,0.0,0,0,0,0,0,0,28.8,0,3.3252,0,True,0.3,0.399999,15.5,0.5,0,0.0,0.0,0,0,6385664,0,4653056,0,0,0,4526080,2,7,0.0,0,0,0,0,0,0,10000,layerkeysort_v4_trace,0
960040,30001,0,0,0,0,64,0.0,960040,0,0,0.5957,123617,1,0,V3_ascending,0.3921,30001,0,0,0,0.0,0,0,0,0,0,0,75.1,0,4.3542,0,True,0.3,0.499999,33.300001,0.7,960040,0.0,0.0,0,0,7454720,0,4784128,0,0,0,4534272,0,7,0.0,0,0,0,0,0,0,10000,layerkeysort_v4_trace_diagnostics,0
0,0,0,0,0,0,64,0.0,0,0,0,6.5021,1568929,0,0,V3_ascending,5.3392,0,0,0,0,0.0,0,0,0,0,0,0,224.4,0,64.2696,0,True,0.5,0.9,24.299999,1.6,0,0.0,0.0,0,0,23629824,0,7053312,0,0,0,4378624,0,7,0.0,0,0,0,0,0,0,100000,layerkeysort_v4_trace,0
0,0,0,0,0,0,64,0.0,0,0,0,16.6888,1568929,0,0,V3_ascending,8.9371,0,0,0,0,0.0,0,0,0,0,0,0,250.0,0,64.2057,0,True,0.6,0.999999,27.0,1.3,0,0.0,0.0,0,0,23625728,0,7049216,0,0,0,4374528,1,7,0.0,0,0,0,0,0,0,100000,layerkeysort_v4_trace,0
0,0,0,0,0,0,64,0.0,0,0,0,7.7035,1568929,0,0,V3_ascending,5.4296,0,0,0,0,0.0,0,0,0,0,0,0,543.900001,0,73.7413,0,True,0.6,0.9,31.8,1.400001,0,0.0,0.0,0,0,23625728,0,7049216,0,0,0,4374528,2,7,0.0,0,0,0,0,0,0,100000,layerkeysort_v4_trace,0
12628392,402827,0,0,0,0,64,0.0,10702928,0,0,28.4934,1568929,1,0,V3_ascending,13.6371,300001,0,0,0,0.0,0,0,0,0,0,0,375.9,0,73.5497,0,True,0.6,1.0,38.4,1.7,10702928,0.0,0.0,0,0,33234944,0,7221248,0,0,0,4374528,0,7,0.0,0,0,0,0,0,0,100000,layerkeysort_v4_trace_diagnostics,0
0,0,0,0,0,0,64,0.0,0,0,0,0.5856,123617,0,0,V3_descending,0.3306,0,0,0,0,0.0,0,0,0,0,0,0,48.7,0,4.23,0,True,0.3,0.6,18.4,0.8,0,0.0,0.0,0,0,6385664,0,4653056,0,0,0,4526080,0,7,0.0,0,0,0,0,0,0,10000,layerkeysort_v4_trace,0
0,0,0,0,0,0,64,0.0,0,0,0,0.5004,123617,0,0,V3_descending,0.3496,0,0,0,0,0.0,0,0,0,0,0,0,35.999999,0,3.7388,0,True,0.3,0.499999,16.3,0.7,0,0.0,0.0,0,0,6393856,0,4657152,0,0,0,4534272,1,7,0.0,0,0,0,0,0,0,10000,layerkeysort_v4_trace,0
0,0,0,0,0,0,64,0.0,0,0,0,0.5172,123617,0,0,V3_descending,0.3297,0,0,0,0,0.0,0,0,0,0,0,0,34.000001,0,3.6055,0,True,0.3,0.4,16.1,0.7,0,0.0,0.0,0,0,6393856,0,4661248,0,0,0,4534272,2,7,0.0,0,0,0,0,0,0,10000,layerkeysort_v4_trace,0
960040,30001,0,0,0,0,64,0.0,960040,0,0,0.6417,123617,1,0,V3_descending,0.3565,30001,0,0,0,0.0,0,0,0,0,0,0,185.1,0,4.4622,0,True,0.3,0.5,18.4,0.700001,960040,0.0,0.0,0,0,7454720,0,4788224,0,0,0,4538368,0,7,0.0,0,0,0,0,0,0,10000,layerkeysort_v4_trace_diagnostics,0
0,0,0,0,0,0,64,0.0,0,0,0,8.0402,1568929,0,0,V3_descending,4.2372,0,0,0,0,0.0,0,0,0,0,0,0,225.5,0,51.9082,0,True,0.4,0.7,26.6,1.2,0,0.0,0.0,0,0,23072768,0,7045120,0,0,0,4378624,0,7,0.0,0,0,0,0,0,0,100000,layerkeysort_v4_trace,0
0,0,0,0,0,0,64,0.0,0,0,0,5.3012,1568929,0,0,V3_descending,3.6777,0,0,0,0,0.0,0,0,0,0,0,0,370.100001,0,55.405,0,True,0.4,0.8,26.9,1.400001,0,0.0,0.0,0,0,23068672,0,7041024,0,0,0,4374528,1,7,0.0,0,0,0,0,0,0,100000,layerkeysort_v4_trace,0
0,0,0,0,0,0,64,0.0,0,0,0,15.3547,1568929,0,0,V3_descending,6.7218,0,0,0,0,0.0,0,0,0,0,0,0,136.5,0,49.9533,0,True,0.4,0.7,25.1,1.2,0,0.0,0.0,0,0,23072768,0,7045120,0,0,0,4378624,2,7,0.0,0,0,0,0,0,0,100000,layerkeysort_v4_trace,0
9600040,300001,0,0,0,0,64,0.0,9600040,0,0,14.2199,1568929,1,0,V3_descending,7.3618,300001,0,0,0,0.0,0,0,0,0,0,0,185.2,0,60.7655,0,True,0.5,0.800001,40.0,1.6,9600040,0.0,0.0,0,0,32829440,0,7081984,0,0,0,4374528,0,7,0.0,0,0,0,0,0,0,100000,layerkeysort_v4_trace_diagnostics,0
0,0,0,0,0,0,64,0.0,0,0,0,0.6383,120950,0,0,V3_random,0.4918,0,0,0,0,0.0,0,0,0,0,0,0,871.2,0,7.5875,0,True,0.5,0.9,24.8,1.4,0,0.0,0.0,0,0,6549504,0,4739072,0,0,0,4521984,0,7,0.0,0,0,0,0,0,0,10000,layerkeysort_v4_trace,0
0,0,0,0,0,0,64,0.0,0,0,0,0.646,120950,0,0,V3_random,0.4778,0,0,0,0,0.0,0,0,0,0,0,0,877.4,0,7.4828,0,True,0.5,0.9,24.1,1.500001,0,0.0,0.0,0,0,6557696,0,4747264,0,0,0,4530176,1,7,0.0,0,0,0,0,0,0,10000,layerkeysort_v4_trace,0
0,0,0,0,0,0,64,0.0,0,0,0,0.665,120950,0,0,V3_random,0.4809,0,0,0,0,0.0,0,0,0,0,0,0,861.1,0,7.6055,0,True,0.5,0.9,26.3,1.500001,0,0.0,0.0,0,0,6557696,0,4747264,0,0,0,4530176,2,7,0.0,0,0,0,0,0,0,10000,layerkeysort_v4_trace,0
1863160,55860,0,0,0,0,64,0.0,1014480,0,0,0.861,120950,1,0,V3_random,0.5606,43284,0,0,0,0.0,0,0,0,0,0,0,1083.900001,0,8.6494,0,True,0.6,1.0,33.0,2.100001,1014480,0.0,0.0,0,0,7540736,0,4694016,0,0,0,4526080,0,7,0.0,0,0,0,0,0,0,10000,layerkeysort_v4_trace_diagnostics,0
0,0,0,0,0,0,64,0.0,0,0,0,10.8892,1546143,0,0,V3_random,10.5566,0,0,0,0,0.0,0,0,0,0,0,0,7466.6,0,135.3539,0,True,1.099999,2.299999,33.3,4.1,0,0.0,0.0,0,0,24752128,0,7225344,0,0,0,4374528,0,7,0.0,0,0,0,0,0,0,100000,layerkeysort_v4_trace,0
0,0,0,0,0,0,64,0.0,0,0,0,11.9661,1546143,0,0,V3_random,8.8741,0,0,0,0,0.0,0,0,0,0,0,0,8124.200001,0,145.2228,0,True,1.1,2.3,37.399999,4.3,0,0.0,0.0,0,0,24752128,0,7225344,0,0,0,4374528,1,7,0.0,0,0,0,0,0,0,100000,layerkeysort_v4_trace,0
0,0,0,0,0,0,64,0.0,0,0,0,10.604,1546143,0,0,V3_random,8.1206,0,0,0,0,0.0,0,0,0,0,0,0,7717.5,0,142.8741,0,True,1.1,2.3,34.0,4.699999,0,0.0,0.0,0,0,24752128,0,7225344,0,0,0,4374528,2,7,0.0,0,0,0,0,0,0,100000,layerkeysort_v4_trace,0
19151200,589598,0,0,0,0,64,0.0,11899096,0,0,43.7136,1546143,1,0,V3_random,47.5376,367379,0,0,0,0.0,0,0,0,0,0,0,8225.3,0,183.8683,0,True,1.300001,3.2,50.9,5.5,11899096,0.0,0.0,0,0,34418688,0,7073792,0,0,0,4374528,0,7,0.0,0,0,0,0,0,0,100000,layerkeysort_v4_trace_diagnostics,0
0,0,0,0,0,0,64,0.0,0,0,0,0.4944,123617,0,0,V3_equal,0.3281,0,0,0,0,0.0,0,0,0,0,0,0,39.799999,0,3.9755,0,True,0.3,0.6,19.6,0.9,0,0.0,0.0,0,0,6393856,0,4661248,0,0,0,4534272,0,7,0.0,0,0,0,0,0,0,10000,layerkeysort_v4_trace,0
0,0,0,0,0,0,64,0.0,0,0,0,0.4911,123617,0,0,V3_equal,0.327,0,0,0,0,0.0,0,0,0,0,0,0,51.1,0,3.5043,0,True,0.3,0.4,19.499999,0.6,0,0.0,0.0,0,0,6389760,0,4657152,0,0,0,4530176,1,7,0.0,0,0,0,0,0,0,10000,layerkeysort_v4_trace,0
0,0,0,0,0,0,64,0.0,0,0,0,0.5247,123617,0,0,V3_equal,0.3304,0,0,0,0,0.0,0,0,0,0,0,0,47.5,0,3.4491,0,True,0.3,0.399999,17.9,0.5,0,0.0,0.0,0,0,6389760,0,4657152,0,0,0,4530176,2,7,0.0,0,0,0,0,0,0,10000,layerkeysort_v4_trace,0
960040,30001,0,0,0,0,64,0.0,960040,0,0,0.7582,123617,1,0,V3_equal,0.3474,30001,0,0,0,0.0,0,0,0,0,0,0,67.0,0,4.3695,0,True,0.3,0.5,32.299999,1.1,960040,0.0,0.0,0,0,7450624,0,4780032,0,0,0,4530176,0,7,0.0,0,0,0,0,0,0,10000,layerkeysort_v4_trace_diagnostics,0
0,0,0,0,0,0,64,0.0,0,0,0,15.7857,1568929,0,0,V3_equal,15.5034,0,0,0,0,0.0,0,0,0,0,0,0,265.5,0,63.5782,0,True,0.5,0.9,25.400001,1.2,0,0.0,0.0,0,0,23625728,0,7049216,0,0,0,4374528,0,7,0.0,0,0,0,0,0,0,100000,layerkeysort_v4_trace,0
0,0,0,0,0,0,64,0.0,0,0,0,5.583,1568929,0,0,V3_equal,4.4336,0,0,0,0,0.0,0,0,0,0,0,0,111.3,0,60.95,0,True,0.5,0.800001,23.099999,1.0,0,0.0,0.0,0,0,23625728,0,7049216,0,0,0,4374528,1,7,0.0,0,0,0,0,0,0,100000,layerkeysort_v4_trace,0
0,0,0,0,0,0,64,0.0,0,0,0,4.8162,1568929,0,0,V3_equal,4.4396,0,0,0,0,0.0,0,0,0,0,0,0,146.5,0,63.9753,0,True,0.6,0.9,23.6,1.300001,0,0.0,0.0,0,0,23625728,0,7049216,0,0,0,4374528,2,7,0.0,0,0,0,0,0,0,100000,layerkeysort_v4_trace,0
12628392,402827,0,0,0,0,64,0.0,10702928,0,0,11.9785,1568929,1,0,V3_equal,7.8067,300001,0,0,0,0.0,0,0,0,0,0,0,127.3,0,69.1338,0,True,0.6,1.1,38.7,1.4,10702928,0.0,0.0,0,0,33234944,0,7221248,0,0,0,4374528,0,7,0.0,0,0,0,0,0,0,100000,layerkeysort_v4_trace_diagnostics,0
0,0,0,0,0,0,64,0.0,0,0,0,0.5925,124711,0,0,V3_duplicates,0.4654,0,0,0,0,0.0,0,0,0,0,0,0,1904.6,0,10.5851,0,True,0.6,2.1,28.8,6.4,0,0.0,0.0,0,0,6533120,0,4726784,0,0,0,4534272,0,7,0.0,0,0,0,0,0,0,10000,layerkeysort_v4_trace,0
0,0,0,0,0,0,64,0.0,0,0,0,0.6227,124711,0,0,V3_duplicates,0.4685,0,0,0,0,0.0,0,0,0,0,0,0,1849.599999,0,10.2331,0,True,0.6,2.0,20.7,6.2,0,0.0,0.0,0,0,6533120,0,4726784,0,0,0,4534272,1,7,0.0,0,0,0,0,0,0,10000,layerkeysort_v4_trace,0
0,0,0,0,0,0,64,0.0,0,0,0,0.7177,124711,0,0,V3_duplicates,0.4531,0,0,0,0,0.0,0,0,0,0,0,0,1836.400001,0,10.8925,0,True,0.6,2.199999,29.2,6.5,0,0.0,0.0,0,0,6529024,0,4722688,0,0,0,4530176,2,7,0.0,0,0,0,0,0,0,10000,layerkeysort_v4_trace,0
3198656,93250,0,0,0,0,64,0.0,1022120,0,0,1.042,124711,1,0,V3_duplicates,0.7347,64834,0,0,0,0.0,0,0,0,0,0,0,2538.2,0,14.0959,0,True,0.7,2.6,43.3,8.4,1022120,0.0,0.0,0,0,7577600,0,4628480,0,0,0,4526080,0,7,0.0,0,0,0,0,0,0,10000,layerkeysort_v4_trace_diagnostics,0
0,0,0,0,0,0,64,0.0,0,0,0,7.0727,1581228,0,0,V3_duplicates,6.2772,0,0,0,0,0.0,0,0,0,0,0,0,1730.5,0,130.4947,0,True,0.8,2.4,74.3,7.899999,0,0.0,0.0,0,0,23789568,0,7102464,0,0,0,4374528,0,7,0.0,0,0,0,0,0,0,100000,layerkeysort_v4_trace,0
0,0,0,0,0,0,64,0.0,0,0,0,8.0609,1581228,0,0,V3_duplicates,6.6592,0,0,0,0,0.0,0,0,0,0,0,0,2810.999999,0,129.4744,0,True,0.8,2.4,66.000001,7.9,0,0.0,0.0,0,0,23785472,0,7098368,0,0,0,4370432,1,7,0.0,0,0,0,0,0,0,100000,layerkeysort_v4_trace,0
0,0,0,0,0,0,64,0.0,0,0,0,8.9406,1581228,0,0,V3_duplicates,7.3221,0,0,0,0,0.0,0,0,0,0,0,0,1812.799999,0,130.6723,0,True,0.8,2.5,69.6,8.1,0,0.0,0.0,0,0,23793664,0,7106560,0,0,0,4378624,2,7,0.0,0,0,0,0,0,0,100000,layerkeysort_v4_trace,0
33138568,956716,0,0,0,0,64,0.0,10733184,0,0,30.9062,1581228,1,0,V3_duplicates,26.5062,638000,0,0,0,0.0,0,0,0,0,0,0,2012.7,0,154.0199,0,True,0.9,2.999999,111.8,9.799999,10733992,0.0,0.0,0,0,33435648,0,7106560,0,0,0,4374528,0,7,0.0,0,0,0,0,0,0,100000,layerkeysort_v4_trace_diagnostics,0
0,0,0,0,0,0,64,0.0,0,0,0,0.9219,146639,0,0,V3_alternating,0.7192,0,0,0,0,0.0,0,0,0,0,0,0,1786.0,0,79.1144,0,True,1.1,24.9,823.1,66.2,0,0.0,0.0,0,0,7192576,0,4956160,0,0,0,4534272,0,7,0.0,0,0,0,0,0,0,10000,layerkeysort_v4_trace,0
0,0,0,0,0,0,64,0.0,0,0,0,0.7008,146639,0,0,V3_alternating,0.4375,0,0,0,0,0.0,0,0,0,0,0,0,3336.5,0,86.2344,0,True,1.2,26.4,851.3,84.7,0,0.0,0.0,0,0,7180288,0,4943872,0,0,0,4526080,1,7,0.0,0,0,0,0,0,0,10000,layerkeysort_v4_trace,0
0,0,0,0,0,0,64,0.0,0,0,0,0.6554,146639,0,0,V3_alternating,0.4262,0,0,0,0,0.0,0,0,0,0,0,0,1637.7,0,74.5487,0,True,1.1,24.4,815.7,53.199999,0,0.0,0.0,0,0,7192576,0,4956160,0,0,0,4534272,2,7,0.0,0,0,0,0,0,0,10000,layerkeysort_v4_trace,0
34524112,915927,0,0,0,0,64,0.0,1023800,0,0,0.9443,146639,1,0,V3_alternating,0.4865,467792,0,0,0,0.0,0,0,0,0,0,0,1938.5,0,80.1936,0,True,1.2,26.299999,889.4,56.299999,1296136,0.0,0.0,0,0,8368128,0,4804608,0,0,0,4530176,0,7,0.0,0,0,0,0,0,0,10000,layerkeysort_v4_trace_diagnostics,0
0,0,0,0,0,0,64,0.0,0,0,0,11.3804,1889653,0,0,V3_alternating,7.6462,0,0,0,0,0.0,0,0,0,0,0,0,40875.2,0,1916.7531,0,True,1.4,26.1,3363.7,72.5,0,0.0,0.0,0,0,28618752,0,7622656,0,0,0,4374528,0,7,0.0,0,0,0,0,0,0,100000,layerkeysort_v4_trace,0
0,0,0,0,0,0,64,0.0,0,0,0,16.6843,1889653,0,0,V3_alternating,18.7535,0,0,0,0,0.0,0,0,0,0,0,0,26791.6,0,1901.5406,0,True,1.4,26.0,3366.6,79.2,0,0.0,0.0,0,0,28622848,0,7626752,0,0,0,4378624,1,7,0.0,0,0,0,0,0,0,100000,layerkeysort_v4_trace,0
0,0,0,0,0,0,64,0.0,0,0,0,10.3432,1889653,0,0,V3_alternating,7.3315,0,0,0,0,0.0,0,0,0,0,0,0,30582.2,0,1885.1781,0,True,1.4,25.3,3354.9,58.2,0,0.0,0.0,0,0,28614656,0,7618560,0,0,0,4370432,2,7,0.0,0,0,0,0,0,0,100000,layerkeysort_v4_trace,0
838440584,23868496,0,0,0,0,64,0.0,11463920,0,0,27.3384,1889653,1,0,V3_alternating,17.0005,14366069,0,0,0,0.0,0,0,0,0,0,0,39570.899999,0,2255.0969,0,True,1.400001,27.900001,4028.4,84.8,13622408,0.0,0.0,0,0,40878080,0,7503872,0,0,0,4374528,0,7,0.0,0,0,0,0,0,0,100000,layerkeysort_v4_trace_diagnostics,0
0,0,0,0,0,0,64,0.0,0,0,0,0.6886,120950,0,0,V3_priority,0.4909,0,0,0,0,0.0,0,0,0,0,0,0,864.8,0,7.7696,0,True,0.5,0.9,25.8,1.500001,0,0.0,0.0,0,0,6561792,0,4751360,0,0,0,4534272,0,7,0.0,0,0,0,0,0,0,10000,layerkeysort_v4_trace,0
0,0,0,0,0,0,64,0.0,0,0,0,0.6772,120950,0,0,V3_priority,0.4955,0,0,0,0,0.0,0,0,0,0,0,0,935.6,0,7.8454,0,True,0.5,0.9,23.8,1.500001,0,0.0,0.0,0,0,6561792,0,4751360,0,0,0,4534272,1,7,0.0,0,0,0,0,0,0,10000,layerkeysort_v4_trace,0
0,0,0,0,0,0,64,0.0,0,0,0,0.6691,120950,0,0,V3_priority,0.4815,0,0,0,0,0.0,0,0,0,0,0,0,960.8,0,7.9257,0,True,0.5,0.9,30.2,1.6,0,0.0,0.0,0,0,6557696,0,4747264,0,0,0,4530176,2,7,0.0,0,0,0,0,0,0,10000,layerkeysort_v4_trace,0
1863160,55860,0,0,0,0,64,0.0,1014480,0,0,0.878,120950,1,0,V3_priority,0.5565,43284,0,0,0,0.0,0,0,0,0,0,0,1116.0,0,9.1855,0,True,0.6,1.0,38.8,2.8,1014480,0.0,0.0,0,0,7544832,0,4698112,0,0,0,4530176,0,7,0.0,0,0,0,0,0,0,10000,layerkeysort_v4_trace_diagnostics,0
0,0,0,0,0,0,64,0.0,0,0,0,9.0126,1546143,0,0,V3_priority,7.9998,0,0,0,0,0.0,0,0,0,0,0,0,6799.399999,0,142.0706,0,True,1.1,2.5,35.8,4.3,0,0.0,0.0,0,0,24752128,0,7225344,0,0,0,4374528,0,7,0.0,0,0,0,0,0,0,100000,layerkeysort_v4_trace,0
0,0,0,0,0,0,64,0.0,0,0,0,9.3868,1546143,0,0,V3_priority,7.3249,0,0,0,0,0.0,0,0,0,0,0,0,6803.1,0,134.3456,0,True,1.1,2.0,31.4,3.2,0,0.0,0.0,0,0,24752128,0,7225344,0,0,0,4374528,1,7,0.0,0,0,0,0,0,0,100000,layerkeysort_v4_trace,0
0,0,0,0,0,0,64,0.0,0,0,0,14.6775,1546143,0,0,V3_priority,12.048,0,0,0,0,0.0,0,0,0,0,0,0,8718.499999,0,148.4928,0,True,1.1,2.4,37.5,5.299999,0,0.0,0.0,0,0,24752128,0,7225344,0,0,0,4374528,2,7,0.0,0,0,0,0,0,0,100000,layerkeysort_v4_trace,0
19151200,589598,0,0,0,0,64,0.0,11899096,0,0,25.6432,1546143,1,0,V3_priority,20.1027,367379,0,0,0,0.0,0,0,0,0,0,0,8021.5,0,176.0899,0,True,1.3,3.1,46.2,5.299999,11899096,0.0,0.0,0,0,34463744,0,7094272,0,0,0,4370432,0,7,0.0,0,0,0,0,0,0,100000,layerkeysort_v4_trace_diagnostics,0
0,0,0,0,0,0,64,0.0,0,0,0,0.6263,264563,0,0,V3_managed_churn,0.5119,0,0,10000,0,0.0,0,0,0,0,0,0,1793.199999,0,13.9193,0,True,0.5,0.9,12.8,3.0,0,0.0,0.0,0,0,6762496,0,4816896,0,0,0,4689920,0,7,0.0,0,0,0,0,0,0,10000,layerkeysort_v4_trace,0
0,0,0,0,0,0,64,0.0,0,0,0,0.6375,264563,0,0,V3_managed_churn,0.4984,0,0,10000,0,0.0,0,0,0,0,0,0,1765.999999,0,13.8831,0,True,0.5,0.9,13.2,3.0,0,0.0,0.0,0,0,6766592,0,4820992,0,0,0,4694016,1,7,0.0,0,0,0,0,0,0,10000,layerkeysort_v4_trace,0
0,0,0,0,0,0,64,0.0,0,0,0,0.6603,264563,0,0,V3_managed_churn,0.517,0,0,10000,0,0.0,0,0,0,0,0,0,1743.3,0,13.958,0,True,0.5,0.9,16.3,2.9,0,0.0,0.0,0,0,6762496,0,4816896,0,0,0,4689920,2,7,0.0,0,0,0,0,0,0,10000,layerkeysort_v4_trace,0
3761256,110102,0,0,0,0,64,0.0,1033688,0,0,1.0877,264563,1,0,V3_managed_churn,0.5862,80680,0,10000,0,0.0,0,0,0,0,0,0,2423.800001,0,16.7854,0,True,0.5,1.2,19.9,3.6,1036736,0.0,0.0,0,0,7925760,0,4800512,0,0,0,4694016,0,7,0.0,0,0,0,0,0,0,10000,layerkeysort_v4_trace_diagnostics,0
0,0,0,0,0,0,64,0.0,0,0,0,8.1839,3323871,0,0,V3_managed_churn,6.3263,0,0,100000,0,0.0,0,0,0,0,0,0,4972.2,0,258.7854,0,True,0.8,2.2,57.900001,5.399999,0,0.0,0.0,0,0,26918912,0,6426624,0,0,0,4358144,0,7,0.0,0,0,0,0,0,0,100000,layerkeysort_v4_trace,0
0,0,0,0,0,0,64,0.0,0,0,0,12.4768,3323871,0,0,V3_managed_churn,10.1397,0,0,100000,0,0.0,0,0,0,0,0,0,9030.9,0,268.3393,0,True,0.8,2.3,61.9,5.7,0,0.0,0.0,0,0,26873856,0,6422528,0,0,0,4358144,1,7,0.0,0,0,0,0,0,0,100000,layerkeysort_v4_trace,0
0,0,0,0,0,0,64,0.0,0,0,0,10.2619,3323871,0,0,V3_managed_churn,9.7062,0,0,100000,0,0.0,0,0,0,0,0,0,4427.1,0,259.1714,0,True,0.8,2.2,60.9,5.2,0,0.0,0.0,0,0,26886144,0,6418432,0,0,0,4354048,2,7,0.0,0,0,0,0,0,0,100000,layerkeysort_v4_trace,0
55400880,1610035,0,0,0,0,64,0.0,10989760,0,0,32.3849,3323871,1,0,V3_managed_churn,22.799,1069070,0,100000,0,0.0,0,0,0,0,0,0,7530.2,0,332.1786,0,True,0.9,2.799999,75.800001,7.7,11637176,0.0,0.0,0,0,37036032,0,6852608,0,0,0,4358144,0,7,0.0,0,0,0,0,0,0,100000,layerkeysort_v4_trace_diagnostics,0
0,0,0,0,0,0,64,0.0,0,0,0,0.4263,0,0,0,endpoint,0.0,0,0,0,0,0.0,0,0,0,0,0,0,256.1,0,1.0132,0,True,0.0,0.100001,8.0,0.3,0,0.043,0.0,0,0,5586944,4870144,4636672,4874240,0,4911104,4595712,0,7,0.0,0,0,0,0,0,0,10000,lks_capacity_64_timed_trace,0
0,0,0,0,0,0,64,0.0,0,0,0,0.3925,0,0,0,endpoint,0.0,0,0,0,0,0.0,0,0,0,0,0,0,21.8,0,0.8295,0,True,0.0,0.100001,9.8,0.399999,0,0.0423,0.0,0,0,5603328,4886528,4653056,4890624,0,4927488,4603904,1,7,0.0,0,0,0,0,0,0,10000,lks_capacity_64_timed_trace,0
0,0,0,0,0,0,64,0.0,0,0,0,0.5558,0,0,0,endpoint,0.0,0,0,0,0,0.0,0,0,0,0,0,0,911.0,0,2.0686,0,True,0.1,0.200001,15.799999,0.7,0,0.0502,0.0,0,0,5599232,4878336,4644864,4882432,0,4919296,4599808,2,7,0.0,0,0,0,0,0,0,10000,lks_capacity_64_timed_trace,0
506552,10313,493800,0,0,0,64,0.0,506552,0,0,0.6197,0,1,4344,endpoint,0.0,10313,2757,0,0,0.0,10311,2,65,11,0,1,36.4,0,1.1708,0,True,0.1,0.100001,12.2,0.399999,506552,0.0463,0.0,303,0,5939200,4976640,4632576,4976640,0,4976640,4599808,0,7,0.0,5440,0,0,0,0,311,10000,lks_capacity_64_diagnostic_trace,0
0,0,0,0,0,0,64,0.0,0,0,0,0.4299,120598,0,0,random,0.0,0,0,0,0,0.0,0,0,0,0,0,0,76.1,0,2.0626,0,True,0.2,0.3,9.6,0.4,0,0.0417,0.0,0,0,5541888,4911104,4673536,4911104,0,5349376,4603904,0,7,0.0,0,0,0,0,0,0,10000,lks_capacity_64_timed_trace,0
0,0,0,0,0,0,64,0.0,0,0,0,0.4271,120598,0,0,random,0.0,0,0,0,0,0.0,0,0,0,0,0,0,59.999999,0,2.0647,0,True,0.2,0.3,8.6,0.4,0,0.0414,0.0,0,0,5541888,4911104,4673536,4911104,0,5349376,4603904,1,7,0.0,0,0,0,0,0,0,10000,lks_capacity_64_timed_trace,0
0,0,0,0,0,0,64,0.0,0,0,0,0.4191,120598,0,0,random,0.0,0,0,0,0,0.0,0,0,0,0,0,0,26.1,0,2.0127,0,True,0.2,0.3,8.3,0.4,0,0.0416,0.0,0,0,5541888,4911104,4673536,4911104,0,5349376,4603904,2,7,0.0,0,0,0,0,0,0,10000,lks_capacity_64_timed_trace,0
459864,10234,472451,0,0,0,64,0.0,459864,0,0,0.6859,120598,1,4376,random,0.0,10234,1620,0,0,0.0,10231,2,65,9,0,1,51.3,0,2.4026,0,True,0.2,0.3,9.4,0.5,459864,0.0425,0.0,7,0,5881856,5009408,4685824,5009408,0,5595136,4608000,0,7,0.0,5472,0,0,0,0,231,10000,lks_capacity_64_diagnostic_trace,0
0,0,0,0,0,0,64,0.0,0,0,0,0.6121,0,0,0,local_drag,0.0,0,0,10000,0,0.0,0,0,0,0,0,0,29.7,0,1.1607,0,True,0.0,0.100001,4.1,0.200001,0,0.0407,0.0,0,5816320,5951488,5283840,4857856,5287936,0,5459968,4837376,0,7,0.0,0,0,0,0,0,0,10000,lks_capacity_64_timed_trace,0
0,0,0,0,0,0,64,0.0,0,0,0,0.3906,0,0,0,local_drag,0.0,0,0,10000,0,0.0,0,0,0,0,0,0,28.3,0,1.2278,0,True,0.0,0.100001,4.5,0.3,0,0.0401,0.0,0,5816320,5951488,5283840,4857856,5287936,0,5459968,4837376,1,7,0.0,0,0,0,0,0,0,10000,lks_capacity_64_timed_trace,0
0,0,0,0,0,0,64,0.0,0,0,0,0.3797,0,0,0,local_drag,0.0,0,0,10000,0,0.0,0,0,0,0,0,0,82.0,0,1.2064,0,True,0.0,0.100001,3.8,0.200001,0,0.0401,0.0,0,5816320,5951488,5283840,4857856,5287936,0,5459968,4837376,2,7,0.0,0,0,0,0,0,0,10000,lks_capacity_64_timed_trace,0
556192,10398,621620,0,506552,0,64,0.0,462168,0,0,0.6184,0,1,4344,local_drag,0.0,10398,4714,10000,0,0.0,20850,4,159,11,1,1,64.4,161,2.0406,715,True,0.1,0.100001,6.3,0.4,506552,0.043,0.0,334,6152192,6287360,5382144,5382144,5382144,0,5693440,4841472,0,7,0.0,5440,0,0,0,257,396,10000,lks_capacity_64_diagnostic_trace,0
0,0,0,0,0,0,64,0.0,0,0,0,0.3986,0,0,0,distant_drag,0.0,0,0,10000,0,0.0,0,0,0,0,0,0,209.1,0,2.2142,0,True,0.1,0.2,5.2,0.200001,0,0.0409,0.0,0,5816320,5951488,5316608,4857856,5320704,0,5316608,4837376,0,7,0.0,0,0,0,0,0,0,10000,lks_capacity_64_timed_trace,0
0,0,0,0,0,0,64,0.0,0,0,0,0.3926,0,0,0,distant_drag,0.0,0,0,10000,0,0.0,0,0,0,0,0,0,23.099999,0,1.8084,0,True,0.1,0.2,4.9,0.200001,0,0.0411,0.0,0,5816320,5951488,5316608,4857856,5320704,0,5316608,4837376,1,7,0.0,0,0,0,0,0,0,10000,lks_capacity_64_timed_trace,0
0,0,0,0,0,0,64,0.0,0,0,0,0.6207,0,0,0,distant_drag,0.0,0,0,10000,0,0.0,0,0,0,0,0,0,21.3,0,1.8979,0,True,0.1,0.2,4.3,0.3,0,0.0495,0.0,0,5820416,5955584,5320704,4861952,5324800,0,5320704,4841472,2,7,0.0,0,0,0,0,0,0,10000,lks_capacity_64_timed_trace,0
602328,10477,1384455,0,506552,0,64,0.0,466256,0,0,0.6588,0,1,4344,distant_drag,0.0,10477,6248,10000,0,0.0,30993,4,159,18,1,1,35.7,233,2.3387,0,True,0.1,0.200001,4.4,0.3,506552,0.0424,0.0,371,6160384,6287360,5378048,4943872,5378048,0,5447680,4837376,0,7,0.0,5440,0,0,0,518,475,10000,lks_capacity_64_diagnostic_trace,0
0,0,0,0,0,0,64,0.0,0,0,0,0.798,0,0,0,churn,0.0,0,0,10000,0,0.0,0,0,0,0,0,0,45.799999,0,1.6971,0,True,0.1,0.100001,3.8,0.3,0,0.0891,0.0,0,5816320,5947392,5279744,5283840,5283840,0,5627904,4837376,0,7,0.0,0,0,0,0,0,0,10000,lks_capacity_64_timed_trace,0
0,0,0,0,0,0,64,0.0,0,0,0,0.4042,0,0,0,churn,0.0,0,0,10000,0,0.0,0,0,0,0,0,0,231.3,0,2.0012,0,True,0.1,0.100001,5.6,0.200001,0,0.0426,0.0,0,5808128,5939200,5271552,5275648,5275648,0,5619712,4829184,1,7,0.0,0,0,0,0,0,0,10000,lks_capacity_64_timed_trace,0
0,0,0,0,0,0,64,0.0,0,0,0,0.4177,0,0,0,churn,0.0,0,0,10000,0,0.0,0,0,0,0,0,0,23.4,0,1.7911,0,True,0.1,0.2,3.7,0.3,0,0.0423,0.0,0,5816320,5947392,5279744,5283840,5283840,0,5627904,4837376,2,7,0.0,0,0,0,0,0,0,10000,lks_capacity_64_timed_trace,0
753568,15462,949977,0,506552,0,64,0.0,462168,0,0,0.6371,0,1,4344,churn,0.0,15462,6007,10000,0,0.0,20869,2,95,11,1,1,35.3,225,2.261,0,True,0.1,0.200001,4.3,0.3,506552,0.044,0.0,364,6160384,6287360,5378048,5378048,5378048,0,5791744,4841472,0,7,0.0,5440,0,0,0,409,460,10000,lks_capacity_64_diagnostic_trace,0
0,0,0,0,0,0,64,0.0,0,0,0,0.3916,73671,0,0,equal,0.0,0,0,0,0,0.0,0,0,0,0,0,0,49.8,0,0.8963,0,True,0.1,0.100001,7.0,0.200001,0,0.0427,0.0,0,0,5607424,4894720,4894720,4894720,0,4935680,4603904,0,7,0.0,0,0,0,0,0,0,10000,lks_capacity_64_timed_trace,0
0,0,0,0,0,0,64,0.0,0,0,0,0.3951,73671,0,0,equal,0.0,0,0,0,0,0.0,0,0,0,0,0,0,25.3,0,0.8541,0,True,0.1,0.100001,8.0,0.200001,0,0.0425,0.0,0,0,5599232,4886528,4886528,4886528,0,4927488,4595712,1,7,0.0,0,0,0,0,0,0,10000,lks_capacity_64_timed_trace,0
0,0,0,0,0,0,64,0.0,0,0,0,0.4067,73671,0,0,equal,0.0,0,0,0,0,0.0,0,0,0,0,0,0,71.6,0,0.9652,0,True,0.1,0.100001,9.1,0.3,0,0.043,0.0,0,0,5595136,4882432,4882432,4882432,0,4923392,4599808,2,7,0.0,0,0,0,0,0,0,10000,lks_capacity_64_timed_trace,0
506584,10314,493800,0,0,0,64,0.0,506584,0,0,0.6025,73671,1,4376,equal,0.0,10314,2757,0,0,0.0,10311,2,65,11,0,1,37.4,0,1.1239,0,True,0.1,0.100001,8.9,0.3,506584,0.0451,0.0,303,0,5943296,4980736,4636672,4980736,0,4980736,4603904,0,7,0.0,5472,0,0,0,0,311,10000,lks_capacity_64_diagnostic_trace,0
0,0,0,0,0,0,64,0.0,0,0,0,0.3988,124677,0,0,duplicates,0.0,0,0,0,0,0.0,0,0,0,0,0,0,38.0,0,1.257,0,True,0.1,0.2,8.2,0.3,0,0.0442,0.0,0,0,5603328,4927488,4669440,4927488,0,4927488,4599808,0,7,0.0,0,0,0,0,0,0,10000,lks_capacity_64_timed_trace,0
0,0,0,0,0,0,64,0.0,0,0,0,0.4623,124677,0,0,duplicates,0.0,0,0,0,0,0.0,0,0,0,0,0,0,25.4,0,1.4867,0,True,0.1,0.200001,11.5,0.4,0,0.0897,0.0,0,0,5603328,4927488,4669440,4927488,0,4927488,4599808,1,7,0.0,0,0,0,0,0,0,10000,lks_capacity_64_timed_trace,0
0,0,0,0,0,0,64,0.0,0,0,0,0.4599,124677,0,0,duplicates,0.0,0,0,0,0,0.0,0,0,0,0,0,0,160.7,0,2.0853,0,True,0.1,0.200001,20.7,0.9,0,0.0441,0.0,0,0,5607424,4931584,4673536,4931584,0,4931584,4603904,2,7,0.0,0,0,0,0,0,0,10000,lks_capacity_64_timed_trace,0
501912,10306,491826,0,0,0,64,0.0,501912,0,0,0.6541,124677,1,4376,duplicates,0.0,10306,2544,0,0,0.0,10303,2,65,12,0,1,140.2,0,2.5868,0,True,0.1,0.5,17.8,1.6,501912,0.0509,0.0,212,0,5943296,5013504,4673536,5013504,0,5066752,4603904,0,7,0.0,5472,0,0,0,0,303,10000,lks_capacity_64_diagnostic_trace,0
0,0,0,0,0,0,64,0.0,0,0,0,0.6288,0,0,0,timeline,0.0,0,0,10000,0,0.0,0,0,0,0,0,0,27.7,0,2.0443,0,True,0.1,0.2,5.4,0.4,0,0.0458,0.0,0,5816320,6246400,5308416,4861952,5312512,0,5836800,4837376,0,7,0.0,0,0,0,0,0,0,10000,lks_capacity_64_timed_trace,0
0,0,0,0,0,0,64,0.0,0,0,0,0.6775,0,0,0,timeline,0.0,0,0,10000,0,0.0,0,0,0,0,0,0,31.600001,0,2.4173,0,True,0.1,0.200001,7.4,0.4,0,0.0472,0.0,0,5775360,6242304,5304320,4857856,5308416,0,5832704,4833280,1,7,0.0,0,0,0,0,0,0,10000,lks_capacity_64_timed_trace,0
0,0,0,0,0,0,64,0.0,0,0,0,0.8476,0,0,0,timeline,0.0,0,0,10000,0,0.0,0,0,0,0,0,0,34.7,0,2.1539,0,True,0.1,0.2,6.400001,0.3,0,0.0463,0.0,0,5816320,6246400,5308416,4861952,5312512,0,5836800,4837376,2,7,0.0,0,0,0,0,0,0,10000,lks_capacity_64_timed_trace,0
800120,18383,932670,0,506552,0,64,0.0,706528,0,0,1.0523,0,1,4344,timeline,0.0,18383,3802,10000,0,0.0,20448,2,95,11,1,1,63.0,51,2.8641,0,True,0.1,0.200001,7.9,0.4,706528,0.0461,0.0,335,6160384,6860800,5378048,5378048,5378048,0,6266880,4841472,0,7,0.0,5440,0,0,0,73,375,10000,lks_capacity_64_diagnostic_trace,0
0,0,0,0,0,0,128,0.0,0,0,0,0.4798,0,0,0,endpoint,0.0,0,0,0,0,0.0,0,0,0,0,0,0,27.6,0,0.9062,0,True,0.1,0.100001,8.7,0.3,0,0.0381,0.0,0,0,5586944,4931584,4935680,4935680,0,4972544,4603904,0,7,0.0,0,0,0,0,0,0,10000,lks_capacity_128_timed_trace,0
0,0,0,0,0,0,128,0.0,0,0,0,0.4816,0,0,0,endpoint,0.0,0,0,0,0,0.0,0,0,0,0,0,0,23.7,0,0.8656,0,True,0.1,0.100001,8.5,0.200001,0,0.0382,0.0,0,0,5582848,4927488,4931584,4931584,0,4968448,4599808,1,7,0.0,0,0,0,0,0,0,10000,lks_capacity_128_timed_trace,0
0,0,0,0,0,0,128,0.0,0,0,0,0.4693,0,0,0,endpoint,0.0,0,0,0,0,0.0,0,0,0,0,0,0,45.0,0,0.9441,0,True,0.1,0.100001,8.8,0.3,0,0.0376,0.0,0,0,5574656,4923392,4927488,4927488,0,4960256,4599808,2,7,0.0,0,0,0,0,0,0,10000,lks_capacity_128_timed_trace,0
495320,10157,970440,0,0,0,128,0.0,495320,0,0,0.9195,0,1,4344,endpoint,0.0,10157,1220,0,0,0.0,10155,2,129,10,0,1,89.0,0,1.6644,0,True,0.1,0.3,11.6,0.7,495320,0.0501,0.0,148,0,5931008,5054464,4689920,5009408,0,5054464,4608000,0,7,0.0,5952,0,0,0,0,155,10000,lks_capacity_128_diagnostic_trace,0
0,0,0,0,0,0,128,0.0,0,0,0,0.6738,120463,0,0,random,0.0,0,0,0,0,0.0,0,0,0,0,0,0,31.5,0,2.1632,0,True,0.2,0.3,9.2,0.4,0,0.0381,0.0,0,0,5566464,4972544,4653056,4972544,0,5423104,4603904,0,7,0.0,0,0,0,0,0,0,10000,lks_capacity_128_timed_trace,0
0,0,0,0,0,0,128,0.0,0,0,0,0.5565,120463,0,0,random,0.0,0,0,0,0,0.0,0,0,0,0,0,0,84.0,0,2.2888,0,True,0.2,0.3,9.8,0.4,0,0.0391,0.0,0,0,5562368,4968448,4648960,4968448,0,5419008,4599808,1,7,0.0,0,0,0,0,0,0,10000,lks_capacity_128_timed_trace,0
0,0,0,0,0,0,128,0.0,0,0,0,0.5796,120463,0,0,random,0.0,0,0,0,0,0.0,0,0,0,0,0,0,31.4,0,2.233,0,True,0.2,0.3,9.0,0.499999,0,0.0388,0.0,0,0,5558272,4964352,4644864,4964352,0,5414912,4595712,2,7,0.0,0,0,0,0,0,0,10000,lks_capacity_128_timed_trace,0
459184,10125,929781,0,0,0,128,0.0,459184,0,0,0.7442,120463,1,4376,random,0.0,10125,753,0,0,0.0,10122,2,129,8,0,1,35.999999,0,2.6479,0,True,0.200001,0.399999,10.100001,0.6,459184,0.0404,0.0,9,0,5894144,5046272,4722688,5046272,0,5578752,4603904,0,7,0.0,5984,0,0,0,0,122,10000,lks_capacity_128_diagnostic_trace,0
0,0,0,0,0,0,128,0.0,0,0,0,0.5014,0,0,0,local_drag,0.0,0,0,10000,0,0.0,0,0,0,0,0,0,25.6,0,1.2958,0,True,0.0,0.100001,4.8,0.200001,0,0.0344,0.0,0,5799936,5935104,5287936,5292032,5292032,0,5455872,4837376,0,7,0.0,0,0,0,0,0,0,10000,lks_capacity_128_timed_trace,0
0,0,0,0,0,0,128,0.0,0,0,0,0.4863,0,0,0,local_drag,0.0,0,0,10000,0,0.0,0,0,0,0,0,0,23.199999,0,1.2341,0,True,0.0,0.100001,4.199999,0.200001,0,0.0337,0.0,0,5804032,5939200,5287936,5292032,5292032,0,5459968,4841472,1,7,0.0,0,0,0,0,0,0,10000,lks_capacity_128_timed_trace,0
0,0,0,0,0,0,128,0.0,0,0,0,0.5169,0,0,0,local_drag,0.0,0,0,10000,0,0.0,0,0,0,0,0,0,27.1,0,1.3091,0,True,0.0,0.100001,5.800001,0.200001,0,0.034,0.0,0,5799936,5935104,5287936,5292032,5292032,0,5455872,4837376,2,7,0.0,0,0,0,0,0,0,10000,lks_capacity_128_timed_trace,0
540256,10198,1101239,0,495320,0,128,0.0,448192,0,0,0.6637,0,1,4344,local_drag,0.0,10198,2091,10000,0,0.0,20080,4,319,12,1,1,44.699999,84,1.8342,715,True,0.1,0.100001,5.899999,0.3,495320,0.0371,0.0,165,6148096,6279168,5361664,4927488,5361664,0,5697536,4841472,0,7,0.0,5952,0,0,0,134,196,10000,lks_capacity_128_diagnostic_trace,0
0,0,0,0,0,0,128,0.0,0,0,0,0.7915,0,0,0,distant_drag,0.0,0,0,10000,0,0.0,0,0,0,0,0,0,35.5,0,3.0518,0,True,0.1,0.200001,4.0,0.3,0,0.0466,0.0,0,5795840,5931008,5279744,5283840,5283840,0,5373952,4833280,0,7,0.0,0,0,0,0,0,0,10000,lks_capacity_128_timed_trace,0
0,0,0,0,0,0,128,0.0,0,0,0,0.6147,0,0,0,distant_drag,0.0,0,0,10000,0,0.0,0,0,0,0,0,0,41.0,0,2.4852,0,True,0.1,0.200001,5.5,0.3,0,0.0409,0.0,0,5804032,5939200,5287936,5292032,5292032,0,5382144,4841472,1,7,0.0,0,0,0,0,0,0,10000,lks_capacity_128_timed_trace,0
0,0,0,0,0,0,128,0.0,0,0,0,0.5804,0,0,0,distant_drag,0.0,0,0,10000,0,0.0,0,0,0,0,0,0,34.6,0,2.5409,0,True,0.1,0.200001,4.1,0.399999,0,0.0452,0.0,0,5799936,5935104,5283840,5287936,5287936,0,5378048,4837376,2,7,0.0,0,0,0,0,0,0,10000,lks_capacity_128_timed_trace,0
607112,10259,2666879,0,495320,0,128,0.0,460248,0,0,0.96,0,1,4344,distant_drag,0.0,10259,3094,10000,0,0.0,30596,4,319,15,1,1,45.5,134,3.1017,0,True,0.1,0.3,5.6,0.6,495320,0.0402,0.0,205,6144000,6275072,5406720,4919296,5406720,0,5406720,4837376,0,7,0.0,5952,0,0,0,339,257,10000,lks_capacity_128_diagnostic_trace,0
0,0,0,0,0,0,128,0.0,0,0,0,0.6114,0,0,0,churn,0.0,0,0,10000,0,0.0,0,0,0,0,0,0,64.700001,0,2.7311,0,True,0.1,0.200001,4.8,0.7,0,0.0386,0.0,0,5799936,5931008,5279744,5283840,5283840,0,5627904,4837376,0,7,0.0,0,0,0,0,0,0,10000,lks_capacity_128_timed_trace,0
0,0,0,0,0,0,128,0.0,0,0,0,0.678,0,0,0,churn,0.0,0,0,10000,0,0.0,0,0,0,0,0,0,75.200001,0,3.1612,0,True,0.1,0.3,8.8,0.6,0,0.0425,0.0,0,5799936,5931008,5279744,5283840,5283840,0,5627904,4837376,1,7,0.0,0,0,0,0,0,0,10000,lks_capacity_128_timed_trace,0
0,0,0,0,0,0,128,0.0,0,0,0,0.5539,0,0,0,churn,0.0,0,0,10000,0,0.0,0,0,0,0,0,0,30.499999,0,2.323,0,True,0.1,0.200001,4.9,0.3,0,0.0394,0.0,0,5804032,5935104,5283840,5287936,5287936,0,5632000,4841472,2,7,0.0,0,0,0,0,0,0,10000,lks_capacity_128_timed_trace,0
734232,15229,1845322,0,495320,0,128,0.0,460248,0,0,0.6893,0,1,4344,churn,0.0,15229,2597,10000,0,0.0,20487,2,191,10,1,1,75.200001,104,2.9594,0,True,0.1,0.200001,7.3,0.5,495320,0.0407,0.0,178,6148096,6279168,5419008,5419008,5419008,0,5898240,4845568,0,7,0.0,5952,0,0,0,260,227,10000,lks_capacity_128_diagnostic_trace,0
0,0,0,0,0,0,128,0.0,0,0,0,0.5014,63736,0,0,equal,0.0,0,0,0,0,0.0,0,0,0,0,0,0,24.299999,0,0.9749,0,True,0.1,0.100001,9.5,0.200001,0,0.0377,0.0,0,0,5582848,4927488,4689920,4927488,0,4968448,4599808,0,7,0.0,0,0,0,0,0,0,10000,lks_capacity_128_timed_trace,0
0,0,0,0,0,0,128,0.0,0,0,0,0.5153,63736,0,0,equal,0.0,0,0,0,0,0.0,0,0,0,0,0,0,25.6,0,0.9588,0,True,0.1,0.100001,8.7,0.3,0,0.0377,0.0,0,0,5582848,4927488,4689920,4927488,0,4968448,4599808,1,7,0.0,0,0,0,0,0,0,10000,lks_capacity_128_timed_trace,0
0,0,0,0,0,0,128,0.0,0,0,0,0.5008,63736,0,0,equal,0.0,0,0,0,0,0.0,0,0,0,0,0,0,21.700001,0,0.9153,0,True,0.1,0.100001,7.299999,0.200001,0,0.0384,0.0,0,0,5591040,4935680,4698112,4935680,0,4976640,4599808,2,7,0.0,0,0,0,0,0,0,10000,lks_capacity_128_timed_trace,0
495352,10158,970440,0,0,0,128,0.0,495352,0,0,0.6642,63736,1,4376,equal,0.0,10158,1220,0,0,0.0,10155,2,129,10,0,1,26.799999,0,1.1725,0,True,0.1,0.100001,9.4,0.3,495352,0.0388,0.0,148,0,5926912,5050368,4685824,5005312,0,5050368,4603904,0,7,0.0,5984,0,0,0,0,155,10000,lks_capacity_128_diagnostic_trace,0
0,0,0,0,0,0,128,0.0,0,0,0,0.4949,121907,0,0,duplicates,0.0,0,0,0,0,0.0,0,0,0,0,0,0,22.8,0,1.372,0,True,0.1,0.200001,7.5,0.3,0,0.039,0.0,0,0,5562368,5001216,4648960,5001216,0,5001216,4599808,0,7,0.0,0,0,0,0,0,0,10000,lks_capacity_128_timed_trace,0
0,0,0,0,0,0,128,0.0,0,0,0,0.499,121907,0,0,duplicates,0.0,0,0,0,0,0.0,0,0,0,0,0,0,23.199999,0,1.3429,0,True,0.1,0.200001,7.2,0.3,0,0.0386,0.0,0,0,5562368,5001216,4648960,5001216,0,5001216,4599808,1,7,0.0,0,0,0,0,0,0,10000,lks_capacity_128_timed_trace,0
0,0,0,0,0,0,128,0.0,0,0,0,0.4924,121907,0,0,duplicates,0.0,0,0,0,0,0.0,0,0,0,0,0,0,23.600001,0,1.376,0,True,0.1,0.200001,7.8,0.3,0,0.0388,0.0,0,0,5562368,5001216,4648960,5001216,0,5001216,4599808,2,7,0.0,0,0,0,0,0,0,10000,lks_capacity_128_timed_trace,0
483296,10147,964378,0,0,0,128,0.0,483296,0,0,0.6766,121907,1,4376,duplicates,0.0,10147,1006,0,0,0.0,10144,2,129,10,0,1,27.1,0,1.6725,0,True,0.1,0.200001,7.899999,0.3,483296,0.0484,0.0,69,0,5926912,5046272,4685824,5046272,0,5046272,4603904,0,7,0.0,5984,0,0,0,0,144,10000,lks_capacity_128_diagnostic_trace,0
0,0,0,0,0,0,128,0.0,0,0,0,0.872,0,0,0,timeline,0.0,0,0,10000,0,0.0,0,0,0,0,0,0,23.299999,0,2.1124,0,True,0.1,0.2,4.1,0.3,0,0.0407,0.0,0,5804032,6234112,5312512,5316608,5316608,0,5767168,4841472,0,7,0.0,0,0,0,0,0,0,10000,lks_capacity_128_timed_trace,0
0,0,0,0,0,0,128,0.0,0,0,0,0.8719,0,0,0,timeline,0.0,0,0,10000,0,0.0,0,0,0,0,0,0,125.5,0,2.3505,0,True,0.1,0.200001,5.1,0.3,0,0.0403,0.0,0,5804032,6242304,5316608,4870144,5320704,0,5881856,4845568,1,7,0.0,0,0,0,0,0,0,10000,lks_capacity_128_timed_trace,0
0,0,0,0,0,0,128,0.0,0,0,0,0.8637,0,0,0,timeline,0.0,0,0,10000,0,0.0,0,0,0,0,0,0,43.8,0,2.2892,0,True,0.1,0.200001,5.3,0.399999,0,0.0405,0.0,0,5795840,6225920,5304320,5308416,5308416,0,5758976,4833280,2,7,0.0,0,0,0,0,0,0,10000,lks_capacity_128_timed_trace,0
786584,18195,1828158,0,495320,0,128,0.0,690992,0,0,1.2157,0,1,4344,timeline,0.0,18195,1714,10000,0,0.0,20233,2,191,10,1,1,47.0,29,3.0893,0,True,0.1,0.3,7.9,0.4,690992,0.0413,0.0,167,6144000,6844416,5386240,4931584,5386240,0,6021120,4841472,0,7,0.0,5952,0,0,0,46,187,10000,lks_capacity_128_diagnostic_trace,0
0,0,0,0,0,0,256,0.0,0,0,0,0.7853,0,0,0,endpoint,0.0,0,0,0,0,0.0,0,0,0,0,0,0,28.3,0,1.2324,0,True,0.1,0.100001,12.4,0.3,0,0.03,0.0,0,0,5582848,4927488,4931584,4931584,0,4927488,4599808,0,7,0.0,0,0,0,0,0,0,10000,lks_capacity_256_timed_trace,0
0,0,0,0,0,0,256,0.0,0,0,0,1.0553,0,0,0,endpoint,0.0,0,0,0,0,0.0,0,0,0,0,0,0,27.0,0,1.25,0,True,0.1,0.100001,10.600001,0.3,0,0.0302,0.0,0,0,5578752,4923392,4927488,4927488,0,4923392,4595712,1,7,0.0,0,0,0,0,0,0,10000,lks_capacity_256_timed_trace,0
0,0,0,0,0,0,256,0.0,0,0,0,0.8035,0,0,0,endpoint,0.0,0,0,0,0,0.0,0,0,0,0,0,0,23.9,0,1.1745,0,True,0.1,0.100001,10.6,0.3,0,0.0297,0.0,0,0,5582848,4927488,4931584,4931584,0,4927488,4599808,2,7,0.0,0,0,0,0,0,0,10000,lks_capacity_256_timed_trace,0
489704,10079,1917576,0,0,0,256,0.0,489704,0,0,0.9034,0,1,4344,endpoint,0.0,10079,530,0,0,0.0,10077,2,257,9,0,1,240.4,0,1.5625,0,True,0.1,0.2,10.799999,0.3,489704,0.0309,0.0,71,0,5931008,5025792,4665344,4984832,0,5025792,4608000,0,7,0.0,6976,0,0,0,0,77,10000,lks_capacity_256_diagnostic_trace,0
0,0,0,0,0,0,256,0.0,0,0,0,0.9546,121518,0,0,random,0.0,0,0,0,0,0.0,0,0,0,0,0,0,229.300001,0,2.7937,0,True,0.200001,0.3,11.7,0.499999,0,0.0281,0.0,0,0,5595136,5062656,4739072,5062656,0,5378048,4599808,0,7,0.0,0,0,0,0,0,0,10000,lks_capacity_256_timed_trace,0
0,0,0,0,0,0,256,0.0,0,0,0,0.894,121518,0,0,random,0.0,0,0,0,0,0.0,0,0,0,0,0,0,25.6,0,2.5063,0,True,0.200001,0.3,9.0,0.5,0,0.0285,0.0,0,0,5591040,5058560,4734976,5058560,0,5373952,4595712,1,7,0.0,0,0,0,0,0,0,10000,lks_capacity_256_timed_trace,0
0,0,0,0,0,0,256,0.0,0,0,0,0.8967,121518,0,0,random,0.0,0,0,0,0,0.0,0,0,0,0,0,0,74.2,0,2.7311,0,True,0.200001,0.3,13.0,0.6,0,0.0288,0.0,0,0,5599232,5066752,4743168,5066752,0,5382144,4603904,2,7,0.0,0,0,0,0,0,0,10000,lks_capacity_256_timed_trace,0
460056,10066,1830778,0,0,0,256,0.0,460056,0,0,1.1311,121518,1,4376,random,0.0,10066,354,0,0,0.0,10063,2,257,7,0,1,134.2,0,4.1382,0,True,0.3,0.7,35.6,1.6,460056,0.0298,0.0,16,0,5926912,4984832,4661248,4984832,0,5656576,4603904,0,7,0.0,7008,0,0,0,0,63,10000,lks_capacity_256_diagnostic_trace,0
0,0,0,0,0,0,256,0.0,0,0,0,0.7815,0,0,0,local_drag,0.0,0,0,10000,0,0.0,0,0,0,0,0,0,85.9,0,2.1547,0,True,0.1,0.2,7.3,0.4,0,0.0268,0.0,0,5812224,5943296,5423104,5427200,5427200,0,5423104,4841472,0,7,0.0,0,0,0,0,0,0,10000,lks_capacity_256_timed_trace,0
0,0,0,0,0,0,256,0.0,0,0,0,1.2835,0,0,0,local_drag,0.0,0,0,10000,0,0.0,0,0,0,0,0,0,23.0,0,1.5138,0,True,0.1,0.100001,3.1,0.3,0,0.0273,0.0,0,5812224,5943296,5423104,5427200,5427200,0,5423104,4841472,1,7,0.0,0,0,0,0,0,0,10000,lks_capacity_256_timed_trace,0
0,0,0,0,0,0,256,0.0,0,0,0,0.8411,0,0,0,local_drag,0.0,0,0,10000,0,0.0,0,0,0,0,0,0,31.099999,0,1.6906,0,True,0.1,0.100001,5.6,0.3,0,0.0276,0.0,0,5804032,5935104,5414912,5419008,5419008,0,5414912,4833280,2,7,0.0,0,0,0,0,0,0,10000,lks_capacity_256_timed_trace,0
534224,10100,2053400,0,489704,0,256,0.0,449424,0,0,1.6749,0,1,4344,local_drag,0.0,10100,915,10000,0,0.0,19694,4,639,10,1,1,90.799999,40,2.7289,715,True,0.1,0.200001,6.8,0.4,489704,0.0427,0.0,77,6152192,6283264,5341184,4907008,5341184,0,5701632,4841472,0,7,0.0,6976,0,0,0,68,98,10000,lks_capacity_256_diagnostic_trace,0
0,0,0,0,0,0,256,0.0,0,0,0,0.7875,0,0,0,distant_drag,0.0,0,0,10000,0,0.0,0,0,0,0,0,0,52.2,0,3.3722,0,True,0.100001,0.3,3.8,0.4,0,0.0277,0.0,0,5771264,5939200,5410816,5414912,5414912,0,5410816,4837376,0,7,0.0,0,0,0,0,0,0,10000,lks_capacity_256_timed_trace,0
0,0,0,0,0,0,256,0.0,0,0,0,0.8112,0,0,0,distant_drag,0.0,0,0,10000,0,0.0,0,0,0,0,0,0,226.5,0,3.6159,0,True,0.100001,0.3,5.9,0.399999,0,0.0277,0.0,0,5808128,5939200,5410816,5414912,5414912,0,5410816,4837376,1,7,0.0,0,0,0,0,0,0,10000,lks_capacity_256_timed_trace,0
0,0,0,0,0,0,256,0.0,0,0,0,1.0159,0,0,0,distant_drag,0.0,0,0,10000,0,0.0,0,0,0,0,0,0,22.6,0,3.2764,0,True,0.100001,0.3,3.3,0.3,0,0.0278,0.0,0,5812224,5943296,5414912,5419008,5419008,0,5414912,4841472,2,7,0.0,0,0,0,0,0,0,10000,lks_capacity_256_timed_trace,0
621144,10141,5442253,0,489704,0,256,0.0,451544,0,0,0.9979,0,1,4344,distant_drag,0.0,10141,1477,10000,0,0.0,30321,4,640,14,1,1,105.7,80,4.1591,0,True,0.2,0.3,4.500001,0.7,489704,0.0285,0.0,93,6144000,6275072,5402624,4898816,5402624,0,5500928,4833280,0,7,0.0,6976,0,0,0,182,139,10000,lks_capacity_256_diagnostic_trace,0
0,0,0,0,0,0,256,0.0,0,0,0,0.7563,0,0,0,churn,0.0,0,0,10000,0,0.0,0,0,0,0,0,0,34.4,0,2.7488,0,True,0.1,0.200001,3.6,0.3,0,0.0325,0.0,0,5775360,5902336,5373952,4972544,5378048,0,5672960,4841472,0,7,0.0,0,0,0,0,0,0,10000,lks_capacity_256_timed_trace,0
0,0,0,0,0,0,256,0.0,0,0,0,0.821,0,0,0,churn,0.0,0,0,10000,0,0.0,0,0,0,0,0,0,31.0,0,2.7642,0,True,0.1,0.200001,4.1,0.3,0,0.0264,0.0,0,5799936,5926912,5398528,4968448,5402624,0,5697536,4837376,1,7,0.0,0,0,0,0,0,0,10000,lks_capacity_256_timed_trace,0
0,0,0,0,0,0,256,0.0,0,0,0,1.6382,0,0,0,churn,0.0,0,0,10000,0,0.0,0,0,0,0,0,0,36.4,0,2.6584,0,True,0.1,0.200001,3.7,0.3,0,0.0261,0.0,0,5799936,5926912,5398528,4968448,5402624,0,5697536,4837376,2,7,0.0,0,0,0,0,0,0,10000,lks_capacity_256_timed_trace,0
749344,15126,3680518,0,489704,0,256,0.0,451544,0,0,0.9477,0,1,4344,churn,0.0,15126,1293,10000,0,0.0,20258,2,383,9,1,1,41.900001,65,3.425,0,True,0.100001,0.3,5.0,0.4,489704,0.0279,0.0,85,6144000,6270976,5365760,5365760,5365760,0,5779456,4841472,0,7,0.0,6976,0,0,0,134,124,10000,lks_capacity_256_diagnostic_trace,0
0,0,0,0,0,0,256,0.0,0,0,0,0.8387,53865,0,0,equal,0.0,0,0,0,0,0.0,0,0,0,0,0,0,22.499999,0,1.152,0,True,0.1,0.100001,8.4,0.200001,0,0.0299,0.0,0,0,5595136,4935680,4677632,4935680,0,4935680,4599808,0,7,0.0,0,0,0,0,0,0,10000,lks_capacity_256_timed_trace,0
0,0,0,0,0,0,256,0.0,0,0,0,0.8162,53865,0,0,equal,0.0,0,0,0,0,0.0,0,0,0,0,0,0,22.5,0,1.1258,0,True,0.1,0.100001,8.399999,0.3,0,0.0302,0.0,0,0,5595136,4935680,4677632,4935680,0,4935680,4599808,1,7,0.0,0,0,0,0,0,0,10000,lks_capacity_256_timed_trace,0
0,0,0,0,0,0,256,0.0,0,0,0,0.8197,53865,0,0,equal,0.0,0,0,0,0,0.0,0,0,0,0,0,0,47.6,0,1.1845,0,True,0.1,0.100001,8.1,0.3,0,0.0352,0.0,0,0,5595136,4935680,4677632,4935680,0,4935680,4599808,2,7,0.0,0,0,0,0,0,0,10000,lks_capacity_256_timed_trace,0
489736,10080,1917576,0,0,0,256,0.0,489736,0,0,0.9417,53865,1,4376,equal,0.0,10080,530,0,0,0.0,10077,2,257,9,0,1,34.799999,0,1.3997,0,True,0.1,0.2,9.4,0.399999,489736,0.0322,0.0,71,0,5931008,5025792,4665344,4984832,0,5025792,4608000,0,7,0.0,7008,0,0,0,0,77,10000,lks_capacity_256_diagnostic_trace,0
0,0,0,0,0,0,256,0.0,0,0,0,0.8472,118838,0,0,duplicates,0.0,0,0,0,0,0.0,0,0,0,0,0,0,40.3,0,2.1013,0,True,0.2,0.4,13.0,0.6,0,0.0282,0.0,0,0,5595136,5070848,4734976,5070848,0,5070848,4599808,0,7,0.0,0,0,0,0,0,0,10000,lks_capacity_256_timed_trace,0
0,0,0,0,0,0,256,0.0,0,0,0,1.5104,118838,0,0,duplicates,0.0,0,0,0,0,0.0,0,0,0,0,0,0,37.6,0,2.1301,0,True,0.2,0.3,9.699999,0.4,0,0.0345,0.0,0,0,5595136,5070848,4734976,5070848,0,5070848,4599808,1,7,0.0,0,0,0,0,0,0,10000,lks_capacity_256_timed_trace,0
0,0,0,0,0,0,256,0.0,0,0,0,0.8267,118838,0,0,duplicates,0.0,0,0,0,0,0.0,0,0,0,0,0,0,34.4,0,1.8482,0,True,0.2,0.200001,11.399999,0.4,0,0.0331,0.0,0,0,5599232,5074944,4739072,5074944,0,5074944,4603904,2,7,0.0,0,0,0,0,0,0,10000,lks_capacity_256_timed_trace,0
464296,10068,1900116,0,0,0,256,0.0,464296,0,0,0.9358,118838,1,4376,duplicates,0.0,10068,364,0,0,0.0,10065,2,257,8,0,1,79.6,0,2.3943,0,True,0.2,0.3,16.200001,0.5,464296,0.0293,0.0,20,0,5922816,5009408,4653056,5009408,0,5009408,4599808,0,7,0.0,7008,0,0,0,0,65,10000,lks_capacity_256_diagnostic_trace,0
0,0,0,0,0,0,256,0.0,0,0,0,1.4831,0,0,0,timeline,0.0,0,0,10000,0,0.0,0,0,0,0,0,0,55.7,0,3.1549,0,True,0.1,0.3,5.5,0.4,0,0.0309,0.0,0,5808128,6238208,5423104,5427200,5427200,0,5857280,4837376,0,7,0.0,0,0,0,0,0,0,10000,lks_capacity_256_timed_trace,0
0,0,0,0,0,0,256,0.0,0,0,0,1.2745,0,0,0,timeline,0.0,0,0,10000,0,0.0,0,0,0,0,0,0,42.0,0,3.2115,0,True,0.1,0.3,6.6,0.5,0,0.0308,0.0,0,5771264,6238208,5423104,5427200,5427200,0,5857280,4837376,1,7,0.0,0,0,0,0,0,0,10000,lks_capacity_256_timed_trace,0
0,0,0,0,0,0,256,0.0,0,0,0,1.361,0,0,0,timeline,0.0,0,0,10000,0,0.0,0,0,0,0,0,0,24.700001,0,2.8314,0,True,0.1,0.200001,5.800001,0.3,0,0.0313,0.0,0,5808128,6238208,5423104,5427200,5427200,0,5857280,4837376,2,7,0.0,0,0,0,0,0,0,10000,lks_capacity_256_timed_trace,0
779816,18101,3618182,0,489704,0,256,0.0,684208,0,0,1.8636,0,1,4344,timeline,0.0,18101,755,10000,0,0.0,20116,2,381,9,1,1,56.2,15,4.3628,0,True,0.100001,0.499999,9.5,1.2,684208,0.0316,0.0,82,6152192,6848512,5369856,4915200,5369856,0,6057984,4845568,0,7,0.0,6976,0,0,0,23,93,10000,lks_capacity_256_diagnostic_trace,0
