allocation_bytes,allocations,assignments,association_capacity_bytes,built_requested,cadence,capacity,capture_ms,churn_requested,cleanup_live_blocks,cleanup_live_bytes,cleanup_ms,comparisons,diagnostic,empty_container_requested,family,format_ms,frees,index_writes,initial,key_bytes,load_ms,local_arrays,max_arrays,max_assignments,max_index,max_repairs,max_splits,max_us,merges,mutation_ms,noops,oracle,p50_us,p95_us,p999_us,p99_us,peak_requested,query_ms,restore_ms,rotations,rss_built,rss_churn,rss_empty,rss_final,rss_released,rss_retained,rss_small,rss_start,run,seed,serialize_ms,small_requested,snapshot_count,snapshot_peak,snapshot_row_bytes,source_repairs,splits,steps,target,wire_bytes
0,0,0,0,0,0,128,0.0,0,0,0,0.0555,3196,0,0,ascending,0.0,0,0,0,0,0.0,0,0,0,0,0,0,19.9,0,0.219,0,True,0.1,0.200001,5.8,3.2,0,0.0495,0.0,0,0,4562944,4509696,4481024,4509696,0,4509696,4370432,0,7,0.0,0,0,0,0,0,0,1024,layerkeysort_v4_trace,0
0,0,0,0,0,0,128,0.0,0,0,0,0.0541,3196,0,0,ascending,0.0,0,0,0,0,0.0,0,0,0,0,0,0,3.4,0,0.1062,0,True,0.1,0.100001,3.1,1.7,0,0.0169,0.0,0,0,4562944,4509696,4481024,4509696,0,4509696,4370432,1,7,0.0,0,0,0,0,0,0,1024,layerkeysort_v4_trace,0
0,0,0,0,0,0,128,0.0,0,0,0,0.0532,3196,0,0,ascending,0.0,0,0,0,0,0.0,0,0,0,0,0,0,7.9,0,0.1059,0,True,0.1,0.100001,3.1,1.8,0,0.018,0.0,0,0,4558848,4505600,4476928,4505600,0,4505600,4366336,2,7,0.0,0,0,0,0,0,0,1024,layerkeysort_v4_trace,0
53584,1041,95616,0,0,0,128,0.0,53584,0,0,0.0764,3196,1,4376,ascending,0.0,1041,64,0,0,0.0,1038,2,129,6,0,1,5.6,0,0.1346,0,True,0.1,0.100001,4.4,1.8,53584,0.018,0.0,11,0,4620288,4521984,4481024,4509696,0,4521984,4382720,0,7,0.0,5984,0,0,0,0,14,1024,layerkeysort_v4_trace_diagnostics,0
0,0,0,0,0,0,128,0.0,0,0,0,0.0542,9788,0,0,descending,0.0,0,0,0,0,0.0,0,0,0,0,0,0,4.3,0,0.1288,0,True,0.1,0.100001,3.2,1.8,0,0.0178,0.0,0,0,4554752,4493312,4468736,4493312,0,4493312,4366336,0,7,0.0,0,0,0,0,0,0,1024,layerkeysort_v4_trace,0
0,0,0,0,0,0,128,0.0,0,0,0,0.0531,9788,0,0,descending,0.0,0,0,0,0,0.0,0,0,0,0,0,0,4.0,0,0.1266,0,True,0.1,0.100001,3.1,1.9,0,0.0172,0.0,0,0,4550656,4489216,4464640,4489216,0,4489216,4362240,1,7,0.0,0,0,0,0,0,0,1024,layerkeysort_v4_trace,0
0,0,0,0,0,0,128,0.0,0,0,0,0.0576,9788,0,0,descending,0.0,0,0,0,0,0.0,0,0,0,0,0,0,4.8,0,0.1291,0,True,0.1,0.100001,3.2,1.9,0,0.0179,0.0,0,0,4550656,4489216,4464640,4489216,0,4489216,4362240,2,7,0.0,0,0,0,0,0,0,1024,layerkeysort_v4_trace,0
53584,1041,94825,0,0,0,128,0.0,53584,0,0,0.0822,9788,1,4376,descending,0.0,1041,64,0,0,0.0,1038,2,129,6,0,1,5.9,0,0.1557,0,True,0.1,0.2,4.2,1.9,53584,0.0178,0.0,18,0,4616192,4509696,4476928,4509696,0,4546560,4382720,0,7,0.0,5984,0,0,0,0,14,1024,layerkeysort_v4_trace_diagnostics,0
0,0,0,0,0,0,128,0.0,0,0,0,0.0779,9282,0,0,random,0.0,0,0,0,0,0.0,0,0,0,0,0,0,4.6,0,0.1733,0,True,0.1,0.200001,3.8,1.9,0,0.0144,0.0,0,0,4558848,4505600,4481024,4505600,0,4558848,4370432,0,7,0.0,0,0,0,0,0,0,1024,layerkeysort_v4_trace,0
0,0,0,0,0,0,128,0.0,0,0,0,0.0553,9282,0,0,random,0.0,0,0,0,0,0.0,0,0,0,0,0,0,4.9,0,0.1743,0,True,0.1,0.200001,4.2,1.4,0,0.0142,0.0,0,0,4554752,4501504,4476928,4501504,0,4554752,4378624,1,7,0.0,0,0,0,0,0,0,1024,layerkeysort_v4_trace,0
0,0,0,0,0,0,128,0.0,0,0,0,0.056,9282,0,0,random,0.0,0,0,0,0,0.0,0,0,0,0,0,0,8.4,0,0.1819,0,True,0.1,0.200001,4.5,1.400001,0,0.014,0.0,0,0,4558848,4505600,4481024,4505600,0,4558848,4382720,2,7,0.0,0,0,0,0,0,0,1024,layerkeysort_v4_trace,0
50296,1038,93248,0,0,0,128,0.0,50296,0,0,0.0808,9282,1,4376,random,0.0,1038,45,0,0,0.0,1035,2,129,6,0,1,6.400001,0,0.2034,0,True,0.2,0.200001,4.3,1.500001,50296,0.0143,0.0,6,0,4612096,4513792,4481024,4513792,0,4612096,4382720,0,7,0.0,5984,0,0,0,0,11,1024,layerkeysort_v4_trace_diagnostics,0
0,0,0,0,0,0,128,0.0,0,0,0,0.0534,3196,0,0,equal,0.0,0,0,0,0,0.0,0,0,0,0,0,0,3.6,0,0.0999,0,True,0.1,0.100001,3.499999,1.2,0,0.0177,0.0,0,0,4562944,4513792,4485120,4513792,0,4513792,4378624,0,7,0.0,0,0,0,0,0,0,1024,layerkeysort_v4_trace,0
0,0,0,0,0,0,128,0.0,0,0,0,0.053,3196,0,0,equal,0.0,0,0,0,0,0.0,0,0,0,0,0,0,3.5,0,0.098,0,True,0.1,0.100001,3.1,1.1,0,0.0171,0.0,0,0,4562944,4513792,4485120,4513792,0,4513792,4378624,1,7,0.0,0,0,0,0,0,0,1024,layerkeysort_v4_trace,0
0,0,0,0,0,0,128,0.0,0,0,0,0.0534,3196,0,0,equal,0.0,0,0,0,0,0.0,0,0,0,0,0,0,7.600001,0,0.1014,0,True,0.1,0.100001,3.4,1.2,0,0.0165,0.0,0,0,4562944,4513792,4485120,4513792,0,4513792,4382720,2,7,0.0,0,0,0,0,0,0,1024,layerkeysort_v4_trace,0
53584,1041,95616,0,0,0,128,0.0,53584,0,0,0.0773,3196,1,4376,equal,0.0,1041,64,0,0,0.0,1038,2,129,6,0,1,5.5,0,0.1336,0,True,0.1,0.100001,4.2,1.9,53584,0.0174,0.0,11,0,4620288,4521984,4481024,4509696,0,4521984,4382720,0,7,0.0,5984,0,0,0,0,14,1024,layerkeysort_v4_trace_diagnostics,0
0,0,0,0,0,0,128,0.0,0,0,0,0.0546,8867,0,0,duplicates,0.0,0,0,0,0,0.0,0,0,0,0,0,0,4.199999,0,0.1415,0,True,0.1,0.200001,3.300001,1.8,0,0.0139,0.0,0,0,4550656,4497408,4472832,4497408,0,4550656,4362240,0,7,0.0,0,0,0,0,0,0,1024,layerkeysort_v4_trace,0
0,0,0,0,0,0,128,0.0,0,0,0,0.0537,8867,0,0,duplicates,0.0,0,0,0,0,0.0,0,0,0,0,0,0,4.3,0,0.1399,0,True,0.1,0.2,3.3,1.8,0,0.0131,0.0,0,0,4558848,4505600,4481024,4505600,0,4558848,4370432,1,7,0.0,0,0,0,0,0,0,1024,layerkeysort_v4_trace,0
0,0,0,0,0,0,128,0.0,0,0,0,0.0534,8867,0,0,duplicates,0.0,0,0,0,0,0.0,0,0,0,0,0,0,7.6,0,0.1585,0,True,0.1,0.3,4.1,1.3,0,0.0132,0.0,0,0,4562944,4517888,4489216,4517888,0,4562944,4386816,2,7,0.0,0,0,0,0,0,0,1024,layerkeysort_v4_trace,0
50296,1038,93269,0,0,0,128,0.0,50296,0,0,0.0768,8867,1,4376,duplicates,0.0,1038,39,0,0,0.0,1035,2,129,4,0,1,10.9,0,0.3485,0,True,0.200001,0.4,8.100001,2.500001,50296,0.0278,0.0,2,0,4608000,4509696,4476928,4509696,0,4542464,4378624,0,7,0.0,5984,0,0,0,0,11,1024,layerkeysort_v4_trace_diagnostics,0
0,0,0,0,0,0,128,0.0,0,0,0,0.0828,10099,0,0,alternating,0.0,0,0,0,0,0.0,0,0,0,0,0,0,16.1,0,0.1724,0,True,0.1,0.2,10.4,2.100001,0,0.0173,0.0,0,0,4558848,4501504,4476928,4501504,0,4558848,4370432,0,7,0.0,0,0,0,0,0,0,1024,layerkeysort_v4_trace,0
0,0,0,0,0,0,128,0.0,0,0,0,0.0535,10099,0,0,alternating,0.0,0,0,0,0,0.0,0,0,0,0,0,0,4.3,0,0.136,0,True,0.1,0.2,3.4,1.9,0,0.0176,0.0,0,0,4550656,4493312,4468736,4493312,0,4550656,4362240,1,7,0.0,0,0,0,0,0,0,1024,layerkeysort_v4_trace,0
0,0,0,0,0,0,128,0.0,0,0,0,0.0549,10099,0,0,alternating,0.0,0,0,0,0,0.0,0,0,0,0,0,0,4.3,0,0.1379,0,True,0.1,0.2,3.5,1.9,0,0.0167,0.0,0,0,4554752,4497408,4472832,4497408,0,4554752,4366336,2,7,0.0,0,0,0,0,0,0,1024,layerkeysort_v4_trace,0
53584,1041,95196,0,0,0,128,0.0,53584,0,0,0.0786,10099,1,4376,alternating,0.0,1041,66,0,0,0.0,1038,2,129,7,0,1,5.7,0,0.1663,0,True,0.1,0.200001,4.5,2.3,53584,0.0176,0.0,17,0,4624384,4517888,4481024,4517888,0,4534272,4374528,0,7,0.0,5984,0,0,0,0,14,1024,layerkeysort_v4_trace_diagnostics,0
0,0,0,0,0,0,128,0.0,0,0,0,0.0569,0,0,0,hotspot,0.0,0,0,0,0,0.0,0,0,0,0,0,0,3.4,0,0.1155,0,True,0.1,0.100001,3.2,1.2,0,0.018,0.0,0,0,4546560,4497408,4472832,4501504,0,4497408,4374528,0,7,0.0,0,0,0,0,0,0,1024,layerkeysort_v4_trace,0
0,0,0,0,0,0,128,0.0,0,0,0,0.0556,0,0,0,hotspot,0.0,0,0,0,0,0.0,0,0,0,0,0,0,3.2,0,0.116,0,True,0.1,0.100001,3.1,1.3,0,0.0177,0.0,0,0,4554752,4505600,4481024,4509696,0,4505600,4382720,1,7,0.0,0,0,0,0,0,0,1024,layerkeysort_v4_trace,0
0,0,0,0,0,0,128,0.0,0,0,0,0.0798,0,0,0,hotspot,0.0,0,0,0,0,0.0,0,0,0,0,0,0,5.1,0,0.1306,0,True,0.1,0.100001,4.2,2.1,0,0.0183,0.0,0,0,4554752,4501504,4476928,4505600,0,4501504,4370432,2,7,0.0,0,0,0,0,0,0,1024,layerkeysort_v4_trace,0
53552,1040,95196,0,0,0,128,0.0,53552,0,0,0.0797,0,1,4344,hotspot,0.0,1040,66,0,0,0.0,1038,2,129,7,0,1,7.8,0,0.1682,0,True,0.1,0.2,6.800001,3.1,53552,0.0179,0.0,17,0,4620288,4513792,4481024,4513792,0,4530176,4382720,0,7,0.0,5952,0,0,0,0,14,1024,layerkeysort_v4_trace_diagnostics,0
0,0,0,0,0,0,128,0.0,0,0,0,0.0855,0,0,0,timeline,0.0,0,0,1024,0,0.0,0,0,0,0,0,0,6.8,0,0.2138,0,True,0.1,0.100001,4.2,0.4,0,0.0138,0.0,0,4493312,4632576,4571136,4505600,4575232,0,4632576,4407296,0,7,0.0,0,0,0,0,0,0,1024,layerkeysort_v4_trace,0
0,0,0,0,0,0,128,0.0,0,0,0,0.1431,0,0,0,timeline,0.0,0,0,1024,0,0.0,0,0,0,0,0,0,8.9,0,0.2778,0,True,0.1,0.200001,4.9,0.5,0,0.0231,0.0,0,4497408,4632576,4571136,4505600,4575232,0,4632576,4411392,1,7,0.0,0,0,0,0,0,0,1024,layerkeysort_v4_trace,0
0,0,0,0,0,0,128,0.0,0,0,0,0.1366,0,0,0,timeline,0.0,0,0,1024,0,0.0,0,0,0,0,0,0,7.600001,0,0.328,0,True,0.1,0.200001,4.9,0.7,0,0.0203,0.0,0,4493312,4628480,4562944,4497408,4567040,0,4628480,4403200,2,7,0.0,0,0,0,0,0,0,1024,layerkeysort_v4_trace,0
83504,1843,181198,0,53552,0,128,0.0,73016,0,0,0.2261,0,1,4344,timeline,0.0,1843,94,1024,0,0.0,2069,2,129,6,1,1,33.8,3,0.4907,0,True,0.2,0.3,8.1,1.2,73016,0.0213,0.0,11,4567040,4698112,4558848,4493312,4558848,0,4640768,4419584,0,7,0.0,5952,0,0,0,3,18,1024,layerkeysort_v4_trace_diagnostics,0
0,0,0,0,0,0,128,0.0,0,0,0,0.2133,9282,0,0,priority,0.0,0,0,0,0,0.0,0,0,0,0,0,0,14.7,0,0.3101,0,True,0.2,0.3,7.7,3.3,0,0.0239,0.0,0,0,4550656,4497408,4472832,4497408,0,4550656,4362240,0,7,0.0,0,0,0,0,0,0,1024,layerkeysort_v4_trace,0
0,0,0,0,0,0,128,0.0,0,0,0,0.0645,9282,0,0,priority,0.0,0,0,0,0,0.0,0,0,0,0,0,0,6.3,0,0.2077,0,True,0.2,0.200001,4.3,2.299999,0,0.0165,0.0,0,0,4554752,4501504,4476928,4501504,0,4554752,4366336,1,7,0.0,0,0,0,0,0,0,1024,layerkeysort_v4_trace,0
0,0,0,0,0,0,128,0.0,0,0,0,0.0569,9282,0,0,priority,0.0,0,0,0,0,0.0,0,0,0,0,0,0,8.0,0,0.247,0,True,0.2,0.399999,5.5,2.1,0,0.0148,0.0,0,0,4554752,4501504,4476928,4501504,0,4554752,4366336,2,7,0.0,0,0,0,0,0,0,1024,layerkeysort_v4_trace,0
50296,1038,93248,0,0,0,128,0.0,50296,0,0,0.0834,9282,1,4376,priority,0.0,1038,45,0,0,0.0,1035,2,129,6,0,1,7.500001,0,0.2081,0,True,0.2,0.200001,5.0,1.500001,50296,0.0146,0.0,6,0,4612096,4513792,4481024,4513792,0,4612096,4382720,0,7,0.0,5984,0,0,0,0,11,1024,layerkeysort_v4_trace_diagnostics,0
0,0,0,0,0,0,128,0.0,0,0,0,0.0847,0,0,0,local,0.0,0,0,1024,0,0.0,0,0,0,0,0,0,6.2,0,0.2167,0,True,0.1,0.100001,4.5,0.5,0,0.0155,0.0,0,4497408,4648960,4599808,4517888,4603904,0,4599808,4411392,0,7,0.0,0,0,0,0,0,0,1024,layerkeysort_v4_trace,0
0,0,0,0,0,0,128,0.0,0,0,0,0.0759,0,0,0,local,0.0,0,0,1024,0,0.0,0,0,0,0,0,0,6.1,0,0.2088,0,True,0.1,0.100001,3.5,0.4,0,0.0151,0.0,0,4497408,4653056,4603904,4521984,4608000,0,4603904,4411392,1,7,0.0,0,0,0,0,0,0,1024,layerkeysort_v4_trace,0
0,0,0,0,0,0,128,0.0,0,0,0,0.0793,0,0,0,local,0.0,0,0,1024,0,0.0,0,0,0,0,0,0,7.5,0,0.2135,0,True,0.1,0.100001,4.2,0.5,0,0.0147,0.0,0,4493312,4648960,4599808,4517888,4603904,0,4599808,4407296,2,7,0.0,0,0,0,0,0,0,1024,layerkeysort_v4_trace,0
92272,1851,195703,0,53552,0,128,0.0,74112,0,0,0.1156,0,1,4344,local,0.0,1851,182,1024,0,0.0,2093,2,189,8,1,1,6.0,10,0.2625,0,True,0.1,0.2,4.7,0.6,74112,0.015,0.0,18,4567040,4714496,4575232,4509696,4575232,0,4591616,4419584,0,7,0.0,5952,0,0,0,19,26,1024,layerkeysort_v4_trace_diagnostics,0
0,0,0,0,0,0,128,0.0,0,0,0,0.0536,0,0,0,churn,0.0,0,0,1024,0,0.0,0,0,0,0,0,0,3.1,0,0.177,0,True,0.1,0.100001,2.799999,0.3,0,0.0155,0.0,0,4497408,4595712,4546560,4485120,4550656,0,4595712,4411392,0,7,0.0,0,0,0,0,0,0,1024,layerkeysort_v4_trace,0
0,0,0,0,0,0,128,0.0,0,0,0,0.0548,0,0,0,churn,0.0,0,0,1024,0,0.0,0,0,0,0,0,0,6.300001,0,0.1999,0,True,0.1,0.100001,3.9,0.5,0,0.0152,0.0,0,4493312,4591616,4542464,4481024,4546560,0,4591616,4407296,1,7,0.0,0,0,0,0,0,0,1024,layerkeysort_v4_trace,0
0,0,0,0,0,0,128,0.0,0,0,0,0.0534,0,0,0,churn,0.0,0,0,1024,0,0.0,0,0,0,0,0,0,3.5,0,0.1808,0,True,0.1,0.100001,2.999999,0.399999,0,0.0156,0.0,0,4497408,4595712,4546560,4485120,4550656,0,4595712,4411392,2,7,0.0,0,0,0,0,0,0,1024,layerkeysort_v4_trace,0
86376,1567,182754,0,53552,0,128,0.0,51360,0,0,0.076,0,1,4344,churn,0.0,1567,213,1024,0,0.0,2107,2,190,6,1,1,6.2,17,0.2915,0,True,0.1,0.200001,5.700001,0.8,53552,0.0148,0.0,18,4567040,4657152,4554752,4489216,4554752,0,4657152,4415488,0,7,0.0,5952,0,0,0,30,29,1024,layerkeysort_v4_trace_diagnostics,0
0,0,0,0,0,0,128,0.0,0,0,0,0.0842,0,0,0,large_timeline,0.0,0,0,1024,0,0.0,0,0,0,0,0,0,6.3,0,0.1965,0,True,0.1,0.100001,2.9,0.4,0,0.0135,0.0,0,4493312,4628480,4567040,4501504,4571136,0,4628480,4407296,0,7,0.0,0,0,0,0,0,0,1024,layerkeysort_v4_trace,0
0,0,0,0,0,0,128,0.0,0,0,0,0.0813,0,0,0,large_timeline,0.0,0,0,1024,0,0.0,0,0,0,0,0,0,5.5,0,0.1935,0,True,0.1,0.100001,3.0,0.4,0,0.0128,0.0,0,4497408,4632576,4571136,4505600,4575232,0,4632576,4411392,1,7,0.0,0,0,0,0,0,0,1024,layerkeysort_v4_trace,0
0,0,0,0,0,0,128,0.0,0,0,0,0.0825,0,0,0,large_timeline,0.0,0,0,1024,0,0.0,0,0,0,0,0,0,5.7,0,0.2003,0,True,0.1,0.100001,3.7,0.4,0,0.0135,0.0,0,4501504,4636672,4575232,4509696,4579328,0,4636672,4415488,2,7,0.0,0,0,0,0,0,0,1024,layerkeysort_v4_trace,0
83504,1843,181198,0,53552,0,128,0.0,73016,0,0,0.123,0,1,4344,large_timeline,0.0,1843,94,1024,0,0.0,2069,2,129,6,1,1,5.3,3,0.257,0,True,0.1,0.2,5.1,0.6,73016,0.0129,0.0,11,4558848,4689920,4550656,4485120,4550656,0,4632576,4411392,0,7,0.0,5952,0,0,0,3,18,1024,layerkeysort_v4_trace_diagnostics,0
0,0,0,0,0,0,128,0.0,0,0,0,0.0582,0,0,0,local_drag,0.0,0,0,1024,0,0.0,0,0,0,0,0,0,32.299999,0,0.2513,0,True,0.1,0.200001,5.3,0.9,0,0.0141,0.0,0,4497408,4599808,4546560,4489216,4550656,0,4546560,4411392,0,7,0.0,0,0,0,0,0,0,1024,layerkeysort_v4_trace,0
0,0,0,0,0,0,128,0.0,0,0,0,0.0556,0,0,0,local_drag,0.0,0,0,1024,0,0.0,0,0,0,0,0,0,3.200001,0,0.1241,0,True,0.0,0.100001,2.9,0.3,0,0.0136,0.0,0,4493312,4595712,4542464,4485120,4546560,0,4542464,4407296,1,7,0.0,0,0,0,0,0,0,1024,layerkeysort_v4_trace,0
0,0,0,0,0,0,128,0.0,0,0,0,0.0557,0,0,0,local_drag,0.0,0,0,1024,0,0.0,0,0,0,0,0,0,4.1,0,0.1285,0,True,0.0,0.100001,3.0,0.3,0,0.0127,0.0,0,4497408,4599808,4546560,4489216,4550656,0,4546560,4411392,2,7,0.0,0,0,0,0,0,0,1024,layerkeysort_v4_trace,0
60128,1046,108924,0,53552,0,128,0.0,51360,0,0,0.0748,0,1,4344,local_drag,0.0,1046,125,1024,0,0.0,2058,4,319,6,1,1,7.2,8,0.2677,74,True,0.1,0.200001,5.899999,0.8,53552,0.0144,0.0,18,4567040,4661248,4558848,4493312,4558848,0,4608000,4407296,0,7,0.0,5952,0,0,0,17,20,1024,layerkeysort_v4_trace_diagnostics,0
0,0,0,0,0,0,128,0.0,0,0,0,0.0577,0,0,0,front_back,0.0,0,0,1024,0,0.0,0,0,0,0,0,0,3.9,0,0.2042,0,True,0.1,0.2,3.2,0.399999,0,0.0139,0.0,0,4493312,4595712,4542464,4489216,4546560,0,4595712,4407296,0,7,0.0,0,0,0,0,0,0,1024,layerkeysort_v4_trace,0
0,0,0,0,0,0,128,0.0,0,0,0,0.0577,0,0,0,front_back,0.0,0,0,1024,0,0.0,0,0,0,0,0,0,5.2,0,0.2103,0,True,0.1,0.2,3.1,0.399999,0,0.0132,0.0,0,4501504,4603904,4562944,4497408,4567040,0,4603904,4415488,1,7,0.0,0,0,0,0,0,0,1024,layerkeysort_v4_trace,0
0,0,0,0,0,0,128,0.0,0,0,0,0.0598,0,0,0,front_back,0.0,0,0,1024,0,0.0,0,0,0,0,0,0,8.5,0,0.4086,0,True,0.2,0.3,7.500001,0.9,0,0.013,0.0,0,4501504,4599808,4558848,4493312,4562944,0,4599808,4415488,2,7,0.0,0,0,0,0,0,0,1024,layerkeysort_v4_trace,0
66704,1052,274096,0,53552,0,128,0.0,50264,0,0,0.0783,0,1,4344,front_back,0.0,1052,191,1024,0,0.0,3050,3,298,6,1,1,5.7,15,0.2605,2,True,0.1,0.200001,3.7,0.5,53552,0.0134,0.0,24,4567040,4657152,4567040,4489216,4567040,0,4657152,4411392,0,7,0.0,5952,0,0,0,55,26,1024,layerkeysort_v4_trace_diagnostics,0
0,0,0,0,0,0,128,0.0,0,0,0,0.0553,0,0,0,distant_drag,0.0,0,0,1024,0,0.0,0,0,0,0,0,0,3.8,0,0.2169,0,True,0.1,0.2,3.1,0.4,0,0.0154,0.0,0,4497408,4595712,4538368,4485120,4542464,0,4595712,4411392,0,7,0.0,0,0,0,0,0,0,1024,layerkeysort_v4_trace,0
0,0,0,0,0,0,128,0.0,0,0,0,0.0567,0,0,0,distant_drag,0.0,0,0,1024,0,0.0,0,0,0,0,0,0,45.8,0,0.2648,0,True,0.1,0.2,3.4,0.4,0,0.0149,0.0,0,4493312,4595712,4538368,4485120,4542464,0,4595712,4407296,1,7,0.0,0,0,0,0,0,0,1024,layerkeysort_v4_trace,0
0,0,0,0,0,0,128,0.0,0,0,0,0.0575,0,0,0,distant_drag,0.0,0,0,1024,0,0.0,0,0,0,0,0,0,13.1,0,0.2412,0,True,0.1,0.200001,3.200001,0.399999,0,0.0156,0.0,0,4497408,4591616,4534272,4481024,4538368,0,4591616,4411392,2,7,0.0,0,0,0,0,0,0,1024,layerkeysort_v4_trace,0
65608,1051,268285,0,53552,0,128,0.0,51360,0,0,0.0794,0,1,4344,distant_drag,0.0,1051,181,1024,0,0.0,3137,4,259,9,1,1,9.4,13,0.3689,0,True,0.1,0.200001,6.499999,0.9,54648,0.015,0.0,27,4567040,4657152,4554752,4489216,4554752,0,4657152,4407296,0,7,0.0,5952,0,0,0,40,25,1024,layerkeysort_v4_trace_diagnostics,0
0,0,0,0,0,0,128,0.0,0,0,0,0.0572,0,0,0,hotspot_drag,0.0,0,0,1024,0,0.0,0,0,0,0,0,0,3.5,0,0.2173,0,True,0.1,0.200001,3.1,0.3,0,0.0141,0.0,0,4493312,4595712,4546560,4489216,4550656,0,4546560,4407296,0,7,0.0,0,0,0,0,0,0,1024,layerkeysort_v4_trace,0
0,0,0,0,0,0,128,0.0,0,0,0,0.0564,0,0,0,hotspot_drag,0.0,0,0,1024,0,0.0,0,0,0,0,0,0,3.6,0,0.2106,0,True,0.1,0.200001,3.2,0.3,0,0.0133,0.0,0,4497408,4599808,4550656,4493312,4554752,0,4550656,4411392,1,7,0.0,0,0,0,0,0,0,1024,layerkeysort_v4_trace,0
0,0,0,0,0,0,128,0.0,0,0,0,0.0583,0,0,0,hotspot_drag,0.0,0,0,1024,0,0.0,0,0,0,0,0,0,3.7,0,0.2157,0,True,0.1,0.200001,3.1,0.3,0,0.0141,0.0,0,4493312,4595712,4546560,4489216,4550656,0,4546560,4407296,2,7,0.0,0,0,0,0,0,0,1024,layerkeysort_v4_trace,0
66704,1052,270295,0,53552,0,128,0.0,50264,0,0,0.0751,0,1,4344,hotspot_drag,0.0,1052,208,1024,0,0.0,3059,3,293,9,1,1,6.0,15,0.2657,3,True,0.1,0.200001,3.800001,0.5,53552,0.0136,0.0,29,4567040,4657152,4554752,4489216,4554752,0,4567040,4407296,0,7,0.0,5952,0,0,0,58,26,1024,layerkeysort_v4_trace_diagnostics,0
0,0,0,0,0,0,128,0.0,0,0,0,0.0556,0,0,0,large_moves,0.0,0,0,1024,0,0.0,0,0,0,0,0,0,4.4,0,0.2174,0,True,0.1,0.2,3.4,0.399999,0,0.0145,0.0,0,4493312,4591616,4534272,4481024,4538368,0,4591616,4407296,0,7,0.0,0,0,0,0,0,0,1024,layerkeysort_v4_trace,0
0,0,0,0,0,0,128,0.0,0,0,0,0.0549,0,0,0,large_moves,0.0,0,0,1024,0,0.0,0,0,0,0,0,0,3.7,0,0.2131,0,True,0.1,0.2,3.0,0.3,0,0.0138,0.0,0,4493312,4591616,4534272,4481024,4538368,0,4591616,4407296,1,7,0.0,0,0,0,0,0,0,1024,layerkeysort_v4_trace,0
0,0,0,0,0,0,128,0.0,0,0,0,0.062,0,0,0,large_moves,0.0,0,0,1024,0,0.0,0,0,0,0,0,0,3.9,0,0.2184,0,True,0.1,0.2,3.5,0.399999,0,0.0132,0.0,0,4493312,4591616,4534272,4481024,4538368,0,4591616,4407296,2,7,0.0,0,0,0,0,0,0,1024,layerkeysort_v4_trace,0
65608,1051,268285,0,53552,0,128,0.0,51360,0,0,0.0798,0,1,4344,large_moves,0.0,1051,181,1024,0,0.0,3137,4,259,9,1,1,5.4,13,0.2738,0,True,0.1,0.200001,4.1,0.6,54648,0.0154,0.0,27,4567040,4657152,4554752,4489216,4554752,0,4657152,4411392,0,7,0.0,5952,0,0,0,40,25,1024,layerkeysort_v4_trace_diagnostics,0
0,0,0,0,0,0,128,0.0,0,0,0,0.0548,0,0,0,delete_reinsert,0.0,0,0,1024,0,0.0,0,0,0,0,0,0,3.9,0,0.1866,0,True,0.1,0.100001,3.6,0.399999,0,0.0148,0.0,0,4497408,4595712,4546560,4485120,4550656,0,4595712,4411392,0,7,0.0,0,0,0,0,0,0,1024,layerkeysort_v4_trace,0
0,0,0,0,0,0,128,0.0,0,0,0,0.0596,0,0,0,delete_reinsert,0.0,0,0,1024,0,0.0,0,0,0,0,0,0,15.299999,0,0.2035,0,True,0.1,0.100001,2.8,0.4,0,0.015,0.0,0,4493312,4591616,4542464,4481024,4546560,0,4591616,4407296,1,7,0.0,0,0,0,0,0,0,1024,layerkeysort_v4_trace,0
0,0,0,0,0,0,128,0.0,0,0,0,0.0547,0,0,0,delete_reinsert,0.0,0,0,1024,0,0.0,0,0,0,0,0,0,3.900001,0,0.1867,0,True,0.1,0.100001,3.8,0.4,0,0.0146,0.0,0,4497408,4595712,4546560,4485120,4550656,0,4595712,4411392,2,7,0.0,0,0,0,0,0,0,1024,layerkeysort_v4_trace,0
86376,1567,182754,0,53552,0,128,0.0,51360,0,0,0.077,0,1,4344,delete_reinsert,0.0,1567,213,1024,0,0.0,2107,2,190,6,1,1,8.5,17,0.2617,0,True,0.1,0.2,4.9,0.7,53552,0.0151,0.0,18,4562944,4657152,4554752,4489216,4554752,0,4657152,4415488,0,7,0.0,5952,0,0,0,30,29,1024,layerkeysort_v4_trace_diagnostics,0
0,0,0,0,0,0,128,0.0,0,0,0,0.0829,13725,0,0,managed_churn,0.0,0,0,1024,0,0.0,0,0,0,0,0,0,5.2,0,0.346,0,True,0.100001,0.200001,4.099999,0.5,0,0.0185,0.0,0,4501504,4599808,4554752,4497408,4554752,0,4599808,4415488,0,7,0.0,0,0,0,0,0,0,1024,layerkeysort_v4_trace,0
0,0,0,0,0,0,128,0.0,0,0,0,0.1019,13725,0,0,managed_churn,0.0,0,0,1024,0,0.0,0,0,0,0,0,0,9.9,0,0.4665,0,True,0.2,0.3,5.5,0.9,0,0.0236,0.0,0,4497408,4595712,4550656,4493312,4550656,0,4595712,4411392,1,7,0.0,0,0,0,0,0,0,1024,layerkeysort_v4_trace,0
0,0,0,0,0,0,128,0.0,0,0,0,0.098,13725,0,0,managed_churn,0.0,0,0,1024,0,0.0,0,0,0,0,0,0,42.3,0,0.436,0,True,0.2,0.3,5.9,0.7,0,0.0207,0.0,0,4501504,4599808,4554752,4497408,4554752,0,4599808,4415488,2,7,0.0,0,0,0,0,0,0,1024,layerkeysort_v4_trace,0
69968,1553,184106,0,50296,0,128,0.0,50296,0,0,0.0959,13725,1,4376,managed_churn,0.0,1553,66,1024,0,0.0,2079,2,190,5,1,1,7.2,3,0.3721,0,True,0.100001,0.200001,4.8,0.7,51392,0.0159,0.0,4,4562944,4648960,4550656,4489216,4550656,0,4591616,4411392,0,7,0.0,5984,0,0,0,17,14,1024,layerkeysort_v4_trace_diagnostics,0
0,0,0,0,0,0,128,0.0,0,0,0,0.4993,63736,0,0,ascending,0.0,0,0,0,0,0.0,0,0,0,0,0,0,55.1,0,1.0439,0,True,0.1,0.100001,10.1,0.3,0,0.0396,0.0,0,0,5578752,4923392,4923392,4923392,0,4964352,4595712,0,7,0.0,0,0,0,0,0,0,10000,layerkeysort_v4_trace,0
0,0,0,0,0,0,128,0.0,0,0,0,0.4968,63736,0,0,ascending,0.0,0,0,0,0,0.0,0,0,0,0,0,0,23.4,0,0.9472,0,True,0.1,0.100001,7.8,0.3,0,0.0381,0.0,0,0,5582848,4927488,4927488,4927488,0,4968448,4599808,1,7,0.0,0,0,0,0,0,0,10000,layerkeysort_v4_trace,0
0,0,0,0,0,0,128,0.0,0,0,0,0.4876,63736,0,0,ascending,0.0,0,0,0,0,0.0,0,0,0,0,0,0,22.1,0,1.0483,0,True,0.1,0.100001,8.8,0.200001,0,0.039,0.0,0,0,5586944,4931584,4931584,4931584,0,4972544,4603904,2,7,0.0,0,0,0,0,0,0,10000,layerkeysort_v4_trace,0
495352,10158,970440,0,0,0,128,0.0,495352,0,0,0.6517,63736,1,4376,ascending,0.0,10158,1220,0,0,0.0,10155,2,129,10,0,1,29.4,0,1.1469,0,True,0.1,0.100001,8.3,0.3,495352,0.0396,0.0,148,0,5926912,5050368,4685824,5005312,0,5050368,4603904,0,7,0.0,5984,0,0,0,0,155,10000,layerkeysort_v4_trace_diagnostics,0
0,0,0,0,0,0,128,0.0,0,0,0,0.4796,128581,0,0,descending,0.0,0,0,0,0,0.0,0,0,0,0,0,0,39.0,0,1.3514,0,True,0.1,0.200001,7.600001,0.3,0,0.04,0.0,0,0,5595136,4935680,4935680,4935680,0,5074944,4603904,0,7,0.0,0,0,0,0,0,0,10000,layerkeysort_v4_trace,0
0,0,0,0,0,0,128,0.0,0,0,0,0.4881,128581,0,0,descending,0.0,0,0,0,0,0.0,0,0,0,0,0,0,28.2,0,1.3459,0,True,0.1,0.2,8.100001,0.3,0,0.0379,0.0,0,0,5595136,4935680,4935680,4935680,0,5074944,4603904,1,7,0.0,0,0,0,0,0,0,10000,layerkeysort_v4_trace,0
0,0,0,0,0,0,128,0.0,0,0,0,0.4914,128581,0,0,descending,0.0,0,0,0,0,0.0,0,0,0,0,0,0,24.0,0,1.5082,0,True,0.1,0.200001,8.800001,0.3,0,0.0375,0.0,0,0,5586944,4927488,4927488,4927488,0,5066752,4595712,2,7,0.0,0,0,0,0,0,0,10000,layerkeysort_v4_trace,0
492064,10155,965620,0,0,0,128,0.0,492064,0,0,0.6695,128581,1,4376,descending,0.0,10155,1191,0,0,0.0,10152,2,129,10,0,1,31.2,0,1.7349,0,True,0.1,0.200001,10.299999,0.399999,492064,0.0386,0.0,221,0,5926912,5009408,4685824,5009408,0,5279744,4603904,0,7,0.0,5984,0,0,0,0,152,10000,layerkeysort_v4_trace_diagnostics,0
0,0,0,0,0,0,128,0.0,0,0,0,0.5521,120463,0,0,random,0.0,0,0,0,0,0.0,0,0,0,0,0,0,27.6,0,2.1343,0,True,0.2,0.3,8.4,0.4,0,0.0384,0.0,0,0,5558272,4964352,4644864,4964352,0,5414912,4595712,0,7,0.0,0,0,0,0,0,0,10000,layerkeysort_v4_trace,0
0,0,0,0,0,0,128,0.0,0,0,0,0.5582,120463,0,0,random,0.0,0,0,0,0,0.0,0,0,0,0,0,0,26.8,0,2.1595,0,True,0.2,0.3,8.6,0.4,0,0.0379,0.0,0,0,5566464,4972544,4653056,4972544,0,5423104,4603904,1,7,0.0,0,0,0,0,0,0,10000,layerkeysort_v4_trace,0
0,0,0,0,0,0,128,0.0,0,0,0,0.5561,120463,0,0,random,0.0,0,0,0,0,0.0,0,0,0,0,0,0,27.0,0,2.1286,0,True,0.2,0.3,8.7,0.4,0,0.0389,0.0,0,0,5566464,4972544,4653056,4972544,0,5423104,4603904,2,7,0.0,0,0,0,0,0,0,10000,layerkeysort_v4_trace,0
459184,10125,929781,0,0,0,128,0.0,459184,0,0,0.7313,120463,1,4376,random,0.0,10125,753,0,0,0.0,10122,2,129,8,0,1,36.7,0,2.6161,0,True,0.2,0.399999,10.2,0.5,459184,0.0409,0.0,9,0,5894144,5046272,4722688,5046272,0,5582848,4603904,0,7,0.0,5984,0,0,0,0,122,10000,layerkeysort_v4_trace_diagnostics,0
0,0,0,0,0,0,128,0.0,0,0,0,0.498,63736,0,0,equal,0.0,0,0,0,0,0.0,0,0,0,0,0,0,117.199999,0,1.1096,0,True,0.1,0.100001,9.1,0.3,0,0.0389,0.0,0,0,5595136,4943872,4706304,4943872,0,4980736,4603904,0,7,0.0,0,0,0,0,0,0,10000,layerkeysort_v4_trace,0
0,0,0,0,0,0,128,0.0,0,0,0,0.5273,63736,0,0,equal,0.0,0,0,0,0,0.0,0,0,0,0,0,0,25.599999,0,0.961,0,True,0.1,0.100001,9.099999,0.200001,0,0.0657,0.0,0,0,5582848,4931584,4694016,4931584,0,4968448,4599808,1,7,0.0,0,0,0,0,0,0,10000,layerkeysort_v4_trace,0
0,0,0,0,0,0,128,0.0,0,0,0,0.4897,63736,0,0,equal,0.0,0,0,0,0,0.0,0,0,0,0,0,0,27.3,0,0.9575,0,True,0.1,0.100001,7.8,0.200001,0,0.0388,0.0,0,0,5582848,4931584,4694016,4931584,0,4968448,4599808,2,7,0.0,0,0,0,0,0,0,10000,layerkeysort_v4_trace,0
495352,10158,970440,0,0,0,128,0.0,495352,0,0,0.7317,63736,1,4376,equal,0.0,10158,1220,0,0,0.0,10155,2,129,10,0,1,33.3,0,1.2074,0,True,0.1,0.100001,7.9,0.3,495352,0.0405,0.0,148,0,5931008,5054464,4689920,5009408,0,5054464,4608000,0,7,0.0,5984,0,0,0,0,155,10000,layerkeysort_v4_trace_diagnostics,0
0,0,0,0,0,0,128,0.0,0,0,0,0.5687,121907,0,0,duplicates,0.0,0,0,0,0,0.0,0,0,0,0,0,0,25.7,0,1.4068,0,True,0.1,0.200001,8.9,0.3,0,0.0418,0.0,0,0,5562368,5001216,4648960,5001216,0,5001216,4599808,0,7,0.0,0,0,0,0,0,0,10000,layerkeysort_v4_trace,0
0,0,0,0,0,0,128,0.0,0,0,0,0.5832,121907,0,0,duplicates,0.0,0,0,0,0,0.0,0,0,0,0,0,0,89.3,0,1.6936,0,True,0.1,0.200001,9.9,0.6,0,0.0392,0.0,0,0,5562368,5001216,4648960,5001216,0,5001216,4599808,1,7,0.0,0,0,0,0,0,0,10000,layerkeysort_v4_trace,0
0,0,0,0,0,0,128,0.0,0,0,0,0.5428,121907,0,0,duplicates,0.0,0,0,0,0,0.0,0,0,0,0,0,0,40.5,0,1.548,0,True,0.1,0.200001,8.0,0.5,0,0.0395,0.0,0,0,5566464,5005312,4653056,5005312,0,5005312,4603904,2,7,0.0,0,0,0,0,0,0,10000,layerkeysort_v4_trace,0
483296,10147,964378,0,0,0,128,0.0,483296,0,0,0.7341,121907,1,4376,duplicates,0.0,10147,1006,0,0,0.0,10144,2,129,10,0,1,43.3,0,1.8984,0,True,0.100001,0.3,11.9,0.5,483296,0.0406,0.0,69,0,5926912,5046272,4685824,5046272,0,5046272,4603904,0,7,0.0,5984,0,0,0,0,144,10000,layerkeysort_v4_trace_diagnostics,0
0,0,0,0,0,0,128,0.0,0,0,0,0.5206,136437,0,0,alternating,0.0,0,0,0,0,0.0,0,0,0,0,0,0,29.0,0,1.438,0,True,0.1,0.200001,7.5,0.5,0,0.0378,0.0,0,0,5591040,4935680,4935680,4935680,0,4972544,4599808,0,7,0.0,0,0,0,0,0,0,10000,layerkeysort_v4_trace,0
0,0,0,0,0,0,128,0.0,0,0,0,0.5138,136437,0,0,alternating,0.0,0,0,0,0,0.0,0,0,0,0,0,0,20.7,0,1.315,0,True,0.1,0.2,7.3,0.3,0,0.0374,0.0,0,0,5591040,4935680,4935680,4935680,0,4972544,4599808,1,7,0.0,0,0,0,0,0,0,10000,layerkeysort_v4_trace,0
0,0,0,0,0,0,128,0.0,0,0,0,0.7323,136437,0,0,alternating,0.0,0,0,0,0,0.0,0,0,0,0,0,0,30.499999,0,1.4741,0,True,0.1,0.200001,7.600001,0.3,0,0.0432,0.0,0,0,5586944,4931584,4931584,4931584,0,4968448,4595712,2,7,0.0,0,0,0,0,0,0,10000,layerkeysort_v4_trace,0
494256,10157,968246,0,0,0,128,0.0,494256,0,0,0.7056,136437,1,4376,alternating,0.0,10157,1331,0,0,0.0,10154,2,129,11,0,1,35.5,0,1.7325,0,True,0.1,0.200001,9.9,0.4,494256,0.0376,0.0,235,0,5931008,5050368,4689920,5050368,0,5050368,4608000,0,7,0.0,5984,0,0,0,0,154,10000,layerkeysort_v4_trace_diagnostics,0
0,0,0,0,0,0,128,0.0,0,0,0,0.5541,0,0,0,hotspot,0.0,0,0,0,0,0.0,0,0,0,0,0,0,20.7,0,1.1101,0,True,0.1,0.2,7.2,0.3,0,0.0374,0.0,0,0,5582848,4927488,4694016,4931584,0,4964352,4599808,0,7,0.0,0,0,0,0,0,0,10000,layerkeysort_v4_trace,0
0,0,0,0,0,0,128,0.0,0,0,0,0.6412,0,0,0,hotspot,0.0,0,0,0,0,0.0,0,0,0,0,0,0,42.9,0,1.1315,0,True,0.1,0.100001,7.9,0.3,0,0.0439,0.0,0,0,5582848,4927488,4694016,4931584,0,4964352,4599808,1,7,0.0,0,0,0,0,0,0,10000,layerkeysort_v4_trace,0
0,0,0,0,0,0,128,0.0,0,0,0,0.9505,0,0,0,hotspot,0.0,0,0,0,0,0.0,0,0,0,0,0,0,32.6,0,1.8791,0,True,0.1,0.200001,12.2,0.6,0,0.049,0.0,0,0,5582848,4927488,4694016,4931584,0,4964352,4599808,2,7,0.0,0,0,0,0,0,0,10000,layerkeysort_v4_trace,0
494224,10156,968246,0,0,0,128,0.0,494224,0,0,0.8291,0,1,4344,hotspot,0.0,10156,1331,0,0,0.0,10154,2,129,11,0,1,90.500001,0,1.9729,0,True,0.1,0.200001,19.6,0.700001,494224,0.0431,0.0,236,0,5926912,5046272,4685824,5046272,0,5046272,4603904,0,7,0.0,5952,0,0,0,0,154,10000,layerkeysort_v4_trace_diagnostics,0
0,0,0,0,0,0,128,0.0,0,0,0,0.9554,0,0,0,timeline,0.0,0,0,10000,0,0.0,0,0,0,0,0,0,82.8,0,2.7017,0,True,0.1,0.200001,5.9,0.5,0,0.0437,0.0,0,5804032,6234112,5308416,5312512,5312512,0,5763072,4841472,0,7,0.0,0,0,0,0,0,0,10000,layerkeysort_v4_trace,0
0,0,0,0,0,0,128,0.0,0,0,0,0.8807,0,0,0,timeline,0.0,0,0,10000,0,0.0,0,0,0,0,0,0,30.6,0,2.2853,0,True,0.1,0.200001,6.2,0.4,0,0.0403,0.0,0,5804032,6234112,5308416,5312512,5312512,0,5763072,4841472,1,7,0.0,0,0,0,0,0,0,10000,layerkeysort_v4_trace,0
0,0,0,0,0,0,128,0.0,0,0,0,0.8347,0,0,0,timeline,0.0,0,0,10000,0,0.0,0,0,0,0,0,0,23.5,0,2.2662,0,True,0.1,0.200001,5.0,0.4,0,0.0402,0.0,0,5799936,6230016,5304320,5308416,5308416,0,5758976,4837376,2,7,0.0,0,0,0,0,0,0,10000,layerkeysort_v4_trace,0
786584,18195,1828158,0,495320,0,128,0.0,690992,0,0,1.1036,0,1,4344,timeline,0.0,18195,1714,10000,0,0.0,20233,2,191,10,1,1,47.2,29,3.1269,0,True,0.1,0.3,7.7,0.4,690992,0.0412,0.0,167,6144000,6844416,5386240,4931584,5386240,0,6021120,4841472,0,7,0.0,5952,0,0,0,46,187,10000,layerkeysort_v4_trace_diagnostics,0
0,0,0,0,0,0,128,0.0,0,0,0,0.5786,120463,0,0,priority,0.0,0,0,0,0,0.0,0,0,0,0,0,0,27.6,0,2.1237,0,True,0.2,0.3,8.3,0.4,0,0.0388,0.0,0,0,5562368,4968448,4648960,4968448,0,5419008,4599808,0,7,0.0,0,0,0,0,0,0,10000,layerkeysort_v4_trace,0
0,0,0,0,0,0,128,0.0,0,0,0,0.5767,120463,0,0,priority,0.0,0,0,0,0,0.0,0,0,0,0,0,0,224.0,0,2.401,0,True,0.2,0.3,9.0,0.4,0,0.0387,0.0,0,0,5562368,4968448,4648960,4968448,0,5419008,4599808,1,7,0.0,0,0,0,0,0,0,10000,layerkeysort_v4_trace,0
0,0,0,0,0,0,128,0.0,0,0,0,0.5599,120463,0,0,priority,0.0,0,0,0,0,0.0,0,0,0,0,0,0,29.6,0,2.114,0,True,0.2,0.3,7.4,0.4,0,0.0394,0.0,0,0,5566464,4972544,4653056,4972544,0,5423104,4603904,2,7,0.0,0,0,0,0,0,0,10000,layerkeysort_v4_trace,0
459184,10125,929781,0,0,0,128,0.0,459184,0,0,0.8119,120463,1,4376,priority,0.0,10125,753,0,0,0.0,10122,2,129,8,0,1,231.3,0,2.7883,0,True,0.2,0.3,9.099999,0.5,459184,0.0391,0.0,9,0,5902336,5054464,4730880,5054464,0,5586944,4612096,0,7,0.0,5984,0,0,0,0,122,10000,layerkeysort_v4_trace_diagnostics,0
0,0,0,0,0,0,128,0.0,0,0,0,0.7958,0,0,0,local,0.0,0,0,10000,0,0.0,0,0,0,0,0,0,64.4,0,2.0749,0,True,0.1,0.2,5.4,0.200001,0,0.0408,0.0,0,5767168,6254592,5292032,5296128,5296128,0,5292032,4833280,0,7,0.0,0,0,0,0,0,0,10000,layerkeysort_v4_trace,0
0,0,0,0,0,0,128,0.0,0,0,0,0.785,0,0,0,local,0.0,0,0,10000,0,0.0,0,0,0,0,0,0,31.4,0,2.0198,0,True,0.1,0.100001,8.6,0.200001,0,0.0412,0.0,0,5799936,6250496,5287936,5292032,5292032,0,5287936,4837376,1,7,0.0,0,0,0,0,0,0,10000,layerkeysort_v4_trace,0
0,0,0,0,0,0,128,0.0,0,0,0,0.7821,0,0,0,local,0.0,0,0,10000,0,0.0,0,0,0,0,0,0,25.0,0,2.0835,0,True,0.1,0.2,8.1,0.3,0,0.0409,0.0,0,5804032,6254592,5292032,5296128,5296128,0,5292032,4841472,2,7,0.0,0,0,0,0,0,0,10000,layerkeysort_v4_trace,0
886320,18286,1953448,0,495320,0,128,0.0,715104,0,0,2.0352,0,1,4344,local,0.0,18286,3183,10000,0,0.0,20461,2,190,11,1,1,43.1,98,2.4669,0,True,0.1,0.200001,7.1,0.3,715104,0.0418,0.0,262,6144000,6873088,5402624,5402624,5402624,0,5402624,4841472,0,7,0.0,5952,0,0,0,183,278,10000,layerkeysort_v4_trace_diagnostics,0
0,0,0,0,0,0,128,0.0,0,0,0,0.638,0,0,0,churn,0.0,0,0,10000,0,0.0,0,0,0,0,0,0,37.0,0,2.3175,0,True,0.1,0.200001,7.0,0.4,0,0.0402,0.0,0,5804032,5935104,5283840,5287936,5287936,0,5632000,4841472,0,7,0.0,0,0,0,0,0,0,10000,layerkeysort_v4_trace,0
0,0,0,0,0,0,128,0.0,0,0,0,0.5839,0,0,0,churn,0.0,0,0,10000,0,0.0,0,0,0,0,0,0,39.3,0,2.2117,0,True,0.1,0.2,4.3,0.399999,0,0.0409,0.0,0,5799936,5931008,5279744,5283840,5283840,0,5627904,4837376,1,7,0.0,0,0,0,0,0,0,10000,layerkeysort_v4_trace,0
0,0,0,0,0,0,128,0.0,0,0,0,0.9313,0,0,0,churn,0.0,0,0,10000,0,0.0,0,0,0,0,0,0,56.3,0,3.2093,0,True,0.1,0.200001,5.6,0.4,0,0.0549,0.0,0,5799936,5931008,5279744,5283840,5283840,0,5627904,4837376,2,7,0.0,0,0,0,0,0,0,10000,layerkeysort_v4_trace,0
734232,15229,1845322,0,495320,0,128,0.0,460248,0,0,0.795,0,1,4344,churn,0.0,15229,2597,10000,0,0.0,20487,2,191,10,1,1,38.9,104,3.2496,0,True,0.1,0.3,5.8,0.4,495320,0.0438,0.0,178,6148096,6279168,5419008,5419008,5419008,0,5898240,4845568,0,7,0.0,5952,0,0,0,260,227,10000,layerkeysort_v4_trace_diagnostics,0
0,0,0,0,0,0,128,0.0,0,0,0,1.1419,0,0,0,large_timeline,0.0,0,0,10000,0,0.0,0,0,0,0,0,0,115.3,0,2.7379,0,True,0.1,0.200001,8.2,0.3,0,0.0434,0.0,0,5799936,6230016,5308416,5312512,5312512,0,5763072,4837376,0,7,0.0,0,0,0,0,0,0,10000,layerkeysort_v4_trace,0
0,0,0,0,0,0,128,0.0,0,0,0,1.0204,0,0,0,large_timeline,0.0,0,0,10000,0,0.0,0,0,0,0,0,0,23.9,0,2.3791,0,True,0.1,0.200001,6.9,0.5,0,0.0407,0.0,0,5804032,6234112,5312512,5316608,5316608,0,5767168,4841472,1,7,0.0,0,0,0,0,0,0,10000,layerkeysort_v4_trace,0
0,0,0,0,0,0,128,0.0,0,0,0,0.8544,0,0,0,large_timeline,0.0,0,0,10000,0,0.0,0,0,0,0,0,0,63.3,0,2.4799,0,True,0.1,0.2,11.9,0.4,0,0.1438,0.0,0,5799936,6230016,5308416,5312512,5312512,0,5763072,4837376,2,7,0.0,0,0,0,0,0,0,10000,layerkeysort_v4_trace,0
786584,18195,1828158,0,495320,0,128,0.0,690992,0,0,1.1848,0,1,4344,large_timeline,0.0,18195,1714,10000,0,0.0,20233,2,191,10,1,1,50.8,29,3.1681,0,True,0.1,0.3,7.7,0.5,690992,0.042,0.0,167,6148096,6848512,5390336,4935680,5390336,0,6025216,4845568,0,7,0.0,5952,0,0,0,46,187,10000,layerkeysort_v4_trace_diagnostics,0
0,0,0,0,0,0,128,0.0,0,0,0,0.5274,0,0,0,local_drag,0.0,0,0,10000,0,0.0,0,0,0,0,0,0,20.500001,0,1.2871,0,True,0.0,0.100001,4.2,0.3,0,0.0361,0.0,0,5804032,5939200,5292032,5296128,5296128,0,5459968,4841472,0,7,0.0,0,0,0,0,0,0,10000,layerkeysort_v4_trace,0
0,0,0,0,0,0,128,0.0,0,0,0,0.5112,0,0,0,local_drag,0.0,0,0,10000,0,0.0,0,0,0,0,0,0,91.6,0,1.5047,0,True,0.0,0.100001,3.7,0.3,0,0.0351,0.0,0,5799936,5935104,5283840,5287936,5287936,0,5455872,4837376,1,7,0.0,0,0,0,0,0,0,10000,layerkeysort_v4_trace,0
0,0,0,0,0,0,128,0.0,0,0,0,0.5186,0,0,0,local_drag,0.0,0,0,10000,0,0.0,0,0,0,0,0,0,21.700001,0,1.303,0,True,0.0,0.100001,5.899999,0.200001,0,0.0348,0.0,0,5771264,5906432,5255168,5259264,5259264,0,5427200,4837376,2,7,0.0,0,0,0,0,0,0,10000,layerkeysort_v4_trace,0
540256,10198,1101239,0,495320,0,128,0.0,448192,0,0,0.7043,0,1,4344,local_drag,0.0,10198,2091,10000,0,0.0,20080,4,319,12,1,1,47.5,84,1.8546,715,True,0.1,0.2,5.2,0.3,495320,0.0365,0.0,165,6139904,6270976,5357568,4919296,5357568,0,5689344,4833280,0,7,0.0,5952,0,0,0,134,196,10000,layerkeysort_v4_trace_diagnostics,0
0,0,0,0,0,0,128,0.0,0,0,0,0.5725,0,0,0,front_back,0.0,0,0,10000,0,0.0,0,0,0,0,0,0,31.0,0,2.2934,0,True,0.1,0.200001,3.900001,0.3,0,0.0399,0.0,0,5804032,5939200,5287936,5292032,5292032,0,5775360,4841472,0,7,0.0,0,0,0,0,0,0,10000,layerkeysort_v4_trace,0
0,0,0,0,0,0,128,0.0,0,0,0,0.5665,0,0,0,front_back,0.0,0,0,10000,0,0.0,0,0,0,0,0,0,36.3,0,2.3424,0,True,0.1,0.200001,6.2,0.3,0,0.0393,0.0,0,5775360,5910528,5259264,5263360,5263360,0,5746688,4841472,1,7,0.0,0,0,0,0,0,0,10000,layerkeysort_v4_trace,0
0,0,0,0,0,0,128,0.0,0,0,0,0.5615,0,0,0,front_back,0.0,0,0,10000,0,0.0,0,0,0,0,0,0,201.2,0,2.6489,0,True,0.1,0.200001,5.0,0.399999,0,0.0389,0.0,0,5799936,5935104,5283840,5287936,5287936,0,5771264,4837376,2,7,0.0,0,0,0,0,0,0,10000,layerkeysort_v4_trace,0
654240,10302,2837051,0,495320,0,128,0.0,456960,0,0,1.3855,0,1,4344,front_back,0.0,10302,4002,10000,0,0.0,30749,4,317,18,1,1,39.2,180,2.8531,2,True,0.1,0.200001,4.3,0.399999,495320,0.04,0.0,334,6144000,6275072,5353472,4919296,5353472,0,6160384,4841472,0,7,0.0,5952,0,0,0,544,300,10000,layerkeysort_v4_trace_diagnostics,0
0,0,0,0,0,0,128,0.0,0,0,0,0.5398,0,0,0,distant_drag,0.0,0,0,10000,0,0.0,0,0,0,0,0,0,25.7,0,2.2256,0,True,0.1,0.200001,3.599999,0.3,0,0.0376,0.0,0,5799936,5935104,5283840,5287936,5287936,0,5378048,4837376,0,7,0.0,0,0,0,0,0,0,10000,layerkeysort_v4_trace,0
0,0,0,0,0,0,128,0.0,0,0,0,0.5274,0,0,0,distant_drag,0.0,0,0,10000,0,0.0,0,0,0,0,0,0,25.3,0,2.3824,0,True,0.1,0.200001,3.1,0.399999,0,0.0381,0.0,0,5795840,5931008,5279744,5283840,5283840,0,5373952,4833280,1,7,0.0,0,0,0,0,0,0,10000,layerkeysort_v4_trace,0
0,0,0,0,0,0,128,0.0,0,0,0,0.5305,0,0,0,distant_drag,0.0,0,0,10000,0,0.0,0,0,0,0,0,0,20.6,0,2.2412,0,True,0.1,0.200001,3.499999,0.3,0,0.038,0.0,0,5799936,5935104,5283840,5287936,5287936,0,5378048,4837376,2,7,0.0,0,0,0,0,0,0,10000,layerkeysort_v4_trace,0
607112,10259,2666879,0,495320,0,128,0.0,460248,0,0,0.7148,0,1,4344,distant_drag,0.0,10259,3094,10000,0,0.0,30596,4,319,15,1,1,42.7,134,2.8945,0,True,0.1,0.200001,7.1,0.3,495320,0.0386,0.0,205,6139904,6270976,5402624,4915200,5402624,0,5402624,4833280,0,7,0.0,5952,0,0,0,339,257,10000,layerkeysort_v4_trace_diagnostics,0
0,0,0,0,0,0,128,0.0,0,0,0,0.5533,0,0,0,hotspot_drag,0.0,0,0,10000,0,0.0,0,0,0,0,0,0,233.5,0,2.6121,0,True,0.1,0.200001,4.0,0.3,0,0.0367,0.0,0,5799936,5935104,5316608,5320704,5320704,0,5316608,4837376,0,7,0.0,0,0,0,0,0,0,10000,layerkeysort_v4_trace,0
0,0,0,0,0,0,128,0.0,0,0,0,0.593,0,0,0,hotspot_drag,0.0,0,0,10000,0,0.0,0,0,0,0,0,0,25.300001,0,2.4247,0,True,0.1,0.200001,6.8,0.3,0,0.0371,0.0,0,5804032,5939200,5320704,5324800,5324800,0,5320704,4841472,1,7,0.0,0,0,0,0,0,0,10000,layerkeysort_v4_trace,0
0,0,0,0,0,0,128,0.0,0,0,0,0.5908,0,0,0,hotspot_drag,0.0,0,0,10000,0,0.0,0,0,0,0,0,0,41.4,0,2.5279,0,True,0.1,0.200001,3.800001,0.399999,0,0.0375,0.0,0,5799936,5935104,5316608,5320704,5320704,0,5316608,4837376,2,7,0.0,0,0,0,0,0,0,10000,layerkeysort_v4_trace,0
653144,10301,2845502,0,495320,0,128,0.0,455864,0,0,1.2884,0,1,4344,hotspot_drag,0.0,10301,4096,10000,0,0.0,30710,4,319,18,1,1,349.6,180,5.166,4,True,0.2,0.399999,13.4,0.8,495320,0.0481,0.0,402,6148096,6279168,5414912,4927488,5414912,0,5414912,4841472,0,7,0.0,5952,0,0,0,511,299,10000,layerkeysort_v4_trace_diagnostics,0
0,0,0,0,0,0,128,0.0,0,0,0,1.0517,0,0,0,large_moves,0.0,0,0,10000,0,0.0,0,0,0,0,0,0,46.9,0,3.8566,0,True,0.2,0.3,5.899999,0.5,0,0.0582,0.0,0,5799936,5935104,5283840,5287936,5287936,0,5378048,4837376,0,7,0.0,0,0,0,0,0,0,10000,layerkeysort_v4_trace,0
0,0,0,0,0,0,128,0.0,0,0,0,0.5942,0,0,0,large_moves,0.0,0,0,10000,0,0.0,0,0,0,0,0,0,30.0,0,2.5385,0,True,0.1,0.200001,4.7,0.3,0,0.0405,0.0,0,5804032,5939200,5287936,5292032,5292032,0,5382144,4841472,1,7,0.0,0,0,0,0,0,0,10000,layerkeysort_v4_trace,0
0,0,0,0,0,0,128,0.0,0,0,0,0.5154,0,0,0,large_moves,0.0,0,0,10000,0,0.0,0,0,0,0,0,0,51.200001,0,2.3067,0,True,0.1,0.200001,3.9,0.3,0,0.0403,0.0,0,5799936,5935104,5283840,5287936,5287936,0,5378048,4837376,2,7,0.0,0,0,0,0,0,0,10000,layerkeysort_v4_trace,0
607112,10259,2666879,0,495320,0,128,0.0,460248,0,0,0.6887,0,1,4344,large_moves,0.0,10259,3094,10000,0,0.0,30596,4,319,15,1,1,39.3,134,2.8452,0,True,0.1,0.200001,4.9,0.3,495320,0.0396,0.0,205,6148096,6279168,5410816,4923392,5410816,0,5410816,4845568,0,7,0.0,5952,0,0,0,339,257,10000,layerkeysort_v4_trace_diagnostics,0
0,0,0,0,0,0,128,0.0,0,0,0,0.5254,0,0,0,delete_reinsert,0.0,0,0,10000,0,0.0,0,0,0,0,0,0,33.2,0,2.0808,0,True,0.1,0.2,3.0,0.200001,0,0.0376,0.0,0,5799936,5931008,5279744,5283840,5283840,0,5627904,4837376,0,7,0.0,0,0,0,0,0,0,10000,layerkeysort_v4_trace,0
0,0,0,0,0,0,128,0.0,0,0,0,0.5107,0,0,0,delete_reinsert,0.0,0,0,10000,0,0.0,0,0,0,0,0,0,19.2,0,1.9024,0,True,0.1,0.2,3.0,0.200001,0,0.0377,0.0,0,5804032,5935104,5283840,5287936,5287936,0,5632000,4841472,1,7,0.0,0,0,0,0,0,0,10000,layerkeysort_v4_trace,0
0,0,0,0,0,0,128,0.0,0,0,0,0.5257,0,0,0,delete_reinsert,0.0,0,0,10000,0,0.0,0,0,0,0,0,0,41.9,0,1.9581,0,True,0.1,0.2,3.1,0.200001,0,0.0378,0.0,0,5799936,5931008,5279744,5283840,5283840,0,5627904,4837376,2,7,0.0,0,0,0,0,0,0,10000,layerkeysort_v4_trace,0
734232,15229,1845322,0,495320,0,128,0.0,460248,0,0,0.6918,0,1,4344,delete_reinsert,0.0,15229,2597,10000,0,0.0,20487,2,191,10,1,1,39.4,104,2.67,0,True,0.1,0.200001,4.9,0.3,495320,0.0384,0.0,178,6139904,6270976,5414912,4911104,5414912,0,5890048,4837376,0,7,0.0,5952,0,0,0,260,227,10000,layerkeysort_v4_trace_diagnostics,0
0,0,0,0,0,0,128,0.0,0,0,0,0.49,190865,0,0,managed_churn,0.0,0,0,10000,0,0.0,0,0,0,0,0,0,22.9,0,2.7835,0,True,0.1,0.200001,3.8,0.3,0,0.0365,0.0,0,5779456,5906432,5357568,5357568,5357568,0,5455872,4841472,0,7,0.0,0,0,0,0,0,0,10000,layerkeysort_v4_trace,0
0,0,0,0,0,0,128,0.0,0,0,0,0.5229,190865,0,0,managed_churn,0.0,0,0,10000,0,0.0,0,0,0,0,0,0,41.6,0,2.703,0,True,0.1,0.200001,3.100001,0.3,0,0.037,0.0,0,5779456,5906432,5357568,5357568,5357568,0,5455872,4841472,1,7,0.0,0,0,0,0,0,0,10000,layerkeysort_v4_trace,0
0,0,0,0,0,0,128,0.0,0,0,0,0.5402,190865,0,0,managed_churn,0.0,0,0,10000,0,0.0,0,0,0,0,0,0,215.9,0,2.9133,0,True,0.1,0.200001,3.900001,0.3,0,0.0376,0.0,0,5779456,5906432,5357568,5357568,5357568,0,5455872,4841472,2,7,0.0,0,0,0,0,0,0,10000,layerkeysort_v4_trace,0
698096,15197,1904963,0,483296,0,128,0.0,470144,0,0,0.7295,190865,1,4376,managed_churn,0.0,15197,1946,10000,0,0.0,20256,2,129,15,1,1,42.9,62,3.4766,0,True,0.100001,0.200001,5.800001,0.4,484392,0.0382,0.0,120,6148096,6275072,5431296,4927488,5431296,0,5562368,4845568,0,7,0.0,5984,0,0,0,62,194,10000,layerkeysort_v4_trace_diagnostics,0
0,0,0,0,0,0,128,0.0,0,0,0,5.044,969045,0,0,ascending,0.0,0,0,0,0,0.0,0,0,0,0,0,0,205.1,0,10.9796,0,True,0.1,0.100001,5.0,0.3,0,0.0509,0.0,0,0,15220736,8871936,7270400,8871936,0,8871936,5165056,0,7,0.0,0,0,0,0,0,0,100000,layerkeysort_v4_trace,0
0,0,0,0,0,0,128,0.0,0,0,0,5.0506,969045,0,0,ascending,0.0,0,0,0,0,0.0,0,0,0,0,0,0,49.2,0,10.1982,0,True,0.1,0.100001,4.2,0.3,0,0.0506,0.0,0,0,15220736,8871936,7270400,8871936,0,8871936,5165056,1,7,0.0,0,0,0,0,0,0,100000,layerkeysort_v4_trace,0
0,0,0,0,0,0,128,0.0,0,0,0,9.7235,969045,0,0,ascending,0.0,0,0,0,0,0.0,0,0,0,0,0,0,241.799999,0,13.6218,0,True,0.1,0.200001,7.199999,0.5,0,0.0742,0.0,0,0,15216640,8867840,7266304,8867840,0,8867840,5160960,2,7,0.0,0,0,0,0,0,0,100000,layerkeysort_v4_trace,0
4916328,101564,9745296,0,0,0,128,0.0,4916328,0,0,6.8658,969045,1,4376,ascending,0.0,101564,17468,0,0,0.0,101561,2,129,13,0,1,190.8,0,15.9062,0,True,0.1,0.200001,6.5,0.5,4916328,0.0508,0.0,1551,0,18595840,8916992,7315456,8916992,0,8916992,5169152,0,7,0.0,5984,0,0,0,0,1561,100000,layerkeysort_v4_trace_diagnostics,0
0,0,0,0,0,0,128,0.0,0,0,0,5.0149,1618478,0,0,descending,0.0,0,0,0,0,0.0,0,0,0,0,0,0,170.5,0,18.1256,0,True,0.1,0.3,6.9,0.5,0,0.0518,0.0,0,0,15220736,8810496,7208960,8810496,0,9023488,5165056,0,7,0.0,0,0,0,0,0,0,100000,layerkeysort_v4_trace,0
0,0,0,0,0,0,128,0.0,0,0,0,5.2249,1618478,0,0,descending,0.0,0,0,0,0,0.0,0,0,0,0,0,0,106.0,0,18.3325,0,True,0.1,0.3,9.4,0.5,0,0.0512,0.0,0,0,15216640,8806400,7204864,8806400,0,9019392,5160960,1,7,0.0,0,0,0,0,0,0,100000,layerkeysort_v4_trace,0
0,0,0,0,0,0,128,0.0,0,0,0,5.1222,1618478,0,0,descending,0.0,0,0,0,0,0.0,0,0,0,0,0,0,103.5,0,17.4686,0,True,0.1,0.200001,7.6,0.499999,0,0.0514,0.0,0,0,15224832,8814592,7213056,8814592,0,9027584,5169152,2,7,0.0,0,0,0,0,0,0,100000,layerkeysort_v4_trace,0
4890024,101540,9695345,0,0,0,128,0.0,4890024,0,0,7.2196,1618478,1,4376,descending,0.0,101540,17168,0,0,0.0,101537,2,129,13,0,1,125.6,0,22.6015,0,True,0.2,0.3,6.2,0.5,4890024,0.0518,0.0,2295,0,18595840,8949760,7348224,8949760,0,9224192,5169152,0,7,0.0,5984,0,0,0,0,1537,100000,layerkeysort_v4_trace_diagnostics,0
0,0,0,0,0,0,128,0.0,0,0,0,6.9865,1532166,0,0,random,0.0,0,0,0,0,0.0,0,0,0,0,0,0,129.3,0,44.756,0,True,0.399999,0.800001,10.0,1.699999,0,0.0558,0.0,0,0,14688256,8814592,7213056,8814592,0,10121216,5169152,0,7,0.0,0,0,0,0,0,0,100000,layerkeysort_v4_trace,0
0,0,0,0,0,0,128,0.0,0,0,0,6.9563,1532166,0,0,random,0.0,0,0,0,0,0.0,0,0,0,0,0,0,631.8,0,42.1092,0,True,0.399999,0.7,8.399999,1.2,0,0.0562,0.0,0,0,14684160,8810496,7208960,8810496,0,10117120,5165056,1,7,0.0,0,0,0,0,0,0,100000,layerkeysort_v4_trace,0
0,0,0,0,0,0,128,0.0,0,0,0,6.9698,1532166,0,0,random,0.0,0,0,0,0,0.0,0,0,0,0,0,0,1022.0,0,43.9556,0,True,0.399999,0.700001,7.8,1.8,0,0.0562,0.0,0,0,14680064,8806400,7204864,8806400,0,10113024,5160960,2,7,0.0,0,0,0,0,0,0,100000,layerkeysort_v4_trace,0
4431896,101122,9335608,0,0,0,128,0.0,4431896,0,0,9.6579,1532166,1,4376,random,0.0,101122,10313,0,0,0.0,101119,2,129,11,0,1,100.7,0,49.0417,0,True,0.4,0.800001,7.8,1.699999,4431896,0.056,0.0,13,0,18051072,9076736,7475200,9076736,0,11309056,5169152,0,7,0.0,5984,0,0,0,0,1119,100000,layerkeysort_v4_trace_diagnostics,0
0,0,0,0,0,0,128,0.0,0,0,0,5.1331,969045,0,0,equal,0.0,0,0,0,0,0.0,0,0,0,0,0,0,160.600001,0,10.645,0,True,0.1,0.100001,6.4,0.3,0,0.0506,0.0,0,0,15224832,8876032,7274496,8876032,0,8876032,5169152,0,7,0.0,0,0,0,0,0,0,100000,layerkeysort_v4_trace,0
0,0,0,0,0,0,128,0.0,0,0,0,6.2595,969045,0,0,equal,0.0,0,0,0,0,0.0,0,0,0,0,0,0,63.6,0,10.5603,0,True,0.1,0.100001,5.1,0.3,0,0.0502,0.0,0,0,15224832,8876032,7274496,8876032,0,8876032,5169152,1,7,0.0,0,0,0,0,0,0,100000,layerkeysort_v4_trace,0
0,0,0,0,0,0,128,0.0,0,0,0,5.0311,969045,0,0,equal,0.0,0,0,0,0,0.0,0,0,0,0,0,0,184.2,0,11.0433,0,True,0.1,0.100001,6.6,0.3,0,0.0506,0.0,0,0,15220736,8871936,7270400,8871936,0,8871936,5165056,2,7,0.0,0,0,0,0,0,0,100000,layerkeysort_v4_trace,0
4916328,101564,9745296,0,0,0,128,0.0,4916328,0,0,7.4836,969045,1,4376,equal,0.0,101564,17468,0,0,0.0,101561,2,129,13,0,1,230.799999,0,18.0912,0,True,0.1,0.3,7.3,0.6,4916328,0.0546,0.0,1551,0,18591744,8912896,7311360,8912896,0,8912896,5165056,0,7,0.0,5984,0,0,0,0,1561,100000,layerkeysort_v4_trace_diagnostics,0
0,0,0,0,0,0,128,0.0,0,0,0,5.7762,1590985,0,0,duplicates,0.0,0,0,0,0,0.0,0,0,0,0,0,0,298.9,0,19.6223,0,True,0.2,0.3,10.1,0.4,0,0.0535,0.0,0,0,15224832,8937472,7335936,8937472,0,8937472,5169152,0,7,0.0,0,0,0,0,0,0,100000,layerkeysort_v4_trace,0
0,0,0,0,0,0,128,0.0,0,0,0,5.473,1590985,0,0,duplicates,0.0,0,0,0,0,0.0,0,0,0,0,0,0,101.8,0,22.8942,0,True,0.2,0.399999,10.7,0.7,0,0.0518,0.0,0,0,15220736,8933376,7331840,8933376,0,8933376,5165056,1,7,0.0,0,0,0,0,0,0,100000,layerkeysort_v4_trace,0
0,0,0,0,0,0,128,0.0,0,0,0,5.1511,1590985,0,0,duplicates,0.0,0,0,0,0,0.0,0,0,0,0,0,0,185.1,0,22.1034,0,True,0.2,0.399999,10.1,0.7,0,0.052,0.0,0,0,15224832,8937472,7335936,8937472,0,8937472,5169152,2,7,0.0,0,0,0,0,0,0,100000,layerkeysort_v4_trace,0
4906464,101555,9738426,0,0,0,128,0.0,4906464,0,0,7.6628,1590985,1,4376,duplicates,0.0,101555,17244,0,0,0.0,101552,2,129,14,0,1,335.799999,0,27.1391,0,True,0.2,0.499999,9.3,0.800001,4906464,0.0532,0.0,1429,0,18591744,8900608,7299072,8900608,0,8900608,5169152,0,7,0.0,5984,0,0,0,0,1552,100000,layerkeysort_v4_trace_diagnostics,0
0,0,0,0,0,0,128,0.0,0,0,0,8.7415,1776088,0,0,alternating,0.0,0,0,0,0,0.0,0,0,0,0,0,0,198.8,0,20.0104,0,True,0.2,0.3,8.4,0.5,0,0.0704,0.0,0,0,15224832,8876032,7274496,8876032,0,8876032,5169152,0,7,0.0,0,0,0,0,0,0,100000,layerkeysort_v4_trace,0
0,0,0,0,0,0,128,0.0,0,0,0,5.3949,1776088,0,0,alternating,0.0,0,0,0,0,0.0,0,0,0,0,0,0,210.0,0,18.1975,0,True,0.100001,0.200001,6.3,0.4,0,0.0534,0.0,0,0,15220736,8871936,7270400,8871936,0,8871936,5165056,1,7,0.0,0,0,0,0,0,0,100000,layerkeysort_v4_trace,0
0,0,0,0,0,0,128,0.0,0,0,0,5.2074,1776088,0,0,alternating,0.0,0,0,0,0,0.0,0,0,0,0,0,0,733.8,0,21.1082,0,True,0.2,0.3,8.4,0.5,0,0.0523,0.0,0,0,15224832,8876032,7274496,8876032,0,8876032,5169152,2,7,0.0,0,0,0,0,0,0,100000,layerkeysort_v4_trace,0
4903176,101552,9720336,0,0,0,128,0.0,4903176,0,0,7.3178,1776088,1,4376,alternating,0.0,101552,19755,0,0,0.0,101549,2,129,15,0,1,958.7,0,23.6843,0,True,0.2,0.3,6.0,0.5,4903176,0.0518,0.0,2499,0,18599936,8921088,7319552,8921088,0,8921088,5173248,0,7,0.0,5984,0,0,0,0,1549,100000,layerkeysort_v4_trace_diagnostics,0
0,0,0,0,0,0,128,0.0,0,0,0,5.06,0,0,0,hotspot,0.0,0,0,0,0,0.0,0,0,0,0,0,0,74.1,0,12.3703,0,True,0.1,0.2,5.3,0.3,0,0.0517,0.0,0,0,15212544,8863744,7266304,8867840,0,8863744,5165056,0,7,0.0,0,0,0,0,0,0,100000,layerkeysort_v4_trace,0
0,0,0,0,0,0,128,0.0,0,0,0,5.1719,0,0,0,hotspot,0.0,0,0,0,0,0.0,0,0,0,0,0,0,105.0,0,14.0706,0,True,0.1,0.200001,7.799999,0.4,0,0.0516,0.0,0,0,15212544,8863744,7266304,8867840,0,8863744,5165056,1,7,0.0,0,0,0,0,0,0,100000,layerkeysort_v4_trace,0
0,0,0,0,0,0,128,0.0,0,0,0,6.3781,0,0,0,hotspot,0.0,0,0,0,0,0.0,0,0,0,0,0,0,100.8,0,13.4498,0,True,0.1,0.2,6.6,0.3,0,0.0532,0.0,0,0,15212544,8863744,7266304,8867840,0,8863744,5165056,2,7,0.0,0,0,0,0,0,0,100000,layerkeysort_v4_trace,0
4903144,101551,9720336,0,0,0,128,0.0,4903144,0,0,7.1136,0,1,4344,hotspot,0.0,101551,19747,0,0,0.0,101549,2,129,15,0,1,107.6,0,17.4336,0,True,0.1,0.200001,5.1,0.5,4903144,0.1143,0.0,2496,0,18595840,8916992,7315456,8916992,0,8916992,5169152,0,7,0.0,5952,0,0,0,0,1549,100000,layerkeysort_v4_trace_diagnostics,0
0,0,0,0,0,0,128,0.0,0,0,0,11.393,0,0,0,timeline,0.0,0,0,100000,0,0.0,0,0,0,0,0,0,113.5,0,36.1347,0,True,0.1,0.4,6.0,0.999999,0,0.1059,0.0,0,15253504,21413888,12103680,6426624,12107776,0,12836864,4349952,0,7,0.0,0,0,0,0,0,0,100000,layerkeysort_v4_trace,0
0,0,0,0,0,0,128,0.0,0,0,0,10.3732,0,0,0,timeline,0.0,0,0,100000,0,0.0,0,0,0,0,0,0,112.000001,0,44.2546,0,True,0.100001,0.5,7.600001,1.3,0,0.0567,0.0,0,15208448,21495808,12185600,6434816,12189696,0,12918784,4358144,1,7,0.0,0,0,0,0,0,0,100000,layerkeysort_v4_trace,0
0,0,0,0,0,0,128,0.0,0,0,0,9.3215,0,0,0,timeline,0.0,0,0,100000,0,0.0,0,0,0,0,0,0,599.3,0,39.372,0,True,0.1,0.4,5.299999,1.0,0,0.0567,0.0,0,15261696,21454848,12120064,6414336,12124160,0,12701696,4362240,2,7,0.0,0,0,0,0,0,0,100000,layerkeysort_v4_trace,0
7842072,181888,18312673,0,4916296,0,128,0.0,6862024,0,0,19.2378,0,1,4344,timeline,0.0,181888,24807,100000,0,0.0,202376,2,191,14,1,1,709.0,310,52.3564,0,True,0.2,0.7,6.3,1.400001,6862056,0.1249,0.0,1711,18673664,26624000,12423168,6729728,12423168,0,13385728,4349952,0,7,0.0,5952,0,0,0,481,1895,100000,layerkeysort_v4_trace_diagnostics,0
0,0,0,0,0,0,128,0.0,0,0,0,7.2096,1532166,0,0,priority,0.0,0,0,0,0,0.0,0,0,0,0,0,0,107.1,0,42.8901,0,True,0.399999,0.7,9.2,1.2,0,0.0561,0.0,0,0,14680064,8806400,7204864,8806400,0,10113024,5160960,0,7,0.0,0,0,0,0,0,0,100000,layerkeysort_v4_trace,0
0,0,0,0,0,0,128,0.0,0,0,0,7.2211,1532166,0,0,priority,0.0,0,0,0,0,0.0,0,0,0,0,0,0,108.4,0,41.7395,0,True,0.399999,0.7,9.6,1.1,0,0.0562,0.0,0,0,14680064,8806400,7204864,8806400,0,10113024,5160960,1,7,0.0,0,0,0,0,0,0,100000,layerkeysort_v4_trace,0
0,0,0,0,0,0,128,0.0,0,0,0,7.393,1532166,0,0,priority,0.0,0,0,0,0,0.0,0,0,0,0,0,0,111.5,0,42.0427,0,True,0.399999,0.7,9.9,1.3,0,0.057,0.0,0,0,14688256,8814592,7213056,8814592,0,10121216,5169152,2,7,0.0,0,0,0,0,0,0,100000,layerkeysort_v4_trace,0
4431896,101122,9335608,0,0,0,128,0.0,4431896,0,0,9.3355,1532166,1,4376,priority,0.0,101122,10313,0,0,0.0,101119,2,129,11,0,1,315.0,0,52.3168,0,True,0.4,0.800001,9.8,2.199999,4431896,0.0565,0.0,13,0,18051072,9076736,7475200,9076736,0,11309056,5169152,0,7,0.0,5984,0,0,0,0,1119,100000,layerkeysort_v4_trace_diagnostics,0
0,0,0,0,0,0,128,0.0,0,0,0,8.5926,0,0,0,local,0.0,0,0,100000,0,0.0,0,0,0,0,0,0,65.0,0,23.8135,0,True,0.1,0.200001,2.9,0.5,0,0.0551,0.0,0,15220736,21643264,11816960,6184960,11821056,0,11816960,4358144,0,7,0.0,0,0,0,0,0,0,100000,layerkeysort_v4_trace,0
0,0,0,0,0,0,128,0.0,0,0,0,8.586,0,0,0,local,0.0,0,0,100000,0,0.0,0,0,0,0,0,0,77.0,0,22.3001,0,True,0.1,0.200001,2.8,0.3,0,0.0538,0.0,0,15228928,21659648,11833344,6180864,11837440,0,11833344,4354048,1,7,0.0,0,0,0,0,0,0,100000,layerkeysort_v4_trace,0
0,0,0,0,0,0,128,0.0,0,0,0,8.4055,0,0,0,local,0.0,0,0,100000,0,0.0,0,0,0,0,0,0,110.5,0,24.154,0,True,0.1,0.200001,2.500001,0.5,0,0.0545,0.0,0,15212544,21708800,11882496,6180864,11886592,0,11882496,4354048,2,7,0.0,0,0,0,0,0,0,100000,layerkeysort_v4_trace,0
8842720,182801,19601442,0,4916296,0,128,0.0,7083416,0,0,12.9133,0,1,4344,local,0.0,182801,45610,100000,0,0.0,204595,2,191,14,1,1,239.0,1021,32.2615,0,True,0.1,0.3,3.499999,0.6,7083448,0.0556,0.0,2784,18579456,26894336,11980800,6287360,11980800,0,11980800,4354048,0,7,0.0,5952,0,0,0,1787,2808,100000,layerkeysort_v4_trace_diagnostics,0
0,0,0,0,0,0,128,0.0,0,0,0,6.5255,0,0,0,churn,0.0,0,0,100000,0,0.0,0,0,0,0,0,0,151.900001,0,30.9957,0,True,0.1,0.3,3.0,0.8,0,0.0569,0.0,0,15273984,17305600,11169792,6672384,11173888,0,11685888,4354048,0,7,0.0,0,0,0,0,0,0,100000,layerkeysort_v4_trace,0
0,0,0,0,0,0,128,0.0,0,0,0,8.5604,0,0,0,churn,0.0,0,0,100000,0,0.0,0,0,0,0,0,0,515.199999,0,37.544,0,True,0.1,0.3,3.3,0.9,0,0.0619,0.0,0,15294464,17334272,11198464,6672384,11202560,0,11714560,4354048,1,7,0.0,0,0,0,0,0,0,100000,layerkeysort_v4_trace,0
0,0,0,0,0,0,128,0.0,0,0,0,6.0473,0,0,0,churn,0.0,0,0,100000,0,0.0,0,0,0,0,0,0,161.4,0,33.2642,0,True,0.1,0.3,3.3,1.1,0,0.0567,0.0,0,15306752,17321984,11186176,6672384,11190272,0,11702272,4354048,2,7,0.0,0,0,0,0,0,0,100000,layerkeysort_v4_trace,0
7392000,152362,18605122,0,4916296,0,128,0.0,4539272,0,0,8.6899,0,1,4344,churn,0.0,152362,39212,100000,0,0.0,204775,2,191,16,1,1,251.5,1143,47.3186,0,True,0.2,0.6,4.7,1.3,4916296,0.0574,0.0,1914,18665472,20672512,11026432,6565888,11026432,0,11735040,4362240,0,7,0.0,5952,0,0,0,2415,2360,100000,layerkeysort_v4_trace_diagnostics,0
0,0,0,0,0,0,128,0.0,0,0,0,9.4803,0,0,0,large_timeline,0.0,0,0,100000,0,0.0,0,0,0,0,0,0,429.6,0,41.6501,0,True,0.1,0.5,6.8,1.3,0,0.0569,0.0,0,15192064,21422080,12103680,6422528,12107776,0,12697600,4358144,0,7,0.0,0,0,0,0,0,0,100000,layerkeysort_v4_trace,0
0,0,0,0,0,0,128,0.0,0,0,0,11.0151,0,0,0,large_timeline,0.0,0,0,100000,0,0.0,0,0,0,0,0,0,116.7,0,38.7155,0,True,0.1,0.5,5.0,1.4,0,0.0615,0.0,0,15245312,21417984,12099584,6414336,12103680,0,12693504,4349952,1,7,0.0,0,0,0,0,0,0,100000,layerkeysort_v4_trace,0
0,0,0,0,0,0,128,0.0,0,0,0,24.1894,0,0,0,large_timeline,0.0,0,0,100000,0,0.0,0,0,0,0,0,0,222.1,0,36.6804,0,True,0.1,0.4,5.299999,1.2,0,0.3107,0.0,0,15261696,21405696,12087296,6422528,12091392,0,12681216,4358144,2,7,0.0,0,0,0,0,0,0,100000,layerkeysort_v4_trace,0
7842072,181888,18312673,0,4916296,0,128,0.0,6862024,0,0,15.8429,0,1,4344,large_timeline,0.0,181888,24807,100000,0,0.0,202376,2,191,14,1,1,264.1,310,49.9656,0,True,0.2,0.5,5.9,1.3,6862056,0.0576,0.0,1711,18731008,26652672,12451840,6737920,12451840,0,13418496,4358144,0,7,0.0,5952,0,0,0,481,1895,100000,layerkeysort_v4_trace_diagnostics,0
0,0,0,0,0,0,128,0.0,0,0,0,5.1047,0,0,0,local_drag,0.0,0,0,100000,0,0.0,0,0,0,0,0,0,72.8,0,22.2672,0,True,0.1,0.200001,3.0,0.7,0,0.0555,0.0,0,15249408,16117760,9711616,6406144,9715712,0,9875456,4358144,0,7,0.0,0,0,0,0,0,0,100000,layerkeysort_v4_trace,0
0,0,0,0,0,0,128,0.0,0,0,0,5.5609,0,0,0,local_drag,0.0,0,0,100000,0,0.0,0,0,0,0,0,0,179.3,0,17.6805,0,True,0.1,0.2,2.4,0.5,0,0.0553,0.0,0,15298560,16179200,9773056,6406144,9777152,0,9936896,4358144,1,7,0.0,0,0,0,0,0,0,100000,layerkeysort_v4_trace,0
0,0,0,0,0,0,128,0.0,0,0,0,6.6447,0,0,0,local_drag,0.0,0,0,100000,0,0.0,0,0,0,0,0,0,77.1,0,15.3924,0,True,0.1,0.2,1.8,0.399999,0,0.0565,0.0,0,15224832,16113664,9707520,6402048,9711616,0,9871360,4354048,2,7,0.0,0,0,0,0,0,0,100000,layerkeysort_v4_trace,0
5372232,101979,11038098,0,4916296,0,128,0.0,4504200,0,0,8.663,0,1,4344,local_drag,0.0,101979,29485,100000,0,0.0,200751,4,319,14,1,1,139.1,792,25.192,7143,True,0.1,0.3,2.700001,0.6,4916296,0.0603,0.0,1753,18681856,19554304,9760768,6418432,9760768,0,10047488,4358144,0,7,0.0,5952,0,0,0,1330,1977,100000,layerkeysort_v4_trace_diagnostics,0
0,0,0,0,0,0,128,0.0,0,0,0,6.5716,0,0,0,front_back,0.0,0,0,100000,0,0.0,0,0,0,0,0,0,38.7,0,30.5573,0,True,0.1,0.3,2.3,0.6,0,0.0601,0.0,0,15183872,16076800,9674752,6402048,9678848,0,10846208,4349952,0,7,0.0,0,0,0,0,0,0,100000,layerkeysort_v4_trace,0
0,0,0,0,0,0,128,0.0,0,0,0,8.0514,0,0,0,front_back,0.0,0,0,100000,0,0.0,0,0,0,0,0,0,111.2,0,41.9119,0,True,0.100001,0.5,4.6,1.3,0,0.0629,0.0,0,15208448,16068608,9666560,6406144,9670656,0,10838016,4354048,1,7,0.0,0,0,0,0,0,0,100000,layerkeysort_v4_trace,0
0,0,0,0,0,0,128,0.0,0,0,0,6.7296,0,0,0,front_back,0.0,0,0,100000,0,0.0,0,0,0,0,0,0,866.8,0,39.0653,0,True,0.100001,0.399999,3.2,0.8,0,0.0581,0.0,0,15228928,16113664,9711616,6406144,9715712,0,10883072,4354048,2,7,0.0,0,0,0,0,0,0,100000,layerkeysort_v4_trace,0
6597560,103097,28679598,0,4916296,0,128,0.0,4517352,0,0,8.9085,0,1,4344,front_back,0.0,103097,58768,100000,0,0.0,307793,4,319,25,1,1,206.7,1898,47.8265,2,True,0.2,0.6,4.899999,1.3,4916296,0.058,0.0,3467,18575360,19464192,9818112,6561792,9818112,0,11628544,4358144,0,7,0.0,5952,0,0,0,4792,3095,100000,layerkeysort_v4_trace_diagnostics,0
0,0,0,0,0,0,128,0.0,0,0,0,5.6687,0,0,0,distant_drag,0.0,0,0,100000,0,0.0,0,0,0,0,0,0,168.9,0,38.4102,0,True,0.100001,0.5,3.9,1.1,0,0.0547,0.0,0,15175680,16052224,9646080,6406144,9650176,0,9801728,4358144,0,7,0.0,0,0,0,0,0,0,100000,layerkeysort_v4_trace,0
0,0,0,0,0,0,128,0.0,0,0,0,5.6308,0,0,0,distant_drag,0.0,0,0,100000,0,0.0,0,0,0,0,0,0,185.800001,0,38.9519,0,True,0.100001,0.5,4.0,1.3,0,0.0548,0.0,0,15245312,16097280,9691136,6397952,9695232,0,9846784,4349952,1,7,0.0,0,0,0,0,0,0,100000,layerkeysort_v4_trace,0
0,0,0,0,0,0,128,0.0,0,0,0,5.6092,0,0,0,distant_drag,0.0,0,0,100000,0,0.0,0,0,0,0,0,0,103.8,0,36.9135,0,True,0.100001,0.5,3.599999,1.1,0,0.056,0.0,0,15200256,16068608,9662464,6406144,9666560,0,9818112,4358144,2,7,0.0,0,0,0,0,0,0,100000,layerkeysort_v4_trace,0
6006816,102558,27138486,0,4916296,0,128,0.0,4533792,0,0,8.2437,0,1,4344,distant_drag,0.0,102558,43428,100000,0,0.0,305739,4,320,24,1,1,112.4,1344,45.138,0,True,0.2,0.5,5.2,1.599999,4916296,0.0547,0.0,1959,18722816,19562496,9768960,6418432,9768960,0,10072064,4358144,0,7,0.0,5952,0,0,0,3183,2556,100000,layerkeysort_v4_trace_diagnostics,0
0,0,0,0,0,0,128,0.0,0,0,0,6.6987,0,0,0,hotspot_drag,0.0,0,0,100000,0,0.0,0,0,0,0,0,0,166.8,0,39.4948,0,True,0.100001,0.5,3.7,1.099999,0,0.0565,0.0,0,15294464,16130048,9748480,6430720,9752576,0,9748480,4358144,0,7,0.0,0,0,0,0,0,0,100000,layerkeysort_v4_trace,0
0,0,0,0,0,0,128,0.0,0,0,0,6.5284,0,0,0,hotspot_drag,0.0,0,0,100000,0,0.0,0,0,0,0,0,0,144.600001,0,38.3657,0,True,0.100001,0.4,4.0,0.9,0,0.0574,0.0,0,15147008,16015360,9633792,6426624,9637888,0,9633792,4354048,1,7,0.0,0,0,0,0,0,0,100000,layerkeysort_v4_trace,0
0,0,0,0,0,0,128,0.0,0,0,0,6.482,0,0,0,hotspot_drag,0.0,0,0,100000,0,0.0,0,0,0,0,0,0,229.0,0,38.9287,0,True,0.100001,0.4,4.0,1.2,0,0.0563,0.0,0,15310848,16146432,9764864,6430720,9768960,0,9764864,4358144,2,7,0.0,0,0,0,0,0,0,100000,layerkeysort_v4_trace,0
6573448,103075,28633270,0,4916296,0,128,0.0,4530504,0,0,8.2591,0,1,4344,hotspot_drag,0.0,103075,59419,100000,0,0.0,307794,4,320,25,1,1,712.399999,1864,45.7473,3,True,0.2,0.5,4.2,1.2,4916296,0.0571,0.0,4323,18653184,19492864,9723904,6438912,9723904,0,9723904,4354048,0,7,0.0,5952,0,0,0,4844,3073,100000,layerkeysort_v4_trace_diagnostics,0
0,0,0,0,0,0,128,0.0,0,0,0,5.3108,0,0,0,large_moves,0.0,0,0,100000,0,0.0,0,0,0,0,0,0,267.599999,0,44.9428,0,True,0.100001,0.6,6.1,1.599999,0,0.0558,0.0,0,15208448,16097280,9691136,6406144,9695232,0,9846784,4358144,0,7,0.0,0,0,0,0,0,0,100000,layerkeysort_v4_trace,0
0,0,0,0,0,0,128,0.0,0,0,0,5.3843,0,0,0,large_moves,0.0,0,0,100000,0,0.0,0,0,0,0,0,0,145.000001,0,38.8773,0,True,0.100001,0.5,4.099999,1.2,0,0.0602,0.0,0,15286272,16158720,9752576,6402048,9756672,0,9908224,4354048,1,7,0.0,0,0,0,0,0,0,100000,layerkeysort_v4_trace,0
0,0,0,0,0,0,128,0.0,0,0,0,5.2552,0,0,0,large_moves,0.0,0,0,100000,0,0.0,0,0,0,0,0,0,544.8,0,41.1354,0,True,0.100001,0.5,4.3,1.400001,0,0.0547,0.0,0,15237120,16105472,9699328,6406144,9703424,0,9854976,4358144,2,7,0.0,0,0,0,0,0,0,100000,layerkeysort_v4_trace,0
6006816,102558,27138486,0,4916296,0,128,0.0,4533792,0,0,11.1006,0,1,4344,large_moves,0.0,102558,43428,100000,0,0.0,305739,4,320,24,1,1,220.4,1344,44.5122,0,True,0.2,0.5,4.699999,1.3,4916296,0.0576,0.0,1959,18653184,19480576,9687040,6414336,9687040,0,9990144,4358144,0,7,0.0,5952,0,0,0,3183,2556,100000,layerkeysort_v4_trace_diagnostics,0
0,0,0,0,0,0,128,0.0,0,0,0,7.0428,0,0,0,delete_reinsert,0.0,0,0,100000,0,0.0,0,0,0,0,0,0,124.599999,0,32.4621,0,True,0.1,0.3,2.799999,0.999999,0,0.0566,0.0,0,15233024,16109568,9965568,6664192,9969664,0,10481664,4358144,0,7,0.0,0,0,0,0,0,0,100000,layerkeysort_v4_trace,0
0,0,0,0,0,0,128,0.0,0,0,0,6.2506,0,0,0,delete_reinsert,0.0,0,0,100000,0,0.0,0,0,0,0,0,0,209.1,0,29.978,0,True,0.1,0.3,2.700001,0.7,0,0.0563,0.0,0,15224832,16072704,9928704,6656000,9932800,0,10444800,4349952,1,7,0.0,0,0,0,0,0,0,100000,layerkeysort_v4_trace,0
0,0,0,0,0,0,128,0.0,0,0,0,6.5071,0,0,0,delete_reinsert,0.0,0,0,100000,0,0.0,0,0,0,0,0,0,435.6,0,32.522,0,True,0.1,0.3,2.9,0.9,0,0.0559,0.0,0,15286272,16121856,9973760,6664192,9977856,0,10489856,4358144,2,7,0.0,0,0,0,0,0,0,100000,layerkeysort_v4_trace,0
7392000,152362,18605122,0,4916296,0,128,0.0,4539272,0,0,8.2309,0,1,4344,delete_reinsert,0.0,152362,39212,100000,0,0.0,204775,2,191,16,1,1,118.800001,1143,39.4496,0,True,0.100001,0.4,3.0,1.1,4916296,0.0732,0.0,1914,18636800,19492864,9846784,6561792,9846784,0,10555392,4358144,0,7,0.0,5952,0,0,0,2415,2360,100000,layerkeysort_v4_trace_diagnostics,0
0,0,0,0,0,0,128,0.0,0,0,0,5.3377,2462582,0,0,managed_churn,0.0,0,0,100000,0,0.0,0,0,0,0,0,0,109.6,0,43.500501,0,True,0.2,0.399999,2.9,0.5,0,0.0557,0.0,0,15286272,17289216,11149312,6668288,11149312,0,11288576,4354048,0,7,0.0,0,0,0,0,0,0,100000,layerkeysort_v4_trace,0
0,0,0,0,0,0,128,0.0,0,0,0,5.422,2462582,0,0,managed_churn,0.0,0,0,100000,0,0.0,0,0,0,0,0,0,81.0,0,45.4488,0,True,0.2,0.4,2.700001,0.6,0,0.0525,0.0,0,15310848,17342464,11202560,6672384,11202560,0,11341824,4358144,1,7,0.0,0,0,0,0,0,0,100000,layerkeysort_v4_trace,0
0,0,0,0,0,0,128,0.0,0,0,0,9.5721,2462582,0,0,managed_churn,0.0,0,0,100000,0,0.0,0,0,0,0,0,0,402.1,0,46.1437,0,True,0.2,0.4,3.1,0.6,0,0.0967,0.0,0,15241216,17346560,11206656,6672384,11206656,0,11345920,4358144,2,7,0.0,0,0,0,0,0,0,100000,layerkeysort_v4_trace,0
7059944,152060,19159735,0,4906464,0,128,0.0,4769464,0,0,7.5403,2462582,1,4376,managed_churn,0.0,152060,30709,100000,0,0.0,202687,2,129,15,1,1,112.7,630,54.4644,0,True,0.200001,0.4,3.8,0.9,4906464,0.0529,0.0,2058,18640896,20701184,11198464,6696960,11198464,0,11198464,4354048,0,7,0.0,5984,0,0,0,630,2057,100000,layerkeysort_v4_trace_diagnostics,0
0,0,0,0,0,0,128,0.0,0,0,0,58.934,0,0,0,endpoint,0.0,0,0,0,0,0.0,0,0,0,0,0,0,238.3,0,115.5748,0,True,0.1,0.2,5.3,0.399999,0,0.0596,0.0,0,0,110116864,45137920,13131776,45142016,0,45137920,4358144,0,19,0.0,0,0,0,0,0,0,1000000,layerkeysort_v4_trace,0
0,0,0,0,0,0,128,0.0,0,0,0,53.4898,0,0,0,endpoint,0.0,0,0,0,0,0.0,0,0,0,0,0,0,324.3,0,121.1495,0,True,0.1,0.2,5.6,0.4,0,0.0584,0.0,0,0,110116864,45137920,13131776,45142016,0,45137920,4358144,1,19,0.0,0,0,0,0,0,0,1000000,layerkeysort_v4_trace,0
0,0,0,0,0,0,128,0.0,0,0,0,68.1719,0,0,0,endpoint,0.0,0,0,0,0,0.0,0,0,0,0,0,0,171.2,0,121.8333,0,True,0.1,0.2,5.8,0.4,0,0.1144,0.0,0,0,110108672,45129728,13123584,45133824,0,45129728,4349952,2,19,0.0,0,0,0,0,0,0,1000000,layerkeysort_v4_trace,0
49128248,1015625,97495776,0,0,0,128,0.0,49128248,0,0,83.5293,0,1,4344,endpoint,0.0,1015625,225776,0,0,0.0,1015623,2,129,16,0,1,442.6,0,166.4019,0,True,0.1,0.3,6.1,0.5,49128248,0.0981,0.0,15610,0,143368192,45211648,13201408,45211648,0,45211648,4362240,0,19,0.0,5952,0,0,0,0,15623,1000000,layerkeysort_v4_trace_diagnostics,0
0,0,0,0,0,0,128,0.0,0,0,0,60.4978,12951538,0,0,equal,0.0,0,0,0,0,0.0,0,0,0,0,0,0,684.799999,0,153.7287,0,True,0.1,0.200001,8.1,0.4,0,0.1465,0.0,0,0,110120960,45142016,13131776,45142016,0,45142016,4354048,0,19,0.0,0,0,0,0,0,0,1000000,layerkeysort_v4_trace,0
0,0,0,0,0,0,128,0.0,0,0,0,65.358,12951538,0,0,equal,0.0,0,0,0,0,0.0,0,0,0,0,0,0,1573.8,0,153.3613,0,True,0.1,0.200001,8.0,0.4,0,0.1072,0.0,0,0,110125056,45146112,13135872,45146112,0,45146112,4358144,1,19,0.0,0,0,0,0,0,0,1000000,layerkeysort_v4_trace,0
0,0,0,0,0,0,128,0.0,0,0,0,56.814,12951538,0,0,equal,0.0,0,0,0,0,0.0,0,0,0,0,0,0,133.0,0,148.016,0,True,0.1,0.200001,8.0,0.4,0,0.0584,0.0,0,0,110120960,45142016,13131776,45142016,0,45142016,4354048,2,19,0.0,0,0,0,0,0,0,1000000,layerkeysort_v4_trace,0
49128280,1015626,97495776,0,0,0,128,0.0,49128280,0,0,140.3835,12951538,1,4376,equal,0.0,1015626,225776,0,0,0.0,1015623,2,129,16,0,1,293.9,0,204.2806,0,True,0.1,0.3,8.3,0.6,49128280,0.5045,0.0,15610,0,143368192,45211648,13201408,45211648,0,45211648,4362240,0,19,0.0,5984,0,0,0,0,15623,1000000,layerkeysort_v4_trace_diagnostics,0
0,0,0,0,0,0,128,0.0,0,0,0,0.906,0,0,0,long_churn,0.0,0,0,10000,0,0.0,0,0,0,0,0,0,354.4,0,173.899999,0,True,0.1,0.399999,2.0,0.999999,0,0.042,0.0,0,5615616,26316800,25112576,12652544,25116672,0,25640960,4358144,0,19,0.0,0,0,0,0,0,0,1000000,layerkeysort_v4_trace,0
0,0,0,0,0,0,128,0.0,0,0,0,0.8653,0,0,0,long_churn,0.0,0,0,10000,0,0.0,0,0,0,0,0,0,953.600001,0,158.3692,0,True,0.1,0.3,1.8,0.7,0,0.0433,0.0,0,5619712,26349568,25145344,12648448,25149440,0,25673728,4354048,1,19,0.0,0,0,0,0,0,0,1000000,layerkeysort_v4_trace,0
0,0,0,0,0,0,128,0.0,0,0,0,0.7923,0,0,0,long_churn,0.0,0,0,10000,0,0.0,0,0,0,0,0,0,771.4,0,147.7703,0,True,0.1,0.200001,1.6,0.6,0,0.0405,0.0,0,5521408,26337280,25133056,12652544,25137152,0,25661440,4358144,2,19,0.0,0,0,0,0,0,0,1000000,layerkeysort_v4_trace,0
22575928,515705,92719462,0,495320,0,128,0.0,453672,0,0,1.8183,0,1,4344,long_churn,0.0,515705,94020,10000,0,0.0,1035212,2,191,15,1,1,248.400001,5586,206.1285,0,True,0.2,0.3,2.5,1.0,911768,0.0642,0.0,2099,5861376,27107328,25456640,12943360,25456640,0,26324992,4362240,0,19,0.0,5952,0,0,0,19509,5703,1000000,layerkeysort_v4_trace_diagnostics,0
0,0,0,0,0,0,128,0.0,0,0,0,6.8111,0,0,0,distant_drag,0.0,0,0,100001,0,0.0,0,0,0,0,0,0,265.3,0,50.8875,0,True,0.100001,0.8,5.9,1.9,0,0.0665,0.0,0,15245312,16101376,9961472,6668288,9965568,0,10125312,4354048,0,19,0.0,0,0,0,0,0,0,100000,layerkeysort_v4_trace,0
0,0,0,0,0,0,128,0.0,0,0,0,6.1456,0,0,0,distant_drag,0.0,0,0,100001,0,0.0,0,0,0,0,0,0,103.7,0,66.693,0,True,0.2,1.1,6.099999,2.2,0,0.0573,0.0,0,15208448,16089088,9949184,6668288,9953280,0,10113024,4354048,1,19,0.0,0,0,0,0,0,0,100000,layerkeysort_v4_trace,0
0,0,0,0,0,0,128,0.0,0,0,0,6.2284,0,0,0,distant_drag,0.0,0,0,100001,0,0.0,0,0,0,0,0,0,987.7,0,72.4417,0,True,0.2,1.1,6.5,2.3,0,0.0628,0.0,0,15249408,16109568,9969664,6668288,9973760,0,10133504,4354048,2,19,0.0,0,0,0,0,0,0,100000,layerkeysort_v4_trace,0
5999176,102552,27288946,0,4916328,0,128,0.0,4510808,0,0,8.6548,0,1,4344,distant_drag,0.0,102552,43529,100001,0,0.0,305648,4,320,23,1,1,314.9,1358,96.8213,0,True,0.2,1.6,8.3,3.2,4916328,0.0624,0.0,1951,18616320,19505152,9715712,6422528,9715712,0,10039296,4358144,0,19,0.0,5952,0,0,0,3098,2549,100000,layerkeysort_v4_trace_diagnostics,0
0,0,0,8388608,0,0,128,15.7374,0,0,0,6.314,0,0,0,retained,3.1651,0,0,100000,21125000,1.0513,0,0,0,0,0,0,75.9,0,14.9244,0,True,0.1,0.3,6.0,1.2,0,0.1129,4.6776,0,15323136,38309888,29818880,7454720,9216000,38309888,29818880,5246976,0,19,4.0561,0,8,0,13520000,0,0,10000,layerkeysort_v4_trace,13520208
0,0,0,8388608,0,0,128,10.9158,0,0,0,5.739,0,0,0,retained,3.1347,0,0,100000,21125000,1.0001,0,0,0,0,0,0,150.3,0,14.3836,0,True,0.1,0.3,6.9,0.9,0,0.0574,4.9579,0,15331328,38170624,29679616,7450624,9211904,38170624,29679616,5242880,1,19,4.0503,0,8,0,13520000,0,0,10000,layerkeysort_v4_trace,13520208
0,0,0,8388608,0,0,128,12.1021,0,0,0,5.8289,0,0,0,retained,3.152,0,0,100000,21125000,1.0069,0,0,0,0,0,0,84.8,0,13.9146,0,True,0.1,0.3,5.3,0.9,0,0.0591,4.1604,0,15290368,38260736,29769728,7450624,9211904,38260736,29769728,5242880,2,19,4.059,0,8,0,13520000,0,0,10000,layerkeysort_v4_trace,13520208
42886050,213756,10428475,8388608,4916296,0,128,12.3443,27145504,0,0,8.2374,0,1,21913552,retained,3.2008,213644,17468,100000,21125000,1.2614,111561,2,129,13,0,1,273.3,0,22.489,0,True,0.1,0.499999,5.999999,1.2,27145504,0.1134,5.8793,1551,18718720,41017344,30056448,7770112,9531392,41017344,30326784,5246976,0,19,3.7051,21915160,8,2808650,13520000,0,1561,10000,layerkeysort_v4_trace_diagnostics,13520208
0,0,0,0,0,0,128,0.0,0,0,0,0.871,0,0,0,timeline,0.0,0,0,10000,0,0.0,0,0,0,0,0,0,42.500001,0,2.8132,0,True,0.1,0.3,7.9,0.9,0,0.0402,0.0,0,5799936,6230016,5304320,5308416,5308416,0,5758976,4837376,0,7,0.0,0,0,0,0,0,0,10000,layerkeysort_v4_trace,0
0,0,0,0,0,0,128,0.0,0,0,0,0.858,0,0,0,timeline,0.0,0,0,10000,0,0.0,0,0,0,0,0,0,46.3,0,2.5147,0,True,0.1,0.200001,5.7,0.6,0,0.0404,0.0,0,5758976,6225920,5300224,5304320,5304320,0,5754880,4833280,1,7,0.0,0,0,0,0,0,0,10000,layerkeysort_v4_trace,0
0,0,0,0,0,0,128,0.0,0,0,0,0.8935,0,0,0,timeline,0.0,0,0,10000,0,0.0,0,0,0,0,0,0,46.4,0,2.666,0,True,0.1,0.200001,6.8,0.6,0,0.0423,0.0,0,5799936,6230016,5304320,5308416,5308416,0,5758976,4837376,2,7,0.0,0,0,0,0,0,0,10000,layerkeysort_v4_trace,0
786584,18195,1828158,0,495320,0,128,0.0,690992,0,0,1.1528,0,1,4344,timeline,0.0,18195,1714,10000,0,0.0,20233,2,191,10,1,1,86.7,29,3.8376,0,True,0.1,0.4,8.4,1.1,690992,0.0419,0.0,167,6148096,6848512,5390336,4935680,5390336,0,6025216,4845568,0,7,0.0,5952,0,0,0,46,187,10000,layerkeysort_v4_trace_diagnostics,0
0,0,0,131072,0,10000,128,0.2392,0,0,0,0.9212,0,0,0,timeline,0.0653,0,0,10000,400300,0.2189,0,0,0,0,0,0,50.799999,0,2.5158,0,True,0.1,0.200001,5.1,0.5,0,0.0448,0.9424,0,5795840,6295552,5365760,4915200,5365760,0,5857280,4833280,0,7,0.0904,0,1,0,256192,0,0,10000,layerkeysort_v4_trace,256218
0,0,0,131072,0,10000,128,0.1993,0,0,0,0.8766,0,0,0,timeline,0.0594,0,0,10000,400300,0.1972,0,0,0,0,0,0,106.099999,0,3.0595,0,True,0.1,0.3,8.0,0.999999,0,0.0454,0.6979,0,5799936,6299648,5369856,4919296,5369856,0,5861376,4837376,1,7,0.072,0,1,0,256192,0,0,10000,layerkeysort_v4_trace,256218
0,0,0,131072,0,10000,128,0.2393,0,0,0,0.9353,0,0,0,timeline,0.0632,0,0,10000,400300,0.1916,0,0,0,0,0,0,43.499999,0,2.8329,0,True,0.1,0.3,7.600001,0.7,0,0.041,0.7155,0,5799936,6299648,5369856,4919296,5369856,0,5861376,4837376,2,7,0.0909,0,1,0,256192,0,0,10000,layerkeysort_v4_trace,256218
2472220,34355,1828158,131072,495320,10000,128,0.1773,691000,0,0,1.276,0,1,4352,timeline,0.0612,34344,1714,10000,400300,0.1883,20233,2,191,10,1,1,71.0,29,3.4719,0,True,0.1,0.3,8.4,0.9,2245620,0.0423,1.0027,167,6148096,7122944,5521408,4902912,5521408,0,6148096,4845568,0,7,0.0663,5960,1,387346,256192,46,187,10000,layerkeysort_v4_trace_diagnostics,256218
0,0,0,1310720,0,1000,128,1.539,0,0,0,0.9028,0,0,0,timeline,0.5029,0,0,10000,3326900,0.1244,0,0,0,0,0,0,64.8,0,2.569,0,True,0.1,0.200001,4.6,0.7,0,0.0431,0.4216,0,5799936,6221824,5439488,5439488,5439488,0,5652480,4837376,0,7,0.6515,0,10,0,2129216,0,0,10000,layerkeysort_v4_trace,2129476
0,0,0,1310720,0,1000,128,1.4498,0,0,0,0.8345,0,0,0,timeline,0.4946,0,0,10000,3326900,0.1072,0,0,0,0,0,0,56.100001,0,2.9382,0,True,0.1,0.200001,8.4,0.7,0,0.0409,0.439,0,5799936,6221824,5439488,5439488,5439488,0,5652480,4837376,1,7,0.6718,0,10,0,2129216,0,0,10000,layerkeysort_v4_trace,2129476
0,0,0,1310720,0,1000,128,1.7415,0,0,0,0.8529,0,0,0,timeline,0.4936,0,0,10000,3326900,0.1098,0,0,0,0,0,0,48.299999,0,2.5322,0,True,0.1,0.200001,4.9,0.7,0,0.0439,0.5008,0,5799936,6221824,5439488,5439488,5439488,0,5652480,4837376,2,7,0.7851,0,10,0,2129216,0,0,10000,layerkeysort_v4_trace,2129476
6312286,29053,1828158,1310720,495320,1000,128,1.5417,691000,0,0,1.1364,0,1,4352,timeline,0.4905,28943,1714,10000,3326900,0.1726,20233,2,191,10,1,1,50.5,29,3.4409,0,True,0.1,0.3,8.3,0.7,1587788,0.042,0.5753,167,6148096,6909952,5443584,4988928,5443584,0,5996544,4845568,0,7,0.6387,5960,10,387338,2129216,46,187,10000,layerkeysort_v4_trace_diagnostics,2129476
0,0,0,13107200,0,100,128,16.1232,0,0,0,0.903,0,0,0,timeline,4.9972,0,0,10000,32594450,0.1453,0,0,0,0,0,0,145.800001,0,3.3577,0,True,0.1,0.3,7.6,0.9,0,0.0421,0.5505,0,5771264,6258688,5328896,5328896,5328896,0,5894144,4837376,0,7,6.6865,0,100,0,20860448,0,0,10000,layerkeysort_v4_trace,20863048
0,0,0,13107200,0,100,128,15.2208,0,0,0,0.8776,0,0,0,timeline,4.9494,0,0,10000,32594450,0.1215,0,0,0,0,0,0,101.799999,0,2.8596,0,True,0.1,0.3,4.9,0.7,0,0.0424,0.369,0,5799936,6258688,5328896,5328896,5328896,0,5894144,4837376,1,7,6.5581,0,100,0,20860448,0,0,10000,layerkeysort_v4_trace,20863048
0,0,0,13107200,0,100,128,15.2752,0,0,0,0.8646,0,0,0,timeline,4.9853,0,0,10000,32594450,0.1138,0,0,0,0,0,0,43.7,0,2.8079,0,True,0.1,0.3,5.4,0.7,0,0.0452,0.3694,0,5795840,6254592,5324800,5324800,5324800,0,5890048,4833280,2,7,6.2954,0,100,0,20860448,0,0,10000,layerkeysort_v4_trace,20863048
48597922,29851,1828158,13107200,495320,100,128,17.7115,691000,0,0,1.7584,0,1,4352,timeline,5.2475,28751,1714,10000,32594450,0.1243,20233,2,191,10,1,1,390.0,29,4.6606,0,True,0.100001,0.4,10.199999,1.3,1515452,0.052,0.8055,167,6144000,6901760,5435392,5435392,5435392,0,6012928,4841472,0,7,7.6896,5960,100,387338,20860448,46,187,10000,layerkeysort_v4_trace_diagnostics,20863048
0,0,0,0,0,0,128,0.0,0,0,0,0.5642,0,0,0,churn,0.0,0,0,10000,0,0.0,0,0,0,0,0,0,135.3,0,2.5269,0,True,0.1,0.200001,5.4,0.4,0,0.0403,0.0,0,5804032,5935104,5283840,5287936,5287936,0,5632000,4841472,0,7,0.0,0,0,0,0,0,0,10000,layerkeysort_v4_trace,0
0,0,0,0,0,0,128,0.0,0,0,0,0.5564,0,0,0,churn,0.0,0,0,10000,0,0.0,0,0,0,0,0,0,87.3,0,2.3114,0,True,0.1,0.2,5.8,0.4,0,0.039,0.0,0,5799936,5931008,5279744,5283840,5283840,0,5627904,4837376,1,7,0.0,0,0,0,0,0,0,10000,layerkeysort_v4_trace,0
0,0,0,0,0,0,128,0.0,0,0,0,0.519,0,0,0,churn,0.0,0,0,10000,0,0.0,0,0,0,0,0,0,28.0,0,2.0544,0,True,0.1,0.2,5.100001,0.3,0,0.0383,0.0,0,5804032,5935104,5283840,5287936,5287936,0,5632000,4841472,2,7,0.0,0,0,0,0,0,0,10000,layerkeysort_v4_trace,0
734232,15229,1845322,0,495320,0,128,0.0,460248,0,0,0.7428,0,1,4344,churn,0.0,15229,2597,10000,0,0.0,20487,2,191,10,1,1,73.4,104,3.6326,0,True,0.1,0.3,6.2,0.9,495320,0.0397,0.0,178,6148096,6279168,5419008,5419008,5419008,0,5898240,4845568,0,7,0.0,5952,0,0,0,260,227,10000,layerkeysort_v4_trace_diagnostics,0
0,0,0,131072,0,10000,128,0.1319,0,0,0,0.5218,0,0,0,churn,0.0373,0,0,10000,250000,0.1273,0,0,0,0,0,0,29.3,0,2.2199,0,True,0.1,0.2,4.5,0.4,0,0.0676,0.3955,0,5804032,6033408,5451776,5451776,5451776,0,5734400,4841472,0,7,0.0441,0,1,0,160000,0,0,10000,layerkeysort_v4_trace,160026
0,0,0,131072,0,10000,128,0.1524,0,0,0,0.5387,0,0,0,churn,0.0397,0,0,10000,250000,0.1043,0,0,0,0,0,0,266.200001,0,2.4288,0,True,0.1,0.2,6.699999,0.3,0,0.0383,0.3424,0,5799936,6029312,5447680,5447680,5447680,0,5730304,4837376,1,7,0.0433,0,1,0,160000,0,0,10000,layerkeysort_v4_trace,160026
0,0,0,131072,0,10000,128,0.1931,0,0,0,0.5101,0,0,0,churn,0.0373,0,0,10000,250000,0.1378,0,0,0,0,0,0,37.899999,0,2.1041,0,True,0.1,0.2,4.7,0.3,0,0.0382,0.4904,0,5808128,6037504,5455872,5455872,5455872,0,5738496,4845568,2,7,0.0655,0,1,0,160000,0,0,10000,layerkeysort_v4_trace,160026
1887396,25330,1845322,131072,495320,10000,128,0.1612,460256,0,0,0.7064,0,1,4352,churn,0.0391,25319,2597,10000,250000,0.1082,20487,2,191,10,1,1,45.799999,104,2.7857,0,True,0.1,0.200001,5.5,0.3,1482404,0.0398,0.4991,178,6148096,6303744,5451776,4947968,5451776,0,5926912,4845568,0,7,0.0508,5960,1,291154,160000,260,227,10000,layerkeysort_v4_trace_diagnostics,160026
0,0,0,1310720,0,1000,128,1.4918,0,0,0,0.5488,0,0,0,churn,0.4559,0,0,10000,2500000,0.127,0,0,0,0,0,0,35.0,0,2.3412,0,True,0.1,0.200001,5.3,0.6,0,0.1584,0.4848,0,5799936,6066176,5480448,5480448,5480448,0,5763072,4837376,0,7,0.5599,0,10,0,1600000,0,0,10000,layerkeysort_v4_trace,1600260
0,0,0,1310720,0,1000,128,1.3076,0,0,0,0.5096,0,0,0,churn,0.374,0,0,10000,2500000,0.1097,0,0,0,0,0,0,40.100001,0,2.1998,0,True,0.1,0.2,5.0,0.3,0,0.0389,0.3635,0,5804032,6070272,5484544,4984832,5484544,0,5767168,4841472,1,7,0.4428,0,10,0,1600000,0,0,10000,layerkeysort_v4_trace,1600260
0,0,0,1310720,0,1000,128,1.5138,0,0,0,0.6214,0,0,0,churn,0.3713,0,0,10000,2500000,0.1234,0,0,0,0,0,0,141.9,0,2.6902,0,True,0.1,0.200001,5.8,0.6,0,0.0375,0.7353,0,5799936,6066176,5480448,5480448,5480448,0,5763072,4837376,2,7,0.578,0,10,0,1600000,0,0,10000,layerkeysort_v4_trace,1600260
5686782,25465,1845322,1310720,495320,1000,128,1.1148,460256,0,0,0.6832,0,1,4352,churn,0.3832,25355,2597,10000,2500000,0.1313,20487,2,191,10,1,1,269.1,104,3.3062,0,True,0.1,0.200001,6.5,0.6,1476924,0.0395,0.6288,178,6144000,6299648,5390336,4952064,5390336,0,5799936,4841472,0,7,0.5491,5960,10,291154,1600000,260,227,10000,layerkeysort_v4_trace_diagnostics,1600260
0,0,0,13107200,0,100,128,10.1341,0,0,0,0.5288,0,0,0,churn,3.9496,0,0,10000,25000000,0.1381,0,0,0,0,0,0,35.2,0,2.6547,0,True,0.1,0.200001,5.700001,0.6,0,0.0381,0.7447,0,5804032,6033408,5451776,4952064,5451776,0,5730304,4841472,0,7,5.0878,0,100,0,16000000,0,0,10000,layerkeysort_v4_trace,16002600
0,0,0,13107200,0,100,128,10.1644,0,0,0,0.5739,0,0,0,churn,3.8497,0,0,10000,25000000,0.126,0,0,0,0,0,0,43.1,0,2.505,0,True,0.1,0.200001,4.8,0.5,0,0.0383,0.4827,0,5795840,6025216,5443584,4943872,5443584,0,5722112,4833280,1,7,5.1439,0,100,0,16000000,0,0,10000,layerkeysort_v4_trace,16002600
0,0,0,13107200,0,100,128,11.2423,0,0,0,0.5613,0,0,0,churn,4.0218,0,0,10000,25000000,0.105,0,0,0,0,0,0,38.200001,0,2.7043,0,True,0.1,0.3,5.4,0.7,0,0.038,0.3432,0,5799936,6029312,5447680,4947968,5447680,0,5726208,4837376,2,7,5.6358,0,100,0,16000000,0,0,10000,layerkeysort_v4_trace,16002600
43680642,26815,1845322,13107200,495320,100,128,13.3529,460256,0,0,0.7658,0,1,4352,churn,3.997,25715,2597,10000,25000000,0.1125,20487,2,191,10,1,1,65.2,104,3.7877,0,True,0.1,0.3,9.2,0.9,1486788,0.0413,0.7662,178,6148096,6303744,5451776,4947968,5451776,0,5931008,4845568,0,7,6.4141,5960,100,291154,16000000,260,227,10000,layerkeysort_v4_trace_diagnostics,16002600
0,0,0,0,0,0,128,0.0,0,0,0,0.5092,0,0,0,distant_drag,0.0,0,0,10000,0,0.0,0,0,0,0,0,0,63.6,0,2.5914,0,True,0.1,0.200001,5.100001,0.4,0,0.0372,0.0,0,5795840,5931008,5279744,5283840,5283840,0,5373952,4833280,0,7,0.0,0,0,0,0,0,0,10000,layerkeysort_v4_trace,0
0,0,0,0,0,0,128,0.0,0,0,0,0.5758,0,0,0,distant_drag,0.0,0,0,10000,0,0.0,0,0,0,0,0,0,37.100001,0,2.4825,0,True,0.1,0.200001,5.999999,0.399999,0,0.0382,0.0,0,5804032,5939200,5287936,5292032,5292032,0,5382144,4841472,1,7,0.0,0,0,0,0,0,0,10000,layerkeysort_v4_trace,0
0,0,0,0,0,0,128,0.0,0,0,0,0.5348,0,0,0,distant_drag,0.0,0,0,10000,0,0.0,0,0,0,0,0,0,222.199999,0,2.6249,0,True,0.1,0.200001,3.300001,0.399999,0,0.0373,0.0,0,5799936,5935104,5283840,5287936,5287936,0,5378048,4837376,2,7,0.0,0,0,0,0,0,0,10000,layerkeysort_v4_trace,0
607112,10259,2666879,0,495320,0,128,0.0,460248,0,0,0.7554,0,1,4344,distant_drag,0.0,10259,3094,10000,0,0.0,30596,4,319,15,1,1,44.1,134,2.9013,0,True,0.1,0.200001,4.7,0.4,495320,0.0431,0.0,205,6144000,6275072,5406720,4919296,5406720,0,5406720,4837376,0,7,0.0,5952,0,0,0,339,257,10000,layerkeysort_v4_trace_diagnostics,0
0,0,0,131072,0,10000,128,0.1334,0,0,0,0.5117,0,0,0,distant_drag,0.0396,0,0,10000,250000,0.1088,0,0,0,0,0,0,29.1,0,2.3899,0,True,0.1,0.200001,3.499999,0.399999,0,0.0385,0.3813,0,5804032,6037504,5423104,4956160,5423104,0,5517312,4841472,0,7,0.0481,0,1,0,160000,0,0,10000,layerkeysort_v4_trace,160026
0,0,0,131072,0,10000,128,0.2284,0,0,0,0.7618,0,0,0,distant_drag,0.0777,0,0,10000,250000,0.1519,0,0,0,0,0,0,43.2,0,2.8448,0,True,0.1,0.200001,6.3,0.3,0,0.0465,0.5121,0,5767168,6037504,5423104,4956160,5423104,0,5517312,4841472,1,7,0.0575,0,1,0,160000,0,0,10000,layerkeysort_v4_trace,160026
0,0,0,131072,0,10000,128,0.1828,0,0,0,0.5461,0,0,0,distant_drag,0.0372,0,0,10000,250000,0.115,0,0,0,0,0,0,23.9,0,2.3471,0,True,0.1,0.200001,3.4,0.3,0,0.038,0.3892,0,5795840,6029312,5414912,4947968,5414912,0,5509120,4833280,2,7,0.0499,0,1,0,160000,0,0,10000,layerkeysort_v4_trace,160026
1760276,20360,2666879,131072,495320,10000,128,0.5007,460256,0,0,0.762,0,1,4352,distant_drag,0.0411,20349,3094,10000,250000,0.1272,30596,4,319,15,1,1,105.9,134,3.4652,0,True,0.1,0.3,6.0,0.6,1482404,0.04,0.6913,205,6144000,6299648,5431296,5431296,5431296,0,5431296,4837376,0,7,0.0601,5960,1,291154,160000,339,257,10000,layerkeysort_v4_trace_diagnostics,160026
0,0,0,1310720,0,1000,128,1.164,0,0,0,0.5371,0,0,0,distant_drag,0.3711,0,0,10000,2500000,0.1092,0,0,0,0,0,0,49.400001,0,2.6224,0,True,0.1,0.200001,5.8,0.5,0,0.0383,0.3765,0,5799936,6033408,5423104,4956160,5423104,0,5517312,4837376,0,7,0.4956,0,10,0,1600000,0,0,10000,layerkeysort_v4_trace,1600260
0,0,0,1310720,0,1000,128,1.2653,0,0,0,0.5405,0,0,0,distant_drag,0.6883,0,0,10000,2500000,0.1302,0,0,0,0,0,0,69.1,0,2.5681,0,True,0.1,0.200001,4.6,0.499999,0,0.0384,0.4617,0,5799936,6033408,5423104,4956160,5423104,0,5517312,4837376,1,7,0.6661,0,10,0,1600000,0,0,10000,layerkeysort_v4_trace,1600260
0,0,0,1310720,0,1000,128,1.1331,0,0,0,0.9629,0,0,0,distant_drag,0.4227,0,0,10000,2500000,0.1085,0,0,0,0,0,0,100.0,0,2.8647,0,True,0.1,0.200001,5.8,0.399999,0,0.049,0.3589,0,5767168,6000640,5390336,4952064,5390336,0,5484544,4833280,2,7,0.5981,0,10,0,1600000,0,0,10000,layerkeysort_v4_trace,1600260
5559662,20495,2666879,1310720,495320,1000,128,1.26,460256,0,0,1.0607,0,1,4352,distant_drag,0.3883,20385,3094,10000,2500000,0.106,30596,4,319,15,1,1,52.2,134,3.0425,0,True,0.1,0.200001,5.0,0.6,1484596,0.0464,0.5376,205,6139904,6295552,5431296,5431296,5431296,0,5431296,4833280,0,7,0.595,5960,10,291154,1600000,339,257,10000,layerkeysort_v4_trace_diagnostics,1600260
0,0,0,13107200,0,100,128,15.4882,0,0,0,0.5764,0,0,0,distant_drag,3.8331,0,0,10000,25000000,0.1308,0,0,0,0,0,0,34.8,0,2.7455,0,True,0.1,0.200001,4.9,0.7,0,0.0384,0.411,0,5799936,6103040,5488640,5021696,5488640,0,5566464,4837376,0,7,7.5186,0,100,0,16000000,0,0,10000,layerkeysort_v4_trace,16002600
0,0,0,13107200,0,100,128,17.7998,0,0,0,0.5186,0,0,0,distant_drag,6.3275,0,0,10000,25000000,0.1641,0,0,0,0,0,0,546.3,0,4.3851,0,True,0.100001,0.3,11.900001,0.7,0,0.0374,0.6346,0,5799936,6103040,5488640,5021696,5488640,0,5566464,4837376,1,7,7.1576,0,100,0,16000000,0,0,10000,layerkeysort_v4_trace,16002600
0,0,0,13107200,0,100,128,11.1988,0,0,0,0.5585,0,0,0,distant_drag,4.0396,0,0,10000,25000000,0.1671,0,0,0,0,0,0,37.2,0,2.5961,0,True,0.1,0.200001,5.4,0.399999,0,0.0373,0.3641,0,5804032,6107136,5492736,5025792,5492736,0,5570560,4841472,2,7,4.846,0,100,0,16000000,0,0,10000,layerkeysort_v4_trace,16002600
43553522,21845,2666879,13107200,495320,100,128,12.0597,460256,0,0,0.6953,0,1,4352,distant_drag,4.074,20745,3094,10000,25000000,0.1012,30596,4,319,15,1,1,42.0,134,3.1872,0,True,0.1,0.3,4.8,0.6,1481308,0.0409,0.4658,205,6144000,6299648,5431296,5431296,5431296,0,5431296,4837376,0,7,5.9944,5960,100,291154,16000000,339,257,10000,layerkeysort_v4_trace_diagnostics,16002600
0,0,0,0,0,0,128,0.0,0,0,0,0.5087,123617,0,0,V3_ascending,0.3635,0,0,0,0,0.0,0,0,0,0,0,0,47.5,0,3.567,0,True,0.3,0.4,21.7,0.7,0,0.0,0.0,0,0,6389760,0,4657152,0,0,0,4530176,0,7,0.0,0,0,0,0,0,0,10000,layerkeysort_v4_trace,0
0,0,0,0,0,0,128,0.0,0,0,0,0.4669,123617,0,0,V3_ascending,0.3308,0,0,0,0,0.0,0,0,0,0,0,0,38.9,0,3.437,0,True,0.3,0.3,20.300001,0.5,0,0.0,0.0,0,0,6389760,0,4657152,0,0,0,4530176,1,7,0.0,0,0,0,0,0,0,10000,layerkeysort_v4_trace,0
0,0,0,0,0,0,128,0.0,0,0,0,0.4214,123617,0,0,V3_ascending,0.3317,0,0,0,0,0.0,0,0,0,0,0,0,34.5,0,3.7005,0,True,0.3,0.4,19.0,0.800001,0,0.0,0.0,0,0,6393856,0,4661248,0,0,0,4534272,2,7,0.0,0,0,0,0,0,0,10000,layerkeysort_v4_trace,0
960040,30001,0,0,0,0,128,0.0,960040,0,0,1.1632,123617,1,0,V3_ascending,0.6075,30001,0,0,0,0.0,0,0,0,0,0,0,88.1,0,5.1292,0,True,0.3,0.7,29.2,1.9,960040,0.0,0.0,0,0,7450624,0,4780032,0,0,0,4530176,0,7,0.0,0,0,0,0,0,0,10000,layerkeysort_v4_trace_diagnostics,0
0,0,0,0,0,0,128,0.0,0,0,0,18.2458,1568929,0,0,V3_ascending,12.026,0,0,0,0,0.0,0,0,0,0,0,0,417.4,0,72.8509,0,True,0.6,1.1,36.5,1.8,0,0.0,0.0,0,0,23629824,0,7053312,0,0,0,4378624,0,7,0.0,0,0,0,0,0,0,100000,layerkeysort_v4_trace,0
0,0,0,0,0,0,128,0.0,0,0,0,18.6221,1568929,0,0,V3_ascending,14.9747,0,0,0,0,0.0,0,0,0,0,0,0,213.2,0,67.3121,0,True,0.6,1.0,32.4,1.799999,0,0.0,0.0,0,0,23629824,0,7053312,0,0,0,4378624,1,7,0.0,0,0,0,0,0,0,100000,layerkeysort_v4_trace,0
0,0,0,0,0,0,128,0.0,0,0,0,25.9145,1568929,0,0,V3_ascending,11.4494,0,0,0,0,0.0,0,0,0,0,0,0,913.5,0,71.3524,0,True,0.6,1.099999,34.6,1.8,0,0.0,0.0,0,0,23621632,0,7045120,0,0,0,4370432,2,7,0.0,0,0,0,0,0,0,100000,layerkeysort_v4_trace,0
12628392,402827,0,0,0,0,128,0.0,10702928,0,0,25.8708,1568929,1,0,V3_ascending,18.7765,300001,0,0,0,0.0,0,0,0,0,0,0,288.8,0,86.327,0,True,0.7,1.4,56.3,2.100001,10702928,0.0,0.0,0,0,33243136,0,7200768,0,0,0,4370432,0,7,0.0,0,0,0,0,0,0,100000,layerkeysort_v4_trace_diagnostics,0
0,0,0,0,0,0,128,0.0,0,0,0,0.58,123617,0,0,V3_descending,0.3622,0,0,0,0,0.0,0,0,0,0,0,0,55.4,0,4.2044,0,True,0.3,0.6,20.8,1.6,0,0.0,0.0,0,0,6393856,0,4661248,0,0,0,4534272,0,7,0.0,0,0,0,0,0,0,10000,layerkeysort_v4_trace,0
0,0,0,0,0,0,128,0.0,0,0,0,0.4414,123617,0,0,V3_descending,0.3635,0,0,0,0,0.0,0,0,0,0,0,0,67.9,0,4.0295,0,True,0.3,0.5,20.1,1.400001,0,0.0,0.0,0,0,6389760,0,4657152,0,0,0,4530176,1,7,0.0,0,0,0,0,0,0,10000,layerkeysort_v4_trace,0
0,0,0,0,0,0,128,0.0,0,0,0,0.5388,123617,0,0,V3_descending,0.384,0,0,0,0,0.0,0,0,0,0,0,0,52.2,0,4.167,0,True,0.3,0.5,20.0,1.300001,0,0.0,0.0,0,0,6389760,0,4657152,0,0,0,4530176,2,7,0.0,0,0,0,0,0,0,10000,layerkeysort_v4_trace,0
960040,30001,0,0,0,0,128,0.0,960040,0,0,0.6448,123617,1,0,V3_descending,0.4246,30001,0,0,0,0.0,0,0,0,0,0,0,45.9,0,4.7385,0,True,0.399999,0.6,28.1,1.6,960040,0.0,0.0,0,0,7446528,0,4775936,0,0,0,4526080,0,7,0.0,0,0,0,0,0,0,10000,layerkeysort_v4_trace_diagnostics,0
0,0,0,0,0,0,128,0.0,0,0,0,7.7395,1568929,0,0,V3_descending,5.238,0,0,0,0,0.0,0,0,0,0,0,0,900.1,0,58.0239,0,True,0.4,0.9,35.0,1.7,0,0.0,0.0,0,0,23068672,0,7041024,0,0,0,4374528,0,7,0.0,0,0,0,0,0,0,100000,layerkeysort_v4_trace,0
0,0,0,0,0,0,128,0.0,0,0,0,7.2308,1568929,0,0,V3_descending,5.0815,0,0,0,0,0.0,0,0,0,0,0,0,930.2,0,56.9009,0,True,0.4,0.8,34.799999,1.599999,0,0.0,0.0,0,0,23068672,0,7041024,0,0,0,4374528,1,7,0.0,0,0,0,0,0,0,100000,layerkeysort_v4_trace,0
0,0,0,0,0,0,128,0.0,0,0,0,6.6098,1568929,0,0,V3_descending,4.8933,0,0,0,0,0.0,0,0,0,0,0,0,157.699999,0,54.5365,0,True,0.4,0.8,28.9,1.7,0,0.0,0.0,0,0,23068672,0,7041024,0,0,0,4374528,2,7,0.0,0,0,0,0,0,0,100000,layerkeysort_v4_trace,0
9600040,300001,0,0,0,0,128,0.0,9600040,0,0,17.2999,1568929,1,0,V3_descending,11.6025,300001,0,0,0,0.0,0,0,0,0,0,0,136.3,0,64.8679,0,True,0.5,0.999999,45.2,1.799999,9600040,0.0,0.0,0,0,32845824,0,7073792,0,0,0,4378624,0,7,0.0,0,0,0,0,0,0,100000,layerkeysort_v4_trace_diagnostics,0
0,0,0,0,0,0,128,0.0,0,0,0,0.5965,120950,0,0,V3_random,0.4948,0,0,0,0,0.0,0,0,0,0,0,0,970.399999,0,7.563,0,True,0.5,0.9,21.7,1.4,0,0.0,0.0,0,0,6557696,0,4755456,0,0,0,4530176,0,7,0.0,0,0,0,0,0,0,10000,layerkeysort_v4_trace,0
0,0,0,0,0,0,128,0.0,0,0,0,0.6084,120950,0,0,V3_random,0.4966,0,0,0,0,0.0,0,0,0,0,0,0,872.1,0,7.461,0,True,0.5,0.9,22.6,1.3,0,0.0,0.0,0,0,6561792,0,4759552,0,0,0,4534272,1,7,0.0,0,0,0,0,0,0,10000,layerkeysort_v4_trace,0
0,0,0,0,0,0,128,0.0,0,0,0,0.5992,120950,0,0,V3_random,0.4792,0,0,0,0,0.0,0,0,0,0,0,0,862.6,0,7.8505,0,True,0.5,1.0,22.3,2.199999,0,0.0,0.0,0,0,6561792,0,4759552,0,0,0,4534272,2,7,0.0,0,0,0,0,0,0,10000,layerkeysort_v4_trace,0
1863160,55860,0,0,0,0,128,0.0,1014480,0,0,0.7704,120950,1,0,V3_random,0.5532,43284,0,0,0,0.0,0,0,0,0,0,0,1547.8,0,9.944,0,True,0.6,1.4,36.500001,2.799999,1014480,0.0,0.0,0,0,7548928,0,4702208,0,0,0,4534272,0,7,0.0,0,0,0,0,0,0,10000,layerkeysort_v4_trace_diagnostics,0
0,0,0,0,0,0,128,0.0,0,0,0,14.376,1546143,0,0,V3_random,15.1911,0,0,0,0,0.0,0,0,0,0,0,0,6885.5,0,164.5171,0,True,1.2,3.1,35.5,5.1,0,0.0,0.0,0,0,24756224,0,7229440,0,0,0,4374528,0,7,0.0,0,0,0,0,0,0,100000,layerkeysort_v4_trace,0
0,0,0,0,0,0,128,0.0,0,0,0,29.7544,1546143,0,0,V3_random,41.9673,0,0,0,0,0.0,0,0,0,0,0,0,6685.3,0,148.361,0,True,1.2,2.4,35.2,4.0,0,0.0,0.0,0,0,24760320,0,7233536,0,0,0,4378624,1,7,0.0,0,0,0,0,0,0,100000,layerkeysort_v4_trace,0
0,0,0,0,0,0,128,0.0,0,0,0,15.0012,1546143,0,0,V3_random,13.9244,0,0,0,0,0.0,0,0,0,0,0,0,6506.3,0,148.8288,0,True,1.1,2.600001,34.8,5.3,0,0.0,0.0,0,0,24756224,0,7229440,0,0,0,4374528,2,7,0.0,0,0,0,0,0,0,100000,layerkeysort_v4_trace,0
19151200,589598,0,0,0,0,128,0.0,11899096,0,0,33.8209,1546143,1,0,V3_random,29.2763,367379,0,0,0,0.0,0,0,0,0,0,0,8270.3,0,198.2161,0,True,1.5,3.7,49.300001,5.9,11899096,0.0,0.0,0,0,34426880,0,7184384,0,0,0,4374528,0,7,0.0,0,0,0,0,0,0,100000,layerkeysort_v4_trace_diagnostics,0
0,0,0,0,0,0,128,0.0,0,0,0,0.453,123617,0,0,V3_equal,0.346,0,0,0,0,0.0,0,0,0,0,0,0,39.0,0,3.5049,0,True,0.3,0.4,18.199999,0.4,0,0.0,0.0,0,0,6393856,0,4657152,0,0,0,4534272,0,7,0.0,0,0,0,0,0,0,10000,layerkeysort_v4_trace,0
0,0,0,0,0,0,128,0.0,0,0,0,0.4044,123617,0,0,V3_equal,0.3373,0,0,0,0,0.0,0,0,0,0,0,0,39.9,0,3.5607,0,True,0.3,0.4,18.2,0.9,0,0.0,0.0,0,0,6393856,0,4657152,0,0,0,4534272,1,7,0.0,0,0,0,0,0,0,10000,layerkeysort_v4_trace,0
0,0,0,0,0,0,128,0.0,0,0,0,0.4371,123617,0,0,V3_equal,0.333,0,0,0,0,0.0,0,0,0,0,0,0,42.3,0,3.6918,0,True,0.3,0.4,22.800001,0.9,0,0.0,0.0,0,0,6393856,0,4661248,0,0,0,4534272,2,7,0.0,0,0,0,0,0,0,10000,layerkeysort_v4_trace,0
960040,30001,0,0,0,0,128,0.0,960040,0,0,0.6402,123617,1,0,V3_equal,0.383,30001,0,0,0,0.0,0,0,0,0,0,0,82.3,0,5.7576,0,True,0.399999,0.999999,42.8,2.399999,960040,0.0,0.0,0,0,7450624,0,4780032,0,0,0,4530176,0,7,0.0,0,0,0,0,0,0,10000,layerkeysort_v4_trace_diagnostics,0
0,0,0,0,0,0,128,0.0,0,0,0,6.1848,1568929,0,0,V3_equal,5.4354,0,0,0,0,0.0,0,0,0,0,0,0,262.0,0,68.9464,0,True,0.6,1.1,28.7,1.500001,0,0.0,0.0,0,0,23625728,0,7049216,0,0,0,4374528,0,7,0.0,0,0,0,0,0,0,100000,layerkeysort_v4_trace,0
0,0,0,0,0,0,128,0.0,0,0,0,6.935,1568929,0,0,V3_equal,4.9516,0,0,0,0,0.0,0,0,0,0,0,0,106.1,0,64.6478,0,True,0.6,0.9,27.8,1.3,0,0.0,0.0,0,0,23621632,0,7045120,0,0,0,4370432,1,7,0.0,0,0,0,0,0,0,100000,layerkeysort_v4_trace,0
0,0,0,0,0,0,128,0.0,0,0,0,10.8834,1568929,0,0,V3_equal,9.3666,0,0,0,0,0.0,0,0,0,0,0,0,814.6,0,65.0572,0,True,0.6,0.9,26.0,1.3,0,0.0,0.0,0,0,23617536,0,7041024,0,0,0,4366336,2,7,0.0,0,0,0,0,0,0,100000,layerkeysort_v4_trace,0
12628392,402827,0,0,0,0,128,0.0,10702928,0,0,16.8274,1568929,1,0,V3_equal,10.5765,300001,0,0,0,0.0,0,0,0,0,0,0,310.7,0,72.9779,0,True,0.6,1.099999,40.2,1.7,10702928,0.0,0.0,0,0,33247232,0,7204864,0,0,0,4374528,0,7,0.0,0,0,0,0,0,0,100000,layerkeysort_v4_trace_diagnostics,0
0,0,0,0,0,0,128,0.0,0,0,0,0.5328,124711,0,0,V3_duplicates,0.4676,0,0,0,0,0.0,0,0,0,0,0,0,1999.0,0,11.0483,0,True,0.6,2.1,21.5,6.4,0,0.0,0.0,0,0,6426624,0,4665344,0,0,0,4534272,0,7,0.0,0,0,0,0,0,0,10000,layerkeysort_v4_trace,0
0,0,0,0,0,0,128,0.0,0,0,0,0.5106,124711,0,0,V3_duplicates,0.4672,0,0,0,0,0.0,0,0,0,0,0,0,1884.9,0,10.6195,0,True,0.6,2.100001,24.3,6.3,0,0.0,0.0,0,0,6426624,0,4665344,0,0,0,4534272,1,7,0.0,0,0,0,0,0,0,10000,layerkeysort_v4_trace,0
0,0,0,0,0,0,128,0.0,0,0,0,0.5265,124711,0,0,V3_duplicates,0.4688,0,0,0,0,0.0,0,0,0,0,0,0,1907.2,0,10.3929,0,True,0.6,2.1,22.7,6.3,0,0.0,0.0,0,0,6418432,0,4657152,0,0,0,4526080,2,7,0.0,0,0,0,0,0,0,10000,layerkeysort_v4_trace,0
3198656,93250,0,0,0,0,128,0.0,1022120,0,0,0.7327,124711,1,0,V3_duplicates,0.5529,64834,0,0,0,0.0,0,0,0,0,0,0,2331.0,0,11.927,0,True,0.6,2.3,35.8,7.199999,1022120,0.0,0.0,0,0,7585792,0,4624384,0,0,0,4526080,0,7,0.0,0,0,0,0,0,0,10000,layerkeysort_v4_trace_diagnostics,0
0,0,0,0,0,0,128,0.0,0,0,0,13.3394,1581228,0,0,V3_duplicates,9.8923,0,0,0,0,0.0,0,0,0,0,0,0,1786.5,0,130.3015,0,True,0.8,2.5,66.6,8.0,0,0.0,0.0,0,0,23752704,0,7196672,0,0,0,4378624,0,7,0.0,0,0,0,0,0,0,100000,layerkeysort_v4_trace,0
0,0,0,0,0,0,128,0.0,0,0,0,17.4217,1581228,0,0,V3_duplicates,9.4859,0,0,0,0,0.0,0,0,0,0,0,0,1771.3,0,136.1404,0,True,0.800001,2.6,69.899999,8.6,0,0.0,0.0,0,0,23752704,0,7196672,0,0,0,4378624,1,7,0.0,0,0,0,0,0,0,100000,layerkeysort_v4_trace,0
0,0,0,0,0,0,128,0.0,0,0,0,22.4445,1581228,0,0,V3_duplicates,30.1466,0,0,0,0,0.0,0,0,0,0,0,0,1876.699999,0,140.0056,0,True,0.800001,2.6,74.2,8.499999,0,0.0,0.0,0,0,23748608,0,7192576,0,0,0,4374528,2,7,0.0,0,0,0,0,0,0,100000,layerkeysort_v4_trace,0
33138568,956716,0,0,0,0,128,0.0,10733184,0,0,23.2948,1581228,1,0,V3_duplicates,19.8969,638000,0,0,0,0.0,0,0,0,0,0,0,3203.1,0,161.4211,0,True,0.9,3.1,88.100001,10.4,10733992,0.0,0.0,0,0,33439744,0,7118848,0,0,0,4378624,0,7,0.0,0,0,0,0,0,0,100000,layerkeysort_v4_trace_diagnostics,0
0,0,0,0,0,0,128,0.0,0,0,0,0.5514,146639,0,0,V3_alternating,0.4329,0,0,0,0,0.0,0,0,0,0,0,0,1603.999999,0,76.8167,0,True,1.1,24.5,824.9,55.9,0,0.0,0.0,0,0,7090176,0,4849664,0,0,0,4534272,0,7,0.0,0,0,0,0,0,0,10000,layerkeysort_v4_trace,0
0,0,0,0,0,0,128,0.0,0,0,0,0.9344,146639,0,0,V3_alternating,0.4333,0,0,0,0,0.0,0,0,0,0,0,0,3052.5,0,108.4329,0,True,1.9,46.7,959.0,103.8,0,0.0,0.0,0,0,7090176,0,4849664,0,0,0,4534272,1,7,0.0,0,0,0,0,0,0,10000,layerkeysort_v4_trace,0
0,0,0,0,0,0,128,0.0,0,0,0,0.5708,146639,0,0,V3_alternating,0.4394,0,0,0,0,0.0,0,0,0,0,0,0,1703.2,0,77.6268,0,True,1.1,24.8,826.2,55.4,0,0.0,0.0,0,0,7098368,0,4857856,0,0,0,4530176,2,7,0.0,0,0,0,0,0,0,10000,layerkeysort_v4_trace,0
34524112,915927,0,0,0,0,128,0.0,1023800,0,0,0.8822,146639,1,0,V3_alternating,0.5182,467792,0,0,0,0.0,0,0,0,0,0,0,1937.7,0,84.3382,0,True,1.2,26.6,930.300001,68.3,1296136,0.0,0.0,0,0,8318976,0,4800512,0,0,0,4534272,0,7,0.0,0,0,0,0,0,0,10000,layerkeysort_v4_trace_diagnostics,0
0,0,0,0,0,0,128,0.0,0,0,0,17.9534,1889653,0,0,V3_alternating,16.9279,0,0,0,0,0.0,0,0,0,0,0,0,41522.2,0,1877.965,0,True,1.4,25.6,3312.4,75.6,0,0.0,0.0,0,0,28389376,0,6860800,0,0,0,4378624,0,7,0.0,0,0,0,0,0,0,100000,layerkeysort_v4_trace,0
0,0,0,0,0,0,128,0.0,0,0,0,7.9185,1889653,0,0,V3_alternating,6.7632,0,0,0,0,0.0,0,0,0,0,0,0,30829.7,0,1928.1059,0,True,1.4,25.900001,3407.4,80.399999,0,0.0,0.0,0,0,28389376,0,6860800,0,0,0,4378624,1,7,0.0,0,0,0,0,0,0,100000,layerkeysort_v4_trace,0
0,0,0,0,0,0,128,0.0,0,0,0,8.6139,1889653,0,0,V3_alternating,7.4192,0,0,0,0,0.0,0,0,0,0,0,0,28910.1,0,1938.6633,0,True,1.4,26.8,3342.200001,82.5,0,0.0,0.0,0,0,28385280,0,6856704,0,0,0,4374528,2,7,0.0,0,0,0,0,0,0,100000,layerkeysort_v4_trace,0
838440584,23868496,0,0,0,0,128,0.0,11463920,0,0,18.394,1889653,1,0,V3_alternating,12.5755,14366069,0,0,0,0.0,0,0,0,0,0,0,38931.6,0,2226.7884,0,True,1.400001,27.7,3927.199999,88.5,13622408,0.0,0.0,0,0,40726528,0,7528448,0,0,0,4374528,0,7,0.0,0,0,0,0,0,0,100000,layerkeysort_v4_trace_diagnostics,0
0,0,0,0,0,0,128,0.0,0,0,0,0.5678,120950,0,0,V3_priority,0.5194,0,0,0,0,0.0,0,0,0,0,0,0,884.9,0,8.481,0,True,0.5,1.2,28.699999,2.3,0,0.0,0.0,0,0,6557696,0,4755456,0,0,0,4530176,0,7,0.0,0,0,0,0,0,0,10000,layerkeysort_v4_trace,0
0,0,0,0,0,0,128,0.0,0,0,0,0.5681,120950,0,0,V3_priority,0.4926,0,0,0,0,0.0,0,0,0,0,0,0,869.500001,0,7.9903,0,True,0.5,1.0,28.9,2.0,0,0.0,0.0,0,0,6557696,0,4755456,0,0,0,4530176,1,7,0.0,0,0,0,0,0,0,10000,layerkeysort_v4_trace,0
0,0,0,0,0,0,128,0.0,0,0,0,0.5491,120950,0,0,V3_priority,0.4987,0,0,0,0,0.0,0,0,0,0,0,0,871.3,0,7.5355,0,True,0.5,0.9,26.3,1.4,0,0.0,0.0,0,0,6557696,0,4755456,0,0,0,4530176,2,7,0.0,0,0,0,0,0,0,10000,layerkeysort_v4_trace,0
1863160,55860,0,0,0,0,128,0.0,1014480,0,0,0.684,120950,1,0,V3_priority,0.5428,43284,0,0,0,0.0,0,0,0,0,0,0,1100.6,0,8.5371,0,True,0.6,0.999999,39.0,1.8,1014480,0.0,0.0,0,0,7540736,0,4694016,0,0,0,4526080,0,7,0.0,0,0,0,0,0,0,10000,layerkeysort_v4_trace_diagnostics,0
0,0,0,0,0,0,128,0.0,0,0,0,7.833,1546143,0,0,V3_priority,7.6048,0,0,0,0,0.0,0,0,0,0,0,0,6484.8,0,152.3273,0,True,1.2,2.8,35.6,4.6,0,0.0,0.0,0,0,24752128,0,7237632,0,0,0,4378624,0,7,0.0,0,0,0,0,0,0,100000,layerkeysort_v4_trace,0
0,0,0,0,0,0,128,0.0,0,0,0,11.5785,1546143,0,0,V3_priority,7.9212,0,0,0,0,0.0,0,0,0,0,0,0,6800.2,0,133.1332,0,True,1.099999,2.100001,29.4,4.1,0,0.0,0.0,0,0,24752128,0,7237632,0,0,0,4378624,1,7,0.0,0,0,0,0,0,0,100000,layerkeysort_v4_trace,0
0,0,0,0,0,0,128,0.0,0,0,0,8.5161,1546143,0,0,V3_priority,7.2873,0,0,0,0,0.0,0,0,0,0,0,0,6495.2,0,135.8259,0,True,1.1,2.199999,31.5,3.7,0,0.0,0.0,0,0,24743936,0,7229440,0,0,0,4370432,2,7,0.0,0,0,0,0,0,0,100000,layerkeysort_v4_trace,0
19151200,589598,0,0,0,0,128,0.0,11899096,0,0,25.3462,1546143,1,0,V3_priority,21.0962,367379,0,0,0,0.0,0,0,0,0,0,0,8776.8,0,171.4072,0,True,1.3,2.8,49.1,5.3,11899096,0.0,0.0,0,0,34430976,0,7188480,0,0,0,4378624,0,7,0.0,0,0,0,0,0,0,100000,layerkeysort_v4_trace_diagnostics,0
0,0,0,0,0,0,128,0.0,0,0,0,0.6996,264563,0,0,V3_managed_churn,0.4932,0,0,10000,0,0.0,0,0,0,0,0,0,1767.3,0,14.0549,0,True,0.5,0.9,13.299999,3.0,0,0.0,0.0,0,0,6758400,0,4812800,0,0,0,4689920,0,7,0.0,0,0,0,0,0,0,10000,layerkeysort_v4_trace,0
0,0,0,0,0,0,128,0.0,0,0,0,0.8336,264563,0,0,V3_managed_churn,0.5213,0,0,10000,0,0.0,0,0,0,0,0,0,2074.4,0,16.7461,0,True,0.5,1.3,28.8,3.300001,0,0.0,0.0,0,0,6758400,0,4812800,0,0,0,4689920,1,7,0.0,0,0,0,0,0,0,10000,layerkeysort_v4_trace,0
0,0,0,0,0,0,128,0.0,0,0,0,0.7636,264563,0,0,V3_managed_churn,0.5216,0,0,10000,0,0.0,0,0,0,0,0,0,2037.900001,0,15.3989,0,True,0.5,1.1,14.7,3.300001,0,0.0,0.0,0,0,6762496,0,4816896,0,0,0,4694016,2,7,0.0,0,0,0,0,0,0,10000,layerkeysort_v4_trace,0
3761256,110102,0,0,0,0,128,0.0,1033688,0,0,0.7124,264563,1,0,V3_managed_churn,0.557,80680,0,10000,0,0.0,0,0,0,0,0,0,2251.3,0,18.227,0,True,0.5,1.3,24.4,4.6,1036736,0.0,0.0,0,0,7905280,0,4800512,0,0,0,4689920,0,7,0.0,0,0,0,0,0,0,10000,layerkeysort_v4_trace_diagnostics,0
0,0,0,0,0,0,128,0.0,0,0,0,29.4584,3323871,0,0,V3_managed_churn,20.748,0,0,100000,0,0.0,0,0,0,0,0,0,6955.399999,0,260.3529,0,True,0.8,2.199999,57.6,5.299999,0,0.0,0.0,0,0,26996736,0,6459392,0,0,0,4358144,0,7,0.0,0,0,0,0,0,0,100000,layerkeysort_v4_trace,0
0,0,0,0,0,0,128,0.0,0,0,0,25.3414,3323871,0,0,V3_managed_churn,40.5558,0,0,100000,0,0.0,0,0,0,0,0,0,6938.2,0,333.9495,0,True,0.9,2.600001,72.2,7.7,0,0.0,0.0,0,0,26963968,0,6463488,0,0,0,4358144,1,7,0.0,0,0,0,0,0,0,100000,layerkeysort_v4_trace,0
0,0,0,0,0,0,128,0.0,0,0,0,16.7898,3323871,0,0,V3_managed_churn,13.5003,0,0,100000,0,0.0,0,0,0,0,0,0,7162.600001,0,311.4369,0,True,0.9,2.5,73.4,7.3,0,0.0,0.0,0,0,26939392,0,6467584,0,0,0,4362240,2,7,0.0,0,0,0,0,0,0,100000,layerkeysort_v4_trace,0
55400880,1610035,0,0,0,0,128,0.0,10989760,0,0,31.2098,3323871,1,0,V3_managed_churn,27.6487,1069070,0,100000,0,0.0,0,0,0,0,0,0,8355.000001,0,366.3778,0,True,1.0,3.1,87.799999,8.7,11637176,0.0,0.0,0,0,37097472,0,6549504,0,0,0,4354048,0,7,0.0,0,0,0,0,0,0,100000,layerkeysort_v4_trace_diagnostics,0
0,0,0,0,0,0,64,0.0,0,0,0,0.3513,0,0,0,endpoint,0.0,0,0,0,0,0.0,0,0,0,0,0,0,26.5,0,0.7941,0,True,0.1,0.100001,9.2,0.200001,0,0.0433,0.0,0,0,5652480,4931584,4694016,4931584,0,4972544,4591616,0,7,0.0,0,0,0,0,0,0,10000,lks_capacity_64_timed_trace,0
0,0,0,0,0,0,64,0.0,0,0,0,0.3489,0,0,0,endpoint,0.0,0,0,0,0,0.0,0,0,0,0,0,0,34.6,0,0.7666,0,True,0.0,0.100001,6.3,0.200001,0,0.0432,0.0,0,0,5603328,4882432,4648960,4886528,0,4923392,4603904,1,7,0.0,0,0,0,0,0,0,10000,lks_capacity_64_timed_trace,0
0,0,0,0,0,0,64,0.0,0,0,0,0.3562,0,0,0,endpoint,0.0,0,0,0,0,0.0,0,0,0,0,0,0,28.1,0,0.8191,0,True,0.0,0.100001,7.199999,0.200001,0,0.0431,0.0,0,0,5599232,4878336,4644864,4882432,0,4919296,4599808,2,7,0.0,0,0,0,0,0,0,10000,lks_capacity_64_timed_trace,0
506552,10313,493800,0,0,0,64,0.0,506552,0,0,0.5614,0,1,4344,endpoint,0.0,10313,2757,0,0,0.0,10311,2,65,11,0,1,50.2,0,1.4448,0,True,0.1,0.2,13.4,0.4,506552,0.0456,0.0,303,0,5947392,4984832,4640768,4984832,0,4984832,4608000,0,7,0.0,5440,0,0,0,0,311,10000,lks_capacity_64_diagnostic_trace,0
0,0,0,0,0,0,64,0.0,0,0,0,0.4279,120598,0,0,random,0.0,0,0,0,0,0.0,0,0,0,0,0,0,31.400001,0,2.0902,0,True,0.2,0.3,10.999999,0.4,0,0.0412,0.0,0,0,5533696,4902912,4665344,4902912,0,5345280,4595712,0,7,0.0,0,0,0,0,0,0,10000,lks_capacity_64_timed_trace,0
0,0,0,0,0,0,64,0.0,0,0,0,0.4193,120598,0,0,random,0.0,0,0,0,0,0.0,0,0,0,0,0,0,39.0,0,2.1352,0,True,0.2,0.3,6.4,0.5,0,0.0417,0.0,0,0,5533696,4902912,4665344,4902912,0,5345280,4595712,1,7,0.0,0,0,0,0,0,0,10000,lks_capacity_64_timed_trace,0
0,0,0,0,0,0,64,0.0,0,0,0,0.4321,120598,0,0,random,0.0,0,0,0,0,0.0,0,0,0,0,0,0,30.8,0,2.2618,0,True,0.2,0.3,10.100001,0.4,0,0.0428,0.0,0,0,5541888,4911104,4673536,4911104,0,5353472,4603904,2,7,0.0,0,0,0,0,0,0,10000,lks_capacity_64_timed_trace,0
459864,10234,472451,0,0,0,64,0.0,459864,0,0,0.6097,120598,1,4376,random,0.0,10234,1620,0,0,0.0,10231,2,65,9,0,1,44.9,0,2.417,0,True,0.2,0.3,10.2,0.5,459864,0.0432,0.0,7,0,5873664,5001216,4677632,5001216,0,5586944,4599808,0,7,0.0,5472,0,0,0,0,231,10000,lks_capacity_64_diagnostic_trace,0
0,0,0,0,0,0,64,0.0,0,0,0,0.363,0,0,0,local_drag,0.0,0,0,10000,0,0.0,0,0,0,0,0,0,26.0,0,1.2036,0,True,0.0,0.100001,4.799999,0.200001,0,0.041,0.0,0,5816320,5951488,5283840,4857856,5287936,0,5459968,4837376,0,7,0.0,0,0,0,0,0,0,10000,lks_capacity_64_timed_trace,0
0,0,0,0,0,0,64,0.0,0,0,0,0.356,0,0,0,local_drag,0.0,0,0,10000,0,0.0,0,0,0,0,0,0,47.6,0,1.4421,0,True,0.0,0.100001,10.4,0.200001,0,0.0413,0.0,0,5816320,5951488,5283840,4857856,5287936,0,5459968,4837376,1,7,0.0,0,0,0,0,0,0,10000,lks_capacity_64_timed_trace,0
0,0,0,0,0,0,64,0.0,0,0,0,0.3535,0,0,0,local_drag,0.0,0,0,10000,0,0.0,0,0,0,0,0,0,27.7,0,1.403,0,True,0.0,0.100001,6.1,0.3,0,0.0417,0.0,0,5820416,5955584,5287936,4861952,5292032,0,5464064,4841472,2,7,0.0,0,0,0,0,0,0,10000,lks_capacity_64_timed_trace,0
556192,10398,621620,0,506552,0,64,0.0,462168,0,0,0.5936,0,1,4344,local_drag,0.0,10398,4714,10000,0,0.0,20850,4,159,11,1,1,101.000001,161,2.0532,715,True,0.1,0.2,8.200001,0.399999,506552,0.0436,0.0,334,6160384,6291456,5386240,4952064,5386240,0,5693440,4837376,0,7,0.0,5440,0,0,0,257,396,10000,lks_capacity_64_diagnostic_trace,0
0,0,0,0,0,0,64,0.0,0,0,0,0.4385,0,0,0,distant_drag,0.0,0,0,10000,0,0.0,0,0,0,0,0,0,29.2,0,2.0711,0,True,0.1,0.2,5.5,0.399999,0,0.1213,0.0,0,5820416,5955584,5320704,4861952,5324800,0,5320704,4841472,0,7,0.0,0,0,0,0,0,0,10000,lks_capacity_64_timed_trace,0
0,0,0,0,0,0,64,0.0,0,0,0,0.4157,0,0,0,distant_drag,0.0,0,0,10000,0,0.0,0,0,0,0,0,0,24.4,0,1.8684,0,True,0.1,0.2,5.100001,0.200001,0,0.042,0.0,0,5816320,5951488,5316608,4857856,5320704,0,5316608,4837376,1,7,0.0,0,0,0,0,0,0,10000,lks_capacity_64_timed_trace,0
0,0,0,0,0,0,64,0.0,0,0,0,0.3971,0,0,0,distant_drag,0.0,0,0,10000,0,0.0,0,0,0,0,0,0,26.5,0,1.9072,0,True,0.1,0.2,5.7,0.3,0,0.0421,0.0,0,5820416,5955584,5320704,4861952,5324800,0,5320704,4841472,2,7,0.0,0,0,0,0,0,0,10000,lks_capacity_64_timed_trace,0
602328,10477,1384455,0,506552,0,64,0.0,466256,0,0,0.5819,0,1,4344,distant_drag,0.0,10477,6248,10000,0,0.0,30993,4,159,18,1,1,253.499999,233,2.5974,0,True,0.1,0.200001,5.1,0.3,506552,0.0434,0.0,371,6156288,6287360,5382144,4947968,5382144,0,5447680,4833280,0,7,0.0,5440,0,0,0,518,475,10000,lks_capacity_64_diagnostic_trace,0
0,0,0,0,0,0,64,0.0,0,0,0,0.3904,0,0,0,churn,0.0,0,0,10000,0,0.0,0,0,0,0,0,0,27.900001,0,1.73,0,True,0.1,0.100001,4.6,0.200001,0,0.0422,0.0,0,5816320,5947392,5279744,5283840,5283840,0,5627904,4837376,0,7,0.0,0,0,0,0,0,0,10000,lks_capacity_64_timed_trace,0
0,0,0,0,0,0,64,0.0,0,0,0,0.39,0,0,0,churn,0.0,0,0,10000,0,0.0,0,0,0,0,0,0,28.4,0,1.7941,0,True,0.1,0.100001,5.4,0.3,0,0.0431,0.0,0,5820416,5951488,5283840,5287936,5287936,0,5632000,4841472,1,7,0.0,0,0,0,0,0,0,10000,lks_capacity_64_timed_trace,0
0,0,0,0,0,0,64,0.0,0,0,0,0.3754,0,0,0,churn,0.0,0,0,10000,0,0.0,0,0,0,0,0,0,61.0,0,1.8733,0,True,0.1,0.100001,6.1,0.3,0,0.0433,0.0,0,5820416,5951488,5283840,5287936,5287936,0,5632000,4841472,2,7,0.0,0,0,0,0,0,0,10000,lks_capacity_64_timed_trace,0
753568,15462,949977,0,506552,0,64,0.0,462168,0,0,0.5715,0,1,4344,churn,0.0,15462,6007,10000,0,0.0,20869,2,95,11,1,1,37.5,225,2.8658,0,True,0.1,0.200001,10.5,0.4,506552,0.0447,0.0,364,6123520,6291456,5394432,5394432,5394432,0,5808128,4841472,0,7,0.0,5440,0,0,0,409,460,10000,lks_capacity_64_diagnostic_trace,0
0,0,0,0,0,0,64,0.0,0,0,0,0.3591,73671,0,0,equal,0.0,0,0,0,0,0.0,0,0,0,0,0,0,27.0,0,0.8789,0,True,0.1,0.100001,7.4,0.200001,0,0.0428,0.0,0,0,5607424,4890624,4890624,4890624,0,4931584,4603904,0,7,0.0,0,0,0,0,0,0,10000,lks_capacity_64_timed_trace,0
0,0,0,0,0,0,64,0.0,0,0,0,0.3624,73671,0,0,equal,0.0,0,0,0,0,0.0,0,0,0,0,0,0,31.3,0,0.9122,0,True,0.1,0.100001,11.7,0.3,0,0.0421,0.0,0,0,5607424,4890624,4890624,4890624,0,4931584,4603904,1,7,0.0,0,0,0,0,0,0,10000,lks_capacity_64_timed_trace,0
0,0,0,0,0,0,64,0.0,0,0,0,0.3802,73671,0,0,equal,0.0,0,0,0,0,0.0,0,0,0,0,0,0,31.9,0,0.9412,0,True,0.1,0.100001,10.2,0.3,0,0.0428,0.0,0,0,5599232,4882432,4882432,4882432,0,4923392,4603904,2,7,0.0,0,0,0,0,0,0,10000,lks_capacity_64_timed_trace,0
506584,10314,493800,0,0,0,64,0.0,506584,0,0,0.5465,73671,1,4376,equal,0.0,10314,2757,0,0,0.0,10311,2,65,11,0,1,46.8,0,1.2611,0,True,0.1,0.100001,11.6,0.3,506584,0.0458,0.0,303,0,5947392,4984832,4640768,4984832,0,4984832,4608000,0,7,0.0,5472,0,0,0,0,311,10000,lks_capacity_64_diagnostic_trace,0
0,0,0,0,0,0,64,0.0,0,0,0,0.4554,124677,0,0,duplicates,0.0,0,0,0,0,0.0,0,0,0,0,0,0,36.5,0,1.3264,0,True,0.1,0.2,11.8,0.3,0,0.0457,0.0,0,0,5603328,4927488,4669440,4927488,0,4927488,4599808,0,7,0.0,0,0,0,0,0,0,10000,lks_capacity_64_timed_trace,0
0,0,0,0,0,0,64,0.0,0,0,0,0.3981,124677,0,0,duplicates,0.0,0,0,0,0,0.0,0,0,0,0,0,0,27.5,0,1.316,0,True,0.1,0.2,9.5,0.3,0,0.0457,0.0,0,0,5603328,4927488,4669440,4927488,0,4927488,4599808,1,7,0.0,0,0,0,0,0,0,10000,lks_capacity_64_timed_trace,0
0,0,0,0,0,0,64,0.0,0,0,0,0.3531,124677,0,0,duplicates,0.0,0,0,0,0,0.0,0,0,0,0,0,0,237.6,0,1.4919,0,True,0.1,0.2,9.9,0.3,0,0.0454,0.0,0,0,5603328,4927488,4669440,4927488,0,4927488,4599808,2,7,0.0,0,0,0,0,0,0,10000,lks_capacity_64_timed_trace,0
501912,10306,491826,0,0,0,64,0.0,501912,0,0,0.5896,124677,1,4376,duplicates,0.0,10306,2544,0,0,0.0,10303,2,65,12,0,1,45.100001,0,1.7934,0,True,0.1,0.200001,12.9,0.5,501912,0.0465,0.0,212,0,5943296,5017600,4677632,5017600,0,5066752,4603904,0,7,0.0,5472,0,0,0,0,303,10000,lks_capacity_64_diagnostic_trace,0
0,0,0,0,0,0,64,0.0,0,0,0,0.6019,0,0,0,timeline,0.0,0,0,10000,0,0.0,0,0,0,0,0,0,53.700001,0,2.044,0,True,0.1,0.2,5.6,0.3,0,0.0458,0.0,0,5820416,6250496,5312512,4866048,5316608,0,5840896,4841472,0,7,0.0,0,0,0,0,0,0,10000,lks_capacity_64_timed_trace,0
0,0,0,0,0,0,64,0.0,0,0,0,0.6079,0,0,0,timeline,0.0,0,0,10000,0,0.0,0,0,0,0,0,0,38.3,0,1.9982,0,True,0.1,0.2,6.900001,0.200001,0,0.0452,0.0,0,5816320,6246400,5308416,4861952,5312512,0,5836800,4837376,1,7,0.0,0,0,0,0,0,0,10000,lks_capacity_64_timed_trace,0
0,0,0,0,0,0,64,0.0,0,0,0,0.6119,0,0,0,timeline,0.0,0,0,10000,0,0.0,0,0,0,0,0,0,32.5,0,1.9639,0,True,0.1,0.2,6.900001,0.3,0,0.048,0.0,0,5820416,6250496,5312512,4866048,5316608,0,5840896,4841472,2,7,0.0,0,0,0,0,0,0,10000,lks_capacity_64_timed_trace,0
800120,18383,932670,0,506552,0,64,0.0,706528,0,0,0.9609,0,1,4344,timeline,0.0,18383,3802,10000,0,0.0,20448,2,95,11,1,1,46.2,51,2.7469,0,True,0.1,0.200001,5.2,0.4,706528,0.0466,0.0,335,6156288,6856704,5378048,5378048,5378048,0,6266880,4837376,0,7,0.0,5440,0,0,0,73,375,10000,lks_capacity_64_diagnostic_trace,0
0,0,0,0,0,0,128,0.0,0,0,0,0.5145,0,0,0,endpoint,0.0,0,0,0,0,0.0,0,0,0,0,0,0,26.0,0,0.9003,0,True,0.1,0.100001,8.5,0.200001,0,0.0385,0.0,0,0,5582848,4931584,4935680,4935680,0,4968448,4599808,0,7,0.0,0,0,0,0,0,0,10000,lks_capacity_128_timed_trace,0
0,0,0,0,0,0,128,0.0,0,0,0,0.4776,0,0,0,endpoint,0.0,0,0,0,0,0.0,0,0,0,0,0,0,30.3,0,0.9073,0,True,0.1,0.100001,8.700001,0.3,0,0.0385,0.0,0,0,5586944,4935680,4939776,4939776,0,4972544,4603904,1,7,0.0,0,0,0,0,0,0,10000,lks_capacity_128_timed_trace,0
0,0,0,0,0,0,128,0.0,0,0,0,0.5604,0,0,0,endpoint,0.0,0,0,0,0,0.0,0,0,0,0,0,0,35.4,0,0.9648,0,True,0.1,0.100001,10.000001,0.3,0,0.0385,0.0,0,0,5578752,4927488,4931584,4931584,0,4964352,4603904,2,7,0.0,0,0,0,0,0,0,10000,lks_capacity_128_timed_trace,0
495320,10157,970440,0,0,0,128,0.0,495320,0,0,0.8359,0,1,4344,endpoint,0.0,10157,1220,0,0,0.0,10155,2,129,10,0,1,45.2,0,1.4217,0,True,0.1,0.2,16.3,0.5,495320,0.0464,0.0,148,0,5926912,5050368,4685824,5005312,0,5050368,4603904,0,7,0.0,5952,0,0,0,0,155,10000,lks_capacity_128_diagnostic_trace,0
0,0,0,0,0,0,128,0.0,0,0,0,0.6141,120463,0,0,random,0.0,0,0,0,0,0.0,0,0,0,0,0,0,38.7,0,2.3665,0,True,0.2,0.3,11.7,0.599999,0,0.0442,0.0,0,0,5566464,4972544,4653056,4972544,0,5423104,4603904,0,7,0.0,0,0,0,0,0,0,10000,lks_capacity_128_timed_trace,0
0,0,0,0,0,0,128,0.0,0,0,0,0.7156,120463,0,0,random,0.0,0,0,0,0,0.0,0,0,0,0,0,0,54.7,0,3.3539,0,True,0.3,0.5,12.9,1.2,0,0.0457,0.0,0,0,5562368,4968448,4648960,4968448,0,5419008,4599808,1,7,0.0,0,0,0,0,0,0,10000,lks_capacity_128_timed_trace,0
0,0,0,0,0,0,128,0.0,0,0,0,0.6364,120463,0,0,random,0.0,0,0,0,0,0.0,0,0,0,0,0,0,304.1,0,2.9562,0,True,0.200001,0.399999,12.0,0.6,0,0.0397,0.0,0,0,5562368,4968448,4648960,4968448,0,5419008,4599808,2,7,0.0,0,0,0,0,0,0,10000,lks_capacity_128_timed_trace,0
459184,10125,929781,0,0,0,128,0.0,459184,0,0,0.8193,120463,1,4376,random,0.0,10125,753,0,0,0.0,10122,2,129,8,0,1,43.3,0,2.5984,0,True,0.200001,0.399999,9.7,0.5,459184,0.0411,0.0,9,0,5898240,5050368,4726784,5050368,0,5586944,4608000,0,7,0.0,5984,0,0,0,0,122,10000,lks_capacity_128_diagnostic_trace,0
0,0,0,0,0,0,128,0.0,0,0,0,0.5017,0,0,0,local_drag,0.0,0,0,10000,0,0.0,0,0,0,0,0,0,202.5,0,1.4684,0,True,0.0,0.100001,3.7,0.200001,0,0.035,0.0,0,5799936,5935104,5287936,5292032,5292032,0,5455872,4837376,0,7,0.0,0,0,0,0,0,0,10000,lks_capacity_128_timed_trace,0
0,0,0,0,0,0,128,0.0,0,0,0,0.4905,0,0,0,local_drag,0.0,0,0,10000,0,0.0,0,0,0,0,0,0,26.4,0,1.2694,0,True,0.0,0.100001,3.4,0.200001,0,0.0352,0.0,0,5795840,5931008,5283840,5287936,5287936,0,5451776,4833280,1,7,0.0,0,0,0,0,0,0,10000,lks_capacity_128_timed_trace,0
0,0,0,0,0,0,128,0.0,0,0,0,0.6942,0,0,0,local_drag,0.0,0,0,10000,0,0.0,0,0,0,0,0,0,35.7,0,1.3206,0,True,0.0,0.100001,6.3,0.200001,0,0.0351,0.0,0,5799936,5935104,5287936,5292032,5292032,0,5455872,4837376,2,7,0.0,0,0,0,0,0,0,10000,lks_capacity_128_timed_trace,0
540256,10198,1101239,0,495320,0,128,0.0,448192,0,0,0.6503,0,1,4344,local_drag,0.0,10198,2091,10000,0,0.0,20080,4,319,12,1,1,44.9,84,1.7683,715,True,0.1,0.100001,5.9,0.3,495320,0.0381,0.0,165,6148096,6279168,5365760,4927488,5365760,0,5697536,4841472,0,7,0.0,5952,0,0,0,134,196,10000,lks_capacity_128_diagnostic_trace,0
0,0,0,0,0,0,128,0.0,0,0,0,0.5073,0,0,0,distant_drag,0.0,0,0,10000,0,0.0,0,0,0,0,0,0,24.499999,0,2.3797,0,True,0.1,0.200001,4.3,0.4,0,0.0385,0.0,0,5799936,5935104,5283840,5287936,5287936,0,5378048,4837376,0,7,0.0,0,0,0,0,0,0,10000,lks_capacity_128_timed_trace,0
0,0,0,0,0,0,128,0.0,0,0,0,0.5092,0,0,0,distant_drag,0.0,0,0,10000,0,0.0,0,0,0,0,0,0,25.8,0,2.2894,0,True,0.1,0.200001,3.4,0.3,0,0.0391,0.0,0,5799936,5935104,5283840,5287936,5287936,0,5378048,4837376,1,7,0.0,0,0,0,0,0,0,10000,lks_capacity_128_timed_trace,0
0,0,0,0,0,0,128,0.0,0,0,0,0.514,0,0,0,distant_drag,0.0,0,0,10000,0,0.0,0,0,0,0,0,0,194.900001,0,2.5204,0,True,0.1,0.200001,5.6,0.3,0,0.0377,0.0,0,5804032,5939200,5287936,5292032,5292032,0,5382144,4841472,2,7,0.0,0,0,0,0,0,0,10000,lks_capacity_128_timed_trace,0
607112,10259,2666879,0,495320,0,128,0.0,460248,0,0,0.6895,0,1,4344,distant_drag,0.0,10259,3094,10000,0,0.0,30596,4,319,15,1,1,195.2,134,3.0982,0,True,0.1,0.200001,5.8,0.399999,495320,0.0397,0.0,205,6144000,6275072,5406720,4919296,5406720,0,5406720,4837376,0,7,0.0,5952,0,0,0,339,257,10000,lks_capacity_128_diagnostic_trace,0
0,0,0,0,0,0,128,0.0,0,0,0,0.5771,0,0,0,churn,0.0,0,0,10000,0,0.0,0,0,0,0,0,0,34.0,0,2.1416,0,True,0.1,0.2,5.6,0.3,0,0.0382,0.0,0,5795840,5926912,5275648,5279744,5279744,0,5623808,4833280,0,7,0.0,0,0,0,0,0,0,10000,lks_capacity_128_timed_trace,0
0,0,0,0,0,0,128,0.0,0,0,0,0.5219,0,0,0,churn,0.0,0,0,10000,0,0.0,0,0,0,0,0,0,79.2,0,2.3032,0,True,0.1,0.2,5.5,0.399999,0,0.0386,0.0,0,5795840,5926912,5275648,5279744,5279744,0,5623808,4833280,1,7,0.0,0,0,0,0,0,0,10000,lks_capacity_128_timed_trace,0
0,0,0,0,0,0,128,0.0,0,0,0,0.515,0,0,0,churn,0.0,0,0,10000,0,0.0,0,0,0,0,0,0,202.6,0,2.3721,0,True,0.1,0.2,5.600001,0.3,0,0.0376,0.0,0,5799936,5931008,5279744,5283840,5283840,0,5627904,4837376,2,7,0.0,0,0,0,0,0,0,10000,lks_capacity_128_timed_trace,0
734232,15229,1845322,0,495320,0,128,0.0,460248,0,0,0.7144,0,1,4344,churn,0.0,15229,2597,10000,0,0.0,20487,2,191,10,1,1,196.200001,104,2.9964,0,True,0.1,0.200001,8.3,0.3,495320,0.0444,0.0,178,6144000,6275072,5414912,5414912,5414912,0,5894144,4841472,0,7,0.0,5952,0,0,0,260,227,10000,lks_capacity_128_diagnostic_trace,0
0,0,0,0,0,0,128,0.0,0,0,0,0.494,63736,0,0,equal,0.0,0,0,0,0,0.0,0,0,0,0,0,0,31.2,0,0.9914,0,True,0.1,0.100001,11.200001,0.3,0,0.039,0.0,0,0,5582848,4931584,4694016,4931584,0,4968448,4599808,0,7,0.0,0,0,0,0,0,0,10000,lks_capacity_128_timed_trace,0
0,0,0,0,0,0,128,0.0,0,0,0,0.4882,63736,0,0,equal,0.0,0,0,0,0,0.0,0,0,0,0,0,0,31.1,0,1.0063,0,True,0.1,0.100001,9.900001,0.3,0,0.0383,0.0,0,0,5582848,4931584,4694016,4931584,0,4968448,4599808,1,7,0.0,0,0,0,0,0,0,10000,lks_capacity_128_timed_trace,0
0,0,0,0,0,0,128,0.0,0,0,0,0.4974,63736,0,0,equal,0.0,0,0,0,0,0.0,0,0,0,0,0,0,32.399999,0,1.0265,0,True,0.1,0.100001,10.299999,0.3,0,0.0384,0.0,0,0,5582848,4931584,4694016,4931584,0,4968448,4599808,2,7,0.0,0,0,0,0,0,0,10000,lks_capacity_128_timed_trace,0
495352,10158,970440,0,0,0,128,0.0,495352,0,0,0.6805,63736,1,4376,equal,0.0,10158,1220,0,0,0.0,10155,2,129,10,0,1,49.699999,0,1.3999,0,True,0.1,0.2,11.3,0.399999,495352,0.0421,0.0,148,0,5926912,5050368,4685824,5005312,0,5050368,4603904,0,7,0.0,5984,0,0,0,0,155,10000,lks_capacity_128_diagnostic_trace,0
0,0,0,0,0,0,128,0.0,0,0,0,0.4914,121907,0,0,duplicates,0.0,0,0,0,0,0.0,0,0,0,0,0,0,27.9,0,1.4387,0,True,0.1,0.200001,9.9,0.3,0,0.0393,0.0,0,0,5566464,5005312,4653056,5005312,0,5005312,4603904,0,7,0.0,0,0,0,0,0,0,10000,lks_capacity_128_timed_trace,0
0,0,0,0,0,0,128,0.0,0,0,0,0.4923,121907,0,0,duplicates,0.0,0,0,0,0,0.0,0,0,0,0,0,0,35.2,0,1.4931,0,True,0.1,0.200001,9.599999,0.3,0,0.0385,0.0,0,0,5566464,5005312,4653056,5005312,0,5005312,4603904,1,7,0.0,0,0,0,0,0,0,10000,lks_capacity_128_timed_trace,0
0,0,0,0,0,0,128,0.0,0,0,0,0.4943,121907,0,0,duplicates,0.0,0,0,0,0,0.0,0,0,0,0,0,0,56.2,0,1.5856,0,True,0.1,0.200001,12.0,0.3,0,0.0391,0.0,0,0,5562368,5001216,4648960,5001216,0,5001216,4599808,2,7,0.0,0,0,0,0,0,0,10000,lks_capacity_128_timed_trace,0
483296,10147,964378,0,0,0,128,0.0,483296,0,0,0.6976,121907,1,4376,duplicates,0.0,10147,1006,0,0,0.0,10144,2,129,10,0,1,45.3,0,2.012,0,True,0.2,0.3,11.300001,0.4,483296,0.0403,0.0,69,0,5931008,5050368,4689920,5050368,0,5050368,4608000,0,7,0.0,5984,0,0,0,0,144,10000,lks_capacity_128_diagnostic_trace,0
0,0,0,0,0,0,128,0.0,0,0,0,0.8446,0,0,0,timeline,0.0,0,0,10000,0,0.0,0,0,0,0,0,0,56.0,0,2.3878,0,True,0.1,0.2,7.1,0.3,0,0.0422,0.0,0,5799936,6230016,5308416,5312512,5312512,0,5763072,4837376,0,7,0.0,0,0,0,0,0,0,10000,lks_capacity_128_timed_trace,0
0,0,0,0,0,0,128,0.0,0,0,0,0.8506,0,0,0,timeline,0.0,0,0,10000,0,0.0,0,0,0,0,0,0,47.9,0,3.149,0,True,0.1,0.3,8.3,1.4,0,0.0405,0.0,0,5804032,6234112,5312512,5316608,5316608,0,5767168,4841472,1,7,0.0,0,0,0,0,0,0,10000,lks_capacity_128_timed_trace,0
0,0,0,0,0,0,128,0.0,0,0,0,0.8641,0,0,0,timeline,0.0,0,0,10000,0,0.0,0,0,0,0,0,0,113.4,0,3.533,0,True,0.1,0.399999,12.1,1.1,0,0.0412,0.0,0,5799936,6230016,5308416,5312512,5312512,0,5763072,4837376,2,7,0.0,0,0,0,0,0,0,10000,lks_capacity_128_timed_trace,0
786584,18195,1828158,0,495320,0,128,0.0,690992,0,0,1.5699,0,1,4344,timeline,0.0,18195,1714,10000,0,0.0,20233,2,191,10,1,1,56.4,29,3.4938,0,True,0.1,0.3,9.1,0.499999,690992,0.047,0.0,167,6144000,6844416,5386240,4931584,5386240,0,6021120,4841472,0,7,0.0,5952,0,0,0,46,187,10000,lks_capacity_128_diagnostic_trace,0
0,0,0,0,0,0,256,0.0,0,0,0,0.8083,0,0,0,endpoint,0.0,0,0,0,0,0.0,0,0,0,0,0,0,27.5,0,1.2098,0,True,0.1,0.100001,10.2,0.200001,0,0.0315,0.0,0,0,5591040,4935680,4939776,4939776,0,4935680,4603904,0,7,0.0,0,0,0,0,0,0,10000,lks_capacity_256_timed_trace,0
0,0,0,0,0,0,256,0.0,0,0,0,0.7466,0,0,0,endpoint,0.0,0,0,0,0,0.0,0,0,0,0,0,0,26.3,0,1.1573,0,True,0.1,0.100001,10.7,0.200001,0,0.0303,0.0,0,0,5591040,4935680,4939776,4939776,0,4935680,4603904,1,7,0.0,0,0,0,0,0,0,10000,lks_capacity_256_timed_trace,0
0,0,0,0,0,0,256,0.0,0,0,0,0.7364,0,0,0,endpoint,0.0,0,0,0,0,0.0,0,0,0,0,0,0,94.6,0,1.2236,0,True,0.1,0.100001,10.8,0.200001,0,0.0307,0.0,0,0,5586944,4931584,4935680,4935680,0,4931584,4599808,2,7,0.0,0,0,0,0,0,0,10000,lks_capacity_256_timed_trace,0
489704,10079,1917576,0,0,0,256,0.0,489704,0,0,0.8742,0,1,4344,endpoint,0.0,10079,530,0,0,0.0,10077,2,257,9,0,1,40.5,0,1.5004,0,True,0.1,0.2,15.1,0.3,489704,0.0315,0.0,71,0,5931008,5025792,4665344,4984832,0,5025792,4608000,0,7,0.0,6976,0,0,0,0,77,10000,lks_capacity_256_diagnostic_trace,0
0,0,0,0,0,0,256,0.0,0,0,0,0.8685,121518,0,0,random,0.0,0,0,0,0,0.0,0,0,0,0,0,0,28.3,0,2.6275,0,True,0.200001,0.3,10.7,0.499999,0,0.029,0.0,0,0,5595136,5062656,4739072,5062656,0,5373952,4599808,0,7,0.0,0,0,0,0,0,0,10000,lks_capacity_256_timed_trace,0
0,0,0,0,0,0,256,0.0,0,0,0,0.8516,121518,0,0,random,0.0,0,0,0,0,0.0,0,0,0,0,0,0,219.0,0,2.8992,0,True,0.200001,0.3,11.7,0.5,0,0.0288,0.0,0,0,5599232,5066752,4743168,5066752,0,5378048,4603904,1,7,0.0,0,0,0,0,0,0,10000,lks_capacity_256_timed_trace,0
0,0,0,0,0,0,256,0.0,0,0,0,0.8747,121518,0,0,random,0.0,0,0,0,0,0.0,0,0,0,0,0,0,126.5,0,2.8203,0,True,0.200001,0.3,11.8,0.5,0,0.0294,0.0,0,0,5591040,5058560,4734976,5058560,0,5369856,4595712,2,7,0.0,0,0,0,0,0,0,10000,lks_capacity_256_timed_trace,0
460056,10066,1830778,0,0,0,256,0.0,460056,0,0,1.4316,121518,1,4376,random,0.0,10066,354,0,0,0.0,10063,2,257,7,0,1,65.499999,0,3.8784,0,True,0.3,0.4,12.6,0.800001,460056,0.0424,0.0,16,0,5926912,4984832,4661248,4984832,0,5656576,4603904,0,7,0.0,7008,0,0,0,0,63,10000,lks_capacity_256_diagnostic_trace,0
0,0,0,0,0,0,256,0.0,0,0,0,0.8014,0,0,0,local_drag,0.0,0,0,10000,0,0.0,0,0,0,0,0,0,25.8,0,1.5414,0,True,0.1,0.100001,3.5,0.3,0,0.0271,0.0,0,5812224,5947392,5423104,5427200,5427200,0,5423104,4841472,0,7,0.0,0,0,0,0,0,0,10000,lks_capacity_256_timed_trace,0
0,0,0,0,0,0,256,0.0,0,0,0,0.6628,0,0,0,local_drag,0.0,0,0,10000,0,0.0,0,0,0,0,0,0,31.500001,0,1.7644,0,True,0.1,0.100001,9.8,0.3,0,0.0272,0.0,0,5808128,5943296,5419008,5423104,5423104,0,5419008,4837376,1,7,0.0,0,0,0,0,0,0,10000,lks_capacity_256_timed_trace,0
0,0,0,0,0,0,256,0.0,0,0,0,0.7535,0,0,0,local_drag,0.0,0,0,10000,0,0.0,0,0,0,0,0,0,28.6,0,1.5361,0,True,0.1,0.100001,3.7,0.3,0,0.0318,0.0,0,5808128,5943296,5419008,5423104,5423104,0,5419008,4837376,2,7,0.0,0,0,0,0,0,0,10000,lks_capacity_256_timed_trace,0
534224,10100,2053400,0,489704,0,256,0.0,449424,0,0,0.8676,0,1,4344,local_drag,0.0,10100,915,10000,0,0.0,19694,4,639,10,1,1,64.9,40,2.0642,715,True,0.1,0.100001,5.8,0.3,489704,0.0284,0.0,77,6107136,6275072,5332992,4898816,5332992,0,5697536,4833280,0,7,0.0,6976,0,0,0,68,98,10000,lks_capacity_256_diagnostic_trace,0
0,0,0,0,0,0,256,0.0,0,0,0,0.7752,0,0,0,distant_drag,0.0,0,0,10000,0,0.0,0,0,0,0,0,0,60.2,0,3.5294,0,True,0.100001,0.3,3.599999,0.4,0,0.0281,0.0,0,5812224,5943296,5419008,5423104,5423104,0,5419008,4841472,0,7,0.0,0,0,0,0,0,0,10000,lks_capacity_256_timed_trace,0
0,0,0,0,0,0,256,0.0,0,0,0,0.762,0,0,0,distant_drag,0.0,0,0,10000,0,0.0,0,0,0,0,0,0,242.0,0,3.6781,0,True,0.100001,0.3,4.9,0.4,0,0.0283,0.0,0,5804032,5935104,5410816,5414912,5414912,0,5410816,4833280,1,7,0.0,0,0,0,0,0,0,10000,lks_capacity_256_timed_trace,0
0,0,0,0,0,0,256,0.0,0,0,0,0.7601,0,0,0,distant_drag,0.0,0,0,10000,0,0.0,0,0,0,0,0,0,42.1,0,3.5313,0,True,0.100001,0.3,3.6,0.5,0,0.0278,0.0,0,5808128,5939200,5414912,5419008,5419008,0,5414912,4837376,2,7,0.0,0,0,0,0,0,0,10000,lks_capacity_256_timed_trace,0
621144,10141,5442253,0,489704,0,256,0.0,451544,0,0,0.9109,0,1,4344,distant_drag,0.0,10141,1477,10000,0,0.0,30321,4,640,14,1,1,48.2,80,4.5227,0,True,0.2,0.399999,5.5,0.5,489704,0.0289,0.0,93,6148096,6279168,5406720,4902912,5406720,0,5505024,4837376,0,7,0.0,6976,0,0,0,182,139,10000,lks_capacity_256_diagnostic_trace,0
0,0,0,0,0,0,256,0.0,0,0,0,0.72,0,0,0,churn,0.0,0,0,10000,0,0.0,0,0,0,0,0,0,22.6,0,2.6825,0,True,0.1,0.200001,3.4,0.3,0,0.0268,0.0,0,5799936,5926912,5398528,4968448,5402624,0,5697536,4837376,0,7,0.0,0,0,0,0,0,0,10000,lks_capacity_256_timed_trace,0
0,0,0,0,0,0,256,0.0,0,0,0,0.7467,0,0,0,churn,0.0,0,0,10000,0,0.0,0,0,0,0,0,0,25.7,0,2.7251,0,True,0.1,0.200001,3.7,0.3,0,0.0267,0.0,0,5771264,5898240,5369856,4968448,5373952,0,5668864,4837376,1,7,0.0,0,0,0,0,0,0,10000,lks_capacity_256_timed_trace,0
0,0,0,0,0,0,256,0.0,0,0,0,0.7972,0,0,0,churn,0.0,0,0,10000,0,0.0,0,0,0,0,0,0,82.0,0,3.4581,0,True,0.1,0.3,5.6,0.6,0,0.0271,0.0,0,5799936,5926912,5398528,4968448,5402624,0,5697536,4837376,2,7,0.0,0,0,0,0,0,0,10000,lks_capacity_256_timed_trace,0
749344,15126,3680518,0,489704,0,256,0.0,451544,0,0,1.8293,0,1,4344,churn,0.0,15126,1293,10000,0,0.0,20258,2,383,9,1,1,275.6,65,4.5505,0,True,0.2,0.3,6.6,0.5,489704,0.0647,0.0,85,6144000,6270976,5365760,5365760,5365760,0,5779456,4841472,0,7,0.0,6976,0,0,0,134,124,10000,lks_capacity_256_diagnostic_trace,0
0,0,0,0,0,0,256,0.0,0,0,0,1.3712,53865,0,0,equal,0.0,0,0,0,0,0.0,0,0,0,0,0,0,37.3,0,2.1682,0,True,0.2,0.3,14.8,0.6,0,0.0447,0.0,0,0,5595136,4939776,4681728,4939776,0,4939776,4599808,0,7,0.0,0,0,0,0,0,0,10000,lks_capacity_256_timed_trace,0
0,0,0,0,0,0,256,0.0,0,0,0,1.3369,53865,0,0,equal,0.0,0,0,0,0,0.0,0,0,0,0,0,0,149.0,0,2.455,0,True,0.2,0.3,18.0,0.6,0,0.047,0.0,0,0,5595136,4939776,4681728,4939776,0,4939776,4599808,1,7,0.0,0,0,0,0,0,0,10000,lks_capacity_256_timed_trace,0
0,0,0,0,0,0,256,0.0,0,0,0,0.8799,53865,0,0,equal,0.0,0,0,0,0,0.0,0,0,0,0,0,0,36.4,0,1.9733,0,True,0.2,0.200001,13.4,0.5,0,0.1175,0.0,0,0,5599232,4943872,4685824,4943872,0,4943872,4603904,2,7,0.0,0,0,0,0,0,0,10000,lks_capacity_256_timed_trace,0
489736,10080,1917576,0,0,0,256,0.0,489736,0,0,0.9009,53865,1,4376,equal,0.0,10080,530,0,0,0.0,10077,2,257,9,0,1,43.6,0,1.5778,0,True,0.1,0.200001,11.8,0.399999,489736,0.0321,0.0,71,0,5926912,5021696,4661248,4980736,0,5021696,4603904,0,7,0.0,7008,0,0,0,0,77,10000,lks_capacity_256_diagnostic_trace,0
0,0,0,0,0,0,256,0.0,0,0,0,0.7498,118838,0,0,duplicates,0.0,0,0,0,0,0.0,0,0,0,0,0,0,56.2,0,1.9056,0,True,0.2,0.200001,11.900001,0.3,0,0.0292,0.0,0,0,5595136,5070848,4734976,5070848,0,5070848,4599808,0,7,0.0,0,0,0,0,0,0,10000,lks_capacity_256_timed_trace,0
0,0,0,0,0,0,256,0.0,0,0,0,0.804,118838,0,0,duplicates,0.0,0,0,0,0,0.0,0,0,0,0,0,0,37.7,0,1.861,0,True,0.2,0.200001,9.7,0.399999,0,0.0292,0.0,0,0,5599232,5074944,4739072,5074944,0,5074944,4603904,1,7,0.0,0,0,0,0,0,0,10000,lks_capacity_256_timed_trace,0
0,0,0,0,0,0,256,0.0,0,0,0,0.7722,118838,0,0,duplicates,0.0,0,0,0,0,0.0,0,0,0,0,0,0,94.9,0,1.9395,0,True,0.2,0.200001,9.900001,0.399999,0,0.0289,0.0,0,0,5599232,5074944,4739072,5074944,0,5074944,4603904,2,7,0.0,0,0,0,0,0,0,10000,lks_capacity_256_timed_trace,0
464296,10068,1900116,0,0,0,256,0.0,464296,0,0,0.927,118838,1,4376,duplicates,0.0,10068,364,0,0,0.0,10065,2,257,8,0,1,50.099999,0,2.5479,0,True,0.2,0.3,19.0,0.5,464296,0.0296,0.0,20,0,5926912,5013504,4657152,5013504,0,5013504,4603904,0,7,0.0,7008,0,0,0,0,65,10000,lks_capacity_256_diagnostic_trace,0
0,0,0,0,0,0,256,0.0,0,0,0,1.2524,0,0,0,timeline,0.0,0,0,10000,0,0.0,0,0,0,0,0,0,64.3,0,2.9855,0,True,0.1,0.200001,4.2,0.399999,0,0.0311,0.0,0,5808128,6238208,5423104,5427200,5427200,0,5857280,4837376,0,7,0.0,0,0,0,0,0,0,10000,lks_capacity_256_timed_trace,0
0,0,0,0,0,0,256,0.0,0,0,0,1.1901,0,0,0,timeline,0.0,0,0,10000,0,0.0,0,0,0,0,0,0,38.1,0,2.9792,0,True,0.1,0.200001,8.800001,0.399999,0,0.0327,0.0,0,5808128,6238208,5423104,5427200,5427200,0,5857280,4837376,1,7,0.0,0,0,0,0,0,0,10000,lks_capacity_256_timed_trace,0
0,0,0,0,0,0,256,0.0,0,0,0,1.1434,0,0,0,timeline,0.0,0,0,10000,0,0.0,0,0,0,0,0,0,32.0,0,2.8839,0,True,0.1,0.200001,4.6,0.3,0,0.0316,0.0,0,5812224,6242304,5427200,5431296,5431296,0,5861376,4841472,2,7,0.0,0,0,0,0,0,0,10000,lks_capacity_256_timed_trace,0
779816,18101,3618182,0,489704,0,256,0.0,684208,0,0,1.6277,0,1,4344,timeline,0.0,18101,755,10000,0,0.0,20116,2,381,9,1,1,53.5,15,3.8662,0,True,0.100001,0.3,6.6,0.4,684208,0.0321,0.0,82,6144000,6840320,5361664,4907008,5361664,0,6049792,4837376,0,7,0.0,6976,0,0,0,23,93,10000,lks_capacity_256_diagnostic_trace,0
